id,user_identifier_hash,consent_type,granted_at,channel
6795221e-065b-4a5c-bfc3-b7936afd8ee4,7e2af74d80aaaf998a9fa2b80c523904,data_processing,2026-06-26T10:59:39,whatsapp
5996f309-471e-4446-95a0-c6ceeffa788c,6048e9a53a1ea98c7a0ef195b1528291,data_processing,2026-05-25T09:30:10,whatsapp
b5ae6926-64e5-45fd-b328-c74002072211,44cca74606fa927d8430735ceca5bdca,data_processing,2026-07-25T09:56:59,whatsapp
efe73960-533e-4e39-b315-ab0f1e370aee,e7c9f9d1e66940f04071b129b775f93f,data_processing,2026-05-20T17:17:11,whatsapp
b52849d3-9db5-4295-afe9-dc649a4cdc9b,6ffc492d3c7c6a04fb57ea70a6797580,data_processing,2026-09-07T10:33:24,whatsapp
c1eb7b8e-f67d-49de-a10f-71e619b4c791,8167b59fafea3d3edeb97a5e68cff6af,data_processing,2026-05-31T16:22:45,whatsapp
ac278b0c-b066-4678-962b-d41c01517ed4,54f2b10f7acc5b6f56ac6e3b4ccc37fe,data_processing,2026-08-02T18:27:04,web
346c9ab1-7798-43ae-827d-6df07f96700b,8f21e313e27be790ff805bb32cc52bea,data_processing,2026-06-10T10:16:45,whatsapp
838d914a-aa03-4638-bb8d-cffbcf11fa47,4c7e9a41eafd2bee8000d586e84546d7,data_processing,2026-09-11T11:38:27,whatsapp
805d7720-b83f-4515-8b47-bd5aaaeb0e0a,5963975f330fd577e8dabde6624144d5,data_processing,2026-03-27T11:59:28,whatsapp
4305244f-3b2f-4552-b588-8de49e37290b,db6f5a24962c1d6fc5643111d61829f8,data_processing,2026-05-29T09:10:53,whatsapp
984daab3-7316-4df4-bf6b-669b65634be3,da982b4e7734e5ff29403e7bfa096ee4,data_processing,2026-04-27T20:50:09,web
a4cb748e-1251-48df-9161-9e8d43da3fa6,2e2291f2fa467fdf670dd98757419bce,data_processing,2026-08-04T15:43:48,whatsapp
4dabb8ec-ad6e-40bc-8120-6f460e5395f0,b5eeffd0d881a0e91942b9cea2982e2d,data_processing,2026-04-19T14:43:42,web
50343814-1cce-4da4-8578-0099e9879781,926dac2df8af918e127887764d5babea,data_processing,2026-06-21T16:15:32,web
7fa9e133-0ed2-4516-8262-75997edeeb44,d188423cb00a296bd3c2449b460b61fd,data_processing,2026-08-31T09:20:47,whatsapp
c5a9759c-c395-4e49-91b5-79ddfa05e7b9,74aaf6f6adc739c99a5a750f4a919d40,data_processing,2026-04-15T15:13:24,whatsapp
20b6537e-70cf-4484-8046-0dda75721b08,3b5be4036d5b3e537c252a42f418bd94,data_processing,2026-08-03T17:53:29,whatsapp
e67ecd69-7edf-4e25-a89c-6ce3474b9e9f,e3b36969df86dc24726b22c5abbed24c,data_processing,2026-06-20T17:02:11,whatsapp
bbf252fa-3563-46b4-8d0e-85fbf0550908,81b31963ac2d7b91af82e53663b347fc,data_processing,2026-04-22T16:45:43,whatsapp
1f4328bd-e235-445b-bf87-ae87608d603b,634ccb1cf6f283491c2c85f3c91cf822,data_processing,2026-06-15T11:55:43,whatsapp
14ebdbd0-7f42-4727-a90b-566c251881c0,446ed9a9e8f12e6102b25b4f10ade9a9,data_processing,2026-06-22T05:49:18,web
06cf3b2f-eb3d-4f23-abb1-828bae1be53b,88332827d048fdda81867fdd0bfd7ae6,data_processing,2026-04-04T06:19:41,whatsapp
052b80f3-1c7e-4bed-a617-525a916f0428,ed9b7ce7acb663c3c8aa7eb382be4740,data_processing,2026-09-18T13:51:54,whatsapp
8f08c721-589e-48b6-9ee6-551fd831d474,5b61599a22fff62db56bf54ff6660742,data_processing,2026-03-22T02:03:52,web
50057721-0bb4-41de-ab3b-3f33698ccb95,e7841bd3b2a95c7cb0288030bbf8cbed,data_processing,2026-04-28T12:27:29,whatsapp
019aa565-8f6d-469f-bbb4-76052c651656,0fee96963f600e2ef575761c222b061f,data_processing,2026-05-08T10:38:58,web
fefe6662-582a-4773-b682-83fc7a289688,a3b0cb013156fbde36faf8ae13a5ae47,data_processing,2026-05-03T12:00:15,whatsapp
6bb4013a-4b5b-4a6b-9d5e-5958e59828c2,7658e32a025c8315719a9598f63f6519,data_processing,2026-09-02T19:55:11,whatsapp
4a2ee5d7-c4b2-460f-a6d4-82084a56339e,8b3365c08f4b0d29017d01497bf26b6d,data_processing,2026-09-03T20:33:54,whatsapp
e588847a-607e-4b08-b2fd-ebfaefb58fdd,495056756e41719b64bebee5eccf2613,data_processing,2026-09-02T10:54:24,web
db099f63-239e-4279-b8ff-28bb0ebfdf89,aa9d9f99d709e2a2efc33ae6501e5cb2,data_processing,2026-04-29T12:10:49,whatsapp
873fe12d-1b17-4273-b243-929408c95a43,5af2ee57017088e2a91299e532fc7b59,data_processing,2026-05-29T17:11:58,web
3fa8f531-aace-42ab-92da-4d4fe81c0721,967daa4a8d0076389387b16cbc98d207,data_processing,2026-07-30T16:45:16,whatsapp
cebfcaf3-08e0-4bbe-bbf9-a9ea8f6c3682,ced4c49b71b70efba06b09a61a0368a6,data_processing,2026-03-25T13:20:35,whatsapp
9ae9482a-b70b-4475-acb0-4ce17a963d6b,fed825277653f8b87b9dc69f507c5769,data_processing,2026-08-23T15:37:34,whatsapp
ef1e1aee-033b-4688-898e-788bcfab8f02,29d444bac7e2f8c4183a1bc61bd972c3,data_processing,2026-09-10T09:00:24,web
0b821930-a63e-4ac8-a2f3-15ffa2926753,fb4ff36f83724af32507936c542f8c20,data_processing,2026-08-10T20:24:19,whatsapp
385f4383-cbb1-47a4-9940-21d59e77c774,6bd6acace138401d1f56140407640188,data_processing,2026-07-22T17:42:32,web
20231eab-f056-43a2-afd4-97160c5e03a3,b2740e1ebc4c0f4987cb016644932c83,data_processing,2026-05-30T12:33:28,web
dfbe24a4-e120-424f-a220-d20dbf1e9b9e,8a1d3d5829c07f36871541130b9bc63e,data_processing,2026-08-04T03:21:43,web
25366a5c-3e18-45b4-ba60-9809afb5ad8f,3a0d2766aa58f96b8e28c57659d702d2,data_processing,2026-06-30T20:48:23,whatsapp
3e0880e8-8453-4580-abe7-54a515c17ac0,dd1dd8ac456279a1abc3ad653db1fee0,data_processing,2026-09-09T17:29:31,whatsapp
2b892746-0c48-4ec7-bff6-54add1e864bd,8303e50d1d57a1580c7f3dd9d105783d,data_processing,2026-06-19T17:13:11,web
fbcd4c13-eea1-402d-9034-ee3d38b3124e,c08a012e1a02b65143df329060876b92,data_processing,2026-07-08T12:42:02,web
c34a1bf4-4a2c-4813-bea8-17341dd64862,8771dd9d68cdc487d55b10bbee8ee543,data_processing,2026-07-25T16:23:41,web
456c0aca-24d0-4d85-9e9a-f619bcce1123,cdf020335d1c5f15b5d456117ea1716a,data_processing,2026-08-27T07:27:11,whatsapp
9a4aac35-26a3-4795-a8ec-3dc3d1a94c6b,effe99e0f1b69101eca2b3a0cc508c00,data_processing,2026-07-20T15:24:57,web
e571a102-6e99-44a0-b89a-3cadfe246c1a,f1bbfa4ab048ffaa1cf0619a5121abc6,data_processing,2026-08-04T15:03:42,whatsapp
165aac45-ef25-426e-9e27-4b2fd4f53f22,bf95e5cd32802620e31caeb3e7b007cb,data_processing,2026-08-08T10:18:42,web
1367c698-a51e-4a47-ac24-1860d8ed98e4,b3b16f35007a4b3cc0ca65517c61fd9c,data_processing,2026-07-18T21:22:46,whatsapp
c88e8d29-2522-4ac9-8dbb-6b8fed48e04b,7afa10ce0085e542a8c0ac0017f784ce,data_processing,2026-05-04T15:20:32,whatsapp
b45a53eb-9e3e-4e28-a8cd-57a7e4f16d12,8d579c8c03d144230680bd425e8de06d,data_processing,2026-06-17T19:46:27,web
2042b874-6a98-4647-9070-d5741ee347be,99fe2b0c30af9e18ce02f94e4ce05a1d,data_processing,2026-03-31T04:40:03,whatsapp
dd9b0cd8-3387-4137-a21b-9c8c2d9177f0,99fd0d8a7f3ac9e32fdd3789dd7a97ae,data_processing,2026-07-06T13:33:36,web
96e689bc-9627-452f-bb29-3f15bbef3a68,d0d4e1a7b634a4cba90ed92ee432c04a,data_processing,2026-08-21T11:21:45,web
1134a507-66d8-4d97-94da-bed5d858a27c,96fce11757c0f1ae57901ef58bf3bf48,data_processing,2026-05-08T10:08:17,whatsapp
04137971-ff12-475e-b55b-f9d80b742a33,f6dc3f39bd39404e9657d0d170b6da9d,data_processing,2026-05-18T11:27:28,whatsapp
e2261af2-7639-46e3-ba00-de48b5df7d9b,c4de27e57018cb5c4401133d99960389,data_processing,2026-07-20T15:08:33,whatsapp
3f34e3e2-233b-413f-8eef-5256423dd8e9,c9ef59e32583302c81364d96ba946152,data_processing,2026-06-30T11:39:06,whatsapp
7ef24837-2bf7-49d0-9266-0ec7adf5b9de,1dc7ffa36799c597cf8464a43f8ef5b2,data_processing,2026-04-05T18:52:11,whatsapp
6370b604-73f8-412a-b418-dcfcae5d8a59,a442497e1ccf246c64f351db5fc9227b,data_processing,2026-03-27T16:35:55,whatsapp
810d1488-0bc0-4c63-b87a-986a329c46e0,1499e8e1a71cd4a97b639045c21af701,data_processing,2026-09-13T11:30:36,whatsapp
968e9e25-7d2d-430a-ac8a-75f1a9d2b1a6,126e6839aab4681357112bacb4c9f684,data_processing,2026-06-17T17:20:13,whatsapp
342e19f2-7c8a-4933-b968-fea5f7548114,d01877f40843dd3fa7cd69121b74b140,data_processing,2026-05-06T17:36:14,whatsapp
15ea8dc2-03a7-4c1b-8ece-497359ebcf59,98856b87d86cd1e4d52971b5efaa87d4,data_processing,2026-03-24T17:51:15,web
cc86b361-c3cc-404a-b110-802f05ab67b3,ca34d004484e928be982de90c27062d5,data_processing,2026-07-17T11:49:58,web
8593e007-9694-483e-8ccf-9938ec6689ae,7651815615bdb1cbb694fe7b777239b0,data_processing,2026-08-19T12:16:54,web
7c13b2ba-3a60-4302-8ecf-2101896d1248,e6f69feb652605a590bc7f0e49203b67,data_processing,2026-04-20T19:06:58,web
97a7bf3a-84a7-4fee-8f5a-943688587acf,ab0129d43c99f9f08f4941478f167d87,data_processing,2026-04-19T17:10:50,whatsapp
5ca8fbce-3025-4032-94d2-0b1b8a1d81b6,118dd085f247d53b7087dd9ab72f779b,data_processing,2026-05-02T12:45:13,whatsapp
72c4b76b-d70a-4127-9f41-f8ccea772de6,a9edb4ed4e5b249c2e8036d7dddb50f9,data_processing,2026-08-15T06:52:40,whatsapp
b85cae9b-b35f-48b8-a4f7-a2c88a2828bf,d9932925d41126329071b06a64e2e124,data_processing,2026-05-07T13:44:37,whatsapp
5b70e0c4-fb5e-44ae-b667-4ea0546366e9,4a920cf705aa4102e0a12f7995bc3633,data_processing,2026-05-30T19:12:38,web
7b6a4b3d-4dc3-4f2b-9d96-53f102b32264,22b3b6ab30741f99812a10a692a3f835,data_processing,2026-07-19T17:25:43,web
453d1497-0eb3-413d-8a32-b073910bec05,3b7d5642fc29f32c69ecffb3b473133b,data_processing,2026-06-10T16:54:50,whatsapp
5f5ad0ba-dd13-4839-b5b3-67b0859e17b6,aad064cbb49556e339da02b570f3928c,data_processing,2026-09-07T04:32:54,whatsapp
151597bb-daf3-4559-b491-e8a06ddae6bc,34c1753874dacc42a87900e8c64fe6e4,data_processing,2026-08-30T16:35:11,whatsapp
4e5d9247-5c8a-428d-bddc-b656be1d0372,ed41c01b277a44b044763460667d35dc,data_processing,2026-09-06T13:06:12,whatsapp
f5e513a9-a280-45fc-8b42-06f01de14065,4270c630df0d6aa491de4df391b1a5f3,data_processing,2026-06-11T17:45:49,whatsapp
3ef2e161-95b8-4a96-851c-ae6865fb4a00,7f0dd5ded305255cba075beedbd6078d,data_processing,2026-07-28T16:08:03,web
2a93aec2-17fa-4b5d-ae06-28b3159b3c70,94947bde7e5996a75b9f7a9ddb9547c0,data_processing,2026-08-04T15:45:06,whatsapp
c4133881-d286-4f0b-b0a8-dffc589709b7,60549ba813a2c52feb9bb19f07c638f5,data_processing,2026-04-29T19:03:08,web
0889993b-20d0-4994-863a-9cbbc48fae2c,88a466af85eed47ca61f7ec6b3f762e4,data_processing,2026-09-15T18:58:33,web
dd8aea95-ca64-44cb-b294-b2875e9f5506,a46c1204237fa61f76867c139533e8ae,data_processing,2026-09-03T19:44:57,whatsapp
58af17a7-ed13-4f90-8330-135ab4a055a6,d9a82c5e3efca4e52cc98bcba153c194,data_processing,2026-07-29T17:59:16,whatsapp
5f1de789-155c-4fce-a4a5-c594c21c8b21,aaafdcf1968e535b7eaa95cfd13e9bc3,data_processing,2026-07-24T08:21:58,web
6f462355-28b2-4578-bd02-ebb1c665c2f5,968ceb51546089b80f5fe1863b7c9938,data_processing,2026-08-11T11:50:21,whatsapp
66834d35-49b9-4545-b13f-42f9535b5acb,25c28b3d34b2098194a40ffa7fea1710,data_processing,2026-05-19T13:28:13,whatsapp
4d8b9857-39d4-4b62-975b-88739bee234a,7be177c7f14383bcc64310c783a565b6,data_processing,2026-04-29T06:14:44,whatsapp
e005ddb1-cc71-4b07-86c5-7cf48a24f741,9d92b6e71673d419ca86cc624449e177,data_processing,2026-09-14T11:18:10,web
90fb900b-8dfb-4811-8e6d-965dd4e5ed1f,b25bc15a6c7c98cab0c6568c000f442e,data_processing,2026-07-13T14:51:36,whatsapp
fbaad9be-9e00-4a50-8f9e-581de1e28f74,8d5bc199a5774b551fd41372e0fcc2cb,data_processing,2026-05-10T09:35:39,whatsapp
94cc0001-65f8-48b2-9e0f-25e8ec15b168,3f726feaf28121b946d934d93075b438,data_processing,2026-07-23T14:13:09,whatsapp
9f34d271-f52f-4f63-a0b0-26f58e63b9b6,cd4cd59ee276853699cf7f4033f2c9ba,data_processing,2026-07-13T16:56:52,whatsapp
90d6a294-d68e-4077-b3fd-a6120f3d6594,994b5c9c77d2be8f708b1c9327201e08,data_processing,2026-06-02T16:03:01,whatsapp
b3572aca-f546-4497-9238-f937c1a985fd,9f0833fcdb4bb3485edb5bc9f979dc24,data_processing,2026-08-26T17:59:07,whatsapp
63d320f0-9030-4464-8093-cac737183a75,e9f42cbd5603c1cf32851de8ed933c1b,data_processing,2026-05-16T06:42:05,web
72e39854-6bbf-4a40-842c-bb12ba0784fd,778e2915d953586b1acf4253ddd3d6cc,data_processing,2026-04-01T10:10:40,whatsapp
78f22b88-12f7-4bb0-b4a2-243d3f0e6b61,2ef802b344a188db2bead104d932ccd7,data_processing,2026-03-26T19:53:27,whatsapp
8a13ae60-8185-4447-8efc-f83a2c11681e,55688f50226b7ff6aee84cf3f177ef7f,data_processing,2026-06-24T07:35:01,whatsapp
b8101368-4df2-4070-81d3-02a67e13ca15,47a1c3306c7527a342c68f8cb66d4c79,data_processing,2026-04-15T20:01:34,whatsapp
d2765828-4fac-4a30-9f31-a1fb20811120,dac3256e4e49528cd03a8a435d41bb6e,data_processing,2026-05-21T13:20:29,web
c627d94d-21ce-41bc-8733-cb4a67cb62a3,a7bb890791954c77c225bf9edd0a8399,data_processing,2026-07-01T19:30:53,whatsapp
b69aa7f6-82f8-45bb-9ff1-ded052df5eb9,266388443cc8b759dc55f93749730ad8,data_processing,2026-07-13T21:14:36,whatsapp
e7c92720-aa7a-406c-a68d-f45a4c0233a9,865cb0666985d03fd1283f7bf05dce81,data_processing,2026-04-02T16:56:10,web
567aa85c-61b2-4cb8-b0ce-91a3b1bb84da,a54175666837a1dde81125731f3b520f,data_processing,2026-05-19T08:28:02,whatsapp
38737528-9cd1-4dda-8eb4-558d0ccd6b8d,c967f0c2837341ef94c1af6326acee0a,data_processing,2026-04-24T17:06:48,web
76476e77-8a8a-4f6c-8b94-907463facd3a,7a5e0e694cddd4023bf1ab25d27ded4a,data_processing,2026-05-17T11:37:56,whatsapp
e6737375-ce96-465d-94d1-be0b419291d2,168c9ac459ef6c80d1de614e22d3e2eb,data_processing,2026-03-25T13:56:42,web
15dbf2a7-a02a-4228-9c0d-d1a07cbb2e43,5e8843a3d04f03165982291809677ef7,data_processing,2026-05-11T17:55:52,whatsapp
5c3c059b-6536-47c0-a6de-fd0e6a0d11ed,ade01710d7f36769a342e80aca8854de,data_processing,2026-05-16T16:49:16,web
9404a348-07d8-444d-8e45-3393081cd372,84054fbe069eb5b0d3921e8636cbe548,data_processing,2026-07-08T07:13:43,whatsapp
8aed8d3d-f9a7-4305-961f-25cfdf35e7a6,f91beda265794c607ec61d7530f36420,data_processing,2026-03-23T19:12:05,whatsapp
b6177d91-6a3c-4be3-baa6-2d0f07c004e3,4ba74b0469e9fd6d6c44128876c79840,data_processing,2026-04-19T18:15:47,web
c7f1d5f8-9b1d-4b23-aefb-6559cc97efb6,8c7328a03f521d61a6eb61fd5cb38a58,data_processing,2026-04-07T11:19:36,whatsapp
d7e5bc94-3c7d-4de4-bed2-eaf92d672130,fb1d93c92e67fa969b746e7baa571967,data_processing,2026-05-06T18:07:19,whatsapp
48833eb3-7ece-40b4-a29c-9c0ac1e5c3b7,d1e9590951e1f43b9c94a3594364f27c,data_processing,2026-07-22T16:42:14,web
c4282f43-73be-41c5-ac84-a101ea9a7694,0e6bbcb72fce1cd19eb77ec584f4fd51,data_processing,2026-04-19T21:41:53,web
895fa0af-0f9f-4ae0-89f7-621fc7f51c55,fc45604a0585520e075aceee90a401dc,data_processing,2026-03-24T15:29:03,whatsapp
52d4c8c2-4bed-4a94-a4e2-36356a1076fe,8eb0bf671694cc22caa17386d722bdd2,data_processing,2026-06-14T15:37:28,web
34bf1f0e-e802-4e00-959b-c31e1acd4ef8,d1b11a3316ddc77836f63137b73dcadd,data_processing,2026-04-29T21:40:38,whatsapp
66ef5ff2-6a36-4906-a774-83527032b0c5,d30354ec7592a162af2098c8e13985dc,data_processing,2026-06-24T06:32:36,whatsapp
1135ed17-6732-4fc6-9752-9793e802661e,edc16b876ec76bdbcfbb74742f50ead3,data_processing,2026-06-01T13:46:22,web
edef0a70-b4a0-4934-9609-91b51d0cc00e,c92431789c113c891209c91bc8e9e75f,data_processing,2026-07-28T16:47:48,web
c21c569f-45a5-4442-a423-b13aef8e43ed,52d3f1215ec9e96b3cdabf5e687e934f,data_processing,2026-05-31T11:50:02,web
cacbea0b-70ce-4a67-b167-fd3f9801de1b,40163edc55fcba8e5022814448c52fcb,data_processing,2026-07-21T12:56:37,web
2010a0c5-1128-4b8c-81c8-942d6a467263,ab74c40204abe3153d715f41d7d6961f,data_processing,2026-06-22T08:06:39,whatsapp
03b062c8-7374-4fde-9f7c-b4c73fe42e95,0e83ae19c61dc1f179401e4ded9ef66d,data_processing,2026-06-10T22:56:09,whatsapp
f52cdd8c-9752-4678-b9d1-2a64faeb98fb,f9ae79f0c39822299b86a9325a490808,data_processing,2026-08-18T13:07:21,whatsapp
4ef43cc8-ce4b-46da-bc90-7a894229f160,44b117cc8974f650c63a35e55ae1ee5f,data_processing,2026-04-03T18:21:24,web
c22d0785-0c02-43a8-965b-078704d3035e,ad5bf10f23d2fdaa01fdd527b6d1fd92,data_processing,2026-05-14T14:27:55,web
9acd801b-114b-4170-9c1c-185db3194de4,aa4f8706809187004abae432e9bac77b,data_processing,2026-06-03T00:33:30,whatsapp
220f0ac5-53fd-4e79-a2bd-6be3b92176a9,c8ff3af18ab8dfa6676260e7225e1c4c,data_processing,2026-03-31T18:48:54,whatsapp
67030366-10fc-4071-a736-9661eb1e69ab,c8c158a43edf3026ab56b2e61e28ee6d,data_processing,2026-03-24T15:13:15,web
1a7d0564-535d-4009-920d-b751b3644159,e5797877f07b7633c85cdb649dc648b6,data_processing,2026-04-26T17:42:41,web
a68592b3-ef4a-40e2-8820-c15cf68e3428,06c750f6fbe6f64ffa71bb5c35e2567c,data_processing,2026-04-09T23:42:10,web
c258ed1e-5622-4341-9a75-23bab592028f,462af632c41b576abcb1b654ef130050,data_processing,2026-06-14T07:40:02,whatsapp
0bb9467c-b145-4804-ab8d-0db04d59f5ab,b7985f04049c7438c1f1e6b6965d49ff,data_processing,2026-04-24T09:21:38,whatsapp
21eb9a3c-02a6-4c05-9011-adcf866edb72,79319c435eb408cb33a00d2b69ccb31d,data_processing,2026-09-09T11:44:11,whatsapp
82c6ac28-99b0-40b3-9463-f14658d7f84a,73910a9509bb46644c98d3e15f26de61,data_processing,2026-05-08T14:39:44,whatsapp
c0b3abea-df40-4539-904d-6102bbed704b,866cfaa15716eb37ef9d1f1fbe8b3c2a,data_processing,2026-05-12T14:16:40,whatsapp
d74f0511-9804-4807-b05a-daffddee29d1,5716cb68426f5792399024c2dcbac8d1,data_processing,2026-04-25T09:50:23,web
6f4eb3f4-89d2-45d1-9632-e019d01b43c2,0f88e1a51a916dcfedf16a19bcc7c287,data_processing,2026-03-31T02:07:31,web
b7738d7c-6d54-41bc-8e47-49a153f20126,6c8d9aa79ce471ad250cf473d1010bfd,data_processing,2026-05-08T12:34:18,whatsapp
fc10a399-757e-4d33-ac6e-520fad46afbf,00f88a2e33d9d1d2a0514a575b435c93,data_processing,2026-05-29T17:04:47,web
ca7c8f38-2e44-4c05-8ebe-7d0d59832e7f,372b203851b0c6f6a3fac06cf000cb75,data_processing,2026-04-17T09:52:01,web
adeb6ea6-1735-44ed-8eff-a39eff8d86c9,197f4e819ff21c67b0f668f563155e35,data_processing,2026-04-14T08:39:46,web
31463c2a-6b03-4750-9747-5ea0bdb4f98e,d70328feb17558d4111ab709406055df,data_processing,2026-04-17T17:55:50,web
db201537-f1d8-4352-8d7b-1966aef9f242,4e2fc2fb5416a89f88832f36ceb53133,data_processing,2026-07-04T15:48:51,whatsapp
de1ef769-074a-474c-a2f6-29ce53df49c7,91bed231aca23cfa6996e879399ce822,data_processing,2026-05-17T13:45:16,web
2554f8a5-c5e1-4769-b6f0-0fd21e68cec6,3a059781c6fc8554662a177e39d38db6,data_processing,2026-05-27T15:48:48,web
5b9060f3-a506-4001-aee3-4c4618c967d8,87abffbb2bd8bc7cc4cc3d49e9fe54e1,data_processing,2026-04-11T08:05:11,whatsapp
88b5ddce-d995-4ca9-93eb-7761050eb3a7,2fd4aef7b4da0f64f9539d34b48aa0b9,data_processing,2026-04-20T14:17:40,web
4eabecb3-523c-4f40-b891-f74b686ada9c,73a4d0cb0e8d8d733230c7ee4b0868c4,data_processing,2026-09-16T01:47:27,whatsapp
e057e4bd-bd5d-4f81-865b-5406e1826248,ff5c6cc3be0f964a46848683a494abe4,data_processing,2026-05-19T13:25:24,whatsapp
00eb6e36-7259-4ac9-99e1-678084ad0fdb,8f89d58b2b1193cadba1d41a3c559219,data_processing,2026-07-10T16:43:32,web
3f731349-3862-4414-ae92-ec0261e7e297,3983310549db4834f1c6bb41c9dd8887,data_processing,2026-06-21T08:30:22,web
b9edfd35-f32f-4668-a5dc-c734085806bd,daee65dab893a2b31eff2f219395679f,data_processing,2026-09-15T16:41:40,web
7861108c-771f-4ea9-956f-8dbea6fc366b,d89cc99ccbcc114d84fdd4d32201566e,data_processing,2026-09-05T22:55:35,whatsapp
fe95dc53-856b-46e4-9c6a-21a371760903,5c72178a93f946de4bbdcd7cac8e1def,data_processing,2026-05-25T11:48:35,web
7830d1f5-cc97-4c23-b8c7-00ab061bccf3,22e1f4fb57e81e9f08a2b666fc3dfa5c,data_processing,2026-04-30T15:35:44,web
a64e472d-fb3c-4820-91c4-454ad278948c,4d5fa983b5fa93ffce2e4080722a409e,data_processing,2026-04-16T10:44:44,whatsapp
b805b73a-3e18-4409-83e2-a64e15a9cb1b,efa09b54ec6c4d6b0c3468fb7d0d6b4b,data_processing,2026-08-20T17:47:55,whatsapp
89dea84d-5d64-4136-a201-a636a004cca2,f39faaa05844e2574039ca598a091fef,data_processing,2026-05-08T17:25:17,whatsapp
0a9a4885-5917-433e-acf2-0b0a4184f3a4,b9eb7e145fbf3b5c8eb302e263521e63,data_processing,2026-08-03T12:33:03,whatsapp
b3ff90e1-4ae1-42fd-85f3-7aa1e63b7588,23fbef1f8c1a25f9c1590478509db936,data_processing,2026-07-17T15:12:41,whatsapp
c6a83473-eb9c-4f06-8e47-6ed8e2226a11,f4f119e29aefa0325070a9b24f7cf4ae,data_processing,2026-09-07T08:45:28,whatsapp
4f37fcf7-e39c-4250-804e-a2707ec40feb,bff254d6abf59f72963985620ad54439,data_processing,2026-05-25T00:59:52,whatsapp
606e7f0d-3a6f-4689-ac1e-d905a14d7bff,d8253ee471bacc5b8fac49d02887b45f,data_processing,2026-08-13T17:08:56,whatsapp
90b5412a-5377-48a5-b798-6ac09bbef8fa,00a9d6663a0ecf519d450cb1babf975f,data_processing,2026-08-11T17:14:21,whatsapp
1e9c8f74-73e9-4db0-a2af-b9c1bb785a12,00808d643fc56eb64f2f249eef1336da,data_processing,2026-08-29T09:37:52,web
3b3657cf-6822-4c01-bf6b-184c64127ae5,7f377b901b96f2c01b18343147ced051,data_processing,2026-09-09T15:41:55,whatsapp
af89c1dd-c511-4add-8cd8-447cb3eca361,8b5dca080c60b89f3f46e09ddc80684f,data_processing,2026-07-07T13:25:28,whatsapp
e58cb812-546d-4663-b994-f246934ac77a,f4b11ea18b958569af3cc15f7e0ef6ba,data_processing,2026-06-28T17:39:45,web
89b2c8dc-3856-4e5a-af88-6b53c979a9ad,7820c9081020cac5ac9d41c5167a336b,data_processing,2026-06-03T13:37:31,web
768b064f-45e7-4117-b509-1980ab3637ed,467e2c88f9812065afea66a4c67a81d8,data_processing,2026-07-09T15:29:51,whatsapp
288b6bef-d38a-4836-a952-6e872a9c42b8,1f5290f0796d5c1317c880f3d03ace85,data_processing,2026-06-24T20:35:40,whatsapp
39cd8a3c-c08b-414d-b861-ac388ea6d957,699230bbcad89c457c34e5ef9bc1f2b1,data_processing,2026-06-05T12:55:54,web
86169c0e-08e0-4779-9770-6a06b5d98952,711cb2f8f6d555ff6ae7fbd446721aa1,data_processing,2026-05-29T09:48:07,whatsapp
3ae36847-335d-4215-ac7a-22e9d58be6c3,7996f2c76e8ec87786d8f83d5ba74371,data_processing,2026-07-30T17:49:12,web
122fe1bd-d946-40f2-88fe-74549bcf3b71,b6323c0ca754322ab70d0544de4ce1b6,data_processing,2026-06-03T12:10:30,web
13271fb0-dd46-40a0-8c21-ef91e98b8196,f0e5f6c0df0b07a3e0fa14f9375e235f,data_processing,2026-06-13T10:38:18,whatsapp
a24c4e83-8dd3-42d8-b061-45ca7d3fccf8,1fab369b7942bde7cd6954b901d8299b,data_processing,2026-09-06T18:32:24,whatsapp
cd13e5c5-c19d-479f-8a1f-173c8a33302d,2aeda81096b7d386a789dbf5e199dd97,data_processing,2026-06-10T06:03:51,whatsapp
172e9ba6-c3d3-4ac0-b94f-ed1824760b61,0886f9bbb83dea787da0bde61f3f2d17,data_processing,2026-08-31T09:48:20,web
85cd5db1-37fd-44c5-90fe-258edefda21f,b1b5b92c42a397b7179fc72f163a2c38,data_processing,2026-04-07T15:15:56,web
e9c23699-48c1-4cf1-a51c-54b541ef58e4,660b2c52c17041eac49958bc40c4d3ff,data_processing,2026-04-24T11:52:18,whatsapp
f3ec15e5-c095-4e92-8095-b6ee5d15d6c8,abeaf2f79c3c9303d2f0068d2fc7aff8,data_processing,2026-07-31T16:58:16,web
c3e48bcf-0c86-4b8d-b4d6-e2fcbd00d52d,d80de7e8e9f542597a6575f3e7b3fe26,data_processing,2026-07-14T15:03:07,web
81f14c61-203a-42e6-8ca6-3ad81c9e3caa,2d883ed72f7ff9337c003e3dea6fb2db,data_processing,2026-04-03T14:48:59,whatsapp
f747e871-6821-49f6-b315-f235a19d8aa2,b193abbe84d4690ebdbd4b66e8a0898d,data_processing,2026-07-20T19:22:07,whatsapp
d0d6b017-d3d2-48c5-b668-3835f83a89d8,2904f3fc2c3c1bfa9122e4108e510f61,data_processing,2026-05-11T12:20:59,whatsapp
60987e3a-1e47-4ca0-a8d3-669202edaa61,2086a10dbe8c9ce4def7291e622d19ee,data_processing,2026-05-02T15:36:41,whatsapp
f4f2fd3d-5668-4a70-acc3-aa47316887b4,53425418f323abbd34680b22353bae2c,data_processing,2026-07-13T06:49:19,whatsapp
aeebe6c8-b4af-4b65-96f4-dc396c1a9ba5,2fad7d6c3471bde7f4edd4e09fb26281,data_processing,2026-05-12T21:30:09,web
b961c33c-d948-4d22-8b92-45a7a61cc59e,cec7eadcf6028bf6f00e10e68f3997a9,data_processing,2026-09-15T15:33:56,whatsapp
0fd069fb-1993-464d-9305-12ce0df33434,7da53e14bc8344db5f22d2d099424d6c,data_processing,2026-05-15T10:53:15,whatsapp
4297f3d8-dd2b-4a05-8133-7e765ee0ac41,7b0250165b4f4f45c735ec00c6b2268b,data_processing,2026-07-18T10:56:17,whatsapp
2e1fe350-bd1f-4b63-a44d-cc9ccfc6b0ee,9454c41f95d4559eaaad248b247d1ec5,data_processing,2026-05-29T11:07:31,web
59ad37ea-0833-46db-a177-9fb87c823af3,58ccb2b3522be4ad41c74112fae9c248,data_processing,2026-04-21T08:11:05,web
c22fda0b-1905-4c70-a5af-5dfa3de277e0,0f1ad252132d088897a617b8bc04ba7c,data_processing,2026-08-25T15:36:05,whatsapp
3831879f-ab5a-4771-bca9-de4af239d268,306d1407748b6e9469ebd54a29184f51,data_processing,2026-06-26T10:09:58,whatsapp
8fdd96a2-4abd-426a-9632-ef80ad516282,fa5f353524a6cf6fdb9329e6e17df7b4,data_processing,2026-04-25T19:39:59,whatsapp
f37cf981-6ee7-4b5b-a114-52ed3333a6b5,069d193723aa1d15920698523f4836d7,data_processing,2026-09-17T08:00:26,web
545a6f6b-4b2b-4fd3-aacb-99bc051df791,1b77d4374311843cb65e31d9844de76d,data_processing,2026-07-11T09:31:01,web
71df4a3e-9c24-4426-bb93-588463081042,984e32d6baa7fcacb7e7c725ba35b935,data_processing,2026-09-06T17:21:56,web
69c3a7e5-e11b-4f6d-be46-2cb2a5efcd40,78003eb79936076c2ae14cb2bb5d79d6,data_processing,2026-07-21T02:17:04,whatsapp
a9c7164f-4b0b-4778-915f-c4bb9c5315a2,259364bf8961ab675c1f1cf32a3c5b3b,data_processing,2026-06-29T11:08:19,whatsapp
873ec682-f672-4f31-a38b-12e5cb8216da,c3915a340a4c1b746fd0ef115edf807e,data_processing,2026-06-29T00:11:18,whatsapp
8e4b5e86-22fd-4243-b183-c94f13394eb5,9e753855d6cbf8a9c106c29aab3c6c6f,data_processing,2026-08-20T14:12:36,web
f1d8e416-031f-4bf0-ae8c-e57a48677eba,28a0164b4de54424ca83e919d525b46e,data_processing,2026-07-25T10:39:08,whatsapp
f944aa7d-f723-4256-90b8-e8147b6dd14c,63ba464363b8f80f5382e0622e1815d9,data_processing,2026-07-22T01:35:56,web
c693eddb-b9fb-41f6-9447-52b69ae81781,9519e9f8cd3a0826d34ed5ac8ec5a745,data_processing,2026-08-06T15:52:35,web
6cca7912-ed5c-4508-9439-89c5b18475ab,7b96a4b316f8b719d096631732c1557a,data_processing,2026-08-30T17:35:48,whatsapp
1d718f5e-458d-4a56-99fe-4065ee043614,c20106b48ec0eb8a2e9bd68f3e06ccd6,data_processing,2026-06-04T17:03:13,whatsapp
f74d8b76-f13f-4962-b066-3302fcf52957,a267b674ab3fa1f8e451b40c8b0df285,data_processing,2026-08-09T03:10:30,web
bda46886-5f87-493b-a76a-0bd20657fe5d,3b272471082b467323f235b4be8b4283,data_processing,2026-06-06T14:39:06,whatsapp
f764e7a2-c147-4b7f-9023-1966750e7ad8,8c5461fcf27daf38565363ff36f3b2b9,data_processing,2026-09-12T16:36:03,whatsapp
29acb69f-57a4-4470-877f-ecf06854c51d,78fd72b0ba3c7ea00a3defb2e998ee71,data_processing,2026-05-12T19:40:12,whatsapp
839691e3-2412-4b5d-998f-6fd83a25cdc6,d8afce567bd716a83dc2ea99cb6a2922,data_processing,2026-07-02T13:06:34,whatsapp
21576044-d861-4f24-a01e-ad0bc98ce056,5074bc1c0201bdd36cd9e7c862471d40,data_processing,2026-08-25T12:40:27,whatsapp
6ab75d92-b01e-42b2-8c68-6a5f4fef6496,deb24098594af1cb6b16fb00caeb8fd2,data_processing,2026-07-11T08:02:20,whatsapp
46ad6fa1-fa81-4919-9efd-baeb8ebcef35,2bd353411b827bbd388a731ece2be34a,data_processing,2026-06-24T17:29:18,whatsapp
9e96779a-56cd-4b25-9dc8-adc0c3cd0aa7,657da4f6ed0dda83101533a5d9eb1133,data_processing,2026-04-25T21:45:25,whatsapp
a4557ce2-da3a-43e5-8a0e-8faa5684207c,6d123eed17826a118a30324980ded0a6,data_processing,2026-08-12T01:06:53,whatsapp
493d9aa6-fa3e-4229-a04d-82bd29d3f28d,ad3f5920f9426b4d56e7ade4d7ab2f54,data_processing,2026-04-12T13:05:33,whatsapp
a7be58dc-a3c2-4a21-9a4c-a1679858ad18,09ac25f57d5ddbc27335550f43246071,data_processing,2026-04-18T13:59:52,whatsapp
0e9786c8-6144-4fd0-8fe7-64725df9b936,19a7887bba955c36a13a7e1677b229fc,data_processing,2026-05-01T12:20:47,whatsapp
439d5c7b-624d-49a2-a75c-081dce7ab215,1e5d54494059040fb6430495dbdccf93,data_processing,2026-04-07T18:32:12,web
8c6d32b4-73f8-4200-88c4-3a24d70af2ef,4d898177782efdd8231b871d3e4654b4,data_processing,2026-04-12T09:43:40,whatsapp
955faf53-7d66-4648-8361-416ace8eb386,329f059b10dfeddf79ec108887dedc5a,data_processing,2026-07-08T15:59:40,whatsapp
a25eda5e-1cb6-40e0-a6c5-e1ce5d5d354f,6356c07d13792ccc477f5da2941a4ebb,data_processing,2026-05-04T15:10:23,whatsapp
b08dbd20-4756-46fa-aa09-c492c64d078a,670e736d82e78b93febe9f56db0f6577,data_processing,2026-04-16T16:13:42,web
c33604c8-a02c-4161-9285-d0cd1113131e,c72df4dd5c60f3c784fbf2a2d6cfc594,data_processing,2026-04-06T20:16:19,web
3cb5ccf7-dd19-48f0-85f3-9a535b7486d0,dbb95024980c17832208d0d21707b8a4,data_processing,2026-03-23T15:03:56,whatsapp
505195d6-ab4a-4f09-be93-1a52ebb556d3,356d773c742ac82e19279b62f831f379,data_processing,2026-07-06T07:55:29,whatsapp
eb3a2b3f-77a6-4307-bbb7-024277c1688e,829c2e49ab62f8e95fc2957fa76d4bc3,data_processing,2026-06-24T11:51:45,whatsapp
7d97efca-76b8-46c1-87da-168b6285339d,72b7aea84873e87d1c8a377b540ea97e,data_processing,2026-06-10T12:20:49,web
b9eabd32-8898-45f5-bafe-3a3231b88091,46f050407b3ccdb770072b7d9d85fcbe,data_processing,2026-07-26T14:52:36,web
e38adb55-4423-418f-b5e1-8f915e4bbbb6,9cee5eb74661b758fd106b0ce0390352,data_processing,2026-08-24T08:29:32,whatsapp
95677c0e-7e41-4d66-9748-f80bc6ac4c84,15bb4ed0ec1ca786055d85841046965d,data_processing,2026-04-27T16:13:39,whatsapp
4f49ac89-b777-48c0-a3ae-ef31c517307a,b8fa967a0e74ec0e5bb4fc5fc72afe8b,data_processing,2026-04-19T14:43:35,whatsapp
45e0bb99-4742-468e-89cc-dc25b439efd7,015a3b28c3816b831889ea9c80cc219c,data_processing,2026-07-15T11:51:16,whatsapp
36171604-5c25-4015-8ed6-8e8f0252510f,2b7e0fa784497dc5c79aaa527d3f0251,data_processing,2026-03-29T09:01:39,web
3478229b-88ac-48b7-ade5-5e4763a14a03,a2a1c6889ae6fb51a29b719690d96876,data_processing,2026-05-14T11:54:00,web
c6a32820-9ed7-4ebd-8045-345f1320e610,4c23ffb5012f9b09bd8408de02c84a09,data_processing,2026-06-04T13:44:39,web
1eaf3763-dee9-41bd-b1f9-a9d808939e2c,423001e6c7936bee09c3f73ebb3c63b9,data_processing,2026-06-02T20:39:15,whatsapp
49d56856-1bee-4807-a7a3-26bbae0d7203,df6f4763670319eafc0403afdeb964a1,data_processing,2026-09-05T11:49:35,whatsapp
d62adb65-6e33-4e33-8bfe-c7571d45b2c1,f6d0c22584f953af60b0bb76c09c38a2,data_processing,2026-05-25T08:46:34,whatsapp
42b70211-ca5a-4e37-b337-1ae2922cb17d,6fa16f234cf9afba92331bf1a2525871,data_processing,2026-07-17T18:06:54,whatsapp
53aff575-af12-4322-8c6c-59541f83bad7,1c695117f7c96aaf6078dadff02115f9,data_processing,2026-08-30T12:51:31,whatsapp
2335a9a5-4a79-497c-b8b4-5a7239d2228a,ca6e4835550e31c908f3403159b140f3,data_processing,2026-08-16T08:16:55,whatsapp
c33c32c8-c9d9-41bf-ad26-a9f5deb0064f,121bc210fa5a32901196ce03f8741fe4,data_processing,2026-05-21T12:09:46,web
13d7f003-a648-4727-a49d-054d5d679507,01d25be354915a519eba31bd1b5118c6,data_processing,2026-03-26T12:56:26,web
53d1465d-fe58-41fa-bcd1-fba49e8d254f,6ae4a7fee3e6820e50faa33394418314,data_processing,2026-05-28T19:10:32,web
94ff290d-7318-4b2b-aeed-8e5171f05f4a,483fcfaa3336bb42026166a11f4bd799,data_processing,2026-06-07T10:10:38,web
175a9f00-9dd6-4dcd-a2be-5fdbc89ea669,e1c1822095d73d64a2e2aa7e69643bb4,data_processing,2026-06-02T10:02:34,whatsapp
aac7e937-ff20-40a3-8e8e-3825cfa789ee,14d04584460d513f4bcec9a4b7ce089e,data_processing,2026-06-21T16:41:30,whatsapp
068f86b8-d79b-499f-8760-565af2535ae5,a26e4fea1194980699701935ad4e8734,data_processing,2026-08-11T11:45:47,web
ef439eb8-329e-40e1-9485-ce2def15e92e,bc666ce7fba6da4912e4be0f7f1a6ed9,data_processing,2026-08-31T12:24:17,whatsapp
30acbbaf-1f08-4201-aff8-9db1ebeb9176,36584deb4075c3dc06d9bc97e18a8046,data_processing,2026-08-08T12:43:12,whatsapp
8261d2f8-d02d-4cba-a09b-ef0415c5baf9,6bb15e0f28025541cfa7f4895814021b,data_processing,2026-06-30T14:08:40,whatsapp
919dd124-d39a-4ca7-a9de-ba31227a77c7,4863cff32b87eeab859fa3b298b48729,data_processing,2026-05-31T17:44:41,whatsapp
1ea6360e-9d0a-46a2-9646-13d7ff59b793,fa393eaee48eeafdc0a582f431e2aa35,data_processing,2026-06-04T13:30:59,whatsapp
71ccee81-db8b-49da-805d-cb47dc77a78b,10bc6e8818a2b6ae36502f14b4d64d9e,data_processing,2026-07-01T20:40:27,whatsapp
dadf464c-e1b1-4c17-addc-9f4e2f703cb4,d1dbe1881519a52cfe958ecab18cde45,data_processing,2026-08-01T19:10:06,web
55e7ce34-bfcd-482a-a0fc-9a26a48e318f,929656039371920ef94ab301fb97555f,data_processing,2026-05-11T17:52:38,web
60219ed9-7e08-4b19-a12f-620caf5983ba,3bf552a78e5065407a530d828e76c098,data_processing,2026-04-18T16:55:37,whatsapp
3eda17ad-fb45-497b-ad4e-0f7de632001b,8e0f80cc268702b4e66b51ed0103f97a,data_processing,2026-03-30T11:23:17,web
699780ed-ba5d-40d0-abc9-8a6538c810aa,c9c9d456fcf3473d6d4349e5f5fe8a36,data_processing,2026-05-18T12:56:45,whatsapp
b60d55e5-0803-42eb-85ed-0ee9f68548ec,111db8ce9b2fbd320bc4bb0f8b8a5087,data_processing,2026-09-09T15:44:07,web
8e1966bb-0abb-4ad8-acbc-50f40b25019a,a1c52ea90fe0e5f68507453466008e33,data_processing,2026-06-06T18:36:44,web
cac9e86b-328c-4136-b68f-b1c23d76ed30,5490ce79aef80924bfc04a111804ea9b,data_processing,2026-06-20T16:24:12,whatsapp
cbf79fe0-3206-49f9-b600-aef6df5c3b69,44fc6b04f1a2b0fbd80d741bd2522b93,data_processing,2026-08-27T14:48:56,whatsapp
be41c307-d4c9-4010-84fe-e95e597ea3cd,1fbcf540e2edd6227bdb596fb90f4637,data_processing,2026-07-05T14:21:45,whatsapp
af13f80f-d798-4390-952d-5cea4d157c84,4753569b36e00ed3cfd70ad1a192d0ef,data_processing,2026-08-03T14:07:46,web
934bccec-3431-42a7-9ff0-7e928d40f5b2,c027cbaf0aa0011f834365dc01443d1f,data_processing,2026-05-09T13:46:46,whatsapp
27d9b3f3-d17f-4db0-bc34-3afcb1c207e1,54549d6763008a450b1141f28bf69686,data_processing,2026-07-28T17:44:44,whatsapp
700ae50a-5856-4a9c-8318-2c23675f4973,91b9ae02a3b353e13591de7813e3986e,data_processing,2026-06-01T08:28:10,whatsapp
768cff79-30a9-4045-b469-6a7761ac9d27,8b60f055782dfebc9d1271e98af26137,data_processing,2026-08-14T19:19:55,whatsapp
81237140-7cd7-4c5e-a090-6ac71dd60209,9b0df31cee537af4d8c2067aececcfc5,data_processing,2026-06-13T15:13:35,web
72412314-30e9-4824-8498-369b078e50f5,1e7ac58043137fb0860255f1d90e28b6,data_processing,2026-04-17T14:14:02,whatsapp
51c7559e-f466-47d8-b55f-d031988296ab,e79bb1028659081db6f61458bc8b6217,data_processing,2026-08-15T09:28:55,web
d0ed632a-cc89-4b6f-8567-205f108e99a7,d26f9ba5cc58f9d06df04e51bf11f58a,data_processing,2026-04-30T21:56:11,web
6af01537-d856-434b-8e4d-caafa867fa31,a80a91e7093bd3c8d46d4d1a070562c5,data_processing,2026-08-02T19:21:17,whatsapp
42fba0ee-085e-43d8-bbb5-20c09c4e95a7,0c1b03e8bb6dc81da4f7bffd03c78172,data_processing,2026-04-03T10:21:08,web
dfd81e52-5e3d-4245-ab07-1f6b13e4b2aa,9b76aec511d995e99f56812ae4a02186,data_processing,2026-05-27T20:40:56,whatsapp
ce3eef7f-9062-44f0-a0ec-a46a78039a46,f2197c5bd8b76d0ee2e2914df13d045d,data_processing,2026-05-14T13:46:06,whatsapp
b37d4633-7740-4091-85f3-a1060fc1ff25,39f12e5a85cb1d9de43542f22bf882b0,data_processing,2026-08-02T19:02:44,whatsapp
3a2981e1-13c2-441c-8215-aa238eebf8a8,8731fe3af1e27ac7a93236ca4ab7be7b,data_processing,2026-05-24T21:22:53,whatsapp
e10cfe39-a85d-44f2-a51f-b92457504116,f6b8a8b432448649c306bc06e9cfd5c1,data_processing,2026-04-17T10:14:32,whatsapp
209ac440-16da-4382-ba1b-d06419178ad4,7ea51ddf82afe8cd7be8b63ad36c2354,data_processing,2026-05-28T16:38:43,whatsapp
b076d356-0cfb-46bf-828b-2b3106f5ed7a,b8c1502ec8b6dc03bb7b431183959060,data_processing,2026-08-24T16:55:49,whatsapp
620f3e5a-4da4-48fc-81b9-b74c5cbe1da1,bd1b7fcd83504915ebbe93d1bfcc2281,data_processing,2026-05-28T16:29:39,whatsapp
de254697-4d6f-4681-bbcc-1c42fe626743,1c15ceb9df8a9d36d69df8154a23cfae,data_processing,2026-08-24T14:37:33,whatsapp
f65618e5-21d4-463a-a5af-67abddafd9e5,ac02f2e8c7a0c7fbd84ab1867794c3ac,data_processing,2026-09-06T19:40:58,whatsapp
611a521f-7cc6-4fc7-8909-5ee9c6192153,c23642b376c3daa383dbd292d4451345,data_processing,2026-07-29T11:08:51,whatsapp
42cecb13-614c-4000-8fed-4b9c46ff28b2,90f507dec9604975fce198a3ce3f3810,data_processing,2026-09-07T08:23:01,web
9bf9ede2-5d80-43da-a9fa-4f84a6f22e04,41a7abc6bd664470c80085c6154d3083,data_processing,2026-08-16T11:35:00,whatsapp
c142871a-04f7-4349-b647-02daa0a282c3,11221d09da32ab37ab28b6d24abb3655,data_processing,2026-09-10T09:44:49,web
24dee7db-1339-4c48-9206-c4084d1239b1,0d47af822d8d478c10bb79329b602ffb,data_processing,2026-05-28T07:19:52,web
99790178-c047-4265-80db-17bbbe243467,6671f4c3f249fc128cee6ec8ca797c3b,data_processing,2026-04-08T15:14:10,web
06d040f5-e421-440f-9ea7-da5a4a2d50c2,051e75712c8f911fde6c2461aa7def6e,data_processing,2026-05-11T09:53:37,whatsapp
401ad16a-2d29-4765-bf9d-015919c6ea08,b971082bf546f4ffc08857731134cdc3,data_processing,2026-06-18T13:10:31,whatsapp
6816e779-8abb-42f1-bdbf-87bddde7aa02,078ca059e6eec2e9b8e888f03418ccfd,data_processing,2026-08-25T06:30:49,web
cc347c8c-41a1-4623-bba7-b82b6a3c3837,12f165920e7d63e532fe924c9453f3eb,data_processing,2026-06-24T06:54:08,whatsapp
2cf3d33b-9d70-475f-9ec5-cba691391545,87314e0352fd8e71bf79b210a381a4a7,data_processing,2026-04-01T13:44:03,whatsapp
97e9aaf9-cb90-41ea-a550-35cea6e36198,ff8f995b6bee4b93470e2724389f8951,data_processing,2026-04-02T21:51:53,whatsapp
a1713d2e-013b-4ec6-863b-80c0951770ab,8798b953787a9446369618ca59ad697a,data_processing,2026-08-20T22:03:53,web
2b5c6a1c-072d-4aac-840b-a2b5f090d431,17e451851f0d5082ffe6be6361cde53f,data_processing,2026-07-27T12:28:41,whatsapp
1e208f71-713e-4cdb-a073-05b0adf34644,7d603144ba2c43e4f439bcc4e8b3984f,data_processing,2026-03-31T08:53:53,web
828c76bd-057e-446d-b8c2-e63bab61bd23,3da179459d69375987fed6340372eca2,data_processing,2026-06-18T19:26:31,whatsapp
01736381-91e7-4de3-94bc-91ce79b9103c,f5e850b9d3544c2345058c4fb1c20b6c,data_processing,2026-07-05T16:29:59,whatsapp
0fff1fc5-b68c-4d0d-b395-d6f714a1ccb5,ffa479904695b2af9e0186f5346f673c,data_processing,2026-05-08T12:53:21,whatsapp
988ff5de-2f2f-4a44-a2a0-335d712217d3,4741fa1f3dad6a296791c96fbd7391ce,data_processing,2026-06-21T18:34:03,whatsapp
b8c70cb0-331b-4370-bedc-3bb756f0a868,fb20e6969818028ec841d910bbea5f90,data_processing,2026-08-12T11:39:15,whatsapp
c6e36d45-7bb5-4171-84a3-25081ff212d0,dc55194863ecb4ded10ca73ce4704b64,data_processing,2026-06-19T19:12:40,web
96a32961-708a-4159-9963-2ed70493c291,4d25220454db2efcbfc4a57feb2598d9,data_processing,2026-06-15T11:22:21,whatsapp
852dec05-d138-4e07-8f7d-8b5286afab9c,4ffaa2dea168427364b59b51d056f14b,data_processing,2026-04-26T16:43:15,whatsapp
c422b06c-c273-4ef8-83ca-ceb5ff97a75d,b78ee5f89774f5e24c980389824accba,data_processing,2026-09-02T17:06:10,web
b7525d1d-e599-41d2-ad62-b5b85f01d5a7,34ba8e27091f9de91bfaa4c388194c48,data_processing,2026-03-22T07:09:03,whatsapp
11f20746-5fc9-44f9-a147-6f7e07e46df8,aa442ba763c3b8eb20ef2674fb156332,data_processing,2026-05-01T15:20:56,whatsapp
3ab033a8-49f2-4df8-bf5a-0be595fb2b85,8f69e0700daaeb3441a7f9b6a26cffe4,data_processing,2026-07-19T14:56:35,web
1a6b3fa1-7ca9-401d-a349-03901ed2aff4,5e40e27b8084d198e088a87b3f4a800b,data_processing,2026-08-19T13:58:46,whatsapp
4a2a2ebf-4c16-404a-9576-f0584aa903a1,d3453b270d1da9b1878bd170babd6016,data_processing,2026-07-22T21:57:22,whatsapp
1dac4909-f852-442a-b4cb-178331f2cc48,7bf207fb48c0fbe72814bc3a2eb757cc,data_processing,2026-05-14T10:30:40,web
362f1f14-4d08-406f-a36a-723b2a3cd459,7c5679f4b880558db028dbd2c2f12f4d,data_processing,2026-06-18T11:25:47,whatsapp
c58be83a-e787-4faf-9be5-8574e5a050f3,d8fe112c5ff4bbe27ade0e8f5052d4ae,data_processing,2026-07-07T16:47:50,web
fe3d4751-0277-4be4-9815-74ba3b9682b9,156de33c691d38eaba52ccadd9d6222a,data_processing,2026-04-16T14:48:08,whatsapp
a26bfa5a-5c99-491a-bb53-0a7f319c5465,6b82e24ff63e4f257dfc9f9e2f7a245f,data_processing,2026-07-12T11:02:12,whatsapp
795e2a03-e986-411f-aee3-1fb49b87f0a5,dde5946443020ae88dff5dc4dced3e7e,data_processing,2026-05-05T05:04:26,whatsapp
a5e918b7-e5a0-495e-a501-8bf47c1790bb,4a33d2c0f0f72fa7fa323261e7c05a21,data_processing,2026-04-24T12:50:39,web
82ad60ce-ef39-464e-b379-a12580721ee3,bd6c8436d3d9b393607e555e56c2f90e,data_processing,2026-07-16T14:53:01,whatsapp
5418d18f-f495-4837-b27a-256453317c8e,35e98819971fa86a08bbd4e2c6968178,data_processing,2026-07-20T11:19:04,whatsapp
6074875d-978f-4a79-b01b-3ef2f9dd5661,0241c4cd6f8ba41c0e5a62210fd64563,data_processing,2026-04-13T18:16:01,whatsapp
75bf2fe2-b1c1-47de-9acb-b351b42b8dee,49dec81bc2a33bd5620bda2b75c7060d,data_processing,2026-08-31T12:25:06,whatsapp
3732ff12-a1b9-452b-b975-712c9179edd4,f649172920bef871ac066851704cf49e,data_processing,2026-08-23T17:51:42,web
e641e110-27da-4fec-bccf-b5cbf8347ec0,afc522488829f92200725d7b0b299ead,data_processing,2026-07-22T11:15:07,web
d50c0abe-a4ca-467b-9ae8-ea6110615e92,37fc22c8c2c8b691daedae116c826963,data_processing,2026-05-12T12:56:45,web
813779a7-11af-4225-adda-e121738b81cc,656ca1633bf3705f8de691fece17d654,data_processing,2026-07-01T09:51:45,web
26a017cb-f914-4f54-b2cf-f08fe1908a41,6ff67d73fd0381d6082969fe238b6bd8,data_processing,2026-06-02T14:28:48,whatsapp
a22124ca-2ed9-4bc4-905c-67d5bbf60582,2a3043d39fc9eb02a405b532c2285d7d,data_processing,2026-09-07T19:17:40,whatsapp
f0050d1a-9470-4500-82d1-f60a3f5951eb,2176c66f7882c316d1ba921e35942a39,data_processing,2026-04-29T02:47:28,whatsapp
0da23140-6af8-4947-b7a5-3a4c40ccabd8,702c783d13415ad43e135dd30112dea1,data_processing,2026-06-20T18:10:20,whatsapp
ea0cd617-403e-41b4-a1fd-4e0b8444f212,6252481dc56ee15dcc1e646f042a183d,data_processing,2026-05-19T18:00:30,web
3cc8f809-209b-4e7a-bc04-f29deacb0398,65d941a45d8ed102506d6f687517a24b,data_processing,2026-08-11T10:26:03,whatsapp
3c17c0c5-4f6c-4476-a27f-6095a4c941b9,2a05bac554a819e50bbfd469e0f0e3a9,data_processing,2026-07-13T12:11:35,whatsapp
cce0a25e-e469-4caf-8c9d-63cd1030d884,05fb88f68097c1bacdddb91c52426b09,data_processing,2026-04-14T11:14:01,whatsapp
cc3c7111-95ee-4f5b-9e1a-2ff2bd6f1fbf,d8d6e2d5a33dd2643808bca703086e75,data_processing,2026-08-15T17:57:47,whatsapp
7bba3db6-0441-4d4f-9cd5-45a653937f78,5cb1e3b36b58f656c478b7b03417223a,data_processing,2026-08-03T13:38:01,web
4c5e0704-73e9-4bfd-98b2-94c8f9d45536,1b94dee69f13dbd5a1a09b4ed6f05c60,data_processing,2026-08-08T17:11:56,whatsapp
95754304-93dd-4598-a4a8-1276b6794b07,176a8790d2afa5cc3cc2ded311b0746f,data_processing,2026-06-21T09:49:31,web
21f99e27-d36e-4d18-ac81-3b2c8c94dac8,1ab11b9d9166bb7f9075f2ec6daf6f7d,data_processing,2026-08-26T16:18:03,web
9aa729c8-e84f-4592-ae6e-9c6ac251d006,1cbe513403ca6eb390d2b3c8dcacacd3,data_processing,2026-04-29T11:56:15,whatsapp
ffdb1f42-3111-4737-a356-b7666d8c459f,6513322ef368dd5352e42b532de49862,data_processing,2026-07-30T09:53:39,web
8b028731-9ab0-453c-936b-34940aebc8cb,51e1e5b04f7987f77883a904b1ab6b6f,data_processing,2026-06-20T18:56:16,whatsapp
2c51d575-e23c-49eb-bc0e-c4d00c94175e,5a69ebdfeeb30c5b667d73983736a8e2,data_processing,2026-08-27T16:53:30,web
124be849-a703-4221-822d-16694215aa9c,d578a186629ece04863e693e7ae7096e,data_processing,2026-05-27T17:37:02,whatsapp
063fdcfa-7b23-451f-ac39-4b701fa0182b,c2dfd02c6eb42fbff0b0220dc9b4a6ea,data_processing,2026-04-08T13:54:50,web
9268d136-7df8-4c8e-abc4-a314acb750da,3d13737aefc57dcdb801c4823e83d114,data_processing,2026-03-30T17:39:34,whatsapp
56d698a4-2f9a-49e2-86e3-7ce03159878a,7aecbe672797d900c94f5e0ba678ffb5,data_processing,2026-05-03T00:19:33,whatsapp
cb4d6c91-7f9e-4230-9ca8-9b095f2c3836,04a915ba7b4332696f34b37802e9d30f,data_processing,2026-05-25T14:40:02,whatsapp
f21d8e40-4c52-42c9-910d-35c82776f700,7bc33afd3779ac3be85f6496a1fcd55c,data_processing,2026-06-11T10:38:53,web
a11650ca-5ca7-403a-a1be-82f082b4173b,5c644c09a8d7d710b436ad6d4a1edb8e,data_processing,2026-03-29T18:28:59,web
450e9bb3-54c9-4bb4-a56a-c252d5f3c233,e86d0fffab672ed97f4ccb33ad03b4f7,data_processing,2026-08-17T09:17:28,web
827f7449-4ce5-457c-9242-2efb46e6f201,8b03cbd3f9da7835b65e95be8b10111e,data_processing,2026-04-18T07:00:26,whatsapp
362ba155-b3f1-4e19-b146-bd238ea29ac1,db9892d39a75e54f1e7d8ccc1275404e,data_processing,2026-05-18T02:07:29,web
1945eb7b-4d40-486d-9afe-bcd3a1630596,549f3dac7ca32a668957500f60f8b01e,data_processing,2026-07-28T12:14:06,web
968704ef-17f0-4658-9966-eeae56601f0e,4917de7fb165e88909e531af55f5e911,data_processing,2026-07-22T22:06:28,whatsapp
c7bb2a12-bd9d-41c6-b63a-5b1bdb3ec93f,e31c6b88b4e42537b2e6c5339e2b6957,data_processing,2026-03-25T12:31:27,web
473eb2e1-b05b-405a-b312-d1854d3ca2cc,5192c3e4f056b6b196e031043f6eaa18,data_processing,2026-09-04T04:55:34,whatsapp
836e37f0-b0d7-42ed-a016-f89b1235571b,b77ff088d604df3e0467a526e696eb26,data_processing,2026-08-12T19:53:05,whatsapp
7454431b-33a5-44da-8824-6adf92462823,43a792b7bad6a119cf9b100af9879335,data_processing,2026-08-26T18:14:34,whatsapp
33d9651b-6f6c-498a-ba93-ca8210f83692,67c440263469367ec94f4f8d2d50c0f3,data_processing,2026-04-27T12:57:33,whatsapp
dac7af1e-833f-443d-9c83-17864cc8b012,a84346c6dd830dee618ff94b71b9ee46,data_processing,2026-08-24T19:05:03,whatsapp
c7fb3718-ad00-4258-a60c-ee4f0fdde554,31c43ba05733834fe17d9f3c312ff077,data_processing,2026-07-15T10:12:51,whatsapp
e5dc5e79-9d45-489e-8f34-71d3f96920c3,a7fe29c39c1631dbf3ba8709a31e6e9f,data_processing,2026-05-27T11:23:45,web
b969dd17-6421-4969-9eb5-ffc9f4e6237a,85be4c007e25babe5e0bea6ace6b230b,data_processing,2026-08-09T15:47:52,web
87a49db1-eeee-4dfc-9b02-e6e65f0341c8,3aa11a4679bf191bf6e26f2e98a95762,data_processing,2026-08-06T09:04:48,web
13b2aa89-89a4-4a98-bd5d-bbd9d49bae87,943511933fdd3b12338f41c946db8c70,data_processing,2026-08-29T16:12:37,web
a0524115-c3f8-46c0-9bf7-359b752ddd43,c54af4d64a1ab5db9e495a07ed7076ae,data_processing,2026-06-23T10:46:29,whatsapp
5c6e8e4a-4378-407d-81d8-17f676e14ef1,0bb16ea61b318a8b0ef12d1de75ba782,data_processing,2026-04-01T06:14:29,web
0e976f50-03aa-47f5-a007-ee1a6678cee2,24516c68b3b3df274309237ad2b3e265,data_processing,2026-04-01T08:40:58,web
c4a05404-1bee-4071-889e-cd876486d52e,e6ea0cbc4cf0a484181dea8e2d995e2f,data_processing,2026-09-15T13:44:17,whatsapp
3235bff2-64ae-4270-a46a-db48439ecbc4,580f2bb619ff885bb9caf61b1aca93fb,data_processing,2026-08-19T06:09:49,whatsapp
93df7ef5-8e4c-4c5c-9517-3d63d196bafb,fc49f43499267e9746f124621340e83e,data_processing,2026-04-05T10:20:32,whatsapp
27e434c9-3ec8-45ad-9399-cd0fdd335d7c,1170f52480488cb5bb9276f237c3f93e,data_processing,2026-04-08T13:18:19,whatsapp
c60efa76-6d4e-4fb0-bce2-e38f7c7f6e2f,b1b0e288dc5a6d2ec813ce22759f4c7b,data_processing,2026-06-07T17:16:01,whatsapp
5c85e16c-7359-4621-9040-cf44093a0443,1b78bd207376b71dce276eac8b32a3cb,data_processing,2026-04-23T09:06:27,whatsapp
004c905d-8552-466e-9177-21bb60703442,f0685b69d8e319c2d990862ea3fac4db,data_processing,2026-07-23T19:51:12,whatsapp
fbe351aa-90cd-4e68-afd9-25dffd2510d4,bfa4e6b833069e62d2ddb6c2aed1ac15,data_processing,2026-05-26T14:18:52,web
a986e3f2-5c39-4e14-ad1b-c5eadb61eb6a,ed9c4fb29eb0fda0a87ca5f36441d1b3,data_processing,2026-06-23T15:31:50,whatsapp
dbd76b86-92da-4900-81ba-0aaea577b8a4,8be3389a3ba8d31cb7847ce8ade2ab63,data_processing,2026-06-18T16:39:27,web
66a1ffd6-b385-4c0c-8764-824b6b978752,693d2c44d1b2cb848ebb5d901c3a7676,data_processing,2026-06-04T14:14:21,whatsapp
229b9b65-9360-439c-9c1d-ec2b9cecd7a0,da4eb038485883b07d15738d09c8f3db,data_processing,2026-08-11T17:32:53,web
263a34e2-fdda-43a1-a12a-63c037d680c4,d90d7c9abc17c1a7cc0c076b2ac5f0c2,data_processing,2026-06-10T06:30:31,whatsapp
b63c8138-8480-415a-8dd8-528909fa18a7,f993c7b0cc47f4989b63e0138fa7e9ff,data_processing,2026-05-24T14:35:53,web
c0e8838e-ffd9-4d68-b821-692151cee0aa,bf227d364194121f1608ceb29a82bd93,data_processing,2026-08-29T10:41:35,web
8bdfcec1-e3cf-4b76-b781-5f0b6e957498,8f0890ace4f47964ddc6551c74a4bb62,data_processing,2026-06-13T12:27:41,web
6a88e6e1-3f6e-4d75-85f6-08b1f6452095,1b33b2312ae0b95e61925663280b1035,data_processing,2026-09-06T12:36:12,whatsapp
638374e0-f9c5-491d-bb41-afe59a1d1717,9e40aba8fa397e56622145917900e7b3,data_processing,2026-03-28T23:16:48,web
9205ee2e-7e11-476e-8e7e-59bb7c2e353f,9449938e2c79b8d2710283303a5bd8ae,data_processing,2026-08-25T17:43:00,whatsapp
543747e2-16ae-46c0-a703-004d5e554a54,032b037e60645cb353b271af0bd24c17,data_processing,2026-04-14T08:48:30,whatsapp
3501f375-dc77-4109-8c95-d0d96c7529a1,b5e0d1c9cbd8926de1c401f23cfca293,data_processing,2026-07-20T09:34:25,web
ed4122cc-5d60-4729-a547-e173f557fc95,2dfe9075bd9b10bdcce982cb937a95c0,data_processing,2026-07-11T09:27:13,whatsapp
4f00a5f6-efd5-41c8-9583-91b2aa708b8a,357a1bb9816dd56b72221e828e0e048f,data_processing,2026-06-11T15:01:21,whatsapp
ecb92522-bd14-4287-af0b-5f2a49c24682,eb0129b8c1bbaa327bb7453cd3c357c8,data_processing,2026-06-29T16:38:17,web
f1471404-3634-4cf7-9afa-f7a140f41b41,b6ef8f469ab8046ec9d7e878da4d03c8,data_processing,2026-09-05T13:21:25,web
f1fe232d-ac55-475c-be7c-8bf2573cac52,9a7eb506f27a78fcc85ade641254acd1,data_processing,2026-09-11T07:55:31,whatsapp
cc0615a1-6eb5-49ac-95fd-3d494ddbdb96,d764fb30fc6d710d888c53ab2243fb50,data_processing,2026-05-27T10:16:02,web
76cb18a0-da89-4486-9307-f68d8cc2ea21,5ba56a24d28ad1eeb28b91587c0edd55,data_processing,2026-07-21T09:19:29,whatsapp
145e5dfa-5ee8-42f9-82c6-32c4fb98fcd9,dd0134d74135c244af4da162b2888dc0,data_processing,2026-03-28T15:51:21,web
d28c1e8e-6535-49c7-9032-e6ee1dbb8b0f,459d3ebe992e59493c81b007ca7e454f,data_processing,2026-05-06T10:50:26,whatsapp
b8abc390-4c76-423c-873c-6ac688e349b4,f311ed56b788ee1509f0bfd62f48e66e,data_processing,2026-07-12T06:57:16,whatsapp
a1f0ef73-0cc0-4f72-b875-f211ccad47a0,c608c550e96d185084a7a9b17148f25c,data_processing,2026-09-12T15:21:24,whatsapp
64e68525-b844-4cbe-8a05-8b0a89920e2c,35f55bdb44d0ec49e1e0bb6b91d703ad,data_processing,2026-07-14T12:26:50,whatsapp
e4460d8b-52d9-4d3d-8dba-c9b66560c48d,11bf4d8e32f39a8b3eee4534c02bfaec,data_processing,2026-07-14T13:12:52,whatsapp
df7ba4cd-02bd-43af-ad51-05e7479fa334,c962deeb5c1f3515556d95e58b3e3038,data_processing,2026-05-12T16:42:31,web
1289dc63-8468-426a-a31a-80c10387f2ce,2cec99df55cc9889d4ce2e77ceb1a30a,data_processing,2026-06-23T08:17:18,whatsapp
a486ca7a-384d-466a-ba46-5a927862a050,3684a6c3bde3332bf0d223f8562d5903,data_processing,2026-06-23T09:21:52,whatsapp
1d6a8b7b-efe0-4a45-ad96-cc3496999066,7cf90616b56cdab53595f5c346262281,data_processing,2026-04-14T08:23:04,web
c061011d-cca2-45e6-9ed8-f423a18969c2,00e98a72ab4406c1d5da7b0bc62a137d,data_processing,2026-06-05T16:05:39,whatsapp
2702c077-a1ca-4efb-b947-d259301a77ff,9b6f56cd35e3ebb242d9aa9d0948559b,data_processing,2026-05-13T23:53:27,whatsapp
92897456-71f1-47d8-a001-90499dc95a6a,a9410cf2c059407c10dd4baaaf9014bf,data_processing,2026-04-09T11:55:30,whatsapp
8f6ae3a5-88ef-47fc-8d18-d9cd6b12a84d,3c9bca0a776660f3522737f6250a823c,data_processing,2026-04-17T11:35:05,web
e25ef98f-0dff-4469-a12e-3c92e1683a82,bb1e7b4cadc12f5bbab89b4b4e416651,data_processing,2026-05-25T09:25:18,web
728e60ed-bf1f-4f7f-9654-e68e270af4af,cfc4c5fd1a003f791b9ba26f361e1ab4,data_processing,2026-05-14T13:39:59,web
2123c994-5ce1-4654-965a-d73d2ab3f577,578bbd673fc0184e5cd8d490b56a8bfd,data_processing,2026-09-14T16:52:41,whatsapp
8702a51a-fb9c-4d24-a133-c4edcb2d7df8,aa72a9646f9b55dfd84175880462e077,data_processing,2026-08-21T10:35:17,web
0c3ffdaa-f85e-46c5-afc0-a6cb40862903,547709f6cfccf431c8c86dad52bd3581,data_processing,2026-08-08T13:17:32,whatsapp
062500f1-4c55-45c1-aaa0-f98a1edd2f99,a5ddee204bf396d8d9f136059cd24d42,data_processing,2026-04-11T09:44:54,web
1c04ab42-2bf5-4497-9741-6ca19ff8521b,6110fb10ecc8d144d042ee6ce7c1a31e,data_processing,2026-04-27T16:30:58,web
0937cda6-4144-4ad0-9e71-d58466aae903,1e4ee9194ae1ad185b014aa24d2d7348,data_processing,2026-05-24T18:58:04,web
da5ac043-5ff3-4d2c-89e1-314885837665,d59ef29d2aeec4b1627966a9589ccdfa,data_processing,2026-09-18T10:24:03,whatsapp
02e23420-b2c4-4ad9-8de3-0a3101481868,7c5243ccf59efff67ecef34cc0cdbe10,data_processing,2026-06-11T13:52:31,whatsapp
fb5f0ec5-111f-4ee7-8a04-42d4c7ede911,d0f925a2bbc51132e1755550c0c10d23,data_processing,2026-06-28T19:14:16,whatsapp
261837fe-084a-4467-b9f9-1bad9145a0df,695ef832aedcdea203def9633fc2a68d,data_processing,2026-07-13T12:26:13,web
e3d74883-9822-4a9d-a05d-e81630a80230,416eae7156bb769a5abdc356fb8c8fbe,data_processing,2026-08-23T11:57:40,whatsapp
c7cf7acc-8858-4522-8afb-5f7d3c83940c,e9790519a14f06ecb38d98a1af676f18,data_processing,2026-05-12T15:13:15,web
0d6ff4b3-da9d-4731-951f-662f5fa34dc1,378df17d498aea91fb39cbed0aa7d423,data_processing,2026-05-31T14:55:17,whatsapp
803c053d-58af-496e-9d81-f364900c8b0f,9109983bf1b259c2e0ff9dcbf98862bf,data_processing,2026-05-06T16:47:11,whatsapp
9edea83e-3449-4e12-975d-e81d65b74ccd,89d28ec3b89af891fbe536864ae23044,data_processing,2026-09-06T10:19:27,whatsapp
c2e3c384-c2b2-47c3-a461-56ff78f5ca79,d04ffb612424f006e114a9e0e24d0268,data_processing,2026-07-09T17:33:26,web
5b6654e1-0db1-4c87-9225-3b71f09fe3d0,50dd01f816b8c6be902a13fde2eb0f74,data_processing,2026-08-25T11:42:54,whatsapp
a04e37c9-a6aa-480c-b2c2-79f6ba3bb895,47e3397605826c144f651e7a5cb39eb2,data_processing,2026-06-06T15:33:30,whatsapp
c07810d7-cd75-4692-833d-ee39148ea18a,8706e9fa86d2967b45cf6b24f428fb28,data_processing,2026-06-07T09:45:09,web
ef21e649-3937-442f-9905-959ed630fd8f,6e233ea573e8d6f8370783081bf2b904,data_processing,2026-09-13T02:00:16,whatsapp
6e2cde03-8ccf-4df3-8f6e-11b6bc860732,0fd63effb46a83462725961bc407dfea,data_processing,2026-08-03T12:40:04,whatsapp
bfc2f959-16e0-4a9f-8ffa-81d58bb7ba5b,5c8aed9edfca8d2718bca254f52f1262,data_processing,2026-05-23T13:32:18,whatsapp
9c7d7f79-5909-4303-aa6e-026bba75abe3,50c80d98084c83688167dfb95d731cd5,data_processing,2026-08-08T09:17:02,whatsapp
ae81e8e0-ad16-438d-aa14-261ad5efd84a,9a9bfb4bb9b4b0e8b0189f16e5a0477e,data_processing,2026-07-01T15:31:29,whatsapp
77c98a7e-cf2d-45b4-81fc-3d6bb9de7342,0d158b91931619d82e9686d60a5ab5e4,data_processing,2026-04-24T13:10:25,web
ef86c06d-f1a9-4026-a83c-7e34e35ddd4a,6830076d6e14813d49aa2ad2f7bec8c0,data_processing,2026-03-25T17:19:36,web
f5e6294c-f438-47cd-8bae-39189b0e5361,eacff7bc6dc0d251d8db2f10d9d519f4,data_processing,2026-08-01T11:28:32,web
383af21e-1c7c-44f5-96b6-fb9f027b4c42,9e525b3e72e84d1d5640bf44464ab20b,data_processing,2026-09-10T12:32:27,whatsapp
60d5ba35-005d-4ee3-9ce7-47b3ab69eec4,749aba4413845621eda1db46c8e9178f,data_processing,2026-08-31T14:27:23,whatsapp
616c50d1-d22e-48bd-bcdd-879d479659c6,c01ce2e742c312ca671bd9ce20787bdb,data_processing,2026-06-19T10:04:26,whatsapp
09c498b2-0b3f-4de2-9978-45cbc33d0b13,5eaa306d1bb4959284c8e7658e029b5b,data_processing,2026-08-12T16:58:20,whatsapp
0bbd478b-1443-441f-8568-ac0c990749b7,c5fd7018000acbddfa35f8aeb31fcaa5,data_processing,2026-07-05T10:11:38,web
535776fc-3076-4942-a27d-93b52f3de6bb,bbd3957cb44161606bfbc6158d2d135b,data_processing,2026-04-09T17:31:59,web
3c9fa68f-fed8-4fb9-bcf8-576ec2dbe2e4,8afd9e38903b29fb1947a4184bf92c0a,data_processing,2026-06-25T09:41:27,web
fadaf09b-85a4-4b8e-9d2d-d8d0fcb69bed,85a9c272709d253dbcfbaa7133a119d4,data_processing,2026-06-06T09:50:04,whatsapp
02d56cbe-10fa-4c60-83d2-a2a3aede30e2,73c32a28848952f1ab1934086cdf8419,data_processing,2026-07-05T06:43:47,whatsapp
9e2fc26e-eb5f-48ab-a42d-1532168a7e77,8ff3279dba72f6fb2c874c4ac76034fb,data_processing,2026-05-31T18:27:08,whatsapp
be934adf-e0db-43bd-b244-58a4c31b75f3,9cca73b0b9c62557ceb3065b5ca1a478,data_processing,2026-06-10T10:36:30,whatsapp
6bbe4907-085f-479d-9f92-9215131f73ce,113e49659651f6dc4e6c431d0ec62500,data_processing,2026-06-10T16:52:49,web
63afbeb7-e1e4-4414-a21d-4388f3990069,b96c4aba630a4b21979d1d013401c169,data_processing,2026-08-23T09:37:54,whatsapp
0d344f71-87c5-4637-a9ae-bf76988f6e57,f5e84005632265b83166a190fffbe75b,data_processing,2026-04-26T00:56:13,web
bd3e6753-3bcd-4100-8c7c-4671041f28c3,080d131866066e8f4b3bd5fb77b043c1,data_processing,2026-07-19T09:24:14,whatsapp
93e168e7-57dd-4527-a0e5-c29a789b43af,172cea89ebe3d7d928d80c6618c1a434,data_processing,2026-07-12T15:09:59,whatsapp
f1f02d36-3647-4ecc-98b4-df4002646a04,40e36813f4f58d36f78238fb665b594f,data_processing,2026-09-18T09:01:41,whatsapp
95aec516-7b87-4168-8520-04042434d476,ac0b5cd662cc617447428e0d45381378,data_processing,2026-09-14T05:44:18,web
85d12f84-4009-4737-a13b-3d57449c7f97,e53563b9c86e4d314cd6bf83e91b2bf0,data_processing,2026-05-29T12:04:29,whatsapp
b747bc7f-4a0a-4fcf-874a-e7e9c210fffd,595019a39d0cbef3e21a089fd7717079,data_processing,2026-07-14T09:25:43,whatsapp
b1353337-bdf6-4a16-8c4c-ce8f296fbd91,f652b975183efd0f5971e5f66173c265,data_processing,2026-04-19T19:17:51,web
a1cb5179-0100-4185-b4e5-dd614e92affb,870d685e8e05a172300c4696b190d8ca,data_processing,2026-04-06T12:35:46,whatsapp
311121da-667e-420a-97c5-454df3a32f7a,8db2262d4eefbceb03d18c3dd34e7015,data_processing,2026-07-24T20:07:54,whatsapp
92a423d5-5d06-4420-9212-01ddf9cd4f55,880dc673ea3037b06ba2829141bacd8d,data_processing,2026-07-12T12:50:38,whatsapp
7391d924-1321-47f3-87e4-4e729dd9cc2d,1a8cefc94b425587e6dd0e51c92a5394,data_processing,2026-07-24T20:00:35,web
0ea6a473-e4cd-40ea-87f2-8c8433211b47,acf09ffb5f9384a728a4bf6d67177321,data_processing,2026-07-14T23:20:15,web
0a9ba9e0-877e-49a6-9958-0e0f5ae4d464,fb75f0772e2aeef8a996c3b82279fec2,data_processing,2026-04-26T18:22:01,whatsapp
8f1bbe04-0ec3-4774-a3c1-098fbc9315da,6fc8e3cd5784c21d3b3d7508df8dc622,data_processing,2026-07-31T12:38:01,whatsapp
09a8bb36-29b8-4747-8909-3cd8bf7efe4c,0bb84517a39fa794947df95a7b02d7fc,data_processing,2026-08-20T15:20:56,web
85872211-a39a-40ca-8202-1cf5c5fd7b11,568e6274deeab512bd9bff5f4b1efa00,data_processing,2026-08-08T14:14:27,web
8384231d-7262-4910-863f-5ef5caf2df82,a32cdf3545e01199f51dda52e4f6c1fa,data_processing,2026-05-17T11:59:02,whatsapp
71954027-0e41-4be1-ba0b-deb3c735df7e,0dfadff3ba431ff89e2f931df8504cba,data_processing,2026-07-09T12:17:15,web
918201da-a954-486f-bbbf-ab160a8ba624,e12e97958b59a041e9bc4f4ab6021fe3,data_processing,2026-07-21T12:30:06,web
86416780-2f03-4b87-8d3d-2d98abac8369,2dcab8e6509a40f8d9fab10bcb16c3c4,data_processing,2026-09-01T07:23:20,web
dc034176-3a8b-41c3-a969-ab45d32ad79d,22722a3ee3f58878e9295f1e0bbe95af,data_processing,2026-03-31T14:20:51,web
2b61c2d5-1cda-4613-a21f-ae1cfdb099c2,2c89a91c8b7969d74a8b07945becff10,data_processing,2026-05-12T12:11:15,whatsapp
b02c9d76-e759-416c-a256-21379e0d99d2,77a95c72234c734e73935eaa0f507f94,data_processing,2026-05-18T11:22:27,web
458c27e6-b25e-4e60-91fe-54a6383ca0c5,f4a303c10933d1f7129ae0e4d4d6755b,data_processing,2026-08-05T17:01:55,whatsapp
23daa83e-11b3-4c29-be79-4ed3ee8f1c03,6ef176490d80deaa5b1a62f57efd20fe,data_processing,2026-03-29T16:28:00,whatsapp
764d3f2d-75fb-4d64-bec5-7c6573a62d2c,dd2c28fa286a69d2c160c35779709812,data_processing,2026-04-02T02:59:06,whatsapp
9fc90831-45a7-47cb-bdce-d6d45ba08f7c,16fca9764459d3588558cc9397aeb439,data_processing,2026-07-07T05:30:41,whatsapp
95250f92-23c0-4b63-a281-5978ef81b610,afa4bed0d970da172767419e642a3134,data_processing,2026-03-28T18:38:42,web
3507ae88-1e67-4a58-a0ec-3680e359b2c0,4153b7204ab94ec5ef1adbb02e6ceff3,data_processing,2026-08-16T11:30:07,web
1ec06f50-12d3-4857-ac8c-c11d12eedeb3,cd3087fe9e66cbc63f9e2b966fe094d0,data_processing,2026-09-06T09:03:10,whatsapp
2d2a4ea5-2541-45b2-b50f-3e548641601b,d37d4a1e602b74af5f8fc0b31c82b5ae,data_processing,2026-06-21T18:21:28,web
a26b8a8e-d8f8-40a7-91c7-1edfa8927780,e593ef9cdcfd9bc0d41d370c755e225a,data_processing,2026-08-28T13:33:49,whatsapp
0a04392c-12ec-4031-9561-4525791fd0ad,0b3a84234e6ec29102188e17654ba18f,data_processing,2026-06-02T16:05:28,web
04ebf15c-ea3d-45df-9772-4f9d507b7583,ac0d81e492dc39d2234dd8a9a66d1991,data_processing,2026-03-29T15:20:58,whatsapp
c78db86c-babd-4ec7-88a1-b0654743258a,cf22f5e3d2b4ea58ab29aa5299b151bb,data_processing,2026-04-20T03:59:20,web
f8216fda-c69c-4ae7-86e7-c878515fe385,5886335ba2db329155d5b47bac4d2756,data_processing,2026-05-06T16:03:07,whatsapp
77a44214-90a5-49a1-9122-931f4608b579,9254eb02c51ddfc68eb333e49fe5519b,data_processing,2026-08-17T01:51:06,web
b10e8fb8-c8d4-4bea-8dbd-2747fbbfca87,26ad33dff4448eb07c5533af785df3e1,data_processing,2026-03-30T09:18:33,whatsapp
7393074f-bca9-4c23-972e-22835c398e25,0987df666ed914890181fec4db927697,data_processing,2026-07-04T16:08:45,whatsapp
342e71af-d6db-4996-8a32-1f639b9d2652,2eda83b3c9b24203bfc4ff53e32a293b,data_processing,2026-09-03T20:28:25,whatsapp
058e7916-20f0-4e3f-b71d-c6dc8d55b168,05fb77b1f0df830ddb9dd166c422fa22,data_processing,2026-07-18T13:15:33,whatsapp
f7709637-34e2-49ba-a2ce-d4d06ad9d200,e2a5a437498a55e965afb54039eeb38b,data_processing,2026-06-18T18:52:42,whatsapp
a5c0b233-24ea-469a-9d5f-6dfdd7d03b9c,9e3d41ec4af650dd232dd96ecb677404,data_processing,2026-05-24T15:12:38,whatsapp
39af4dac-6a72-4679-aea0-7a111c357593,601a16308d4879437e33b81a1ea51008,data_processing,2026-04-11T08:37:53,whatsapp
3fde87d0-6f86-4759-909d-ad4543cadb04,49b90859a208f1d049dc6414dc589750,data_processing,2026-08-29T10:30:38,whatsapp
fd852019-1e22-4579-928b-922376ce8574,709b0807e60a116c6a47511963f080f7,data_processing,2026-05-23T06:40:21,whatsapp
26075c94-ce92-4de6-9e0e-f89c0dc0fede,842076131290d981e39c97dfcb5a3dc9,data_processing,2026-06-18T09:07:52,web
fa576a7d-3a6c-4b18-a690-876fbae86f50,e8620a48624cea7346b853901f1e3efd,data_processing,2026-08-14T13:12:31,whatsapp
7c56da19-7ae3-4bcd-994e-e181d94387dc,45b73cf520ad041da727c457a6271392,data_processing,2026-07-17T16:54:25,whatsapp
6941f962-6fd7-4c48-aaca-92f49563feda,34866b7fdda005c10eb36daed46cdef4,data_processing,2026-08-17T08:34:17,whatsapp
642c914c-91fb-4223-91c0-db0b491cbd89,658634340f737a219181127f66a84832,data_processing,2026-08-16T11:52:44,whatsapp
da338862-327a-4575-bf77-32339170e75b,adc5fc8f03bc08d28492b2ccf154cf8c,data_processing,2026-09-06T03:45:42,whatsapp
2d902154-cf5b-4d1e-ade2-f83155c31857,6b6abd5bc8f438b38f2b2be1b564be3a,data_processing,2026-04-22T17:49:52,whatsapp
519ee0cb-0e8c-4a9e-a300-3d253ba20e81,61e72917bc7b65216314a9525c2fa262,data_processing,2026-06-01T11:10:50,whatsapp
0bda4780-3f40-473b-89df-d3a6137e57f5,dfeae29a786b25f046cdadc6371cea21,data_processing,2026-04-20T16:16:48,whatsapp
3f93c6c3-c0cf-4179-a55e-56595ef19fc4,45e2920f1a472fc4f75117fbdaa873c7,data_processing,2026-06-28T13:54:36,whatsapp
74615ab7-c1ea-49f5-a88c-95302847d796,64ea09fa10cc62fe1ae7a8a1e750e70c,data_processing,2026-08-20T17:44:21,web
0f5fa4ff-ddf1-4362-87fe-03674685138f,ea160c30cc6bbb62a42f2a0e6a11e82a,data_processing,2026-03-29T16:55:41,whatsapp
32601bfc-8846-4ce6-9c2a-8a2b539409a6,04073fd40d9e7540f1ac991b3155fc8a,data_processing,2026-09-14T11:55:13,web
9ce1262b-5e31-4d15-81d7-15aed7b9b2db,85a4b3e47a9ee7acd3d708e827717710,data_processing,2026-05-01T10:49:56,whatsapp
b67aa2b4-5d06-4b0e-8356-60161c190505,74b71d58c4acfc8f0b877a75865da2e2,data_processing,2026-04-08T11:38:10,whatsapp
aa71511d-2adf-4abb-949e-46850e1ea0be,bd107f68a33a8d277f15c4e7799c16ab,data_processing,2026-07-25T18:58:35,web
53a79166-a1d2-48cd-bf8f-8731582e085b,ef9bd02d65a2af50ba3c5d2b4dbba204,data_processing,2026-04-20T16:59:21,whatsapp
212d3d3f-0afd-4cfb-9219-08d5f92df52d,31f978bd460eac3fa3cab2d712c4be15,data_processing,2026-06-05T16:06:36,web
89a7a9ba-ee80-4bfc-8491-0b72ebc72f75,4374c631b4a4d3291c9e7ca3795ae457,data_processing,2026-03-25T08:06:03,whatsapp
46a153c2-828c-4610-b47f-23715d7e9c3a,301dc285181d61c75a1a3da81ae44a46,data_processing,2026-07-17T09:27:39,web
3cf9d8ec-6f9f-4234-9015-aa5c62341ec5,df5b843efaa558ee53113a680448cb2a,data_processing,2026-05-01T16:10:29,web
a5f142b6-002e-481d-88b4-29396e7cdbfc,c0b8b490c40963389f5dfc91bb11f91f,data_processing,2026-07-09T14:33:50,whatsapp
dcf1b12c-9a01-40cb-b729-b7754a666676,56b3ad6d9b13b0ea37db103804115c92,data_processing,2026-04-21T16:49:35,web
f6050ee6-2e1f-4008-9064-49c88be83d4b,7d030d8dc9f276853e372feb1f09afc9,data_processing,2026-04-29T12:19:07,whatsapp
0fdd34de-9010-4f44-b2b7-2abb4782af4d,0fd776b6c047c6fbd52a878f7017be6e,data_processing,2026-08-02T07:34:35,whatsapp
246a26fe-b68e-4efe-8ca3-df94661688be,1118bc01965fdcf4cb4d5a3e5a0a9e73,data_processing,2026-05-19T18:29:18,whatsapp
c1e18c21-d9b2-4374-a0cd-a7fd388c7b85,fc4bae7c7265f4a397d2737650325ec0,data_processing,2026-09-15T08:13:03,whatsapp
388a9f98-0b0a-4b95-a017-9dda5e5cb39b,0741b7060558df5360bcc4638cc484ce,data_processing,2026-05-20T15:26:06,web
33c34b36-3e31-4781-832d-aabdcd1dcc1d,e37229dace1a89d071ade37166286874,data_processing,2026-06-14T18:03:00,whatsapp
173bc613-98c9-4eff-8aec-d635574eea78,56070cc2a37b91e20fa615f08a9bbcfa,data_processing,2026-08-30T09:42:02,whatsapp
2823cc8e-e558-46f2-88a4-e8718c69a445,57108e089b48fdc9bae9494565b83728,data_processing,2026-06-17T07:18:31,whatsapp
41ebdad3-31a8-4253-8d6e-b1741251fdd8,0cc6945ef18b4f220b305d1732ad1eba,data_processing,2026-04-06T10:55:17,whatsapp
dd2a9618-171f-4c6b-8cb8-7da2445ff686,307bf288360162ccfb0ddad8e2bf1df2,data_processing,2026-08-22T06:35:19,web
abb36504-b3d8-47fa-9437-c66d24f71e55,02ad964ef49ace88a179ebdf40224b54,data_processing,2026-08-29T16:41:38,whatsapp
1a9b7b81-4df7-4e86-b8d4-1dacf1843c87,1517e9c0c8faf3760bb0492fbac05826,data_processing,2026-08-13T18:40:48,whatsapp
d692617f-ab89-462a-98d6-2bb36f4c3da7,72138f3d5a888d43aa10ac9b65e3ccb9,data_processing,2026-09-07T10:40:07,web
6d1937d0-5c12-46c8-8f6f-1e3eadcbec94,d46c54e4d2b122ee35f35c3b3e2831f0,data_processing,2026-09-05T01:40:23,web
a45f13f2-e385-4b24-b1b8-6e575d64c996,e3a2b0935df6d483c30783a3084c7875,data_processing,2026-04-12T14:32:10,whatsapp
cd13de39-94ea-4728-bbf2-b3e30335729a,4f19b4dc3f658ff7cb66351b20de6362,data_processing,2026-07-01T17:35:53,web
923dd492-2cc9-4d96-856e-a1fa50e0feaf,df8d159d28a8933fb47cae46d19f09b3,data_processing,2026-09-06T18:56:34,whatsapp
d8df8ff3-a869-4aae-bd54-4832d56ec00e,232e17167cb6cc80ce9a306977c087c4,data_processing,2026-03-29T18:24:02,whatsapp
ec1c14b3-cba4-4d9d-8357-c6f1a86ee7c8,0483cb9e72c7db63fe56aa9bddede66c,data_processing,2026-09-15T11:19:42,whatsapp
f4cadecd-4ab4-44f1-a5b1-ca69192d129a,fa7865edaf5a2dfac7acd49959b9f0ef,data_processing,2026-08-15T13:38:53,web
afcf2a0f-fb84-4473-b961-8cff993df5a8,e654e074adfe94efa89be9f3d87975bf,data_processing,2026-03-26T11:22:42,web
0b1d647a-b66e-4828-a048-896f133e9173,1e2f3f7ea762f15501cb4e4a8ce9ebc9,data_processing,2026-06-28T09:22:48,whatsapp
6aeeb72b-7085-462d-9ebd-3ab38073fe16,2cee8584c37594dadde5696092e742d9,data_processing,2026-09-13T08:57:44,whatsapp
7d504578-b2c8-4fb4-aa81-23de82a5bf61,f2b7cfbd4df63276bd0948ccf510b25c,data_processing,2026-06-27T00:16:50,web
4f55e4d6-08b6-4b95-ab02-3fb968a9049c,77b33730f7cba0b9df045e578b54177f,data_processing,2026-04-17T18:06:08,whatsapp
ad4bc74e-b50f-4747-9803-fbf81513ffd1,594963551d856f5fd0e15ddd5225ae76,data_processing,2026-04-01T20:27:15,web
f153b829-eb5a-48bc-a206-593ee32754fa,5a92cd1ca5f2ba174b820ce9b7302d8f,data_processing,2026-08-29T11:07:18,whatsapp
3fbcee1c-2964-4681-bf1c-0835bd421b1c,c8fd7d2da98399f7f48e37c9c620a222,data_processing,2026-04-13T15:25:14,web
9f00885e-5336-4588-b200-01dc86a9c840,d7f8a9913c92d201ba7951f80d508edf,data_processing,2026-07-10T17:45:13,web
2385ec80-a3f8-46d0-a94d-78f4f7d3b356,bc9357f2328d7ca0f0fb5334e8e15fba,data_processing,2026-05-31T07:20:22,web
5dad3d48-1015-4460-a6e1-86122ee9b2fa,63cafa52eb2f9f41064d759d96c00579,data_processing,2026-03-28T21:29:03,web
3589b9c8-7103-442b-8bde-08f232c284cd,23b0c70290bd61097ef00d18cddc1c9a,data_processing,2026-05-20T10:12:14,whatsapp
dacc70f0-9e20-4c8f-b7ce-3c9e664d9002,9fcb0817400b813f10d3e97d6757f9bb,data_processing,2026-06-04T16:39:43,whatsapp
506ecff4-844f-43d8-aec1-59e7c91421d6,9e8a08a918e18ad990e311b2ac23da1a,data_processing,2026-04-21T06:19:51,web
c16d1bbe-2a7e-406b-8459-075a3521e3e4,8169e784ed08c5ddf167dee200881fad,data_processing,2026-05-25T13:06:39,web
76df42a4-bcd9-430d-9d60-04fdf891d8ed,54a24eb0f4ff4797d6baa66a4022bf2d,data_processing,2026-04-09T09:37:05,whatsapp
44e5b730-8619-4a21-810b-53bb8596c636,c75cb57921f2295e70fc440b4b9818ad,data_processing,2026-07-16T09:37:40,whatsapp
5e3e1ad8-ee90-4b4a-af7a-46de9d5b44d6,abe159f481875b2d3f6c7c01f93c4d16,data_processing,2026-04-18T16:11:12,web
b0fac2da-b7d4-48b5-a523-c0916bd6316a,a4052c36d740422a581e65c668755a75,data_processing,2026-08-07T14:34:04,web
fded707b-3880-4989-b1b1-fb23a2845e91,157a45a9a68de460185e43a7499460d2,data_processing,2026-04-30T19:42:19,whatsapp
3b1bedae-7c14-47bd-971d-52f97207d0f2,f1278304b1a4cebff53019a4ef7a15bb,data_processing,2026-05-08T19:10:56,whatsapp
62a809f8-b81d-4035-b71e-ae12e7847ef9,8524ce43c6824478f9eaa181f46c17ec,data_processing,2026-04-13T17:58:02,web
f9468c29-0c23-402e-922f-f0071c1d9168,60325e3703ef1fdc6f5360382f78002f,data_processing,2026-09-18T13:49:15,whatsapp
3bef203b-d926-4393-a602-65f877335a80,84a9e64990957a9e5c1eb3039db566e3,data_processing,2026-09-13T04:32:25,whatsapp
5f479a04-7008-4f3a-a00d-b2b58e111651,da97fd884afee4536cb2817ebf09faa6,data_processing,2026-09-14T19:35:53,whatsapp
7f7726ed-21f5-454a-9c50-19bb33559943,f4ccd7cea3179ed238611cf7f0cf477d,data_processing,2026-07-13T09:27:24,web
ce0378b9-3481-4825-9e89-e55595e5f5f1,78d083581bd3907a5affe0bbc86f3063,data_processing,2026-09-08T16:17:48,web
11da5d75-d7b9-4eab-bbfb-59e9b27881c1,ad917aebfdb1c87ebd38cfb2857ab3ba,data_processing,2026-07-03T14:47:36,whatsapp
9b3b89b8-0cb3-4ce7-9ee9-55522cf49872,40a83fa819b3f5c5c1f7186bf9947c62,data_processing,2026-05-24T06:17:02,whatsapp
150eeaec-d136-4f29-875b-747e74fc23ab,82a7ffcef6a44ca37a937a6866aca7fb,data_processing,2026-07-17T09:10:27,whatsapp
d7b72413-a0a3-4e70-a90d-fd11fe8b1993,09ecdb0788f79c39e3c8377bd7060245,data_processing,2026-07-26T17:36:28,whatsapp
5e380f95-6fcc-4305-801f-2afdde807f4b,c6321b032097c5632a6f1d68db52cce7,data_processing,2026-07-08T08:49:45,whatsapp
32660ae4-d68d-484d-bc8d-7d68741f7c12,4107ad6bbdf19ffb0d1b5829f9c2b4e9,data_processing,2026-04-10T10:26:18,web
da33e0e7-6aa1-4431-aa44-c6ed9de9688e,0a611ccf0f22dd6cee607657e549fe1e,data_processing,2026-05-26T17:17:49,whatsapp
ea7302a4-b818-4dd4-9860-cd38606a3965,3de24443aac70844aa9eb7a923bd2146,data_processing,2026-09-02T14:12:35,whatsapp
676127f4-f0ca-4135-867f-f5afdab2e517,8fbb12ac89bfd5e9907e48cd91ead117,data_processing,2026-08-28T16:08:36,web
dedb05f5-e6b1-4e9b-8e4b-faf55ec9ea00,ff71a7f63fdd90a5b4cad32d943b9227,data_processing,2026-06-30T10:02:09,web
2e842230-ee09-4815-a294-8cdffe5c079c,ab7baf99f64941e0d99096416435259d,data_processing,2026-09-14T11:44:43,whatsapp
f195ed6c-5789-4e61-b12f-0602859dd8a5,4efd24955db2f19c3b55798cdc8939c0,data_processing,2026-04-25T14:10:19,whatsapp
3dbf1a36-8591-4450-94d5-6be17f79413d,d7ab4acceee944c67dac0cd0465d1ca1,data_processing,2026-07-13T10:33:29,web
de3df01a-06ca-4e52-b02d-20bb465eeec1,a7810851c25d9f45e7f60836023daecf,data_processing,2026-09-13T02:20:49,web
23dcc7ff-7dd7-47ac-9377-626ae4ede597,fa3ab4df44d4cba5afb5b50679b863e9,data_processing,2026-09-11T12:58:22,whatsapp
ab8e9028-63c3-4968-ac71-ca1f17ec97f6,2892669431de1cd8d4c18a6e16fe0761,data_processing,2026-04-02T12:42:07,whatsapp
31463b52-5320-4fe9-bf49-ead0ee59f5b0,b759f0c055a2a9a2a70ab3767e98f25a,data_processing,2026-06-24T08:12:52,whatsapp
0f6749f0-c13f-4e31-b5ff-529d503f0fd9,83c449d42fb3001ba215cb4a845a6a80,data_processing,2026-08-03T18:48:04,whatsapp
896518e3-93ea-43fe-b2ab-b607f03ad456,3d7e28688d5c5b42d648b242894f6328,data_processing,2026-08-28T09:07:09,whatsapp
b160fb42-cb1c-439e-a353-304fb919b00f,329940f028b76a1f9bc8a270e3f5519a,data_processing,2026-08-10T06:32:34,whatsapp
25ccf9fd-63f5-45c0-b6bb-198272acaf45,6a6c3bf66e4ae23f1d6df3cfefffad63,data_processing,2026-08-04T09:38:13,whatsapp
128828aa-3f35-49ee-a380-784e64ff4d4c,a19526f8117e6ea4489302d19feeba1f,data_processing,2026-07-04T10:36:42,whatsapp
2b330d57-0eee-406c-ab3c-6f4e5c25bb5b,ebde856de9d1bad0a145bfaff4a096cb,data_processing,2026-09-09T11:27:23,whatsapp
c9ebbcba-0066-4011-bc46-b90791905834,8581d00eb2c7c22719a3a440ff227f65,data_processing,2026-08-03T14:19:05,whatsapp
3cec352e-9317-437b-b53e-aaf0c85ed65f,89d02e6c020eb78f55c562fc0d597075,data_processing,2026-04-15T17:04:03,web
307c5a74-eb94-46a6-936d-1e372741ff6b,be11053d35d79d89f27e20f60038e2ce,data_processing,2026-06-23T09:09:09,whatsapp
b44120be-4212-465c-9884-b2e946fa66c9,483622ee6f819e8c7763628a6904eab4,data_processing,2026-07-07T09:29:10,web
6fe6340b-21ac-4d62-b190-50e6069d6fb9,51721e459aab42c5bc04ec246a629477,data_processing,2026-06-15T13:50:03,whatsapp
08a99ebf-767d-4acb-8b0e-2a204cba438a,b59bbbe4e6324b25a27e10611d8ebb58,data_processing,2026-08-22T05:40:32,web
8233fd59-4487-4a82-9ee1-0b2445bd498c,31fe0718d1646fb67f55b139b2a432e0,data_processing,2026-09-13T13:44:57,whatsapp
6339a3ac-ecbb-4830-b8f5-12215f27e2bc,519831ebe9dfacee8cdd86715bc3afec,data_processing,2026-06-09T09:26:25,web
69b2d611-3f78-4dc4-a79d-bff6e70b60f0,f31533119fbf9546f75ed5550b200354,data_processing,2026-08-12T08:06:44,web
3a1ceca6-42bc-4b93-993d-b391920c41b4,de5f09630eb515f770299735fe905dbe,data_processing,2026-08-25T14:42:35,whatsapp
aeb87834-166b-4937-b54d-e98c0a306acc,86c19afb07d5e2d589d69adaf31a6685,data_processing,2026-03-29T03:01:33,whatsapp
f1ba9ed3-8f8d-48d6-93a6-2b9f666ec2b5,013b9b9234cdbaf7dde20c9dd2027d76,data_processing,2026-03-28T11:20:17,whatsapp
abef60ef-4475-490b-acec-4b01d9e8b78d,1518dd0185fd23eab5ebad287bab11db,data_processing,2026-08-13T08:52:02,whatsapp
7bfbcc99-ff4f-4e7e-b49f-19554dc50b30,75cf82e9f347f1d8284e9b585e5bc4a3,data_processing,2026-06-02T21:59:01,whatsapp
96c0b7c4-9ddd-4d13-b9ef-4cab8d4d86a2,dcffd514466e616b7352fdc0ff921b3b,data_processing,2026-03-28T15:02:05,web
9a4994c5-cdf1-43ea-b142-555d3627f6a3,a3bb17bbcb3c0ddf37ddebd7cb7e18ff,data_processing,2026-07-03T19:01:31,web
b4159253-45ec-406f-bfb9-bae01a42d95c,5645c4a1642f913112058696e3ffdfbf,data_processing,2026-06-13T07:54:13,whatsapp
8f0936ba-fdf6-4067-a9aa-8c00a6951283,c898496a9f9e07581414ec1ed327c68c,data_processing,2026-09-12T10:20:52,whatsapp
e30c9158-1a31-4436-be1c-dec2eca1237e,d855bde052a679ab81ccfe81bb67663a,data_processing,2026-06-07T12:30:53,whatsapp
16569654-e60f-4838-8557-b89753668b87,ecb5e37a2caa5d6ab7da092bed0dc1eb,data_processing,2026-05-20T16:09:38,whatsapp
b1241314-84e4-4ac2-92af-b3a121752aac,d3909eb779349b6eb0e398c0493a65be,data_processing,2026-07-22T06:51:20,web
f0513c61-ef88-4526-9805-6be01bdcde76,ca185a87e588e0d5dfa6ae211186be55,data_processing,2026-06-12T09:06:53,whatsapp
8a496486-bc37-40fc-a344-e480adba1102,b69db4f5b68d4f8680367df005f3a7bd,data_processing,2026-05-20T15:00:03,web
40c3684d-ef92-4d50-9eb1-edded8d60a2c,257fa0173ab809d5dd880b4df3a07b8f,data_processing,2026-05-16T12:47:32,web
ef0b7f7b-2863-4050-9f5f-89f9e138e2cf,6cc25e8bcfa99e7bbec7d6c3f2ba66a1,data_processing,2026-06-14T18:57:08,web
2508ba16-637b-4f87-8e07-994362923e1b,754627854eb7f67d7f1e5c56216145f7,data_processing,2026-08-12T11:12:26,web
c1ea5aa8-9f0d-4564-8c1b-dc2d7b40e0ff,2631a124ceeb2d80fdb0ea4fc0d2f559,data_processing,2026-03-26T06:12:34,whatsapp
77c56e67-bf77-4e6f-bd47-fd887a6c740b,2d88946f13cd0a5304260da9dec66668,data_processing,2026-06-29T19:49:51,web
8142f173-3a60-48a0-985c-9d9ea3f60432,6286dab37aa71014c896fe0445c82cef,data_processing,2026-07-06T05:59:24,whatsapp
11aef173-9e78-4f4d-8797-cd0a5484dbaa,d9ea1fd25de0391fda4470535637a278,data_processing,2026-04-23T06:03:53,web
24ed4499-388e-4152-8d68-eca2f845e528,e429f42bdf2b2d302a17b5fc6f37f91b,data_processing,2026-04-22T07:58:20,whatsapp
95ea5b14-9e3e-4bad-94ec-484c8dae14ef,d5818430f9d93466c58dfd5bcaad59e6,data_processing,2026-04-30T14:56:36,whatsapp
14381f2f-e987-4a92-8142-2f8b1da95e8f,ace2e7bba87ec61a5d6b5ae8a0dbdb78,data_processing,2026-09-04T19:28:16,web
805bd38b-b979-4197-b99d-e430775bb541,d73a0f9c342884b29a04e8bbe6855a78,data_processing,2026-05-16T16:16:14,web
80e04dab-9e20-4599-8630-6c95d792c48b,ce002e5954d222000d0cf34ebff67914,data_processing,2026-07-19T08:27:55,web
3166c7f5-e28c-47cf-a3c6-e03f558f329d,a3be7ef215376c7003db9840f63b1f17,data_processing,2026-04-11T09:29:05,web
6d1d8144-e4e8-4635-9554-bd289e197aea,cec2dd20b11c392086f2ac61aee2f416,data_processing,2026-05-25T16:28:11,whatsapp
68d55b44-dcd8-4a5f-b0c1-ae93baf54e62,e37f4ae6a39bea046baa6ff71f5ef6b8,data_processing,2026-06-19T15:05:59,whatsapp
e83f31dc-9fd7-4448-b3a1-5e89163ef6d1,6e50ec4efb429b03dc2cd746040e64d1,data_processing,2026-06-21T22:12:42,web
c89c2cb0-0da0-45de-9b55-54aa32d7cf7d,16252ad45c48a523ff128a110a503175,data_processing,2026-07-04T08:47:35,whatsapp
8b9b0635-d430-4348-8ed9-0915810cb982,fbb6f2f37a6b0b85821184d1938a7ba4,data_processing,2026-09-13T17:09:17,web
f317a962-93c1-4b47-811d-91a415853d06,b40569190241ffba2fbf398d133cbab1,data_processing,2026-03-28T18:58:27,whatsapp
e8704bec-61f3-498d-878b-73a4e3f30960,487d77b6c07229746228557b3fd0f7f9,data_processing,2026-04-11T17:38:58,whatsapp
f375f089-429f-4098-b0ae-b7c029583068,c287a01f3b06258d223f468e7b4fc0ad,data_processing,2026-04-23T19:20:58,web
1df0c2a3-d35e-4602-b3ce-5b8ebd7f9da8,21400c94041eaeca40b8d08a931f90a4,data_processing,2026-08-09T15:39:57,whatsapp
ad142b7f-5818-4aed-af28-129b94c91fcf,206861cdf3ae25e185b461c62bd23fe7,data_processing,2026-08-02T14:48:46,whatsapp
e3b23653-7210-4032-a21f-79020a4d3953,0b61e6423f3a57b118384049db6510bb,data_processing,2026-05-20T11:28:53,web
943b0b26-73a7-4810-948d-e1a4b2b2cf45,a933f487def564eea698d7e824b4619f,data_processing,2026-07-10T09:26:09,whatsapp
ab548968-cd64-49d9-abbf-c548d7cb919c,eaa945df44a493904b2b4622a692898d,data_processing,2026-09-15T09:23:34,whatsapp
84c09692-60a6-4032-ba73-ab12d3970d2f,5c24153ea806c29a99970f4a4792f6cf,data_processing,2026-03-23T16:47:29,whatsapp
e63edafd-57df-42df-8caf-9edbc7698cf6,a6da8d95b2b933b20b709856cdb61a8d,data_processing,2026-04-15T12:23:58,whatsapp
14d843b4-14c4-4764-8c2b-31c450dda471,77ea324466466e71d277cee13c22bad4,data_processing,2026-04-13T11:31:36,web
64a9ac64-ab42-4ff9-876a-e733890e26bf,b8ba11d6f93ae71e1a75c851cc399b1e,data_processing,2026-09-14T07:24:55,whatsapp
47dce22a-4c49-41fe-bce8-1fcb375c16d9,abbbcda4b6970c318e381edbce989f34,data_processing,2026-09-17T13:29:19,whatsapp
bc6c4e95-ae0f-47b0-8efc-6778e1e3095d,148d936259bdea3b7a903649f0c74980,data_processing,2026-09-04T18:02:04,whatsapp
580c272c-57c3-4bfa-82eb-92200681b95a,ac6b774b39df0d8e8b9787f62d815c44,data_processing,2026-09-01T05:32:14,web
0aab0d08-9599-4085-8e8c-2766719d18f3,72be582a09e99939e787ee85a16dda97,data_processing,2026-04-24T17:23:56,web
11f40394-71e5-4065-a755-ddaff289d293,cca4b1a3e30b002d6017e5db46ca7fd5,data_processing,2026-07-15T08:42:33,web
4b822837-94b9-457a-8e24-29a68558f8b6,f0649fda5f3a47ac9ab8c461a5c10ddd,data_processing,2026-06-03T11:53:14,whatsapp
0401616f-5635-4103-8880-0666ae8862e1,351604fbc7e37d60b84e36d39755a303,data_processing,2026-09-17T18:05:50,whatsapp
7a1e3484-acf3-4fd5-a9d9-b250b98a55f4,78307b704e8c90724f3cd53379a86b97,data_processing,2026-07-28T18:50:41,web
4d0f39d2-8c38-4f4d-a5a7-91ca0796f1d9,40c72c0f821052688e83fe6f9361a5af,data_processing,2026-06-20T05:05:30,web
d1e63996-eeba-48c1-ba15-e0ae47e34046,76d12b2f0ec231e9f1cd63ce3982d7f9,data_processing,2026-03-25T15:34:21,web
e3d6262e-b3bf-41ad-94ce-8ff8a6a773e5,da0d88489c0de54d205e104d261d2d52,data_processing,2026-07-18T12:45:32,web
e260d7d0-e51d-4401-b6ec-542e7bc314d3,d8ed069e00a95e4e8d2a9fcdcdbb6986,data_processing,2026-08-23T14:54:38,whatsapp
aac4c0bd-6604-4da4-bd31-491b7735c2e9,45b559c4d0029104ec5ff91524b6cae8,data_processing,2026-06-21T08:55:32,whatsapp
7ac17355-4179-4c2d-b3ac-106a96b32070,827586eebe85c468e193954f7488f582,data_processing,2026-09-11T07:41:06,web
0e810755-5c5a-470d-a078-ba46d4dea748,ec9f348f723ac9ad724ec5692b739c44,data_processing,2026-07-08T15:23:21,web
67dd3b5a-ad2f-425b-9473-ecae268e650d,71ed900060f929fa055ce9eb81ef6d2b,data_processing,2026-03-27T09:26:42,web
4c67ea95-cbf1-4d8b-b66a-5ad9815f1ed3,1da0dbc0c2e1a2c05a9e016b52098c39,data_processing,2026-09-05T08:34:47,whatsapp
b333432d-aaa2-46e7-a6ae-8f3a5f05d5fd,b13246cf991a27dc5e89f6489722c39f,data_processing,2026-08-21T15:52:47,web
66fa376f-804e-4a24-bc1c-94bbb6db9e56,1c6bd8689f024cccd50ab8cafbbac05f,data_processing,2026-06-18T18:20:48,web
08d8abf3-a421-4dd7-bd8f-90dfad9b5ea8,9f60129044196f59959e89d33c6e02b6,data_processing,2026-04-15T10:41:20,web
b9f23036-1cda-4474-bb3c-453078125d5d,3e658f547fb4fe1abd816137f635cc7b,data_processing,2026-03-30T20:18:09,whatsapp
873c9ce4-f646-447f-8e92-3510d9013fb0,80a4cd650844ddf5a6298a9268155b4e,data_processing,2026-07-18T10:08:00,web
8ad972d8-5afd-4ec4-bc5d-8325e7ee2bfd,d690e85368443a3fe37a59c5957b0589,data_processing,2026-06-23T00:37:40,whatsapp
96172278-d8cd-45a5-bd11-d6776f1d18aa,1d1fcba3144952841831562f9aaf477c,data_processing,2026-06-06T11:12:23,whatsapp
858d39cc-c570-4c0d-9066-1f0b1b1dac49,942fe5a5be154b65febd8b844e0f6546,data_processing,2026-08-24T13:57:29,whatsapp
e17b0847-395b-4abe-943b-59a81b7ee320,a0d02c5a13c8bc8444bbef9d5c3109d4,data_processing,2026-09-12T16:03:34,whatsapp
8612071a-54bf-4cca-9106-8b0512c50976,4adef2be503fed2aa72cf375eaedfa4f,data_processing,2026-07-22T18:33:45,web
203a0d92-d43e-4324-ac93-f1c131a5454f,603d977f3e03121edf60f2d7dc4f0e9f,data_processing,2026-04-04T14:59:36,whatsapp
63756b28-8bef-4315-8f21-d12e9a741bfa,4575aa6a7f7fc061ba96b3b2926084f1,data_processing,2026-09-18T17:31:55,whatsapp
324c23f5-5010-436e-ae11-eab9f39feb7d,0f4bdd8ff16afb53c79fe94ebe777553,data_processing,2026-09-01T12:23:49,web
706fc1a7-171f-4f3b-9b4c-58c0655541c4,a5d593c6c79a7d193c6c6dde21215f7e,data_processing,2026-08-11T10:08:35,whatsapp
852e9606-427e-4403-a69c-1cfd4735f214,21f11f9da5a7e09f27e114c24b1e4be1,data_processing,2026-07-10T17:31:13,whatsapp
c81591d5-d9b3-417e-9acd-fdab936e3fab,30b8c11e9e927fdb3bea4da05f18f795,data_processing,2026-08-01T17:20:43,whatsapp
013e2720-d03b-4a8a-8b03-fd8b02eeea26,177af4a2086b001800bbc91f8784be25,data_processing,2026-04-27T18:48:46,whatsapp
8f5967f0-f5a7-4003-adcc-238fb879eec9,54ee0c36d16cfa2dd228197e5e4cd9ee,data_processing,2026-04-17T12:32:26,whatsapp
516550db-d8bb-411a-b07d-b8658da1bee8,bd913c8ba9e896e67d4a03cffd43ccf6,data_processing,2026-04-22T11:34:00,whatsapp
317e4792-6694-4a87-98b9-ccf2d5b3d042,b4409b2c0edef083b569cd4c853712fe,data_processing,2026-05-10T16:09:10,web
5006418d-7492-4964-90d2-bd2246651775,0fa9d5e11b4aed3f7da6c2b084bbb16f,data_processing,2026-04-12T15:56:45,web
b154916f-3ef6-492d-be72-dd132d5bb79b,97dec6ec46c39afd035ccf45421613a4,data_processing,2026-04-24T08:04:46,web
930bb8c8-da90-45f5-adfc-23bd82d6e95d,3fbee9e76a079e483979fae2d3e868b5,data_processing,2026-06-18T16:28:01,whatsapp
bcf9b79a-6011-49a8-81e9-1c385f23e6c3,785f02db16ca5543e83c6779c02fb4d5,data_processing,2026-07-19T17:40:20,web
6ab70c00-d2cb-4e37-b2de-fab5f3fc4827,4e9e494150cfa8b0edc7af8d2fe39d58,data_processing,2026-09-04T08:34:56,web
6b13a398-f5d2-4efa-a9f6-910686cfa2e5,3d0a19c80ba54bd51d7a4d57fb12679d,data_processing,2026-04-07T17:52:12,whatsapp
10543eda-a043-49f4-aefe-73fe790f4dd1,f0a8f3e7c1d033e9e4f9097194356997,data_processing,2026-04-04T16:51:23,web
e1861a27-10e2-4211-b580-a969b226c1ee,070dd1fe01612c3c695ed84255fd24f4,data_processing,2026-05-30T09:53:33,web
78c2917a-4b92-4b39-a5d0-79a77312ab45,0b26b0d053f3c707a190972288b2d3ad,data_processing,2026-07-17T17:38:06,whatsapp
15b609ee-7d62-4f63-bef8-a35c1a1d031f,9ab4a5d6c78e59c485d67be1bb97c7ba,data_processing,2026-08-30T08:26:50,web
a0c546f3-cb89-49e4-b9de-06fdfca4a264,238e2290480e0fb4f11cdbe9daec0475,data_processing,2026-09-13T14:25:09,web
ab668a7e-bfa3-460a-8ae5-9969fa6df5ae,22d16a351be7380e8e4abcd713b23101,data_processing,2026-06-10T13:37:41,whatsapp
bd3a3a76-da95-4da6-aa1f-bef259b64775,91dd68490b675992937c3ea5b9f0df17,data_processing,2026-06-19T18:31:55,whatsapp
074a3737-4402-4856-bef5-a67568933dde,6f48cc24eed20766455e06a81c456af9,data_processing,2026-06-20T21:27:28,whatsapp
3022b43e-4b4a-4295-8356-068fb758522a,fb7b612f7333daa22bf31514981122c8,data_processing,2026-07-26T08:22:15,web
e17596b0-4c0a-4335-87c3-c5749460c657,1fe058ebfa67b9cc61c1039c05adafd8,data_processing,2026-08-12T07:19:50,whatsapp
ddd39666-f1ba-4eb0-a95e-b59616ba8504,0ffbedd9c947d4247ab823ddc37170e9,data_processing,2026-09-14T14:15:00,web
a9ac8a71-7419-47dd-8251-e584ae9214c6,b3482de29effe7664b54d269bbf5bce5,data_processing,2026-06-02T18:08:01,whatsapp
551898c1-65f6-4fba-a11e-c0c5ec7f632e,7157c3136bf8cd539c8ab989b768e929,data_processing,2026-07-04T11:53:17,whatsapp
fded18ee-e3fa-432f-858e-7242c8fb2653,9ec6c1bc3309161922ac6d288b633447,data_processing,2026-06-22T16:30:49,web
fcde701f-b12c-4417-ab0b-5531d9247bd7,03ed16cadb812eba29e825c976eeb935,data_processing,2026-05-06T08:22:55,whatsapp
1227b00d-a8c8-4484-b7fb-408a7addd317,b799dbdb73106f8607a8894981477a50,data_processing,2026-08-29T10:36:20,whatsapp
a79b96f3-5ae8-4006-bc3b-52cbeef4f518,e5f7d1de66d16d1d2516e8ab6a0e5ad5,data_processing,2026-07-18T11:29:08,web
c8d18418-4ffa-4ebe-b230-287ea4b287d0,009e0d8c16b16ecfb868d3fcda8015c5,data_processing,2026-05-05T12:42:13,whatsapp
f227c8d5-c2f5-4e85-917f-ab1b27e6e273,f82ccdd7497125ab9f948bf781996d92,data_processing,2026-06-29T14:37:33,whatsapp
d69b803f-9646-415a-9023-c2d56474c71f,8e651039f1b190da201c3fbb71118bcc,data_processing,2026-08-25T17:31:50,whatsapp
ef72c6ff-3f43-4756-928b-d564e76b6a3a,83c5d7aa3cd33ed31263020ff0ece70d,data_processing,2026-08-18T10:32:29,whatsapp
a8d6a60a-1326-42a9-9b86-449585596423,a4f5b211a1ee3a53b4b234d48b6737ec,data_processing,2026-09-11T17:21:37,whatsapp
c2c022c6-b4d2-4136-a87a-803035a07027,20be66af13bb787c012596f29ee004ea,data_processing,2026-04-01T13:40:48,whatsapp
73412439-51ed-4e91-aabf-b6fc995600dc,165bf461aa263eca0a47ca9d924cfe5d,data_processing,2026-03-23T17:16:41,whatsapp
ced4e646-3b15-41f9-a4ef-e7a3a5f8b08a,2eac282f32cb21e953af9e6c1b26f023,data_processing,2026-07-07T17:53:40,web
de6893ae-a73b-4f23-b33a-16b2b5be3fa3,5c61626bc4c72395edcf571473ff83b1,data_processing,2026-06-22T21:58:21,whatsapp
2a993e34-b46d-4cc3-8e4b-464c8e75cb29,6a9fbab990e74e24e7b1fb05453651eb,data_processing,2026-06-30T19:50:25,whatsapp
661f6e90-2d6f-45e1-ac2e-293ad3ebf464,93b9f0ece666a98e6e191a99f428d60b,data_processing,2026-04-30T07:38:57,web
c813bec9-1ea5-4687-948f-74cb52b4d066,0605ecccb8a73be452740e6acaccea1e,data_processing,2026-07-08T15:44:48,whatsapp
b0634007-84a3-4be5-933b-1f57b4840c81,2b591f95b1eb59a8a51fd2b361767e8f,data_processing,2026-08-01T14:16:13,web
6fbb9425-aa02-44f3-a95b-01360043453b,e06cedf6bee57050591b5e0b532cb90f,data_processing,2026-06-12T08:28:47,web
511db7ad-3ac2-43d2-9ddc-0728b85e1781,c202f2687146c606baed4f97a8732e40,data_processing,2026-09-03T15:08:06,whatsapp
16eada0d-02a2-411f-aea8-daa2de70ae05,10314881e318cd1901d3807608ca7d36,data_processing,2026-06-11T16:54:57,web
f848dc15-a40c-43ed-a517-e66cd7096d38,b2f902054f60bbdbb8ce54f125fb706e,data_processing,2026-04-19T12:21:29,whatsapp
b425047e-7e99-4676-b1fd-4afdddbafde9,c2d926c13a62fa5cbf88ec769490fd98,data_processing,2026-04-25T14:04:07,web
625940ee-b0e3-4070-a0be-a2a572166162,5961db5f11fe59f23b20c2eb6d70e4bc,data_processing,2026-08-01T14:38:09,web
b652a21e-76c7-4cee-b439-e34f97d6399d,e37f789e33806d8e6e5a20e9cbce0be9,data_processing,2026-08-20T08:23:16,whatsapp
75e0a222-8e39-40f5-9778-c5e9cf0cb400,73d32fe5ca735b34102fb542dfb97e77,data_processing,2026-05-18T17:40:06,whatsapp
b431092a-39c4-4469-bd12-7f22d4b8f882,9e8ff80accd78950b1f48c30b97c6a1d,data_processing,2026-04-21T09:40:19,web
c69a3aa9-669b-491f-aa38-6be7d917316f,53018967f0f6478ecb5b56e800b741f1,data_processing,2026-07-11T16:37:27,whatsapp
bc3764f0-802f-40dd-841e-bf927affbb91,1ad2a83434def6667db4496db7a38261,data_processing,2026-08-14T12:56:48,whatsapp
a9ab3665-30c4-4caa-99d8-3f9e9a00c43b,b68b8874eea272c50b557c1669373263,data_processing,2026-08-22T11:30:10,web
6d9ead52-8270-4925-a209-b4ecb41964e7,e3d009035f2dcdcefb8dc75d8a535db7,data_processing,2026-08-10T14:33:24,web
7a1b1cd4-96af-4db0-8029-234d1c7cdf9a,0a80233f5cf1395a5588be4a78f59d39,data_processing,2026-07-27T14:02:35,web
1f727e49-97f8-448a-abf8-454204d780a6,c6136a70d91e7de46b190e694eabc2c3,data_processing,2026-05-03T08:59:40,whatsapp
b9634821-896b-450c-9887-9b08fe028b0b,7c56d689003062290a6071f9935c3773,data_processing,2026-07-17T08:58:22,web
4f4b9074-93aa-4508-a192-91916b99e6b4,ab8e8edf480166e9452ecf722ee0e1af,data_processing,2026-08-21T20:49:29,whatsapp
f0ebecfc-b442-4804-84e1-19018d932718,8f999590f57f8ca023a8945c82b38384,data_processing,2026-07-01T16:14:10,whatsapp
1a9bbffa-93c6-4ba2-be70-718f98539976,cfe8f2ca79946ab12586b2290609d7b8,data_processing,2026-03-27T16:41:11,whatsapp
6f17ad4a-a433-4263-8fab-c6ec7f306afc,7fa8e04dba6d0d116c61a8019ef91883,data_processing,2026-04-09T09:55:31,web
b0c2e90d-32ac-41fd-b37b-0d8d77dd2c60,29337a37f0754f67004212b2c2a3fcf9,data_processing,2026-04-23T02:14:07,whatsapp
44338508-b121-48bf-8e0c-4c19636466f0,b1649cceb5037a87db523781575e82d0,data_processing,2026-05-22T09:46:52,whatsapp
1930c6b7-03ec-4d48-8e6c-540ba09f27f4,ddefe7da7b4d9954f6966d165a4badab,data_processing,2026-09-18T10:01:12,whatsapp
59d7294d-932b-451a-88fc-1f7eec43030c,32496cf30db2ca423a7f954d40fb4b50,data_processing,2026-08-27T07:50:31,web
b735cdf4-704b-4388-8b48-89cf4d204618,b761718c3d661fc41490a9fa9e616fb5,data_processing,2026-09-14T15:22:15,whatsapp
f3c5c590-d3a8-4e3b-9f34-3acaa1d7ceb9,17f77bfdc49fd6ec0031c02262e88a0f,data_processing,2026-04-12T07:13:19,whatsapp
8e17cce7-0be7-4e9c-a727-4c00e48cd62e,c76fa81cfc0de74ae98563b999cf10d6,data_processing,2026-04-15T18:42:54,whatsapp
06a72dff-0d6b-4f5a-9908-62fc1961e052,5e61ae1be8fc729c11dbe83cfecd7083,data_processing,2026-07-25T08:07:26,whatsapp
5c7cd485-201b-455a-a2ea-8fdcc5dc0bd3,fc6e0cc6d0f9d46f631c34f702a81501,data_processing,2026-09-05T18:50:27,web
cb413610-43cc-495c-b458-c84dc33ed210,8f0f37bbb38a33810ecb9a9eef61ef80,data_processing,2026-06-05T10:01:00,web
23912933-3d02-4a19-b752-3bb253c13c40,41934e1694d3faba55248b521aa0620c,data_processing,2026-07-27T03:41:46,web
6e65bf25-080c-4b19-baa9-ce540471071b,62bab6f4a749fb551d5d071a9221df30,data_processing,2026-09-09T12:33:14,web
1a8158f4-a08c-4d2d-b5fd-adc8f8797e01,8cba5798cb0eccde953c78c7273c8902,data_processing,2026-09-14T11:29:08,whatsapp
0d458963-80eb-4b80-bb71-4de61be9e9c0,91f0096b764e346f3a47ce71d568c771,data_processing,2026-04-29T11:40:16,whatsapp
61f062d7-ebc7-4b20-bfa9-b20648caaaf9,bf705cb899c0e527888d2c78c6e5f5f2,data_processing,2026-04-29T01:00:31,web
05428c16-0c11-42f1-8ccf-bc35026c533b,e85ea54bc223c5203d363c60cae64b7e,data_processing,2026-06-13T18:53:20,whatsapp
d039a850-e4bf-4dd9-9e63-d5975669b37c,88a7792aa2e93c43629cbf14b68d07bb,data_processing,2026-06-08T17:36:05,whatsapp
7ab948d3-cc21-4b0f-9880-18d50244d418,b8da56cdc92690a7aeccba63bf1c6f73,data_processing,2026-05-17T13:00:22,web
2f81fa31-83ef-4c1b-a07f-224f4fbb05a0,d541b6efac6d28291a8e4b03273f3833,data_processing,2026-05-15T07:19:12,whatsapp
e82dc263-11de-4cbd-8359-95d76627aab6,c1d97c433ff720370bbdee9e43861bed,data_processing,2026-06-18T07:50:22,whatsapp
2a1bdad3-f42d-4cce-8c12-b907e48548f5,e760e371bf857350b572e58a3c136e2c,data_processing,2026-05-30T11:02:37,whatsapp
94546d98-8222-4526-b9ec-53605ab72e9c,541c7489689752b46a2a2ecc2630a014,data_processing,2026-04-18T19:14:04,web
0fba19e8-581a-42ce-baba-85b59961f494,1ce4b552af156bc4e04cafa5d4276975,data_processing,2026-05-12T10:49:47,whatsapp
44eb8bd8-2181-4ebc-8b72-a9ed1c605ca2,7d1a91d1d066db0871b4a312404c331a,data_processing,2026-04-13T07:07:25,whatsapp
8db1fb8e-cac2-445e-b760-66b13a63ae61,f8867e58281fad71f7cbb2f17691e67f,data_processing,2026-07-03T15:15:23,whatsapp
f90e41f2-fbf2-4cbf-a4b8-e5060c71f200,ca4c64995d931cee7cbe45ebef5a706a,data_processing,2026-04-25T10:51:56,whatsapp
81a9fba3-cfe7-4721-9954-288919528d1a,bbfaba6477fb7147c7aa134123f1e87c,data_processing,2026-08-21T21:15:06,web
429b3db1-84a3-4e6a-9796-82ac60730e72,f1ed99ee41be35838f618fb31fe3aca8,data_processing,2026-06-14T08:37:51,web
612eef96-6a82-4437-8f42-b93b5f677352,b7c1f17ea3e9f7a75f21dae9577144af,data_processing,2026-05-21T14:43:20,whatsapp
cee75c02-79e1-4f93-a583-fcdd97c9f89d,2c777ee61d47814a85b5b5177e597be5,data_processing,2026-03-30T17:49:11,whatsapp
6d1f38f1-7c71-4c1f-8a7a-ba6aa2e7e08f,1b0d52e5694bdef72c362b939ccb065d,data_processing,2026-06-14T12:57:08,whatsapp
d7c6f7cd-f92c-443d-a2da-9300c731e1b2,2200ca89c2523342f30cf4a296a51513,data_processing,2026-08-05T11:53:43,whatsapp
0ee20292-c107-4828-b665-f96a4bfbf553,283d586321eb3dd25a5ff9b6cf7c7565,data_processing,2026-09-12T15:12:49,web
0e36a5a1-0e26-4e7a-b755-33d9919d7833,305ee2c0e99676932f1969cb69567cae,data_processing,2026-09-08T12:43:42,web
3e2ac748-719f-43ac-b556-64e62d331304,dcedae9a94206fd38ec1dc13a746e159,data_processing,2026-03-22T12:51:28,whatsapp
790e7a1a-4938-4b36-ae14-37d0b15a778c,ca448464eb42d3c98c4b8fca91d80ef7,data_processing,2026-07-04T22:56:29,web
e545b3fb-9404-403c-ba43-cc09d7ea6056,5cf4cf0bd70a2ea4645c75c8a4fcbbc8,data_processing,2026-04-20T19:18:44,whatsapp
d1b452b3-dee8-4e6d-9747-b884706c1b0a,dbf313a4f0c1ba7e5b575a5ad83a15bf,data_processing,2026-08-15T12:18:27,web
db1e2a1f-dfbb-4f7e-afcc-fc242fe84c4c,5a183b79f44f362074c319ccc3da5632,data_processing,2026-07-12T11:08:55,whatsapp
26369b6e-d164-4296-9ed1-7b3fca1f66e4,4f89b489362ed11aa99fce92dc9001be,data_processing,2026-03-24T14:23:16,web
3866b2b8-4204-4941-8c7b-84490202272f,471245d644f50f754fabc6a032b52eca,data_processing,2026-09-08T15:12:47,web
123e870e-08b0-40d8-832f-96e9763f8a53,ce6f6dde7ea16a4b1f522b6e9ea6ff23,data_processing,2026-06-01T12:56:38,whatsapp
91fe394e-bf59-4625-a9bf-987e90664899,04d70ddc13e67546a033ecc36396c80d,data_processing,2026-04-27T15:13:39,whatsapp
3233dead-b436-469b-9112-89e6ecdf636f,1d46502aa280f6e8be5d8b4e5932f56b,data_processing,2026-08-10T08:34:45,web
45194320-0b19-4802-9963-88513310dc5f,8fe5606a5b7af898ed61dfb3b0964821,data_processing,2026-06-24T07:32:08,whatsapp
a16d66d9-481f-4f41-8599-ffa423e3cd99,5ee9b480870e965a51188c4dd1e641ca,data_processing,2026-06-07T05:31:25,web
e2094f35-bcb2-4319-877e-d77f7b9b721c,d08c7b2725e3d6b0cc6cab45fa61cee3,data_processing,2026-08-21T03:35:59,whatsapp
513e89b6-4bc7-406c-9169-2bccc8f1e192,927ae45e13d803db4759caa59c5c81d9,data_processing,2026-07-04T10:10:31,whatsapp
11eca5ea-67bc-4808-8954-485dc962b04a,645bc69f7f2bdfeb2d419b3ebe82fc15,data_processing,2026-03-30T07:55:22,whatsapp
e7a209f2-51b5-447a-9095-ae42ddcf1e6a,d266adc6639046a1c24f41b887065721,data_processing,2026-05-06T18:30:23,web
d1658d44-a387-4080-99e2-5301b7321ca3,c438829a33062e665f7d6fdb50cc3d7e,data_processing,2026-03-26T18:28:59,whatsapp
483387eb-e4e1-4343-9b20-dc4af117f677,110ad47105cf0c74e97218bef8337b89,data_processing,2026-03-24T12:34:53,whatsapp
2c818aea-a8be-4403-a908-8592617f5957,1c246adfc13194352a3bfe016dbfa126,data_processing,2026-08-23T15:48:33,web
3c300d3e-a88a-457e-a6c5-cbc99e2d1a3a,4e74f658293c19bce9dcbd511f76f00a,data_processing,2026-05-20T10:49:15,whatsapp
04e8f3d5-fb2b-42c7-91a8-00e6ca338fc8,50fe09cee145fbe5702601362a8a1d30,data_processing,2026-03-30T08:25:50,whatsapp
4216a354-2847-4a07-8f8f-84a3b277b04b,c819c9ffaf43156c515afa9b69055970,data_processing,2026-08-19T15:19:52,web
6e7cccba-acf8-43a6-bafd-6626f198d353,e0898db25dbdc1ce96632f8562fcdad5,data_processing,2026-08-29T11:19:52,web
9359aa12-c432-4332-83e4-6a0e93089545,e5659a21c033f96b74a1c289581669c0,data_processing,2026-05-21T10:58:17,web
823fded8-f4d0-4baa-9294-d9f6a7ead2af,0b723096201b70637c7444d80daef5b7,data_processing,2026-09-16T10:40:23,web
46122725-a1bc-427d-a727-848692fa34fe,edaf0aa97fecc1e39e3b2b19a878ce1d,data_processing,2026-08-08T17:04:56,web
3a3bf942-5543-463e-9fba-2303d258d1f3,aa0ea4feea00d57259adc0664b5b5488,data_processing,2026-04-13T12:33:54,web
ef7a190d-0630-403d-825e-62897df6b733,fc4b7d78bfaa13e0d53f009be3f868e7,data_processing,2026-06-05T09:14:08,whatsapp
3cebe028-7d21-4a42-8490-715028a9d484,7bd76dde3abb3424c9206db10885a186,data_processing,2026-08-03T06:47:16,whatsapp
4633301e-8bc6-41db-af92-90cef6f4e5e1,2a2026ab2653367a0f568410ca5ad467,data_processing,2026-08-14T10:40:22,whatsapp
6f933212-5758-4950-a628-9cabb62c9199,29dc8b90310fcaac6f9688da1339698e,data_processing,2026-07-22T11:30:31,whatsapp
096b7f95-6f18-4223-90f1-705190bc53dd,0415307c9b472fd75fdc31e1ec5c9aaa,data_processing,2026-04-19T18:30:52,web
1cf700bb-dc35-4548-ba17-f777bdf289b9,22fdc53b3718f6805fd12ef937f4937b,data_processing,2026-08-17T07:27:42,web
20065cb6-89da-42c9-a5a0-9227e317332e,3ea99ba0ef2a73fe51ef8d943d16d546,data_processing,2026-07-12T09:05:10,whatsapp
36426813-e23f-4196-861b-6e4519896d13,c1d162f7c7f3f8e4643ea7fafc548c33,data_processing,2026-05-06T16:46:02,whatsapp
f1844851-7df8-42fe-b43a-0bd485ada8a6,1a6ee14f63911704631e05d7e34002ee,data_processing,2026-05-11T10:54:08,web
91cff45b-6de9-44b3-9b22-61645560198c,908b6da31bddbf99118552fc1eb5ae52,data_processing,2026-04-02T18:37:28,web
398159aa-d0be-43d1-8c62-2003fec24bfb,1845939bc85fa846a5bb52751c749375,data_processing,2026-08-12T20:54:20,web
04b18179-c28d-4bff-b37a-1ec525898735,697981bd89617c8249098fd2d8e0f0b8,data_processing,2026-05-28T19:56:49,whatsapp
9f7cef29-00bf-4935-8797-0c50ee3b4b67,224e97e86efbfd570ce27fff3250c789,data_processing,2026-09-12T10:57:25,web
8a5d205a-76c6-4c8b-ad0c-7fd15f593f46,bc1eb1ea6823f34211bcb5e22560406f,data_processing,2026-06-18T16:31:40,whatsapp
60f785fe-9712-4236-b4ea-eced5feee433,d7c7b39b82e258763087f9b37b7b3ed6,data_processing,2026-04-03T10:15:19,web
084bea60-6b06-40c7-9d96-7bebea86f2dd,d7fa10ce4caf5da0a06b778c32046010,data_processing,2026-03-22T18:23:10,whatsapp
b369c60b-064c-4731-bd81-a0c3b33c166b,32afb8631d47d27da747cafcce08ae02,data_processing,2026-05-31T12:09:13,web
74020a61-fd69-4c43-adad-7ebb1ac45343,6cc0ba3458178b7fe10be906d2a80075,data_processing,2026-04-18T09:40:50,web
07f59bdc-8813-4aa5-9611-f483f5e646a6,3faa32f8f8b87eab2c86e1e4964dc7f8,data_processing,2026-07-25T16:37:10,web
8dcc306f-ae48-4dc6-8bfc-96aa98ff50f2,4aef3960da71b6cd46872f01ed6d638e,data_processing,2026-05-05T10:59:47,web
fc497407-86a6-41be-8941-b6d86453aff9,b0f8830cc1fd7f15d8a4492a02bdb1ea,data_processing,2026-07-11T11:01:55,web
ff9adcfb-503e-4adf-b312-247250d73255,d5d5cbaf153088b09cb89f6c867e9161,data_processing,2026-07-30T11:04:19,whatsapp
4147f77b-843d-4bd1-b7d9-27651c46ec19,167178c3b4452ebfe9a8dd8dd38f38de,data_processing,2026-06-21T18:03:14,whatsapp
090015c7-2e2e-416e-b7c2-663ebdab272e,6e0dfc50dd42ca853f27fd2f521c9c99,data_processing,2026-08-04T10:04:52,whatsapp
70670b19-dfb1-4fd8-b04c-8d06f5fb1ed3,46b6e0126c4932bdaac1e1edaeb9c83a,data_processing,2026-05-11T12:24:15,web
1a01cf41-decd-46d2-8d2c-52491c948ee0,cc7a6f18351501ae5438e48405ec1f6e,data_processing,2026-05-16T11:39:37,web
097938b9-ff01-452d-b4aa-9318132dc70d,9f364a0719f28a13d792a6a8c17ee6ef,data_processing,2026-04-27T06:31:05,web
b560d049-d571-4d79-bc4f-0935bb9eb873,e79c766e084d5fda91ad2f6d8ca88aa4,data_processing,2026-08-09T11:21:58,whatsapp
0b8eab3e-97f0-4d9e-83f8-4ca20200de79,9bafe75220678f061ec493be0c82c8bd,data_processing,2026-07-07T09:41:19,whatsapp
50f7b30a-1ed0-43b2-9839-091b8bdded57,61fb18a7f143aea65c76d71ecd962008,data_processing,2026-05-19T08:45:55,web
ff7f9c0d-509d-43ca-a376-bbebda741a7e,9411c5476bf335e0132a3007288a52c3,data_processing,2026-08-25T11:49:03,web
fc0c5439-a674-4cdb-b8f7-ebf1d6241c68,4545d15e9d4d29d8f33dfb7442f7ef90,data_processing,2026-05-11T18:05:02,whatsapp
02ef38b7-cc22-4a1d-b319-5bb2f5b33ecf,a17d4cc81b0b2b731faa8fe84d2b59c2,data_processing,2026-04-23T09:33:51,whatsapp
da5da5be-2905-4919-9bdd-53c80ccde74d,e2d34e804756a6a9b1cb9c397aacc154,data_processing,2026-05-10T10:39:34,web
fa1af2d4-0f41-4c66-a2b8-857ac6b10cc1,d7ec9683fe8ed8e9ddc69f2974a3ce8e,data_processing,2026-04-29T09:48:12,web
0e431690-1c8f-4098-bfb1-698041d28c03,2cc32f675ac842e3485f23a97489afef,data_processing,2026-03-31T17:32:02,web
1ac1f5c6-781c-452a-9e1d-7f6f31641b80,bf7512876955b4a08ab9a33520d75b5d,data_processing,2026-06-08T19:31:55,web
01b60283-a6cc-4e5e-9f01-5505c48e170f,cb4caf139c2bb59bf38baeeb008a9b82,data_processing,2026-06-17T19:17:23,web
be49f3d0-537b-41a6-b118-f8ff4bb55478,701d6e0bfde3380e190acb903288f2e0,data_processing,2026-04-18T20:11:21,web
ff0c7b51-a0d1-4dc9-b2ac-b187aa8b24d6,48b1d773a27b9c4edb7d9adabe430669,data_processing,2026-09-07T17:08:44,whatsapp
dc4cfc9a-d301-4ed3-9718-8a04e36a1ce4,71e3497b2317aea8c0a7dce9247192f9,data_processing,2026-04-02T17:03:25,whatsapp
d8524e88-3f37-4b5f-bc41-6dd3c3474081,fa899dcf2e436d8cf19752dab2610f8f,data_processing,2026-07-03T10:14:57,web
2b990c00-68a1-47a0-b05c-7c1d0008fe86,961aa5fea5778101cfda73ae89938a38,data_processing,2026-08-10T17:00:31,whatsapp
3ee90ee7-636e-4aef-a5d0-7c67a5ab5e8d,cfb0fafcdbc9766b8b37afd2d04cc631,data_processing,2026-08-22T15:21:46,web
83f5296c-dd72-43a5-8718-7ffaa862d54c,827d5ee1c85d16a41c860b07e0bc7188,data_processing,2026-07-18T16:05:26,whatsapp
c861f6af-200d-4ee9-95db-e438cc23648c,b49e5ecc855dcc64529195cb77bd24fe,data_processing,2026-06-11T17:31:41,whatsapp
ccb57451-dd9a-4e57-a48c-8dbf4392cef0,a65b39f4297ab6b3a69fd94222fc715a,data_processing,2026-09-09T09:59:12,web
23e2a6ec-0882-4aba-b620-fe0e3da09765,300001ddea3e796268741c6f38072d13,data_processing,2026-05-30T17:51:54,web
4fa3f6c0-b4a2-4f30-a1f5-372820ba3817,5e3f82773bd25e4f5f991a4500d7c281,data_processing,2026-06-14T17:48:46,web
fc5df561-ac31-4b9e-abb9-5828c3cea5f5,de66847e5bd4b12d3a9bced8aa2310d7,data_processing,2026-06-24T18:43:48,whatsapp
bcdcd882-616e-45b0-aa1a-87cd8df5d22e,0f386b0fabd61bdff2e04d96f3dd21f7,data_processing,2026-08-01T11:28:28,web
7061401d-ed26-416c-b3fb-722572967bc2,d508869c6ad8d7cf1a5d8524ab0e19d8,data_processing,2026-07-25T10:31:13,web
ab91676a-bcbf-4de6-a8b5-f69d60563f6c,dfb26bc6983d073fe1db4d37b92d5ec2,data_processing,2026-06-28T12:06:07,web
f08b3ae3-9a14-4b92-88b4-213de8225b0e,610bc80aed8e3b45b220d41d4a1f4e24,data_processing,2026-09-04T18:42:27,web
322ae5a0-089e-4b42-8b0c-a69ff3b6c553,0eeb4c796e4208daa42490ee19ce0025,data_processing,2026-07-25T11:44:09,web
25acace1-cfcd-48e3-9be9-bdc8f2350886,fa1a5440daf29ca4a72ec5c8b571b6f8,data_processing,2026-09-10T12:43:56,whatsapp
e425f525-cbe6-4ad1-8dce-7a2d9d0e8b5e,a76ca5a4a77c72a64a2bb8356aa4a2f1,data_processing,2026-07-20T11:04:47,web
d59f8d04-ea90-4bb6-b62d-00901f478d30,4207a0b8e21299ee8d21bffc46d831db,data_processing,2026-05-28T08:25:25,whatsapp
01ef1494-055f-4471-b86c-3c846ca29672,9ebb4cbbfd315ef7ac697b314fe859a2,data_processing,2026-06-02T13:44:47,whatsapp
686bdc43-cf83-4a29-8d22-d9cd6255b38d,d15637c125c3aa9338fcfecb91e252ff,data_processing,2026-04-26T09:04:01,web
04d53967-a806-45a7-91ce-e58e1fc74ee1,ca708a2a35941a1c0b751477fed8f94c,data_processing,2026-09-11T15:11:47,web
8579bfd3-f695-410c-88dc-8b237e5b2f4f,30a14506d08ae8451fb78cfe617a06bc,data_processing,2026-05-03T23:39:25,web
1a7f0453-f306-4382-ae54-a229d9468c6c,a2017a54488203f3d5c5d793a532627b,data_processing,2026-03-28T13:34:43,whatsapp
a03d662a-2bff-44e4-9977-dd8aeed95368,141e948b5de45618de38084caacabe3e,data_processing,2026-04-09T16:56:39,whatsapp
7850f648-d682-4b65-bebc-b7880fd502aa,b3a5cd8e7eeaf5bd8b5d1c6a97417ca9,data_processing,2026-05-24T15:29:52,whatsapp
b836f66b-dc31-4da6-9e1f-7f70b23762db,b53422a91ebc7db89d3ac503236507e6,data_processing,2026-07-22T11:14:13,whatsapp
ecfaa1ff-3bde-45fb-a8f7-8ec1983a852d,86d792857abbf274f7be39dcb847a924,data_processing,2026-09-15T08:53:52,whatsapp
3a2909ea-8067-4e42-bf78-2d4b0e88e286,25a4c79500aa5257f3cbe34c7c4a0d85,data_processing,2026-07-27T09:14:46,web
9c7d0704-46b7-4248-89a0-547cdd5a6409,4485f3dd040f1cc43a491952b4cbb4e1,data_processing,2026-09-17T12:52:15,whatsapp
28577277-58bb-4f93-9530-a099baaf0a7e,ed1d683c7edaf5d3c40c583358bed1a9,data_processing,2026-04-11T07:31:23,web
f531f992-8602-427c-a169-276af54749aa,052d19b05c15bcd2e6186ed6c0cb35bc,data_processing,2026-06-18T02:17:43,web
f1d73ca0-6e15-4fcd-a15c-9fe345c8128c,0ca456b594f9540fe7964f4ab3d8c997,data_processing,2026-06-07T08:48:48,whatsapp
307277c9-f147-48c5-b3e2-561ea589cf93,cec2356eb37a556171e0098eb71404ac,data_processing,2026-04-28T12:37:01,whatsapp
99865c6a-99ac-48d9-a91b-98ac40fa2ddf,cad46622753ec581f926919197f371f7,data_processing,2026-06-30T11:31:55,whatsapp
89497356-1a76-4cd7-bb1f-8f7196480954,7f0350561676d41166a60e25ed7a2f6a,data_processing,2026-06-23T07:57:20,whatsapp
2c573128-ae37-495e-a90f-ef2165ada5bb,b2a624489235d008c5cec2dea41fe75b,data_processing,2026-08-19T09:07:32,web
8f580f8f-8462-4cc4-9896-bb9448937858,4b769e04f857df5b1c2cec89fa29d197,data_processing,2026-04-11T08:08:36,web
dedf04c5-f811-4ed7-932e-98735a35fe38,556789a121bb16e7e109bd2934c574da,data_processing,2026-08-07T18:36:51,web
6f1185cb-ca5a-448c-998a-8f66f794d393,ebcac0cd8c7b43870c4bcefabcb59aea,data_processing,2026-04-12T17:07:22,web
61f9f961-c87c-4650-a63b-64d965d17f8f,03e3e0f8edd763acdfbb8c8b2a121604,data_processing,2026-05-27T13:31:15,whatsapp
a4093688-65f8-4f3a-932b-5932b90463e1,10bf5cde5139d31cbe0e11dd607bed17,data_processing,2026-06-30T21:08:16,web
a97601e4-cf96-4597-9b91-c0b3358957f1,ff5beba4a8a55a8d4267b7b8931fc467,data_processing,2026-08-28T16:32:52,whatsapp
9b4dd024-1b8d-4474-9575-782633799446,d4607e4fb742b22ef464cd56036754e7,data_processing,2026-07-31T15:40:13,whatsapp
7daaaa48-53d3-4c9b-96e7-d062defc18bd,572b5759dbc62aec6df1616d3f7498cd,data_processing,2026-06-14T11:02:12,whatsapp
47ca20dd-c6f9-460c-8738-a8fa9100e6ad,44773db236428a2b73ca4eee39e452d2,data_processing,2026-06-28T10:45:04,whatsapp
2749a68b-0ed6-435e-926a-c90f79d6ef25,37abe99c294f43d483cc61fd0e300dbd,data_processing,2026-09-02T08:37:05,whatsapp
1ee55cdb-19f8-4242-a13d-80c237109bc7,29a6aeceab4f21122ee4b683baa86c00,data_processing,2026-05-06T19:57:55,whatsapp
275e7e34-a83b-4646-a6b1-7c1379a3616e,045e95a04016f41b42ce8081abfa6f94,data_processing,2026-05-16T15:41:42,whatsapp
7a100b07-c816-4c66-8d3e-d4e9234a32e3,ae047edfdcd3dadd2032367890ec2d50,data_processing,2026-04-13T09:53:20,web
b94ad33b-dd78-4fa3-b0a8-cfd9803ff754,f96958d3aaff0b24bc665cc12fd0b3b1,data_processing,2026-06-15T15:50:44,web
b823af34-1321-4895-a971-2a609449db3f,4f1d086c49a2ee966f852f7e576e24bc,data_processing,2026-06-13T15:57:58,whatsapp
d1704397-9dad-4c83-bff8-396fc47399e9,65fd4af0d0321ebc5d1f792d54ae56d1,data_processing,2026-07-27T11:57:58,web
d12ada00-f4f5-4794-806e-fe23bf66d60d,9179cd0a4738334f2ee67d37df174bc5,data_processing,2026-04-18T14:07:09,whatsapp
f8f7bc75-791a-4ba2-a37d-7a2a4685ac96,eab356077e630987b567cc82b1bbcd09,data_processing,2026-07-04T18:56:47,web
70d0fa96-1f07-4317-baf7-12fab9868a5f,c1c071aa88b69056e43980981e6844d4,data_processing,2026-08-21T16:35:22,whatsapp
3aa39c0c-1a69-4031-a92b-08e2fe7af7db,dac0ed575457a96af9e5a533ffa95827,data_processing,2026-07-01T17:25:22,web
3d94ce56-41ee-44cd-a246-4b27e1aca0af,a3735de9c8acd9a77024d34a15165074,data_processing,2026-08-14T17:52:06,whatsapp
c5480e60-3a2e-465a-b4d3-b5c4069a40fa,7ae886e0bb7882593541a5c0818df412,data_processing,2026-06-25T10:07:04,whatsapp
4d8634fb-6df1-40b4-ba6d-3f042cb816ff,884b49b2926976148a8b730d1f03551b,data_processing,2026-09-11T17:41:48,web
05911c6f-640a-4df7-aa18-6ddbe8ac4419,af23b95a90b720dc09930b14530cba88,data_processing,2026-08-09T11:59:34,web
10e3b59a-d0f3-4529-a318-d297b4a55023,e886b63b3b586df6f5d34aa0faad5ff4,data_processing,2026-06-11T12:29:10,web
2af6f8e5-fb40-48d1-94cc-6e2727b91dea,b4549a425f646b7a5a0e0194f590c803,data_processing,2026-07-20T17:39:05,whatsapp
fc80931b-25cb-4933-b504-8305bd9c5c5f,6c12f4f38e4345a672e70b0ad2ff24dd,data_processing,2026-07-30T16:57:16,web
692bc822-63ba-42ef-887d-041842b98a30,880751fa097662d87a8cd49f9af95677,data_processing,2026-07-16T13:22:55,whatsapp
89a34e57-8dab-462b-bdd2-e899eab53ba3,dcc78f8b7048cc2fc33d56b97aeff896,data_processing,2026-09-08T17:03:53,whatsapp
bc09740b-58e7-4b10-a9ae-0a6b27e24362,96d5550651ef9c06d3a848ea35b9749a,data_processing,2026-03-25T21:37:30,whatsapp
d916c046-460f-4ed1-b5c1-6363744b51d9,08a610b649a839d91c04b299565a989f,data_processing,2026-07-22T07:21:50,whatsapp
b182111b-45dc-4777-a177-34dcfe68f007,00539cb39757eec136b9be36a43bf762,data_processing,2026-07-29T14:23:01,whatsapp
b71709da-abef-41cf-8a67-348bd1a3bfad,fb2c28c417fbedfa5b530cf67aac16f6,data_processing,2026-09-12T17:38:25,whatsapp
8b36c1df-6a25-48ea-b2b0-9c997e4abb5d,8ccb622da98a86ace35f9da0ebef130e,data_processing,2026-09-11T15:40:24,whatsapp
076e5c94-8c65-4898-83cc-e33c1ce29d2e,0b9ca6dc7c4cfde8acd19fe4b0578081,data_processing,2026-09-07T17:58:03,whatsapp
a7d5fb3a-a8e6-4309-b278-67af92e89fc3,1d6e27a8c2d1d5274603bc779ea821b3,data_processing,2026-07-05T12:51:43,whatsapp
223e37ae-839d-424d-9046-fa56322325db,1ccd66020e7c48286400fa566110cdb6,data_processing,2026-09-01T12:17:40,web
cbc2bd0e-ce5e-41b7-8b57-2305d09e1b27,faaba95e1c800dcb4472a720ca6e7fd8,data_processing,2026-03-24T09:48:15,web
11cc4268-03fa-4fab-a303-5cf93a008fca,aedbd90839df12ed0ebbe03ffcbb57f9,data_processing,2026-07-24T10:33:52,whatsapp
a7d8043b-3ca1-4249-a87f-470f175cec3f,3612090c5b8592c3843d078de380a36d,data_processing,2026-08-11T19:20:46,web
a96c02e4-9d95-45d9-881d-dfd10c97bc64,c40cdc625a028102336ef0a97e24c66a,data_processing,2026-08-05T14:28:54,web
5f42acdb-fc04-4ad4-84c3-aa9456d0972a,457ee8dd1fdbd85f6274ba80daf69582,data_processing,2026-03-23T14:59:29,whatsapp
562e9eb7-35a8-4de7-bc31-71dd85e0b2c3,a6cd21624f23bda4dba07d1882f532c4,data_processing,2026-03-31T17:34:35,whatsapp
a79d4348-ba91-4c75-8b3f-d0a15baa19b3,c5de758551de5791cc98a8f8b6105ef6,data_processing,2026-05-20T19:03:38,whatsapp
12527ab3-e966-4a08-8416-846788407296,3519166e96866a6be04638d9dd0261ef,data_processing,2026-05-13T00:44:20,whatsapp
1fb10e9b-f609-4d6a-baca-b326abc01108,60dd862872d54bcd9520430af1018249,data_processing,2026-08-14T17:24:59,whatsapp
8f159e46-5d34-4695-8989-a6d649de0f92,72b65f6d79366739c6e4e3b5e299556b,data_processing,2026-06-14T12:19:23,web
b9859180-baa4-4f11-9905-a32350c94d00,2ab97c645380e8280adf0d165709f6ff,data_processing,2026-07-08T19:48:16,whatsapp
da4ecf39-f161-46c5-a64d-633d5a2f4c82,17848b3ecd6eccc647afa3254c29311a,data_processing,2026-07-01T08:59:10,web
dbbd0862-1b06-4802-98aa-be1600c0dd82,25746c552d8072504b891eca8b03fb2e,data_processing,2026-07-03T17:08:09,web
5db5ea6a-18e5-44b8-a3a0-0a2812da6a73,c4448866e1b668f0a3ac6d82a036b63c,data_processing,2026-05-20T13:13:50,whatsapp
27edfafd-ad95-4eae-8e45-2bf68ed0a855,dae599d4d92c75676db30e6137588f8c,data_processing,2026-07-31T17:02:43,whatsapp
1ccd0a7c-f0f4-4e79-b05c-00ec75fbae11,56ba160c4b4bf87af372c69b5ce89ba4,data_processing,2026-04-04T14:09:04,web
9688c553-8ad2-4d7a-b1e8-b28e784dd663,240c9e5009b9e9f64d2f64686513cf18,data_processing,2026-09-14T09:44:35,whatsapp
7a14cde1-186e-478f-bc28-595e4aaeca5f,be091313368c501f1ef92fe716cc787d,data_processing,2026-07-21T15:42:07,whatsapp
71f6d84a-11f5-4be2-90cd-d4300965c131,e87babf87bf863eed2aaf242a9be284c,data_processing,2026-07-01T19:02:39,web
005a0919-ef16-4fce-8b39-306d32781d1a,b898b0220a4ab39ed4b16b0664f0b870,data_processing,2026-06-09T17:34:38,web
a259da0e-3564-48e9-ab30-834b5a7c2bbd,6746230a77744d1f74e0e1722227b7c2,data_processing,2026-09-16T20:04:48,web
80707ae8-4712-4432-9feb-6a7d66ce31a5,808279d0a7f31e8ba9785683e9bf34f3,data_processing,2026-03-29T15:49:42,web
00370de6-cb4d-46dc-963f-9e4c1519e4b8,81bf855ea321255be7b0667c14f9b30d,data_processing,2026-07-04T19:48:06,whatsapp
cd7239be-9461-4a49-bd29-37ed6a174c6f,695b6851f9521df5b19cca67c406356c,data_processing,2026-09-01T17:02:15,whatsapp
6846929e-ea3c-4bfd-808f-93f92a7a9050,e40881e02dbfbd62674b6741d6a710dd,data_processing,2026-04-12T06:02:35,whatsapp
b18603d3-955a-45c7-ad1d-a8df2c84eef5,f42c41f917b9e1984bb297f36489721f,data_processing,2026-07-30T18:44:40,whatsapp
3fb3e8fc-2ede-42a7-9e09-d347d751d832,84292641d064b4b320ad0d4ba2a57dee,data_processing,2026-08-29T09:22:51,whatsapp
dabd5bef-23bf-4ca4-b18e-1ad6ed81b39e,6b0245e671ef884fea3a99ae4720c1c9,data_processing,2026-07-04T12:46:42,whatsapp
765fe239-8fb1-470d-bef8-c2b4f3a9fadd,7f6528e3a66f376a23da8df46464eb03,data_processing,2026-07-23T15:18:29,web
9888502e-6e67-4a9e-8648-b2938e6828b9,5a7e947834ddc649c215ef2d845ba6c0,data_processing,2026-06-08T15:55:39,web
c8df1923-e4d2-49e7-a180-6646fb7c2ce2,f028b109eeb35f1c3eec920d1c815cf6,data_processing,2026-08-27T18:55:51,web
79f5c032-89a9-4fd8-89a0-fb94f1d1df5d,19fd641fc3cc964aab475b1c4fbded11,data_processing,2026-05-26T13:15:55,whatsapp
165b7294-b42a-4d36-b979-9fe4d7d95633,2852da54187413f756b2f65d17b45186,data_processing,2026-05-31T15:45:22,web
40d1096e-e6c1-4d2f-b983-d8ed6c49aac3,2f21940ecdd67ac9f9ec99efddddd479,data_processing,2026-07-10T12:40:05,whatsapp
82abbb7e-e374-4eb6-9db3-00470fdd903f,d818ca542acf9ad60ab778d76c55113f,data_processing,2026-09-07T11:48:48,whatsapp
02e283a5-834a-4dff-8188-9e3d199bb9b7,229c6eb1d54ab594379eb8fa816df5b9,data_processing,2026-08-15T09:34:02,web
6463510c-c639-44bd-8046-a174ff55c74f,79b0a916692da9f34b86895c228612a8,data_processing,2026-05-06T13:34:47,whatsapp
ce6620c2-7d2d-460f-a100-36ff8067988a,d2a347a91e0dd5ff201514ab6bbffc51,data_processing,2026-08-18T08:05:48,whatsapp
8d4dd618-50d7-4b55-9cd9-b33575a6261f,5c404a2281412c3872b62dc8456ea05d,data_processing,2026-08-01T08:00:47,web
73334e13-00cb-4d4d-b247-45929d3038ac,95b953cc47c85c2c37521108dfb19824,data_processing,2026-04-26T10:05:04,whatsapp
3643b712-8d0c-4e94-9261-6b6a7bee8658,5306bb72aa18bd57a26bef0e1824b731,data_processing,2026-04-22T08:51:06,web
73e66ab0-1c15-4f72-8161-756f24cbdf69,26c27438601ed7bb8da461902f3804d1,data_processing,2026-07-13T15:49:54,web
b6dadb67-8757-464f-b287-2fbae962eeb8,1062b355a502cad158a4653e9e2bc4a0,data_processing,2026-03-28T18:59:19,web
f8f39b6c-558c-4934-a689-3ccd65477fb4,2fdb40c4b6a705a5d6c55f5b51269174,data_processing,2026-08-10T01:14:32,whatsapp
0a746c82-1500-41b3-bb7d-6c3f1d98e39c,4826da200680f3e2a923c66136dc7454,data_processing,2026-06-09T12:04:22,web
372c724e-9776-41b3-bcae-2f24a3c6af39,31b01a471cbad16d7bd1e554359616af,data_processing,2026-04-06T15:44:34,web
ab544df6-fe8b-4440-9db0-fffb437ec3dd,e0ddaea6611fe82d305321f7991903ef,data_processing,2026-05-22T13:13:16,web
756cd001-9e68-404d-8508-764b2ce4bba1,3304b1c0a3831b62697cacc6746e4936,data_processing,2026-09-04T15:42:31,whatsapp
0dacf42a-cb35-4841-9bf0-91f3d8b91251,1b3ee6d90e4626b1eb4d893d59d3e570,data_processing,2026-07-03T13:11:12,whatsapp
c272cc78-418c-49e7-a36c-b98d569babfe,77274688867da5db365ce8cd062ed372,data_processing,2026-06-21T09:34:40,web
3c38c938-9669-47a1-8738-ccab0e0219a9,dfc8e073bf32857073ad5db624bf0f2b,data_processing,2026-04-22T15:27:05,web
1ef95a31-b89d-424b-9326-2197736a2319,4768461afd75dafda4136e33d304a871,data_processing,2026-04-29T19:43:28,web
eff39e4c-7480-4217-bda3-608b0a401955,316b27145d756bda26bf5775831de9dd,data_processing,2026-09-03T18:59:21,web
2a7a8f05-c22d-47ba-96e0-895b43ee2d77,9b13207a18f31169e14168d0526ed24d,data_processing,2026-05-10T11:30:31,whatsapp
532829b2-02a8-4ea1-8688-e8e46fd7ff62,6f0580e17228a98b91112e083cf04b95,data_processing,2026-08-07T08:57:59,whatsapp
eb2f4c9c-7a9b-461b-a05e-c31003f8ddca,fac5809079ea95d25817aeaed7c27221,data_processing,2026-04-11T17:48:33,whatsapp
1ef47483-f9f9-49e2-991b-c2cba0994e91,e78477d2f4aa8d52a4a354b9dd0a6bbd,data_processing,2026-07-27T12:14:06,whatsapp
02bd77a3-417d-4f96-b086-8bcc141a83a6,91fff1c58bcfc68c2e62e0fee2d24179,data_processing,2026-08-23T23:29:20,whatsapp
955d68ca-3a10-407e-9337-c3d17048a779,f3e0a38f2b50bbcc5d8eb7f682b51322,data_processing,2026-06-18T00:25:57,web
76ad6e5d-e505-446a-8da7-a767937fa935,bcefa93c271bfe9a935f4ce7bd8ff133,data_processing,2026-08-04T12:47:35,whatsapp
a1e7cb4b-2c0d-4de9-bb44-afc6e9548efe,3eef5766e2502225c007006364369025,data_processing,2026-06-10T12:14:45,web
81ed5a4b-0e0b-40d6-99c7-23d1a2be2312,be19c7843999ae2578d3179b9b92f587,data_processing,2026-04-12T11:21:47,web
8224d123-44c6-43ac-b81b-f8e77406d9ab,31ba820a0af797e12b8669e58177f1e2,data_processing,2026-09-14T09:46:35,whatsapp
8ca03170-a39b-47a0-aa2e-94e165f68e2f,44d7f0b2722693fa44bae6abc952c0ef,data_processing,2026-04-23T01:27:36,whatsapp
1187f383-1fc3-41cb-8b57-4186febcb25b,20b8a83f2f7d35de033202097aeade17,data_processing,2026-04-03T08:44:52,whatsapp
0bd5c5b5-f8cb-4dc4-ad82-bd2c6403715c,69ef196a9bc58cd35cc12e243be6aeb3,data_processing,2026-06-29T17:11:43,web
bd793ba1-e377-41b9-93d4-815a2b86934f,40d2906af0255f83573255d959dfa094,data_processing,2026-06-24T09:38:13,whatsapp
c95de2fc-2ff8-4758-97d9-254468bcf674,2fb38f19faefb0f73f8af4bdda240053,data_processing,2026-05-08T02:15:51,whatsapp
6ff0cfa8-a36a-44a8-9628-287e9b161543,d0c09c200454c7aec609aea76a8b79b2,data_processing,2026-03-27T12:30:05,web
f27b067a-d260-4156-968c-fc839e50f814,7dfad405e8c3606924b21bfa048173fd,data_processing,2026-03-30T15:51:11,web
7671b755-0f09-4a59-a1d6-f865f25470d1,c2845f2be2dacfa2a0bf11e638768760,data_processing,2026-08-01T11:42:30,whatsapp
6e8b5818-faa7-4a4d-999e-fc947fb88633,8cf1d17019942bb3b14b7d19ae231a3e,data_processing,2026-04-04T15:45:54,whatsapp
db1e501f-5527-454b-98ed-d0351791b744,06c848d758e0fe00f82bfc420f46d802,data_processing,2026-05-09T20:20:53,whatsapp
4fdff7d6-1d26-4b96-9313-77563371b5b8,12461d04f3fcd6c210f63dbced49769a,data_processing,2026-08-26T16:03:18,whatsapp
5ba472df-3d54-4615-a757-6a55c1156de3,baf11b951541e66a5122782aa37d28da,data_processing,2026-08-28T11:52:45,whatsapp
fdaa7875-105c-4794-8725-86183e1654be,f2c4bd45d58af991ff63ee2a933fcf9d,data_processing,2026-05-31T12:28:59,whatsapp
5561c436-3f1f-4190-931a-01046b375bd4,427245c7439f6c57050b70cbe137c652,data_processing,2026-07-31T10:22:16,whatsapp
c24a535c-bc1a-431d-90e5-e11ed047b9d1,a9c60c29139a454620744f7f981ca0a2,data_processing,2026-07-17T12:30:46,whatsapp
c4bb5526-2776-406e-b80d-68485ea88ef4,013fcd0cfcb19d76f22b7b2ac60d6143,data_processing,2026-08-13T03:20:48,web
89de5810-2b3b-4fc6-807f-0a6e6a36b325,3fe31b3cce4d16319fefcd10607a5d72,data_processing,2026-08-04T16:04:18,whatsapp
1b959488-bc96-4d28-a920-65d5aef7f0c9,34cdb39b0aedb8a91802b99b6e89750b,data_processing,2026-04-29T14:58:47,web
d3d92788-7390-4647-a5b2-9e594d89b2b4,3d9fe8d96bf83ed42dbfae390cc9ebef,data_processing,2026-07-10T06:34:40,whatsapp
e33b438b-93a2-40f5-8928-211f98ad0356,448fec08a69896b1f0fdbfbba95a7202,data_processing,2026-04-16T20:01:06,whatsapp
87af8481-e66e-4ca5-8986-6c8cf64ec7cd,1399b12af413404f955ee4d4d82895fe,data_processing,2026-04-08T14:09:37,whatsapp
ee6e183f-5d44-407f-8f52-ab92dcb8779b,38c81fb1303f4a9342b8303e88f0c102,data_processing,2026-08-08T22:12:10,whatsapp
97bddaf1-026e-4be0-94e0-bebdd90be0fc,e2de5e837a7dd1b47681f8fe1bed7e1f,data_processing,2026-07-13T15:54:29,whatsapp
cc6a1405-82bb-40fe-8ebb-3893a637b927,2bdbed5e0645f672e95e886648c89424,data_processing,2026-08-19T15:45:37,whatsapp
8cda8806-89f7-41e8-8696-a4933f2f79b4,3df1d1c34d7cb246de072f0947f2037d,data_processing,2026-07-14T05:41:31,whatsapp
0b4cf824-0286-4a8e-9b2d-1ca246f3567a,2cb5cef3207bf6a397fab94b2a019d9e,data_processing,2026-07-30T18:39:41,whatsapp
9f4e2201-d248-4e2b-9e7d-fcbe6320965b,3de1d35f8c5ef8735dd5d5c196473d67,data_processing,2026-04-15T17:35:55,whatsapp
39b3d575-efe8-4396-8cb4-141bcb058e13,cf1f0ce20bf6193c9bf9d92ca38d98cc,data_processing,2026-07-30T09:26:10,whatsapp
aa9c58ce-4e23-4c9a-b041-b16470997f7c,e4cf9a9cd6be6e3fe3b858781ea36b5a,data_processing,2026-08-22T15:42:17,whatsapp
9c1bbc70-a1b5-47ef-8e7e-c6b0f465904b,ce5a04481b238985c5a39b97b654565b,data_processing,2026-09-16T15:14:44,whatsapp
eaf61a72-437f-412d-80d0-e29967d10621,76004f91f43e19af67c4f01f9871f334,data_processing,2026-04-09T18:56:33,web
ae71642a-d59e-4a58-816e-0ef8e7af1657,bc60d5cbdf483fa50f83ac006043b79c,data_processing,2026-04-07T16:22:37,whatsapp
c98ccc56-6856-45ba-a4ad-c4700cd7a995,c1c86fb864b49b9598b1ba4cbafa3730,data_processing,2026-08-20T09:38:22,web
3003b2b7-9838-4af2-8308-a55ccfd06605,3e567ba0b007718f8ce7dc5f8aaa3ab5,data_processing,2026-08-18T08:48:40,web
382928f4-bdba-4a65-a28b-6ea7ff6d8712,995ed1fb91d781082f12236ea7421885,data_processing,2026-09-14T18:40:56,web
18e30a7e-91f4-449a-a1b2-97ae030c91e7,36a1791f239f0aa6a70ff0a5fb0f79d4,data_processing,2026-06-05T19:23:06,whatsapp
b8f66936-9ff6-49da-8c0a-67304cba7e0d,20b74815d40fe870b076ac0ddb7ded34,data_processing,2026-07-26T08:24:09,web
c69cf1b2-1ec2-48a5-a78d-44a16b587b12,37d79e674f858bf66ff520f524c87ca0,data_processing,2026-06-14T11:03:44,whatsapp
635cf73d-9555-4f6f-b676-1b9b4f166ab7,a76ee558c1eb78b428f6f2604eb53f2c,data_processing,2026-06-08T08:51:24,web
5784af83-16b4-4a84-b281-911dfa4489f8,7ab1a6245dfc8537955d00ba91e9e03c,data_processing,2026-08-09T20:47:34,whatsapp
2300a97a-6a07-411c-8bf1-44e0698317f0,a255ca78ade7987616005bab4b32c41f,data_processing,2026-07-05T11:59:39,whatsapp
cb629295-659c-4d3a-8183-c6897b40c285,eb979364220239a113b7d5bfeb04b4b3,data_processing,2026-04-19T10:40:46,whatsapp
b213dfff-7057-4f8a-a3b5-1f04b08580a5,e807d8e78d051a83cb699ea2221426f8,data_processing,2026-07-12T10:08:22,whatsapp
e19f2cfd-414a-446e-9dcf-da298ef59e13,aba8d1545470227d68dc0061bdad1483,data_processing,2026-05-06T09:50:52,whatsapp
76038282-1022-4b6d-a4a1-1976f79de138,5863fdac4b89ed3a5e3b7517cc9b4a18,data_processing,2026-05-03T15:31:05,web
93be6eb1-8849-4a4f-ac30-3f5d62bc7631,2e42a09c716caa27851302b118db1d6f,data_processing,2026-06-05T11:54:35,whatsapp
70bbf3b4-5fda-428b-9b28-dcf6ff3b4f6b,47a13af1ef9c5484160863ee5008d549,data_processing,2026-08-02T12:09:35,web
a7fccc99-81f7-48d4-8cab-a78ab0b6bb44,5908425fdff9f8fdf2ad59bbad1db021,data_processing,2026-07-18T16:02:30,web
db274986-e3d0-4b78-be31-5c3dbd288eb4,f2635f2868086135385135680b23d350,data_processing,2026-06-12T13:52:10,whatsapp
d813076c-6712-4e57-8d0b-d1d1420dcade,d670014b899a5f5feeb03ed7f92e724e,data_processing,2026-05-29T04:41:02,web
c9b3937d-31c1-4438-b5a2-061f9a3d1d44,1caf8abd025b9be9f5cb599840df7fd8,data_processing,2026-09-11T14:18:59,web
fc35348c-d6d2-4afa-b3ba-158227a2a3f5,85c9d7278d34d4c0731836445fce0d68,data_processing,2026-07-23T11:49:49,web
47f0a737-1c9b-43bf-82c3-d36958a118e1,0bf2fc2f5f71ffd778a05020dc8595b6,data_processing,2026-06-29T16:38:55,whatsapp
42d49898-c37f-4303-b850-49708a4e19a3,625758cf519f01bb1b7ec5f44f0d1c91,data_processing,2026-07-30T15:47:08,whatsapp
120fdc75-5de2-4c98-aa2d-450d35d0b770,86bd7d9158d621ccf2268b3d03282ce4,data_processing,2026-08-02T09:02:23,whatsapp
a2e2b6c6-0f03-47a6-b423-d6bfe3e8f15d,d76a2355dd9b8ea114df0e042098bd23,data_processing,2026-09-09T18:24:05,whatsapp
7f0051ac-dcb0-4553-bc57-0309c5ab3421,c33e99ae2910c1c77639dd9f106ffce1,data_processing,2026-07-15T10:11:57,whatsapp
e3b63352-884f-4700-a49b-8c1bec63bfce,b4dfe251f9ce2516074084cafdcaeb46,data_processing,2026-08-20T10:09:28,whatsapp
1a4b4c01-f866-48c3-a6c7-84a9c9d5f841,d317433b25645849c5f08fa36fc93267,data_processing,2026-09-13T11:05:44,web
adb5d02a-244f-4001-a653-adf31d50738c,36ffe64814ad9d3022e339ef6e96ed66,data_processing,2026-09-18T16:16:32,web
8e06d21f-a7ae-4cbe-8502-1322049df12e,dda2d5a9ff0c5503de0361a1a848fb7e,data_processing,2026-07-28T15:24:41,web
03bedea9-3211-4873-b585-9aaab6eca628,a2b86aa2a7e01ff8fe3939d1a28393a3,data_processing,2026-04-14T16:55:35,whatsapp
c08167ee-b718-4374-9a88-77b189b5b114,1b5a3eba42bedece1aef2e6063b0d6ea,data_processing,2026-08-02T09:17:35,whatsapp
b5d642f4-60db-4548-82b4-97ee4096fd1d,c70af5d554aba08c8f05beaf57525fde,data_processing,2026-03-27T12:26:57,whatsapp
4a6359ab-2f9e-439d-af3c-a305ad631fcb,fd9a5dfc81d852165804ef5a076c9520,data_processing,2026-06-20T14:45:09,whatsapp
f1da6498-9827-4a08-a418-23ab5bb69da5,6b6279b2aa3ac05ace0027a9cd8038ed,data_processing,2026-07-20T17:54:59,web
d2f9177c-16d0-4032-bc2a-9f4b26bb276e,053906f0402a70099dd56f8746640c08,data_processing,2026-05-19T11:05:51,whatsapp
8c259c2d-e398-4a99-976c-d69fb044078b,85c6a4fe27db03c198824430b6246252,data_processing,2026-08-04T08:52:35,whatsapp
46084b80-daf0-41dc-aef8-b43874b5dc60,18404181b978a2e4c6e7af349f1096ee,data_processing,2026-05-10T09:20:57,web
95eed1fb-1171-4301-b0b4-1390a5811938,375f34661f433188ed2d62f97979dfa2,data_processing,2026-06-28T05:47:24,web
c593623d-fa35-4f1f-87a4-82ffae31d14b,aa6f2155491b69067960487ec67df9b3,data_processing,2026-07-08T11:18:56,whatsapp
6848ed99-859c-46fe-886d-58804dab7116,fda2b2022443c393e2b52de207aa77b4,data_processing,2026-05-08T16:14:57,whatsapp
f9589a75-18c8-4b3c-b1c2-9b7247b023be,93cd9ca733ff8295fd130d5324e00f93,data_processing,2026-04-23T10:36:56,whatsapp
f5c8f9e4-e78e-4ed3-8321-fa7efd6e6303,a4fbc529cec92bae8780e1bbec087cd9,data_processing,2026-04-18T12:39:19,whatsapp
55f0244f-8f80-4123-87e4-4e6ad922e6a1,04bf35d80f632dcdb2474a915f1b9eb2,data_processing,2026-05-16T13:00:42,whatsapp
31f9ae25-8318-4a03-aa2e-c684d88192e7,266fb9aa79d136ff07c8809d6530eeb4,data_processing,2026-08-24T12:25:18,web
2d85db20-5c3e-4fb0-8622-a06f60c9c4f9,d03a4abe0abfc75b73e2a5154065f96c,data_processing,2026-03-24T14:43:17,web
706f363b-5089-4d78-a328-848056205bc4,9de302cfcc824b8d78cd40f78b6ba245,data_processing,2026-07-20T08:01:49,whatsapp
7da8c8a3-c79e-4ac1-80c7-07c94d32ce2c,051e66c0f3261d67682b4bc81f6f9c31,data_processing,2026-08-03T16:55:05,web
6fd607ae-782e-41ec-9548-618ce1ef87cf,d8d979eb2ab84735f4b6fcf028433b69,data_processing,2026-06-17T11:43:57,web
c9c8be81-b356-4ef2-8d6c-b9478a121ab1,4d4c052ddb2b14790d36b2d666d74c75,data_processing,2026-04-16T02:26:35,web
fd501590-80e9-4f55-8795-c9b045116ffa,04e32ec070d135b0af808f752336a3bf,data_processing,2026-09-17T10:39:35,whatsapp
68963807-9422-4178-b819-2242aacf2ba0,8e0f10bd4e85da4819de4872291eb992,data_processing,2026-07-06T06:08:17,whatsapp
796549a5-3072-4d97-9d5f-4a0384ff9764,05739e864d421164eab4f0958ec3c92a,data_processing,2026-08-22T17:32:38,whatsapp
0e87c045-cebc-4c1d-9538-a7e5c72c31b4,c9e7bff1c195c5325022c5708bf7ec4a,data_processing,2026-07-21T13:21:25,web
16aa6f59-0565-48bd-8ad2-4bcb3447128a,0f438a6363975e4bfbe82b411a803e3e,data_processing,2026-08-06T14:38:49,whatsapp
9542b16c-032c-4b71-8277-630241bbdf82,3465304582a7cae60c2554b22fd22ef7,data_processing,2026-05-22T13:06:51,web
9e1e95c6-33f6-43a6-96c2-999f07fc2669,35d46261aace2e801dc1b36cb5f19659,data_processing,2026-03-27T14:52:09,whatsapp
e1dfa54a-94e6-4fb3-8939-97ba313dadee,4781d669e3917da92691664640211bc8,data_processing,2026-07-06T16:50:44,whatsapp
2b49f421-97b6-4c8b-85d9-bf516f8700f2,df12f71ac5aab3bdf231ad94574d32f3,data_processing,2026-05-28T08:18:20,web
07309b1b-5956-4d2c-9469-b44aeb008239,66654bd5887f33aaab2eb6ac3547f669,data_processing,2026-07-31T17:16:54,web
24f80d9c-eaba-4c62-9dd0-eb401539140f,cc64f7c013e339068e98680817de5c16,data_processing,2026-06-28T13:40:32,whatsapp
f726c6b9-8bae-4d06-867c-109a0735471a,186d78c0ada5120a5f87f53c14510537,data_processing,2026-08-28T12:43:26,whatsapp
60fe14c4-205a-442b-929c-5be0f10aeb0f,ed6a5ce80e11ab652afa3aaa90904b0e,data_processing,2026-05-12T12:07:07,whatsapp
f43d35a1-0907-4779-8719-4bb6afebfc6b,bfc87fc82fdd38501d1f320bef09b247,data_processing,2026-09-06T21:50:29,web
a98f4469-bd1f-4c7a-bd29-532dd6ea2618,0869507bd861a3b11fbe5bde9e7d0801,data_processing,2026-04-17T19:13:55,whatsapp
f40f6e48-6402-475f-8d9c-84be2ac822f5,a108aa5a11e27a793a4d921f0ee4d861,data_processing,2026-06-02T20:25:56,whatsapp
1b171dc3-fc7d-470e-b95b-5379c5bf90d1,f2d6b4a924edc267fcf7ccd549b67f76,data_processing,2026-06-14T11:42:50,whatsapp
9e10cb24-318b-4399-8068-59cea4ffb016,d35d1fb21147ae9a47c2d4c92644734c,data_processing,2026-07-04T16:14:29,whatsapp
76aa30c6-d79c-444a-9b23-006946229d7a,9e60002457ef2a30257b0e9814a72cda,data_processing,2026-06-20T16:51:13,whatsapp
a3267875-2191-4ea9-9224-c3f4aba7f7df,cb69860a71b8148c4380fda433c7b96e,data_processing,2026-04-29T12:22:25,web
6445b66b-d76f-4b80-924b-54196de969f4,669d7e72057fbaaeff4c860768c2b45d,data_processing,2026-09-14T19:05:53,web
133b2802-910e-484c-9b9a-a392b2aca52a,e30175eb2f95b9f83e870add1e800b46,data_processing,2026-06-07T17:53:01,web
eb3c6b44-5d44-494d-aea4-94c7657dc8bb,e2f331fcf85b9827c0e48718f2ede076,data_processing,2026-08-28T16:21:14,web
8515610a-c563-4ff8-87b0-24ca5e53887b,0e4f81d8e45e663af50b4b190e394d29,data_processing,2026-06-29T17:47:49,whatsapp
7c960e73-c969-4ff1-afea-24d15c4882b2,61aa972e0109f1e6bec011d5c7765502,data_processing,2026-07-04T12:05:08,whatsapp
8c22b908-e9b3-495e-9ff4-ebf797cc2cf9,5bc262886750772a9a05aeafe60b93e6,data_processing,2026-07-11T18:33:22,whatsapp
adf90d0f-c58a-428c-b53d-7f6795cb4aad,9391d0b154f45721b95ea3653302253f,data_processing,2026-07-03T15:29:14,web
e60e7502-c405-49e0-a1b4-15dde7708a5c,e73190d3f8de757704d8644090d35d3f,data_processing,2026-04-10T18:22:04,web
1619769b-a1a0-4da9-ba15-67392280cb06,04ff55e3245e9bba9f88cdf7604364e6,data_processing,2026-08-24T10:49:31,web
6710c6c1-2e3c-4335-aa5b-73099b9ae4d0,e5d621d53bfa8ba436a840d1661baec8,data_processing,2026-07-15T12:15:50,whatsapp
0ec8be74-ebed-4a13-a109-9f8e4bebd1ce,687071cb097d1c8f20a98f27804f32c4,data_processing,2026-09-09T14:18:22,whatsapp
4528cb3b-47b1-483b-9fc1-7a08c5de4bcc,8285a956c41326e4a7cada0168c81c79,data_processing,2026-08-29T08:31:43,whatsapp
3cfa84f0-71d0-4801-904a-970052ff3f27,9c797fbdbe9820ff75714e25f29cacef,data_processing,2026-05-08T10:57:45,web
3322807f-229c-4684-b59c-5eb55feba518,7411e37ac401b35ef524e39131380b33,data_processing,2026-09-15T12:19:38,whatsapp
4ccdbaca-8b3e-4d62-ba00-0335260be1d4,5ddbec31cdf6890c6abf14be35cc15af,data_processing,2026-09-02T13:55:02,whatsapp
1e3e9ac6-77bd-4f2a-83d0-a9d7bf37a45a,c8e88e1f8fe0f4474274141b85531572,data_processing,2026-08-18T21:23:43,whatsapp
7447ce62-65f3-4103-bba6-90995a473cd0,b82a639d503abc14376c53cf149142c7,data_processing,2026-06-27T18:24:08,whatsapp
ab86c95d-cd17-4c7c-90c2-191e82d51f0e,39ebd987c3ee7f596d10001c078a3972,data_processing,2026-06-12T19:49:53,whatsapp
3b4e290c-f44d-4680-ab6a-da032a62c9b5,9d4aa944fa311c23d1c9ee799840ecca,data_processing,2026-07-28T09:27:49,whatsapp
79f767c9-c0e1-4173-8006-62b1ee1c8a45,1c1913863b4dc116ac621878c74df9c2,data_processing,2026-04-26T11:57:16,whatsapp
473d1eb0-bb6d-47b7-9779-6d6851b402c1,1a0b7251bd277aa67d1eb97583a10eb1,data_processing,2026-09-06T15:13:53,whatsapp
99154afe-5eed-4d76-a98f-abad7c7b2611,3f555b072bccae10fcabab08658e28ee,data_processing,2026-04-26T07:04:57,whatsapp
a62a630a-6bea-4227-b3f6-5a1857979bbd,ddd9d3941b5a89ef0e40eb1cf3a07f91,data_processing,2026-05-20T11:22:49,whatsapp
e6524b69-6248-4184-bd0e-a50e6e6f5935,de413d7b65822b86e2e7a31169b1f826,data_processing,2026-08-30T01:36:36,web
e47e25e2-9d37-4a39-87c9-8d5b53bb1c1d,298bfde6c01faba6b77bc14c0747eaf4,data_processing,2026-08-14T20:17:17,whatsapp
fe90fd36-d6ed-42d2-9b86-0c44f595559a,26350730e65bca796c6e4e3466c112bf,data_processing,2026-09-08T03:19:05,web
5c40101b-72d1-4549-bc96-508c1af26013,a50472f7b3becca87f13c22bce8ea370,data_processing,2026-05-12T17:40:40,web
95ad1a02-ea0c-4f40-b5a3-0dad690268ad,b769523c45aa304d669223c3e7b203f8,data_processing,2026-08-04T16:50:50,whatsapp
238d6b83-98fb-4e29-b359-bdff4257e779,89b85af583efcb75251dfb2cac9a56f6,data_processing,2026-04-20T17:40:26,web
e54a2af0-8de0-40a8-8e9d-8555fbb92d46,0b047ccab86f5baf73c188fd41ba606a,data_processing,2026-04-20T08:52:15,whatsapp
577a74f2-371d-4f53-a7c1-ff91da1c17fe,4b668d32a556a6b3f27545b8d83b614b,data_processing,2026-04-28T14:24:35,web
e409b09b-320c-4e52-8a21-35c11fb07368,55dd8b74738e8865507368aa7409056d,data_processing,2026-07-20T10:04:01,whatsapp
475a3800-2a68-41e4-90f0-46f12967232f,4b2821cb7f2f623fb9797d46c6b22770,data_processing,2026-06-11T14:20:47,whatsapp
d6f3fd30-ea44-4dfe-9043-1b46690fc62a,9bddc306d8b9ef80f93435307aa5987f,data_processing,2026-06-26T00:37:18,whatsapp
83236b7a-4a09-4727-bf9b-9376f6eca213,7500a4684aee35a64283e9e5190d9808,data_processing,2026-06-10T13:11:00,whatsapp
a62819df-2afb-46d8-98c2-b01498d31317,bf9a3f544cbff62c617a4864f1991aff,data_processing,2026-06-17T17:31:09,whatsapp
5cf0d23d-fda0-4b36-a5ad-6330e2d290da,1c239458a77ebcb1b4f5ab7b555ec14f,data_processing,2026-06-25T08:31:08,whatsapp
b9b94d5f-3d12-48cf-b11c-9b4ffc8e04b1,feb8f7568ef96fb3c1b7ecffc32e1c4c,data_processing,2026-07-15T05:37:19,web
71eb2964-6c8e-4245-b59c-85bea8bd0580,897dea32f3a9bde39b86116605530194,data_processing,2026-06-12T17:17:54,web
56884bc4-bf48-4d37-ba2c-00655731e765,d98ed7d8a8d7bb910a1632afeb83a4a0,data_processing,2026-06-02T13:43:41,web
83f7845a-303d-4fad-9193-5bb1d40f9aca,15abe9fd2f91ed238880e0d91908e8fa,data_processing,2026-04-17T10:59:47,web
a0ee2b13-044a-46fb-a388-80e2906dc40d,ef0ee0a3f9c1dc3b515023186fc096ea,data_processing,2026-09-15T19:32:10,whatsapp
4fa80068-4dd8-43ff-aa67-4f9683b01290,57871790ea9ccd71ac49c7fcbe5e4696,data_processing,2026-04-27T09:54:27,web
5c52d803-df92-49c6-907c-4a511c4f5d57,155ad30f9e09c177e3ad785388067823,data_processing,2026-04-17T15:50:08,whatsapp
99c0a962-c7cd-49bf-89ea-ce5e542d2e27,cc3fb444db6641af2fb6557350d340ad,data_processing,2026-07-31T15:00:10,web
6490e693-cb3c-4e28-8195-f037abc17ed1,f03f06f9ef7883fc4df136e05b77e43b,data_processing,2026-05-28T13:13:57,whatsapp
f4144ba2-edfd-4777-9d07-6196adb06081,a3f469e58e2da8e9dba5af16cb7488e2,data_processing,2026-09-07T07:47:40,whatsapp
22339273-a08e-4654-803c-3360d2deb56e,48c3169b9b11dd91440f3fcb41781f47,data_processing,2026-05-15T09:33:48,whatsapp
9a98bc7d-eac0-4137-9899-82bfd76d038f,dd1bc6c70b67d68b1c2e4c5a76bc2619,data_processing,2026-06-03T11:01:04,whatsapp
def6bfdd-cc94-4db8-8925-713a5ff725d6,571a67466432ecd2fec6c51ef8fae7e3,data_processing,2026-08-06T17:48:56,whatsapp
09981a53-21f1-41e3-8d5b-eda90a02fed0,73e355d3871f13eea7c192439de1c288,data_processing,2026-06-22T12:07:52,whatsapp
724ecafe-12e0-4347-a392-8dc3b44826ad,c28e50f6146fca825a053e73b7e7f84b,data_processing,2026-04-02T11:11:44,whatsapp
ca8db3a4-23db-4eae-89cc-54ab3462ea32,083ce7228561c67a57391c2bc66330bf,data_processing,2026-06-26T15:14:14,whatsapp
83970d12-0f6f-4a7f-9ee9-a06f4e8b0439,eaf09ed8913f4e6dcbe2696939f3e59d,data_processing,2026-04-09T18:40:14,web
f77d63de-fdfc-477e-a911-dc39b5f38256,b249389ed95076c5d3913cea054655d8,data_processing,2026-07-31T21:11:59,whatsapp
6d51073c-a369-4898-aa8c-2a28c666e6be,949ccced550f5bbe65f5cbca4d1e5210,data_processing,2026-03-28T15:32:31,web
2f9fc85a-e58f-41c7-baf4-79cbbcd28c1c,d59362913635ee86ff066d58cb309e7e,data_processing,2026-06-21T11:15:48,whatsapp
1b3f9627-4b49-42d8-8631-3648640ab4dd,4260305a396a824434ac66b969b55536,data_processing,2026-06-02T11:47:50,whatsapp
771277a0-12a1-4c81-9f0c-8cc338d5cc39,9d073b8df27f8804112c2f01d4fac738,data_processing,2026-05-04T15:33:36,whatsapp
2f09a0fe-1dfc-4443-b8b0-ab3b2e67ab53,b56ed7e3b2a3fe402510edf96d8bd2db,data_processing,2026-08-13T17:42:14,web
a6d07498-33e7-4183-b445-bd9dd5bf89ec,106baa77727c0cc1a1e2577542700fdd,data_processing,2026-08-12T17:14:32,whatsapp
03c3329b-0494-422c-95df-3dedd76ea12e,b30e40561544e48481ada0bbebbf416c,data_processing,2026-08-16T16:51:15,web
d1c10441-a394-4b3a-b04a-8c281b5608c3,e90b0a0351cced8bacfdb51951c67895,data_processing,2026-05-28T12:47:37,web
1766be82-6382-4d36-bcc0-cf6d972a4304,8346d887a0ef8d0c646225938a653c51,data_processing,2026-05-28T12:52:39,whatsapp
e977fde9-5692-4adb-af6f-c5f158b01fa9,43e0b5ba5fb08640c63c0d12beafde02,data_processing,2026-04-01T13:22:49,web
eff3266f-11e9-405c-be78-d554fa4af2f8,c8b8a90fa1646962e9f67954c9774618,data_processing,2026-03-24T07:19:03,web
09a2402d-151d-491d-9a09-67dd042c691c,49e9eb6ffa86f9ba2df14817ecbea373,data_processing,2026-08-08T09:59:17,whatsapp
b6e05e6b-fe30-4d4d-8279-7a58c46ef545,ebe30064a7fa2c9bf618d9bf7cc55fb8,data_processing,2026-08-15T08:17:15,whatsapp
42611a92-2e30-4d44-b05a-6c2bc2ca7695,19f72f6336bf4a3ec54eccd2f7224dae,data_processing,2026-05-24T12:19:58,whatsapp
dfc53f3b-a2ba-4752-8878-dffc580a2cfd,3c458eadbb17d41d264c5d3985ca16d2,data_processing,2026-04-19T12:27:56,web
245a7b57-09b9-4dcb-a4f6-6b37fce22565,dba9c01b1f1d7daae97514805cba71e8,data_processing,2026-09-11T12:58:31,whatsapp
6e9401fe-2cea-4691-be06-012499f41cde,39a58ac60ee910ff117020041dac4f03,data_processing,2026-06-28T12:56:02,whatsapp
01bedd16-b4cf-4355-81d5-07e2925ceff2,161031a9abd4937cfdda87db4bca4572,data_processing,2026-05-30T09:36:28,web
9b030683-c5c7-430e-af4d-e86167591eb6,d890933daace636e4c5b0444f70bdb35,data_processing,2026-04-19T12:45:23,whatsapp
3ddd3754-79c1-4d21-b7f2-46ed4bddb5a5,d187ec574312a43f30dd342a0f6a0b5d,data_processing,2026-03-31T20:18:48,whatsapp
5b0b22f6-6a51-4a03-aa62-f8389496b666,86ed355e80251fa971d45121e30c450f,data_processing,2026-06-20T19:49:06,whatsapp
f46cb61c-832e-41f9-8837-3b69f80d109f,9291120b05e7d12db91493beb2a94141,data_processing,2026-04-10T10:05:20,web
f8ddae47-7163-42a5-a414-616c3cc79cdc,2f1a3fe1927150ef9d96bf758c10a318,data_processing,2026-05-06T17:18:35,web
3655d454-e50e-4891-a9af-77c093425dda,7170ccf060aa83c6f50c530fc2449fef,data_processing,2026-05-25T07:31:46,web
48185579-8123-4545-9c63-d5d0628dabe9,6b24fb6e9888aecbbaf61c03e2d59822,data_processing,2026-04-07T16:38:49,whatsapp
7e6b21ae-375f-4076-a12d-92d1d36cd133,6add77fcf08a66e8447c3ad60dd8363e,data_processing,2026-07-31T09:45:49,whatsapp
af5e8ab4-f1b7-4853-99d2-20779a18f8af,88269fa9c2af67b5ec5bade5b951383a,data_processing,2026-07-07T12:23:05,whatsapp
8c023aa2-69be-4d7e-9217-bcbee5245849,392b1652d1903b1613f78fa9c2572595,data_processing,2026-07-06T16:41:17,whatsapp
261af52b-b4e0-48ae-a210-b1ccb79a8714,590204b9bcfc8359da2f7fac304b3770,data_processing,2026-07-18T07:24:48,whatsapp
eb8f5698-80d7-4574-aba9-881496185a25,f1bbf4ff308d3c933e63d155a967966f,data_processing,2026-08-22T15:21:15,whatsapp
960cb1fb-2663-428c-9b48-db586dfe10d5,7a722488bde7dac5300d54bd59e6425c,data_processing,2026-06-26T16:19:01,whatsapp
c178c21e-9147-4875-a57c-9530237676e7,c9ed0c17ffd8dc192265f799e2ed6d6f,data_processing,2026-03-29T18:05:24,whatsapp
63b21854-6a06-47d0-b50b-b9b1f8c173eb,ba0177db89ed8e8828b431b41e32546f,data_processing,2026-09-08T17:19:16,whatsapp
923ba63a-f155-4a9c-885b-b6b702404f82,2b40d4c79838651292159b2884eae336,data_processing,2026-03-25T17:13:20,whatsapp
d2276d1a-844d-4e46-a316-652def700be9,9bd540af0c1af86956fa08d39d2dd8ab,data_processing,2026-07-31T04:11:08,whatsapp
994d8c55-9b5c-4d0e-9607-d42e9963c7a0,63d6537bf33a752ff571dd7676cece7b,data_processing,2026-07-09T08:15:51,whatsapp
8c1bca2a-c380-42ab-b283-a66211eba691,17bb1f4ee58bfebbe77dde630373fa28,data_processing,2026-07-18T19:17:10,whatsapp
9141901c-7f38-4c4f-b4b5-9a746d749eed,3bd8173dd97fba0a714b0efbd02727d8,data_processing,2026-06-01T18:02:33,whatsapp
d6eb13da-047f-4aae-a5a5-70df44eb2942,e18aebf03785cdf5ad2f774340c4f1da,data_processing,2026-05-08T17:08:44,web
947bed68-29b1-4500-9a89-c005f9f3276f,86d0e33272991fd93cc2e6ede7464247,data_processing,2026-05-04T12:13:38,whatsapp
2a2dec4c-a8e4-4211-a5cd-816eea68a4eb,639cdd8ce6ed00469619f6804c1c6bd3,data_processing,2026-04-08T01:28:17,whatsapp
c71c1277-5d9e-4ca6-bd27-02ffba954586,b6b06ee48bcd1ddde564481192922e35,data_processing,2026-07-09T10:59:14,web
b78e67d5-afce-42cf-873c-fa399156a6f1,bdd6ee3ba6ace6929168f418ddadb575,data_processing,2026-05-27T18:49:07,web
ef56d652-4531-4aa7-ab4d-340e02b26f45,f5231bb1a5bc8895c98a169ad9a5dd45,data_processing,2026-06-28T18:27:41,web
8d00547b-7cd6-4ec5-9ade-1fd3a6463d11,3bc4db0c6537db752f5b381b2c24f8c2,data_processing,2026-08-11T16:03:46,web
68ffa214-1962-4f46-92b5-bae57b528e15,124384b90af58d8bd232a0f5a868e969,data_processing,2026-08-15T14:19:45,web
2d659a58-034a-4cfd-bbfb-13b48fce256c,dd870c0976cc9aefdc31ca980e1eedf0,data_processing,2026-05-25T08:17:24,web
2171cfe6-2955-413f-b159-5e5482141d03,82e76ac0ce99699fa1ce9efb1f3457ff,data_processing,2026-05-27T01:20:01,web
4f1ace5b-7e4d-4958-bfc8-b9097b348405,93331b12614388d2f91b2cdf3c3b1e0e,data_processing,2026-09-07T21:10:00,whatsapp
74b132ab-5336-4259-904c-0b761720a4f5,4524df63607a7610dc4fc961afc62d92,data_processing,2026-04-22T15:36:25,whatsapp
db49c865-1135-475a-8b0b-f23d0de73647,74a600b9fecfb71aee0ce0e666ed59d1,data_processing,2026-09-16T15:09:39,whatsapp
4b9707f5-8222-48d7-89b0-35578abae4c0,0e4fc8c4a09558b5c7c9c91c394f6a50,data_processing,2026-05-22T11:52:04,whatsapp
f3bd11e7-1268-45c3-a288-4f8ce2ff80f0,2e2c1ae1701f222c2688c5ba342525e9,data_processing,2026-08-13T16:25:10,whatsapp
a8a8bf11-d795-4868-813f-50f0033a43e2,17025158743298835fc29a66b8eb2a9f,data_processing,2026-06-30T15:16:53,web
1556c548-0999-4831-a710-74943c7a7047,d66fb095804eabc51a6f89f3a40a4e16,data_processing,2026-07-23T18:50:30,whatsapp
a55650ea-47aa-48e4-acaf-18b599b0f325,58e1eb96e0c46aed0edb4e679928f68b,data_processing,2026-05-18T09:55:33,web
35cbcefb-4f4e-4a73-99fd-aeb6cdfa0963,586ca100736246ff5f795ed770afe63e,data_processing,2026-06-12T07:02:36,whatsapp
1bc6fca0-56eb-46c1-b055-61d93a70354b,5b8b760bec8b2c2a9244a06047d127e1,data_processing,2026-08-19T07:53:18,web
73bb7a28-0dff-476d-8250-6be0fc3f4a7c,3e09c838b2e870d6d16b98f25d2a05db,data_processing,2026-06-08T08:40:12,web
6fe5d92e-5ec5-48ac-8621-55791a729f81,09a6daa3100c4e8c5e36ace29d425b54,data_processing,2026-07-24T18:39:09,whatsapp
6b44deda-bad3-4cf8-9256-9ef3192c343c,53536331004aaad8036a57ae62db97f5,data_processing,2026-07-03T16:05:48,whatsapp
7b5e5198-c9c5-4533-a70a-e6db30671363,b30728101703770205f8160f35fc10ef,data_processing,2026-07-22T17:31:42,web
d639ad04-6914-49de-8490-eeaad71fd288,89870fdf5e8c80e847838248e9993895,data_processing,2026-05-05T13:30:17,web
159a1055-9de8-4724-bcb6-3b56816a038e,23f562c4e81ca216278e0b82a02c1044,data_processing,2026-07-16T09:44:01,whatsapp
fc348cbb-1aef-4e62-97e8-e9be01097e0a,b1ef10494e100a89cf489304ba66e57f,data_processing,2026-08-02T17:02:19,whatsapp
b75098ec-2a8d-4b7e-bf71-73744245da35,12862d8017eba8167d745dee1ae3e2f6,data_processing,2026-05-28T09:55:39,whatsapp
96b7c19a-98bd-4a68-8447-ef888c8282e9,de3836dcc50379d3aaec3cfa3c013c31,data_processing,2026-07-05T15:14:25,web
312c4ffd-c2cb-4505-9919-94246ed327be,bbf91e16dba8cb47236358916dd1fc3d,data_processing,2026-07-03T09:45:45,whatsapp
5162f57d-dc9b-4e65-aa71-424996e91dc8,ababe90fd336b80aa4a3c87869c0269d,data_processing,2026-04-26T12:34:03,whatsapp
a3903a8f-a275-4f3c-b08c-eaca3876f9b0,400af64c43c28ba8c7bf91446da073aa,data_processing,2026-04-10T19:11:08,whatsapp
76c58731-a78c-4622-b3f4-10657534bc11,1a6e064b6943d04950102e0ef5ea6186,data_processing,2026-06-25T12:16:29,web
606c5a25-1e4c-4e8f-916e-dfc7a3e8bc00,52d804a22e41c6c922eb7a46b5c6e289,data_processing,2026-04-23T10:30:06,whatsapp
906ffa29-f10a-461b-909a-edede8a595e2,3258f4356acb1582d19f8704fc6983ae,data_processing,2026-08-18T10:50:51,whatsapp
8b695868-3c4b-4467-a8f5-b077ed299c55,fa1e671d5d93c8ffbd1239c205d01d7f,data_processing,2026-06-13T17:22:40,web
bde2ef8c-41aa-40bf-8bf7-9ffe1290dbb6,1ea8f77bc68189e702e8062caaabe52d,data_processing,2026-07-13T21:27:43,whatsapp
272ee654-acce-472d-8949-9da10711b720,1bdc20de2a9afea47c1f114b1322d12b,data_processing,2026-06-29T08:05:51,whatsapp
2c33e42c-648b-46ef-80e4-e223084af1f9,d4918b28f55161f582fcf03342020118,data_processing,2026-09-02T13:02:45,web
460d3607-f7c9-42ff-9d0a-1eab5234a49d,2225b6c7fbe8c616611b411fe6b211e9,data_processing,2026-06-16T18:52:17,web
e5f67f55-f39e-4f39-90e3-7f52f009f84d,58f598f2a7e4a407295b7636dfccd5a2,data_processing,2026-05-10T18:56:52,whatsapp
084eb3d6-ccf7-4a33-825a-67632c91c9a1,5f313c0a5dfa5e02e1e809a26e791ce2,data_processing,2026-07-08T12:31:25,whatsapp
6c9aaa55-f64c-42fb-a9f5-1f8e495d1658,2f7cb77956a64c21bcce969cecddca46,data_processing,2026-04-28T10:32:46,whatsapp
392910a8-8633-4839-a430-65b2a925c875,6a4927b4c71203f57c1c12928825611c,data_processing,2026-04-22T18:53:45,web
51919691-0eab-4766-8c6c-9a3086b982d5,0b35b61360525b218b8addb6360c334f,data_processing,2026-04-21T08:55:21,web
942a4876-3c36-4b14-9f28-262750cb9e6f,c37615f57fc5be5f50faa5f25b754c83,data_processing,2026-07-11T15:19:31,whatsapp
b681d8f6-2b90-4eb0-a9b0-56e1dd510659,58b22ad84a9702123cea833b20b12ced,data_processing,2026-08-23T08:10:42,web
232f6d3d-78c5-4588-bc32-ddd957ee7d83,0f296cfc38dabaeefbe181156e11b39a,data_processing,2026-06-18T09:43:38,web
67498640-26b0-4b0c-af65-ff911ad53752,994caaafe1b2c71dad8bc020adc4e676,data_processing,2026-06-18T10:31:28,whatsapp
c8885339-3b0a-4193-835b-33e085223c01,990cd767e7d11be6a1bb63469a2d63bf,data_processing,2026-08-04T23:02:42,whatsapp
5dc02419-dd13-4c30-9626-afd9783ed0bf,4786ac24b2e50c03da4fd6c84b6dead0,data_processing,2026-08-17T12:18:54,whatsapp
02b0b206-f761-4f4d-84f2-1b984e4f9604,f4c949d837692a61a7f47879b34131f3,data_processing,2026-04-16T11:11:20,web
14ffa157-938c-4637-b5b9-811b11b09e8b,44700648e7fff9c598c807ffc4666bc0,data_processing,2026-04-25T15:13:26,whatsapp
b94e11ac-3be0-4020-8047-64eba8710bc4,06a9213bd295a2da5c42f76fc6e9ec06,data_processing,2026-06-14T15:24:26,web
f3e57730-53f1-4692-a9fa-e525d4085280,fa51014f904525e1c4a444c4004ad2ac,data_processing,2026-04-24T15:32:13,whatsapp
58e87f94-cdfb-42b1-adc0-90a4d7b535ff,15d1130d67b1965f85aa46ae0c44ca89,data_processing,2026-03-27T11:10:02,web
819b3ca5-b29a-4fef-96fb-7ffe6fcf7b5b,36fb7fcc555773b14b67255cfb0f10a8,data_processing,2026-06-23T13:08:54,whatsapp
f279cdf4-0965-49b0-bbbb-2e1bfc95d474,c1afa728bd8b03d46d5b0db41c7223b0,data_processing,2026-07-26T17:32:30,whatsapp
6add3c47-1721-4c6c-bd81-79c0e92b3fcf,8bdbf9409279005efecf7ed9a68dfeb4,data_processing,2026-07-31T15:13:24,whatsapp
eba33a89-1e04-4a51-87a5-60b6e540b69d,2da28d0f3b0b3070f7e80f28004f6dfb,data_processing,2026-09-18T09:51:21,web
047f4da6-9ab0-491a-9a5c-b54210bae402,fac32cf636dabeb3d130d11e4495d3ca,data_processing,2026-05-20T17:07:46,whatsapp
3ce868a3-1441-4dc7-b3f1-a3624b0141c3,3b1014623b30e507f03b351da8621944,data_processing,2026-09-08T13:47:36,whatsapp
c0d83445-4f91-4d6a-b919-41c16d7844e1,00b5a16ff49655b86993dda4f874e2c6,data_processing,2026-03-23T23:01:53,whatsapp
73097c48-7643-4d90-9e59-8709d7281c07,786ffbce3b07a29d0f7435b5c0103f3a,data_processing,2026-08-30T16:01:23,whatsapp
4727c6c1-2857-4ff8-86ec-a71c7add54bd,23a26d2b8cc8fcea1b584ba6cf32da11,data_processing,2026-07-09T11:03:41,whatsapp
991be429-9ca0-425e-894f-87fd4211d914,e35405b3c38776a2755b554c7468b17c,data_processing,2026-08-27T16:12:14,web
6908e897-0054-4f3f-91e8-6307aeff2b27,1594ea7631b1bb753462e9bd21ec1a21,data_processing,2026-04-20T12:49:39,web
59865010-2b50-4e6d-b7b7-3b647d79ff13,34ed045fe4fc1d421a237c53c126b222,data_processing,2026-06-19T17:33:39,web
848af1d0-5905-4741-a2be-0a27720f7d8a,5ef53acd4bdaec72af98e9d3036dc974,data_processing,2026-06-15T09:55:06,whatsapp
858a2b5d-9255-4a2c-a811-f593bac85900,22a031915b9d9c23929385c3c8d660d5,data_processing,2026-08-31T09:34:20,web
b0301c72-775c-4d1f-921e-0783927764dd,e87ea69f4132b3db2a111f0911e2a076,data_processing,2026-04-28T12:39:19,whatsapp
be5f87d6-416e-4498-a01f-18f87cdfedcb,0bf6da55951ff117bb60fc007f41e4e0,data_processing,2026-05-16T12:54:11,web
e0ba8d92-6092-4324-ad74-42ab85658b4e,7afd61b9dc535d5d3ad9582b4c17fa74,data_processing,2026-07-31T09:21:05,whatsapp
9faf9d2e-fffb-472d-9e3f-5fc1b244f184,f85c082673c51b8f4efa235854d69ff5,data_processing,2026-06-16T09:29:36,whatsapp
46f0d0aa-38bc-4ed6-b542-c93425ece4e1,3beef78ab953d5a00011789430bc5724,data_processing,2026-07-18T18:14:42,whatsapp
d0f8bf5d-019b-470e-9f88-659229e5caa4,5c4007e42620a0d637768364232a2a6c,data_processing,2026-04-11T18:54:46,whatsapp
6a8b5aa8-94ff-4737-8b60-8a869482f101,58d1954d9e6dc4115c8f83157e8a59e0,data_processing,2026-04-12T10:16:03,whatsapp
a8ff8b39-f9b9-437a-91cd-bff0d83d7208,33c5b9b2ba0f9cc118117a0b930cc7e9,data_processing,2026-04-01T10:58:57,whatsapp
29e01dcd-c7d0-41c0-81c0-f8d8be872d54,a5db3027fefef360e310cb85d4c75909,data_processing,2026-04-18T10:30:52,web
0442876c-983c-404e-86e4-0a4407bf631c,6aa522f39a0a1d262586f6a3f3049f64,data_processing,2026-07-25T19:12:52,web
f92f380d-56b9-4b03-b822-fa9958c969de,231b36938aafc75a907cc83be5d2dad5,data_processing,2026-06-22T10:40:59,web
b0c7a5ef-0cc1-45c0-b2bf-8b3633a0acc7,f993a056247e066e9d9c0f054219b3e9,data_processing,2026-05-21T20:26:56,web
4192108e-d162-49e8-8bc2-d809efc95c37,d41a9f72fd69749a8fbe2293908ce242,data_processing,2026-04-19T09:30:54,web
abfbf583-4030-4cd4-8de0-7deeeac419ea,1acb580c40d047439330975b2667c558,data_processing,2026-07-20T06:02:43,whatsapp
14676906-647c-41f2-b188-f07003c61dcf,ad09100630f7303e31fcb6d206e5850f,data_processing,2026-07-21T12:37:08,whatsapp
01e09e4e-83dd-43e4-b029-8435627fbd60,77dc3a7029661b58a9bf1b68e0d91899,data_processing,2026-06-19T16:28:21,web
81bf572b-851d-4f57-8395-94d872b6970c,ecc572f15dc9291e3f20983bc45bda98,data_processing,2026-05-31T09:31:04,web
ae9f208c-54fa-4bb0-bd31-bc113809b334,a62f9cb6bb926ed4fd119152e962c27a,data_processing,2026-06-02T15:47:49,whatsapp
63d2dea4-84b7-4590-b916-65e89abc3d98,a063052b70caa6fec21105149117ad63,data_processing,2026-08-26T15:57:11,web
d5bb772d-2583-4f71-a7b1-ede4c515f2ad,6c1fa113a2d1dfa33c3225968b55571b,data_processing,2026-09-16T09:29:06,web
b8ad94dd-c529-4594-afb3-14b3079985c6,77be3c0ccf080011ed671d70b1626427,data_processing,2026-05-27T10:43:30,web
862d2c74-f280-4b23-b9f5-50657cc08d72,a5832206a649d298f3235b29bd956902,data_processing,2026-09-15T10:28:45,whatsapp
7c482118-18bf-48dc-a222-76c185d067a9,c86434bb83195754a6fd3c5cb3e11766,data_processing,2026-05-09T16:38:36,whatsapp
17f97bd6-17b1-471d-be5b-5eb8f7d279a6,79acdbbb5e941e8589b506f73a09ef73,data_processing,2026-07-16T13:43:55,whatsapp
cf431a93-0a73-4227-b1fb-7deb6f9d7ae0,f837e5b6a76021083b5c22a89e2d6adc,data_processing,2026-09-08T12:31:44,whatsapp
542b82d2-f3f4-4148-baec-d40ddf4b3f77,1fdad2a31b12716cae316512666c76b2,data_processing,2026-04-13T19:02:04,whatsapp
2f53af83-b70a-4d23-847e-e21064997315,40d056b6e94c62be782266cbb424786a,data_processing,2026-05-28T14:52:24,whatsapp
2ce47c8c-e2de-4754-9763-2673214df3b4,a8fdb4df9a0128de8218255288df3873,data_processing,2026-04-30T19:34:56,web
41cdc9d1-15b4-4e6b-b327-dc824e6a662f,3087cedac3782d4924670a166b7478f7,data_processing,2026-07-14T16:33:53,web
a2982132-a109-4856-8f21-330f4c4cea61,e40366a75818fe5b6728beea21df9fcd,data_processing,2026-08-02T17:26:31,whatsapp
45b68afd-2f26-4255-a255-c4616c6520ec,8efe087b7d89437558ddfc9649a83862,data_processing,2026-05-09T12:10:57,whatsapp
21be7451-18a4-44b7-886d-6c29c1db21ae,aec607fedf1ccbe0b70b21d9f55ffcbe,data_processing,2026-05-25T19:50:05,web
c2979f2b-7ea4-4cde-be37-565ae029ea56,89cc3eeb5ed0c1b80cc0f7ada23b8b5c,data_processing,2026-07-21T17:35:06,whatsapp
7fbe2690-2665-4c22-b303-fdcac94b5faf,b113306e1730ce45cf15faecf9065436,data_processing,2026-07-30T12:30:38,whatsapp
1e12e2ce-3680-4ce2-ba92-e8bf07470401,2e6800d3ea1976860bc7d48c92c3982c,data_processing,2026-03-27T16:47:15,whatsapp
c2e38603-a83e-4fb4-93f6-489f3c6ca815,3000640d8c21a7ec0c20d43297182c05,data_processing,2026-05-14T15:26:42,web
4cd950d7-60f3-4cb8-8366-7b67e0f1fc00,9b3554e19dc19ae9f4268c0d2383d12f,data_processing,2026-03-25T12:52:11,whatsapp
c482b50d-f009-472b-a5c0-4a70be874ac0,9734a4c64c8f9322966591fee222a5ce,data_processing,2026-04-07T12:47:55,web
1ae52bde-e137-4121-9bdb-46fcc5b19376,13cb8b8539b0395964d8b0df7c91f489,data_processing,2026-07-10T07:22:45,web
0bee5e60-f5a1-4a34-bd71-8f02d76a8ae7,e31a33c14d7277b62f5486ff854e0422,data_processing,2026-05-05T12:13:44,web
848ca94d-ff00-437f-ad2d-e03df27918ca,a07856ac1fb60911df49c7c6c0b590a7,data_processing,2026-06-25T03:03:05,whatsapp
9eaf61af-1dfd-4a80-9e24-a9deae4f9129,7a44d017274c855417cd34e4edcfe4db,data_processing,2026-07-27T17:12:44,web
7d1503d6-6b3c-4686-a695-39d576ad0fac,7187d84eb47f5d50e560b7c312e39e30,data_processing,2026-08-18T21:39:21,whatsapp
0e5254f4-9510-4f7d-b8a7-9d41f8c2b978,f8fc61e32d79a2e015e2746877602094,data_processing,2026-05-26T07:54:40,web
a23efa0b-26e4-4753-a2a5-49b61366a783,1ca36fdbf8bd1d211c92a5c0042a8758,data_processing,2026-06-22T15:06:24,web
dfb0d9b8-b784-4dc1-9e66-3c5bc383c2ab,ae60b9f55525605dc95f938234b75d62,data_processing,2026-08-05T13:14:51,whatsapp
b6c01596-404c-43c9-8dd2-2bc59b4bf187,b9cd1a7cb102a0ae94e19868a2325d06,data_processing,2026-09-16T06:44:13,web
ea6aa9b7-bce6-4cfe-830b-4c66f8e801bd,428a6a1b355f7a26d5c4c9c75f46fb07,data_processing,2026-04-19T17:50:13,whatsapp
4ad7e569-443a-4d34-897d-feb51889fd7c,a0fdb2b0d6a3ccc14ed8cea5e31ac9c6,data_processing,2026-08-22T15:02:24,whatsapp
967e3bb7-fea0-4a7d-a034-d40d6d341b31,ffdc6038b244501017d86f89871da3f1,data_processing,2026-08-31T08:21:38,whatsapp
e893251b-8aec-4d14-8537-d94169e6556f,b3d410ded40e652f6c99fad216864bbd,data_processing,2026-07-11T10:02:57,whatsapp
c9a145d2-0967-4f89-8bd1-c86e7066c26c,3a1daff7a7a6441b6367fb12197dd98c,data_processing,2026-08-03T10:34:50,web
710b63ae-7665-4c93-8792-6a3aec697b15,b03a18f37c609629c9563c83fefc8f2d,data_processing,2026-09-05T18:29:46,whatsapp
d389929e-a9a3-4767-a49d-1b5d9b44951f,581e723c0af76d8d86bb5023879fe448,data_processing,2026-05-17T16:41:08,whatsapp
16348d13-7b14-4830-a68c-0b2d4679e5c4,c111115bcbc9f1fd89ee1c7cfe7c9ce4,data_processing,2026-03-28T13:13:20,web
5b4f47dc-1e90-45f5-8e0f-e74e1b83c530,65894083c0a20da989397bfcbfb8a7bc,data_processing,2026-07-19T18:03:29,whatsapp
dcd1f288-984b-4353-8b6b-c848835c1c72,5f7ad61fbc5c2a25ffd6799ed91c81b5,data_processing,2026-05-06T16:55:50,web
836f5fee-49be-486a-8446-05acbd68275c,4562a9a7cf60beccbeced929c50f8388,data_processing,2026-06-12T14:48:24,whatsapp
87dea160-7cde-481e-9f10-a61b5a16adfd,6b789d7b78c6f3fba6189bf5752893d7,data_processing,2026-03-30T14:51:29,web
a0122460-1b39-45bb-bd7a-68dc97f49d5e,c3e6e54502f15ce690fba8cda0add8c2,data_processing,2026-05-17T13:35:09,web
881c7f9a-47e3-4f65-82a7-a9c913b095c7,4450f961a10f10a9354616650eae9720,data_processing,2026-06-30T16:04:29,whatsapp
e427717a-cd90-486b-8e5d-16d2e2b72a82,452c7cd041b0398e368367e65d7102c2,data_processing,2026-08-20T07:40:30,whatsapp
b04fed3b-60a9-4e9f-9329-97829fb38440,0eb51e567ce80f44920a82a58365e435,data_processing,2026-06-24T17:37:10,whatsapp
987c39ea-70d8-479b-b413-6ef44314f374,61b7c282054d2b162e7eb4c03a5b1e05,data_processing,2026-04-18T15:34:15,whatsapp
b362567c-008e-4d96-be4c-432fb44cf254,bac891dd3f908675c6abf0f814a47839,data_processing,2026-04-17T03:55:29,whatsapp
b522e5b5-d18d-4b8e-8830-37a3d5707aae,33a2a447031abe0998dc0bce6e60e467,data_processing,2026-05-25T18:27:30,whatsapp
69b883af-e6b4-4440-8d8a-51669019f30f,f362a6c23c776d03725e7562556330ff,data_processing,2026-04-25T21:39:48,whatsapp
b476289f-b9b9-4437-a506-95992798e491,3e6a8a8cf09dceabd9491e4730b8ecdb,data_processing,2026-05-29T17:34:27,whatsapp
1c5c3af4-6eea-47a4-9fa2-5a26c58c5e11,267aa4018e34f59e355be8eeae1b3531,data_processing,2026-06-26T06:33:39,web
0ff9325a-fb01-4a2d-a233-9134f7f216c8,111ffd6188115fc995bb38d892560d5c,data_processing,2026-05-13T19:33:29,web
6dfb8641-120f-49dd-88db-951f28488183,1d30c1f801992fd9e0d2a0212b2bff92,data_processing,2026-09-08T07:33:42,whatsapp
3a77badb-7611-4384-89d4-5534b8205a3e,2ccdbd9e8df2acb5963ffd49016dfb89,data_processing,2026-03-30T12:37:23,web
6cfe06df-098a-4c54-bf6e-883c7b1484fb,f0ae18fdf496beb1263e0f1f851704b0,data_processing,2026-04-16T15:40:23,whatsapp
985ef7cf-8461-4e47-8906-20345511d154,24db06cddab43f063f0e512617632b1e,data_processing,2026-08-15T18:39:57,whatsapp
13f3e4d7-99d1-4a0d-8ff8-5d35c7aff241,1869fe1bdec0d283d52baa28044b8b42,data_processing,2026-09-14T11:10:06,whatsapp
2b939b22-5cdc-4fe8-9f92-12f84c2f2178,191e80b047049eb12505868493beb109,data_processing,2026-08-31T20:59:53,web
d8e9855b-2d5e-46e1-876e-241125852f14,669bfab3a29bdd902693443711c79171,data_processing,2026-04-20T11:18:30,whatsapp
276d505a-f014-4459-a5c3-3444a0f616c7,973865dcf5aa0a143d8adaca9e1bfadf,data_processing,2026-09-06T18:55:29,whatsapp
aed4967e-de1c-4e0f-8607-dbf5ba3d2215,82c5de550fa54f634151b065bab87fc7,data_processing,2026-04-14T16:03:59,whatsapp
d31e762d-e686-4164-9674-32ec72d5fce5,d0a7dadf650bcd5a04cacc119d31a487,data_processing,2026-06-28T10:17:02,whatsapp
12df7518-8f6c-43e0-9a84-f0da656f0e5d,c5fa544d25bd48a76fe77e67358f74be,data_processing,2026-07-08T20:58:44,whatsapp
97f48be8-d437-453b-86a5-275f1491d622,ba802adeca763eade4096d779de41c28,data_processing,2026-07-13T12:21:24,web
ee70f783-fc65-4057-93fc-695aa715fdfd,e2948eae13ff2a085e7cf49396d94065,data_processing,2026-09-15T13:19:37,whatsapp
1721784f-9a7a-4ffe-b825-70523f35ea50,018bc993326f585b76b73334e91f70d8,data_processing,2026-04-08T06:47:52,web
2bc99907-c942-4eb1-b8f7-fae48c12851f,aba11cd30cd37f7439505b4205cfbf57,data_processing,2026-05-21T16:38:53,whatsapp
272dffad-fd7a-4dae-962e-fb2aa020ba0b,ec12e3fd7ae875ae40be8d23a8d2d2d4,data_processing,2026-04-29T07:17:25,whatsapp
2dc3ce27-d5bd-433a-a923-966522380ca1,671ce1acfdab3000527cf68e71860773,data_processing,2026-08-05T17:56:24,whatsapp
44fbf9ba-80c2-490b-ad92-16680eb42077,9c935c12a23d924edf95befaf9f117c5,data_processing,2026-06-29T17:53:33,whatsapp
349d5f83-a4a1-4854-bb7f-cbc50cf55294,7ed644d37e9cd80286552f271a3bc87a,data_processing,2026-07-11T18:06:59,web
1dde17b0-bc56-4f77-8873-010ba6bb6df9,30ab99a0a19dfd32361c44c3249b7e80,data_processing,2026-05-01T09:22:43,web
7d753bb8-e277-41d5-bd85-edde95d8640c,2c35ab6b5b75508650bb0715bc2fb7e0,data_processing,2026-08-02T14:14:55,whatsapp
177f5367-9ebb-48e0-ba9f-f6ed700fe83c,2ccf5b78bd43069482762a0f553ca776,data_processing,2026-04-05T10:26:50,web
0eb5562b-2ef6-4000-af7f-cef02562ee27,a78a0bcc5b63052db1e48accc79a48f0,data_processing,2026-09-03T22:01:13,web
42ef5fca-6f6e-43b3-b25a-b7116a5bc3a8,c021b0c24826a8541d478f3db85c33ab,data_processing,2026-05-18T18:29:57,web
acc70e8d-7a63-4225-9c67-f791a756fa67,3c35adaedb31087ea86630eb60c9795e,data_processing,2026-05-14T15:00:08,web
f6de0773-8dc8-499a-8f79-870acd74c0be,f23dda1ff8b545e5a7ce56e8c7f5185c,data_processing,2026-08-03T17:52:53,whatsapp
d395d6b5-5222-48a2-8e52-2d2eee8f5ed2,82eccaf55391b3673e58b4feb297a1ec,data_processing,2026-06-15T17:25:47,whatsapp
f0baa76c-b9fe-4d86-a84e-97fd95b58f7b,7372a2df0063f2570505dab90eef6456,data_processing,2026-09-15T09:01:53,web
50823435-438e-4c74-8075-ab9e21229f35,28d1bef02f53efe5dffe3da5c1e172ea,data_processing,2026-06-18T19:36:23,web
bf1d357a-f68b-4381-9c0b-85b21e989de9,2ad20ad2d9f3ffda2b98d820c1bfe97e,data_processing,2026-04-12T09:04:12,whatsapp
d5f54a44-0a2b-44e1-9621-6e9dbeb83706,edabd1296fcd21dadb3fc36a269e4741,data_processing,2026-05-17T23:22:21,web
27d1a1bf-e89e-4072-9fbd-5994619d0eb8,e9df235d5d870e3f8e426c33afaa0d77,data_processing,2026-08-14T07:25:21,web
8f24b2f8-c586-4a0a-a876-cdbce17536da,ffdb329367c995811e0544ed188e9eed,data_processing,2026-05-19T15:55:49,whatsapp
d409cb45-3e90-403f-a726-848e1fa5543e,c261671b3355b01fd340cbd5d1324ffb,data_processing,2026-04-25T21:48:54,whatsapp
58a54a56-465e-4f8a-a803-fc8e186b16b1,fe17dcebb76c9f73ec6e5d7a8a2543a6,data_processing,2026-05-13T05:54:33,whatsapp
cec90404-1f3d-47b0-ba63-9f803a4834f9,f29e88a8e5b8269c133c0691bf0cde8a,data_processing,2026-04-14T12:16:33,whatsapp
0e635e0d-5b02-44e8-ab90-a6f142062cdf,70a893e5b28d6bf12d2e5c03ec96a87d,data_processing,2026-03-22T11:19:22,whatsapp
2ded4522-2f43-49d0-886b-c98017e8c022,dfab3c329e4906a919dfd6cd6942681c,data_processing,2026-04-16T03:08:57,web
f145180f-336e-4b7e-a0f0-4dc39861e25d,79376138df0a85c17eff90aae4a28d92,data_processing,2026-06-27T13:44:07,web
1e898f0f-dc20-4775-b29f-62261904af10,9bdc164fa3fcd9996bc9f0ee881f74ef,data_processing,2026-05-06T09:21:50,web
e29d2c3f-9a81-4732-b8f8-7c9107af4a3a,2cb12e008cf79168c46832f1b39c2915,data_processing,2026-04-12T11:26:38,web
afeca332-4c57-47d4-a41c-d288fb04331b,81d98306d79efe394545e21c9454c5c3,data_processing,2026-05-29T11:11:56,web
1c0f83a4-fe5b-4fdd-b6aa-dbfcfb508b2e,e596474bf5c68e8fb873b51703e106dc,data_processing,2026-04-07T07:31:17,whatsapp
f677f287-e915-4db8-a9d5-dc5bb2d97d41,930dd6e05e50e8b54c8e3152616bb0fe,data_processing,2026-05-24T10:02:30,whatsapp
e1ecf6fb-e689-4fd0-85c7-ba7373a11eeb,d10e2075cfe1f7d18ee4d57ee1569044,data_processing,2026-07-11T12:50:32,web
37840589-3c00-4b44-8217-0f2af93d3102,8b0f4f517d976f5298e18ad5467b0004,data_processing,2026-06-22T10:33:44,web
5e3ab8ac-c0d8-4347-9e5e-4af380e03439,43cf1fefecf4b9356228693646228efa,data_processing,2026-08-19T19:48:24,whatsapp
3cff90a3-734b-4ded-b0c0-3b8a04ab37b2,d23c6bd8c12d1ebaa286d19680cc4f76,data_processing,2026-03-28T17:33:32,whatsapp
e4fd8fe4-4fe9-4d86-a180-2b68f0ee7118,82196bb344594c89c7c69510cad233ca,data_processing,2026-06-26T02:12:03,whatsapp
b9f93272-8fe5-4873-a119-80aeb43ce064,c62c7b948d9623074923a02aa32d5f01,data_processing,2026-08-25T13:37:18,web
1c29dad5-96a8-4875-b415-49d17c6aebe3,54dff64107cdd5afeab1cc593097897d,data_processing,2026-09-11T09:41:30,whatsapp
3067b48b-898a-4a71-8752-0715570c29c6,e8c4445d21d2a9ff60ae5d2ab456fd49,data_processing,2026-03-27T19:58:34,web
28a319e5-abf9-40e7-b9ab-cc330cca022d,4c85f40d8e2ac16b5a38f9820c0a410b,data_processing,2026-08-25T14:09:23,whatsapp
136c0997-3777-4ac5-8591-eb8f62e8d0b2,bc20507d11cd5935ae366ab7d593d986,data_processing,2026-05-12T01:05:51,whatsapp
11c3b6f3-ff8d-426d-84f4-330c9a791bc5,53160b8b677720ae1b90169ed2754ad8,data_processing,2026-08-12T15:11:17,whatsapp
685da5a7-882b-4686-9115-44292f383c9f,71a0c9e92dbbb1a18a61319fd971f07b,data_processing,2026-05-19T11:36:32,whatsapp
1b4cce18-f8f6-48e3-89a7-956abab82453,56a3ddbd946b3d3ecc85d1920f932f2d,data_processing,2026-06-14T09:40:11,web
316f832c-faca-47c2-a8c8-2d7fcfee4127,526a112c6eee6bcaca9a72d0fef6a836,data_processing,2026-03-27T15:43:27,whatsapp
e716525c-9e3c-42d3-8bf4-9d882cbb26fd,d65dfd79bac02c2bff56e905e0474f17,data_processing,2026-08-06T15:14:54,web
0132d546-f47b-4b45-b405-ceca898a7b0c,82207dabad9c6d84d6c4a91f97bdcb08,data_processing,2026-08-20T00:48:27,web
04f6f60b-b8b1-475f-b516-9d5e4076f842,5cb42f95413741f0a8af25eeb61b88fe,data_processing,2026-06-30T08:27:58,whatsapp
b95cd0c1-d2ec-4ccf-bd45-dd6de3330789,49cebbc2bc3b6438c0ffaa4809bf3797,data_processing,2026-07-12T10:22:48,web
5d1fa90f-ecbb-4d23-b82b-e3ec766b7e4d,82f4a805ff98943eef79d8794aa408b2,data_processing,2026-08-05T09:39:53,whatsapp
1e0b34e7-6c04-4135-b479-a205bd71b70d,b17eb18b56b3e7410fc734243383a8fa,data_processing,2026-08-01T15:27:07,whatsapp
fb786ad2-531b-478e-b8a8-aa669e48c2cf,924ff2acbaf976d6bfe332d037093212,data_processing,2026-08-31T15:31:36,whatsapp
c14e0f9b-8c88-4552-b9f2-ef647f95fca2,fd54c76bf131a2ddad1a54c38f66f652,data_processing,2026-04-24T15:03:39,whatsapp
f285b910-8c71-45ed-9b89-5925da5e49dc,c7d4eb16aeee75381f20a102d7910c2d,data_processing,2026-06-15T11:02:41,web
0e5592b0-575c-4254-9cd3-3b17e88ca47f,3ae1dd4ec273bb700f1b682c1a28ba9e,data_processing,2026-09-16T11:20:24,whatsapp
480f1731-b29b-4cbf-865d-c4aabf90c655,2e6039faac8a268e5dd98578a1261ade,data_processing,2026-07-03T11:27:23,web
d1d6380f-6f38-4490-88e9-49c2597d3787,b09aad81cb650fe2b109ff6724f3cd4d,data_processing,2026-03-29T17:29:35,whatsapp
c9e2a6fd-13b9-4bed-bc18-5be4daed8421,d85520695f9caa896dd1e57a5ca1170d,data_processing,2026-05-15T08:10:38,whatsapp
bc639d9a-693e-48bb-b156-77b85a611127,a480d07ebf89a6d4e37ae773d8c47927,data_processing,2026-08-22T21:11:35,whatsapp
ef5b5164-a982-4135-aa31-f599cda726e3,84b2d417a641052df346eff9be22b954,data_processing,2026-09-01T21:27:53,whatsapp
555d0545-790d-487d-aec3-52038e80eed6,64d74bb9e5b56319295c835a10bff0e7,data_processing,2026-07-23T17:06:33,web
98a6de7a-90ce-4d9b-825e-bf73e4eec5f4,486fb58238398da490ed3e78a59d5f19,data_processing,2026-09-17T14:37:06,whatsapp
39d21d5d-c8ed-435b-991c-52855cc50b75,aa9d9f99d709e2a2efc33ae6501e5cb2,data_processing,2026-04-04T07:39:28,web
1e914cda-e7c0-4af6-bb86-5e8a6e73924d,67c440263469367ec94f4f8d2d50c0f3,data_processing,2026-04-14T09:54:17,whatsapp
4abc404a-470e-46b6-8c93-db95bfb8a3e3,fa7865edaf5a2dfac7acd49959b9f0ef,scan_history_opt_in,2026-07-16T12:21:47,whatsapp
962e89db-aa26-47df-9ccd-85853347c9d5,17bb1f4ee58bfebbe77dde630373fa28,data_processing,2026-05-15T14:36:07,whatsapp
5bd7bf5b-d3b1-4a6f-a839-c63c585ae190,fc45604a0585520e075aceee90a401dc,scan_history_opt_in,2026-06-15T09:32:15,whatsapp
6e196d6d-c924-4355-9c5e-d6faf24a1763,34866b7fdda005c10eb36daed46cdef4,data_processing,2026-09-01T18:11:40,web
f02a04a2-d524-4a6e-b674-c5090f71d825,6b82e24ff63e4f257dfc9f9e2f7a245f,data_processing,2026-06-03T19:25:16,web
e4a8a271-8748-4b45-a7ad-6a663ad4d3db,da4eb038485883b07d15738d09c8f3db,data_processing,2026-08-28T10:53:22,whatsapp
b6f1129f-6d8b-4b45-8e77-747688fb57e3,44fc6b04f1a2b0fbd80d741bd2522b93,data_processing,2026-09-16T14:22:45,web
4d5bf623-fd1e-4873-82b3-e11d63622ded,93b9f0ece666a98e6e191a99f428d60b,scan_history_opt_in,2026-06-22T17:02:47,whatsapp
04a4154b-48cc-4dcd-b263-9a49a74c8a79,89cc3eeb5ed0c1b80cc0f7ada23b8b5c,data_processing,2026-05-21T09:46:36,web
210ab1b0-cab0-47cf-afee-25318bfe87c5,581e723c0af76d8d86bb5023879fe448,scan_history_opt_in,2026-05-21T20:23:51,web
68920cef-5713-4250-b628-d33e06e86b7b,1b5a3eba42bedece1aef2e6063b0d6ea,scan_history_opt_in,2026-06-20T16:03:03,whatsapp
43cd3415-4115-4e7e-88e3-fa06d1eff83b,34cdb39b0aedb8a91802b99b6e89750b,scan_history_opt_in,2026-04-18T12:40:39,web
f59d8e98-df09-4411-80ed-5100ad77da9f,85c9d7278d34d4c0731836445fce0d68,data_processing,2026-08-16T01:08:35,web
24e5cc16-abd7-4673-9f05-44a5bbfa8ddb,fa7865edaf5a2dfac7acd49959b9f0ef,location_opt_in,2026-07-27T17:24:32,whatsapp
6f37b0ea-ff52-4c10-bdfd-fc9ad7732381,6b0245e671ef884fea3a99ae4720c1c9,scan_history_opt_in,2026-08-01T19:32:27,whatsapp
4cd420f7-0d78-4964-a8cb-38089d96b22f,f993c7b0cc47f4989b63e0138fa7e9ff,location_opt_in,2026-05-28T03:25:03,whatsapp
832fbd11-e1b1-45c0-ac14-0aa035aeba16,5bc262886750772a9a05aeafe60b93e6,scan_history_opt_in,2026-07-31T13:46:23,whatsapp
b77f9363-952f-45f2-a378-7da92bd68165,f4b11ea18b958569af3cc15f7e0ef6ba,data_processing,2026-07-26T10:11:35,whatsapp
f0cb389e-e54a-44c9-8aa2-c3c51cc3c974,c72df4dd5c60f3c784fbf2a2d6cfc594,data_processing,2026-03-28T12:33:22,whatsapp
db56c069-990b-4359-a2e6-65d95e8b79c7,c2dfd02c6eb42fbff0b0220dc9b4a6ea,scan_history_opt_in,2026-04-28T22:39:07,whatsapp
ee959c29-9ec1-49b4-9d7f-d68f12cddeea,29a6aeceab4f21122ee4b683baa86c00,scan_history_opt_in,2026-06-03T09:54:12,whatsapp
3d3a936c-eabe-4c7c-b1a0-fc8347a3b81f,04d70ddc13e67546a033ecc36396c80d,data_processing,2026-07-06T08:37:05,whatsapp
cba3846f-b2ae-4515-9c98-f41852f93c6f,ab7baf99f64941e0d99096416435259d,data_processing,2026-05-31T10:58:29,whatsapp
41cdf7a8-1c1a-4a67-b65f-af04794135e1,cdf020335d1c5f15b5d456117ea1716a,data_processing,2026-05-28T08:30:17,whatsapp
f601729c-64af-482c-983d-b105eb9e073e,d9932925d41126329071b06a64e2e124,location_opt_in,2026-04-07T13:31:49,whatsapp
f15abf5f-5384-4901-a47b-87c6182337a4,d7c7b39b82e258763087f9b37b7b3ed6,scan_history_opt_in,2026-08-11T10:45:11,whatsapp
d7380dec-0e31-4fb5-a80c-99fb1e9d7021,bd6c8436d3d9b393607e555e56c2f90e,data_processing,2026-04-14T18:59:45,whatsapp
8d4f0385-3046-49fd-a926-e2edc806ce96,bfc87fc82fdd38501d1f320bef09b247,data_processing,2026-08-05T16:54:06,web
06f40d25-c010-4d39-9f98-0c773f96d927,7be177c7f14383bcc64310c783a565b6,data_processing,2026-05-08T19:14:32,whatsapp
b5b88c3b-3ba8-4d71-89b2-58f997a3b960,2a05bac554a819e50bbfd469e0f0e3a9,scan_history_opt_in,2026-08-09T02:45:59,whatsapp
3cb95535-aea1-466d-9524-67d40e512c7c,2ad20ad2d9f3ffda2b98d820c1bfe97e,scan_history_opt_in,2026-07-26T19:37:07,web
dedbfe75-ce94-4545-84bf-1348f84e2d9c,da982b4e7734e5ff29403e7bfa096ee4,data_processing,2026-09-16T17:22:44,web
e04ff18e-c933-4e70-a9c8-736a2995ed9b,f993a056247e066e9d9c0f054219b3e9,data_processing,2026-05-07T11:28:02,whatsapp
07ef5454-c001-4e4d-9e76-b9d305cae87c,a933f487def564eea698d7e824b4619f,data_processing,2026-07-10T12:09:28,whatsapp
bcfa8740-8647-434f-b74f-c0a4b4936a5a,4270c630df0d6aa491de4df391b1a5f3,data_processing,2026-08-26T16:53:54,web
b45a4d58-3d6a-4425-9b64-6d6d13909cbc,ddd9d3941b5a89ef0e40eb1cf3a07f91,scan_history_opt_in,2026-08-11T13:24:41,whatsapp
f7952c8f-0b07-4fc7-9d6a-4d5d4569c921,d41a9f72fd69749a8fbe2293908ce242,scan_history_opt_in,2026-06-09T17:24:52,web
61af5d36-7186-4a2c-8f17-45b0684b35e1,e12e97958b59a041e9bc4f4ab6021fe3,data_processing,2026-04-11T16:41:19,web
6205e73d-0875-4fa1-9df1-d2ac34973487,17f77bfdc49fd6ec0031c02262e88a0f,data_processing,2026-04-18T08:40:17,whatsapp
86a6809c-fd1b-4770-aa49-2cde706da2e3,44773db236428a2b73ca4eee39e452d2,data_processing,2026-07-01T07:30:14,whatsapp
b094bb8e-465a-4538-a4f6-39b1f87effda,70a893e5b28d6bf12d2e5c03ec96a87d,data_processing,2026-06-16T10:29:37,whatsapp
ea682e63-825c-453f-b752-7adbeb4fa4cc,a0d02c5a13c8bc8444bbef9d5c3109d4,data_processing,2026-07-27T10:32:17,web
ed6055a6-27bf-4c22-a61c-9fc367b5cc16,cad46622753ec581f926919197f371f7,scan_history_opt_in,2026-05-28T17:47:59,whatsapp
585b73d9-a1f0-4d02-a5a5-6b90860a8ef1,b59bbbe4e6324b25a27e10611d8ebb58,location_opt_in,2026-05-13T11:32:10,whatsapp
89a193b4-885e-4067-b626-3e838352ed16,a0d02c5a13c8bc8444bbef9d5c3109d4,data_processing,2026-06-04T17:45:46,whatsapp
e3ed931e-31cc-44ee-87b5-b179f6a91e12,e807d8e78d051a83cb699ea2221426f8,data_processing,2026-05-21T13:51:22,web
a8f8b03a-7588-4c46-904b-029282cc452f,1499e8e1a71cd4a97b639045c21af701,data_processing,2026-06-24T13:27:00,web
ded74511-b550-432c-bf76-a6e1393b0c5c,f8fc61e32d79a2e015e2746877602094,data_processing,2026-09-06T15:32:19,web
e1715bf7-de8e-4775-bf23-997580bff8a8,4450f961a10f10a9354616650eae9720,data_processing,2026-08-30T14:09:46,whatsapp
3ad03cf1-c3e2-4f93-ac13-d2c1b7d35184,ddd9d3941b5a89ef0e40eb1cf3a07f91,data_processing,2026-09-03T23:02:34,whatsapp
bb32d320-07e6-49d8-a62d-6a6da3d73c1e,e85ea54bc223c5203d363c60cae64b7e,data_processing,2026-04-13T12:03:11,whatsapp
469f85f0-1424-4629-bb09-8313b259bba0,c1d97c433ff720370bbdee9e43861bed,location_opt_in,2026-05-16T18:39:34,whatsapp
4d1a4310-54da-48ef-a094-1263736b4b13,82a7ffcef6a44ca37a937a6866aca7fb,data_processing,2026-05-07T15:52:10,web
6386b93f-f0a6-4db7-b6a4-fd5c9f81c4d2,09ecdb0788f79c39e3c8377bd7060245,data_processing,2026-05-24T08:21:09,whatsapp
fff44751-56f0-4f7f-a3ff-9dda36b65154,49b90859a208f1d049dc6414dc589750,scan_history_opt_in,2026-06-05T15:21:20,whatsapp
7dca6ebd-e6ef-40ce-9cf2-ebaa0a966842,711cb2f8f6d555ff6ae7fbd446721aa1,data_processing,2026-04-19T07:37:33,web
5ef6f934-38f7-4053-852f-295e54757347,3465304582a7cae60c2554b22fd22ef7,location_opt_in,2026-07-17T15:10:25,web
fe3750f5-52f2-4fcf-8631-86d5368c8b24,1ce4b552af156bc4e04cafa5d4276975,scan_history_opt_in,2026-04-17T12:34:58,web
3eb37d73-ae03-4780-9186-8cd58aea8ada,4753569b36e00ed3cfd70ad1a192d0ef,data_processing,2026-07-27T19:37:14,web
bd7912cf-fa76-4859-8f78-342ef22b201e,45b73cf520ad041da727c457a6271392,scan_history_opt_in,2026-05-06T05:01:53,whatsapp
1b3c2d82-2230-4fc2-870a-0cbc6167071b,a54175666837a1dde81125731f3b520f,location_opt_in,2026-03-29T15:09:26,web
a976e692-1912-4968-80d7-be9e1724e391,392b1652d1903b1613f78fa9c2572595,scan_history_opt_in,2026-08-27T08:36:06,whatsapp
9171af37-4b6a-4d54-b076-77addb8536f3,625758cf519f01bb1b7ec5f44f0d1c91,location_opt_in,2026-07-04T11:13:38,whatsapp
61537059-8274-4fec-bdaa-553d60966847,b193abbe84d4690ebdbd4b66e8a0898d,data_processing,2026-09-03T09:48:39,whatsapp
cc460d1a-fafe-444c-821a-705326ecb714,fb75f0772e2aeef8a996c3b82279fec2,data_processing,2026-07-09T07:31:32,whatsapp
ed7565d6-54af-4801-a85d-7720657dd535,1dc7ffa36799c597cf8464a43f8ef5b2,data_processing,2026-04-27T09:25:57,web
6a3cd339-f1c4-445c-af39-37a1161cccba,069d193723aa1d15920698523f4836d7,data_processing,2026-05-13T08:05:46,whatsapp
fffb7c8e-09ab-4c28-9a5d-aed70f959d06,3519166e96866a6be04638d9dd0261ef,scan_history_opt_in,2026-07-05T07:23:07,whatsapp
4cf7ccbb-69b7-4b5c-907a-8d4aad7002df,1b77d4374311843cb65e31d9844de76d,location_opt_in,2026-05-26T14:22:23,web
e6b7034f-b39b-4d3c-9e68-ad4be4720bb1,2eda83b3c9b24203bfc4ff53e32a293b,data_processing,2026-07-31T16:10:07,web
e4af4fa4-fa1f-47fc-8673-01fb08918005,586ca100736246ff5f795ed770afe63e,location_opt_in,2026-04-19T16:49:51,whatsapp
4798f2bf-9a52-4ae6-a014-c0a5ce145367,dba9c01b1f1d7daae97514805cba71e8,data_processing,2026-05-22T09:12:10,whatsapp
e3489da6-09a3-4b03-bc27-9d3a13ae5b29,52d3f1215ec9e96b3cdabf5e687e934f,data_processing,2026-08-08T20:22:45,whatsapp
f8cdffa8-52d5-4223-9a7e-a19597ec788a,23a26d2b8cc8fcea1b584ba6cf32da11,data_processing,2026-08-27T15:27:31,whatsapp
6d292585-81b8-41df-8369-25ac9bc6113a,9291120b05e7d12db91493beb2a94141,scan_history_opt_in,2026-05-29T21:28:51,whatsapp
99307876-a8e5-4831-9028-38e9be236627,99fe2b0c30af9e18ce02f94e4ce05a1d,data_processing,2026-05-10T12:44:37,whatsapp
2529dacf-57a8-4330-bdda-24400ef352e0,f0a8f3e7c1d033e9e4f9097194356997,data_processing,2026-05-22T16:52:53,whatsapp
48e1988a-654b-4d77-b39b-7b25121f92da,6cc25e8bcfa99e7bbec7d6c3f2ba66a1,data_processing,2026-05-11T13:39:50,whatsapp
49480e6d-ca8e-4989-a557-28cf4cdbf574,165bf461aa263eca0a47ca9d924cfe5d,data_processing,2026-04-17T13:22:20,whatsapp
31ab99b5-fd85-4916-b65d-b1ba4703be5a,bac891dd3f908675c6abf0f814a47839,data_processing,2026-04-09T18:32:10,whatsapp
28f96ad4-73c4-4619-911a-0d824b9618d8,f0ae18fdf496beb1263e0f1f851704b0,scan_history_opt_in,2026-05-29T12:05:15,whatsapp
5a967a56-090b-4b4c-a91c-72c7d5cedf2d,6c8d9aa79ce471ad250cf473d1010bfd,data_processing,2026-07-12T09:28:37,whatsapp
860a5be7-f474-4cd0-be34-dac4eea4380e,dac3256e4e49528cd03a8a435d41bb6e,location_opt_in,2026-07-17T07:33:20,web
2ffafaea-1d7a-4c59-ba85-e0533b397c15,b8da56cdc92690a7aeccba63bf1c6f73,scan_history_opt_in,2026-07-26T17:59:23,whatsapp
c47c10e6-c030-49a2-aac1-864a0bbc8c3d,c1c86fb864b49b9598b1ba4cbafa3730,data_processing,2026-05-29T19:55:04,web
9b200dc8-2a60-4c34-9439-74ff0024ee23,ffa479904695b2af9e0186f5346f673c,scan_history_opt_in,2026-08-12T18:32:32,whatsapp
aebfd6fd-cf6f-4ca2-a9cb-c8762697b2cc,82f4a805ff98943eef79d8794aa408b2,data_processing,2026-03-27T22:42:21,whatsapp
e4d4e7b4-04a1-404d-9716-5f9737f80f08,fc45604a0585520e075aceee90a401dc,scan_history_opt_in,2026-05-03T15:21:07,whatsapp
65c23b68-304f-4603-b2e2-cc1390be8725,c76fa81cfc0de74ae98563b999cf10d6,location_opt_in,2026-05-14T15:33:42,whatsapp
ccc97364-ea86-4942-ae7c-16cb34cd8b3f,c3915a340a4c1b746fd0ef115edf807e,data_processing,2026-06-30T08:50:49,whatsapp
fb64d1eb-72b7-4452-ab3c-b114f93c8999,b25bc15a6c7c98cab0c6568c000f442e,data_processing,2026-06-11T17:05:56,web
63f3f002-ad83-4011-8c06-b4512a80b828,d1dbe1881519a52cfe958ecab18cde45,data_processing,2026-04-04T11:09:38,whatsapp
eea8f45b-6528-4f71-a77b-38ee411972de,b0f8830cc1fd7f15d8a4492a02bdb1ea,data_processing,2026-08-09T14:53:54,whatsapp
c1c742c9-d108-4ff7-8ed3-1ffaa7f290bd,dd1bc6c70b67d68b1c2e4c5a76bc2619,data_processing,2026-05-12T02:36:16,web
06f89ad9-328c-4fff-91d8-c7b129d8e73a,4786ac24b2e50c03da4fd6c84b6dead0,location_opt_in,2026-08-23T08:43:21,whatsapp
7452b23e-e3c9-47ef-86f2-141e39821dbf,f91beda265794c607ec61d7530f36420,data_processing,2026-04-26T16:18:42,web
27f76ad0-dfad-41f4-9385-19e3f9cc2a40,f2d6b4a924edc267fcf7ccd549b67f76,data_processing,2026-08-31T10:44:11,whatsapp
85c6ed20-f0ce-49ef-913e-f021fdf2722a,a6da8d95b2b933b20b709856cdb61a8d,scan_history_opt_in,2026-08-15T15:20:27,web
1f44faac-5f6b-4b25-a8e8-4ec98fd32277,2200ca89c2523342f30cf4a296a51513,location_opt_in,2026-09-06T19:47:36,web
11bd3819-3d08-4c19-aa68-b713aa7e01a7,2200ca89c2523342f30cf4a296a51513,data_processing,2026-08-05T19:34:09,web
b9c1f583-7d82-43f8-a280-db5a28999a6b,6252481dc56ee15dcc1e646f042a183d,location_opt_in,2026-08-23T12:41:39,web
c5f97a54-1235-44fe-86b1-85f87f7dc83e,bf9a3f544cbff62c617a4864f1991aff,location_opt_in,2026-07-15T15:49:53,web
ed7c9448-2938-4832-b991-f8c580daf9f7,5961db5f11fe59f23b20c2eb6d70e4bc,data_processing,2026-07-13T02:25:20,whatsapp
e202f74b-9ec0-4660-b681-ec9383299c22,dd1bc6c70b67d68b1c2e4c5a76bc2619,scan_history_opt_in,2026-08-29T16:50:58,whatsapp
e73b7177-b42b-4e95-94e7-934fbb9c10eb,d4918b28f55161f582fcf03342020118,data_processing,2026-08-11T16:51:48,web
564551f9-134f-467e-bb6e-372c2b7bc775,1fe058ebfa67b9cc61c1039c05adafd8,data_processing,2026-07-17T17:02:13,web
85753190-c30e-42dd-b940-99d1b075c81d,f0ae18fdf496beb1263e0f1f851704b0,scan_history_opt_in,2026-08-26T19:17:55,whatsapp
c5b10b62-1a4a-41ae-9fd8-9d17cde53d1f,62bab6f4a749fb551d5d071a9221df30,scan_history_opt_in,2026-07-04T14:49:14,whatsapp
c89a6af9-69b6-4de5-8dd6-70f684025741,329940f028b76a1f9bc8a270e3f5519a,location_opt_in,2026-03-24T10:48:56,web
4e9a4349-1ca8-4106-8315-5b837b42c5a9,40d056b6e94c62be782266cbb424786a,location_opt_in,2026-08-10T18:03:59,web
410e3b86-9b8f-426f-b8c3-370e8511b3fd,c8fd7d2da98399f7f48e37c9c620a222,location_opt_in,2026-08-22T17:49:50,web
e37e5358-1871-4ca8-bdac-0f77e99e6fc0,acf09ffb5f9384a728a4bf6d67177321,data_processing,2026-08-07T20:50:24,whatsapp
6f009f81-9c13-46c9-b76b-29612aed96a8,2e42a09c716caa27851302b118db1d6f,data_processing,2026-06-26T09:18:40,web
8bc03e5d-0cdc-4e86-a2c1-b807d9315277,f0ae18fdf496beb1263e0f1f851704b0,scan_history_opt_in,2026-05-25T17:32:14,web
e52632f0-f84f-4113-9b3a-c7f378f81e40,45b73cf520ad041da727c457a6271392,scan_history_opt_in,2026-07-02T18:58:17,web
69293906-bc4c-42aa-a445-805d4554b9af,1c239458a77ebcb1b4f5ab7b555ec14f,scan_history_opt_in,2026-07-18T12:05:36,whatsapp
96c8f236-4854-47ad-ab8e-0c3ddc9d5868,99fe2b0c30af9e18ce02f94e4ce05a1d,data_processing,2026-05-06T11:08:24,web
cc4cb5eb-e97e-42eb-b45c-8c996a712964,009e0d8c16b16ecfb868d3fcda8015c5,data_processing,2026-06-09T16:24:32,web
4fa26d8e-bbf4-4fe2-b952-c38a495071fa,2c777ee61d47814a85b5b5177e597be5,scan_history_opt_in,2026-05-28T07:15:45,web
3a487855-d744-4f3a-b412-187d53e9c605,5e61ae1be8fc729c11dbe83cfecd7083,location_opt_in,2026-07-11T01:36:38,web
2b940073-e691-42b1-a3ed-e414227092e5,7aecbe672797d900c94f5e0ba678ffb5,scan_history_opt_in,2026-07-25T16:53:57,web
99bd5d9f-a2d4-43a9-8f33-a18d1236f3fc,0cc6945ef18b4f220b305d1732ad1eba,scan_history_opt_in,2026-06-14T08:41:16,whatsapp
661a81e6-33be-4b7e-bd7c-56dab255ba34,6cc0ba3458178b7fe10be906d2a80075,data_processing,2026-08-23T17:36:39,web
4575de42-f2fe-47f0-8b53-4808b05680b9,56ba160c4b4bf87af372c69b5ce89ba4,scan_history_opt_in,2026-04-15T09:36:41,whatsapp
4e668f7d-4dd7-4e54-a4cc-51e27156798a,ac6b774b39df0d8e8b9787f62d815c44,scan_history_opt_in,2026-04-27T18:51:48,web
83556dc3-43e8-4d44-b88a-02043bd4a617,c608c550e96d185084a7a9b17148f25c,data_processing,2026-03-23T21:59:11,whatsapp
80725a31-5e86-4cfc-a0dd-ba80e4023e37,423001e6c7936bee09c3f73ebb3c63b9,data_processing,2026-09-08T08:01:57,web
6affdcdc-20b0-44b6-b894-2239bbfb33cf,4a33d2c0f0f72fa7fa323261e7c05a21,data_processing,2026-06-18T14:16:24,web
407b8406-5f48-4ded-ab5a-d6d2dae3cd82,5863fdac4b89ed3a5e3b7517cc9b4a18,scan_history_opt_in,2026-03-25T16:22:57,whatsapp
71bd802e-6d1b-411d-bfc6-a5940b0000f0,d59ef29d2aeec4b1627966a9589ccdfa,scan_history_opt_in,2026-05-04T11:34:05,whatsapp
c220acca-79ec-4df1-8f02-65e3dbdc4c66,e9f42cbd5603c1cf32851de8ed933c1b,data_processing,2026-06-02T15:56:17,whatsapp
ae229204-c1eb-436a-937d-a3b6ec9ed8ea,b78ee5f89774f5e24c980389824accba,scan_history_opt_in,2026-08-10T13:11:35,web
6bf12a40-acd8-4874-82ef-056dfe3b1c63,dc55194863ecb4ded10ca73ce4704b64,data_processing,2026-05-05T09:02:25,whatsapp
526b0075-7b1b-4b18-bbe3-3b4c8e995069,ac02f2e8c7a0c7fbd84ab1867794c3ac,data_processing,2026-08-16T19:05:35,web
9befa322-cd7f-4ded-b548-653d33b42ceb,8b03cbd3f9da7835b65e95be8b10111e,data_processing,2026-04-23T13:33:24,whatsapp
a70afd59-04bb-4a97-a5d6-938a702e79fd,0ca456b594f9540fe7964f4ab3d8c997,data_processing,2026-04-16T09:07:02,whatsapp
d6e212ad-a8ff-460b-8b0c-553654337943,6a4927b4c71203f57c1c12928825611c,scan_history_opt_in,2026-04-21T11:07:55,whatsapp
2a7fc1bb-3d25-4fa3-a16d-107b0771a762,fb4ff36f83724af32507936c542f8c20,data_processing,2026-09-13T07:15:00,whatsapp
59696cca-dc42-400d-ab17-638533a6a845,b8fa967a0e74ec0e5bb4fc5fc72afe8b,scan_history_opt_in,2026-07-22T16:24:23,whatsapp
0a8ea4b1-1bc0-4a0b-a100-a83044393948,416eae7156bb769a5abdc356fb8c8fbe,data_processing,2026-07-03T18:38:19,whatsapp
de011e4f-6827-4b65-baf9-3cc027dc24ea,35d46261aace2e801dc1b36cb5f19659,data_processing,2026-03-27T08:03:03,web
20fe692b-edab-4374-b111-fd7dfe521337,580f2bb619ff885bb9caf61b1aca93fb,location_opt_in,2026-03-24T11:52:03,whatsapp
2d57bc6f-566e-4dc7-a808-fc60e2f3db79,8be3389a3ba8d31cb7847ce8ade2ab63,data_processing,2026-07-07T17:43:57,whatsapp
921d689a-d6e6-4eaf-a669-10011ab8b9b4,ff5c6cc3be0f964a46848683a494abe4,scan_history_opt_in,2026-05-26T19:01:32,whatsapp
79fd90cf-18eb-4e5f-b644-924a02914f50,04a915ba7b4332696f34b37802e9d30f,data_processing,2026-06-24T12:06:32,whatsapp
63cf2c11-ed34-48ea-82b6-1b61494009a8,79376138df0a85c17eff90aae4a28d92,data_processing,2026-05-16T10:47:54,whatsapp
6b8de853-6337-4848-a34c-44c66b8eb308,df5b843efaa558ee53113a680448cb2a,location_opt_in,2026-04-30T18:41:56,web
514ea0f3-354b-40f3-87bb-4fa9b7ad811e,224e97e86efbfd570ce27fff3250c789,scan_history_opt_in,2026-04-30T13:13:51,web
c0e59367-77cc-4a0a-b809-7ab81e39298e,1170f52480488cb5bb9276f237c3f93e,data_processing,2026-06-29T16:14:31,whatsapp
872d7419-c43a-42ec-9aa9-1d91aa1c428d,a4fbc529cec92bae8780e1bbec087cd9,scan_history_opt_in,2026-08-08T17:09:18,whatsapp
ce316033-0dc0-40a1-b013-2bd4a0666a01,9e3d41ec4af650dd232dd96ecb677404,data_processing,2026-04-16T09:48:49,web
005ed0d7-7d6b-4d88-972a-bb01fed296bf,d508869c6ad8d7cf1a5d8524ab0e19d8,data_processing,2026-09-02T18:55:10,whatsapp
b4e6ad42-e699-4c71-ba37-2ac3c9713eb2,a9410cf2c059407c10dd4baaaf9014bf,location_opt_in,2026-05-24T01:47:32,whatsapp
ac1c585e-c3db-4d49-90ff-e4395a222c4d,7372a2df0063f2570505dab90eef6456,scan_history_opt_in,2026-06-12T11:03:36,whatsapp
ab316542-0766-4fa0-b773-4dfa084e577a,dfb26bc6983d073fe1db4d37b92d5ec2,scan_history_opt_in,2026-04-17T06:35:50,whatsapp
5c0133d7-8b94-4b72-9928-0c1653bbb489,6cc25e8bcfa99e7bbec7d6c3f2ba66a1,data_processing,2026-07-25T15:36:24,whatsapp
2be93e83-9fa7-4b19-97d1-f1e91b93168c,ac6b774b39df0d8e8b9787f62d815c44,scan_history_opt_in,2026-06-30T12:34:10,web
db6ea46b-1cae-4526-aa50-8a5c85aeff70,6e233ea573e8d6f8370783081bf2b904,scan_history_opt_in,2026-09-04T16:51:06,whatsapp
5b6c7593-2234-4113-b79d-6f2e17a96ca3,7f0350561676d41166a60e25ed7a2f6a,data_processing,2026-07-24T13:42:16,whatsapp
b52f8af0-17b5-4485-99c0-a0becfffa30f,91fff1c58bcfc68c2e62e0fee2d24179,location_opt_in,2026-07-23T19:49:03,whatsapp
704b478e-bb49-400c-b00b-5877f0a37c4d,bfa4e6b833069e62d2ddb6c2aed1ac15,data_processing,2026-04-28T08:23:23,web
4ce557a5-8d00-4c54-bfed-61b830bb528b,3519166e96866a6be04638d9dd0261ef,scan_history_opt_in,2026-07-07T11:29:03,web
6ab1da48-188f-421d-a102-c188b2f46d5f,2ad20ad2d9f3ffda2b98d820c1bfe97e,data_processing,2026-04-03T07:42:48,web
e9be4d97-cab6-4c6b-bfed-5cef259efe78,7da53e14bc8344db5f22d2d099424d6c,scan_history_opt_in,2026-08-14T11:58:33,whatsapp
80367b20-9187-4672-ae3b-a39ff6cada61,39f12e5a85cb1d9de43542f22bf882b0,data_processing,2026-04-19T11:32:55,web
bd1548d1-e162-4a09-8c8d-13cb6d9f22b2,f1278304b1a4cebff53019a4ef7a15bb,data_processing,2026-03-22T17:32:05,whatsapp
5d3547e2-5872-4257-aa3e-62a8d750725a,7187d84eb47f5d50e560b7c312e39e30,scan_history_opt_in,2026-05-17T14:44:02,whatsapp
3b91c196-6648-4291-b4c5-4cf52b04c205,d76a2355dd9b8ea114df0e042098bd23,data_processing,2026-04-09T16:46:04,web
d264dfcd-3be1-4d74-adc0-d72d5a60e50e,307bf288360162ccfb0ddad8e2bf1df2,location_opt_in,2026-09-01T15:39:00,web
d4f4e273-5545-4668-aa43-ea23e1fd1622,ce6f6dde7ea16a4b1f522b6e9ea6ff23,data_processing,2026-09-11T12:19:50,whatsapp
066f9e0f-3221-4ebe-a730-73a2b0fabe2b,79319c435eb408cb33a00d2b69ccb31d,data_processing,2026-07-15T09:40:52,web
cb7aff68-c342-4ae1-b2fc-2c6b36b68843,a3bb17bbcb3c0ddf37ddebd7cb7e18ff,data_processing,2026-06-08T14:43:44,whatsapp
8992cc2a-140f-481d-8944-8f4b2dea0e5a,f4c949d837692a61a7f47879b34131f3,data_processing,2026-06-06T18:02:19,web
5c0eaedb-dce9-4047-9dc4-26cdd2301c15,8ff3279dba72f6fb2c874c4ac76034fb,scan_history_opt_in,2026-05-14T13:02:49,web
e720cd25-4f16-4008-ac1a-ef7c1cec4779,fd9a5dfc81d852165804ef5a076c9520,data_processing,2026-07-31T05:12:28,whatsapp
2211a758-2c52-4d7c-b4ad-21b7ce09d82b,4a920cf705aa4102e0a12f7995bc3633,scan_history_opt_in,2026-08-18T18:51:07,whatsapp
322da5f9-1527-457a-9c36-e5149862269b,467e2c88f9812065afea66a4c67a81d8,data_processing,2026-08-01T10:29:43,web
13d54ede-f335-4fb4-bfa1-c03511f8d225,dba9c01b1f1d7daae97514805cba71e8,scan_history_opt_in,2026-05-22T23:04:45,web
16e95666-4386-4b7c-919b-cc02e05f9565,40163edc55fcba8e5022814448c52fcb,data_processing,2026-04-15T10:28:22,whatsapp
0101340b-5f25-4257-9831-1f39aa9e9be5,11221d09da32ab37ab28b6d24abb3655,data_processing,2026-03-26T17:58:20,whatsapp
6afd3221-3c37-474d-a606-dba87c322b20,a54175666837a1dde81125731f3b520f,data_processing,2026-06-28T11:44:32,whatsapp
4dd32723-18ef-461a-860c-717f41274b13,f29e88a8e5b8269c133c0691bf0cde8a,location_opt_in,2026-06-24T14:09:39,whatsapp
05609724-8437-4fea-a166-d605a23842c5,04bf35d80f632dcdb2474a915f1b9eb2,data_processing,2026-07-21T10:10:16,whatsapp
6f42a017-9c37-4371-9ae6-1827123ade5f,9de302cfcc824b8d78cd40f78b6ba245,location_opt_in,2026-04-29T17:46:14,web
16995619-624d-4859-8238-43ea44986ccc,942fe5a5be154b65febd8b844e0f6546,data_processing,2026-08-25T11:57:54,web
9428c3a2-4c0b-49f4-9afe-00a32952a972,71ed900060f929fa055ce9eb81ef6d2b,data_processing,2026-04-23T12:34:26,whatsapp
06d08f8d-713b-4e73-a473-a61f4c09c5c1,2cec99df55cc9889d4ce2e77ceb1a30a,data_processing,2026-07-07T13:45:02,web
6336d933-089b-4546-9292-6685a6a3df20,b759f0c055a2a9a2a70ab3767e98f25a,data_processing,2026-05-07T09:12:05,whatsapp
fb2ae37a-f06e-4691-b159-e7b967d72a68,9f0833fcdb4bb3485edb5bc9f979dc24,data_processing,2026-06-05T18:47:07,whatsapp
82720fb1-e281-4ce8-9031-3ee6eb3aa326,f993c7b0cc47f4989b63e0138fa7e9ff,data_processing,2026-08-05T18:18:35,whatsapp
8a74e043-3e93-4168-b66e-662b6919fef1,dfb26bc6983d073fe1db4d37b92d5ec2,data_processing,2026-03-23T16:37:48,whatsapp
061d129b-ce04-4c85-8b63-22084c7ce2a1,3f555b072bccae10fcabab08658e28ee,data_processing,2026-07-31T07:30:28,web
2a03b15d-7bf0-4f23-be1c-73c4b272bb8d,3000640d8c21a7ec0c20d43297182c05,data_processing,2026-07-04T10:26:21,whatsapp
b9b9e322-936c-470b-aad4-2ef9ef19d08b,f837e5b6a76021083b5c22a89e2d6adc,scan_history_opt_in,2026-09-04T16:56:19,whatsapp
ca9f1945-eafd-40b6-af8d-109eb50ff28a,e6ea0cbc4cf0a484181dea8e2d995e2f,scan_history_opt_in,2026-07-19T09:45:44,whatsapp
b1690584-f23f-4e1a-ad25-15dd98898bbb,e2d34e804756a6a9b1cb9c397aacc154,data_processing,2026-05-13T19:57:09,whatsapp
cd7add47-1b9e-4404-9acf-a7ebaf25f43f,cfc4c5fd1a003f791b9ba26f361e1ab4,scan_history_opt_in,2026-06-22T11:32:05,web
79fbdebb-ae74-4aea-8203-e1030d4da4a2,5a183b79f44f362074c319ccc3da5632,scan_history_opt_in,2026-03-24T18:09:31,whatsapp
18e9a554-d9cc-4844-a9a5-26a56dc018d3,fe17dcebb76c9f73ec6e5d7a8a2543a6,scan_history_opt_in,2026-09-16T13:02:26,web
54940f16-bfb1-4643-9303-fb8ddf5db54e,702c783d13415ad43e135dd30112dea1,scan_history_opt_in,2026-06-06T16:01:58,whatsapp
16306fc4-d95b-4b17-8ca2-0b1e8e6a8b00,e0898db25dbdc1ce96632f8562fcdad5,scan_history_opt_in,2026-07-26T17:18:34,whatsapp
f9481da5-626e-41fd-a12a-957e78ca0c99,d8ed069e00a95e4e8d2a9fcdcdbb6986,scan_history_opt_in,2026-07-23T19:00:49,whatsapp
0a02a0f2-c5fd-4070-9d4b-ebc97717cf22,a9edb4ed4e5b249c2e8036d7dddb50f9,data_processing,2026-06-09T11:43:57,web
6d16ba06-aed2-4408-8855-daeab9913dac,22722a3ee3f58878e9295f1e0bbe95af,location_opt_in,2026-05-05T15:50:26,web
3432045b-f0b1-4ee8-843a-a66bfd369027,aa442ba763c3b8eb20ef2674fb156332,data_processing,2026-08-11T17:34:07,whatsapp
3e7c7713-31c7-4507-a5a3-6bd555ba4d02,54a24eb0f4ff4797d6baa66a4022bf2d,scan_history_opt_in,2026-04-30T11:48:29,web
0add45cb-0ea0-4933-a784-ae7dd7d92e19,7a44d017274c855417cd34e4edcfe4db,data_processing,2026-09-03T23:23:07,whatsapp
f05ec27b-4161-4780-b080-fcc24e1e3c23,c202f2687146c606baed4f97a8732e40,data_processing,2026-06-22T12:22:19,whatsapp
768664e8-5c19-4d91-9a0f-9395313a812f,f028b109eeb35f1c3eec920d1c815cf6,scan_history_opt_in,2026-04-03T19:15:47,web
c456ddc9-1f4f-489e-84f5-27580cccb58f,a26e4fea1194980699701935ad4e8734,scan_history_opt_in,2026-09-13T07:20:57,whatsapp
3d62b633-806f-411e-8daf-733277454a66,73c32a28848952f1ab1934086cdf8419,data_processing,2026-03-31T10:50:16,whatsapp
eba4a5cb-83c4-424c-b12d-a01d96f4d783,d7f8a9913c92d201ba7951f80d508edf,data_processing,2026-04-26T18:31:26,web
95ecf22a-fb5c-457f-9b64-0af56a98ba6b,423001e6c7936bee09c3f73ebb3c63b9,location_opt_in,2026-07-08T04:45:06,web
9b99a320-a8ce-47a3-8d75-934890e1182a,5490ce79aef80924bfc04a111804ea9b,data_processing,2026-04-08T09:48:41,whatsapp
fa839203-e47e-4d30-a93c-111ced9af605,f1278304b1a4cebff53019a4ef7a15bb,data_processing,2026-07-06T09:08:46,web
e846a030-accd-45f4-ac5c-332b555f5351,08a610b649a839d91c04b299565a989f,data_processing,2026-05-23T11:18:24,web
83bc3520-c604-41d1-9691-5c01eac0e6ca,8d5bc199a5774b551fd41372e0fcc2cb,scan_history_opt_in,2026-03-25T16:12:09,web
4de6dedc-ad19-4353-901d-88afb3e81af2,1c695117f7c96aaf6078dadff02115f9,scan_history_opt_in,2026-06-16T18:57:58,web
09e4607a-ff26-48ef-a3ca-ce7bd0d759ea,e37f789e33806d8e6e5a20e9cbce0be9,data_processing,2026-05-13T18:35:21,web
7d755240-7cca-426b-99b2-8c1ca52f55d0,5c24153ea806c29a99970f4a4792f6cf,data_processing,2026-06-25T09:46:43,whatsapp
b71358ad-36aa-48d9-8f69-f712858a1d0a,dd2c28fa286a69d2c160c35779709812,scan_history_opt_in,2026-05-10T12:07:46,web
2b23244a-2bd1-4654-8b79-094b5a47095b,6b82e24ff63e4f257dfc9f9e2f7a245f,data_processing,2026-06-06T11:26:32,web
fc2aaa70-0209-4f36-9828-3c389572bc04,54dff64107cdd5afeab1cc593097897d,data_processing,2026-04-11T13:15:51,web
054e4247-d481-42d7-8e08-74f3041a395c,fc49f43499267e9746f124621340e83e,location_opt_in,2026-09-14T15:55:14,web
1c249751-1245-4faf-88aa-13a0b1029ec2,a6cd21624f23bda4dba07d1882f532c4,scan_history_opt_in,2026-06-08T11:22:24,whatsapp
53809695-ae5f-4781-99f0-b6c68a23f2d7,4781d669e3917da92691664640211bc8,scan_history_opt_in,2026-09-04T17:50:51,whatsapp
05c7aef9-26cd-4433-868b-efd0bbdd563b,e53563b9c86e4d314cd6bf83e91b2bf0,data_processing,2026-08-01T11:09:25,whatsapp
6f3b1a95-9fb7-4689-b7d9-c46e05e02cb5,9a7eb506f27a78fcc85ade641254acd1,location_opt_in,2026-08-01T09:57:18,whatsapp
da5bcfe2-eb3f-4a4e-b0f6-e084ac4d9aff,1c6bd8689f024cccd50ab8cafbbac05f,location_opt_in,2026-09-02T07:03:35,whatsapp
2fe63d3e-1bb9-4a1b-96c6-e27bea31ca14,156de33c691d38eaba52ccadd9d6222a,data_processing,2026-08-01T08:36:15,web
2207a324-f2af-40b1-9cc7-879ce8313273,a76ee558c1eb78b428f6f2604eb53f2c,location_opt_in,2026-05-01T08:50:35,web
8c95e041-60c4-4d19-a4b2-8c4c8bf21b25,8f21e313e27be790ff805bb32cc52bea,location_opt_in,2026-08-27T10:27:00,whatsapp
14ca81c4-0303-4ddb-b192-0a02d79e2224,9ec6c1bc3309161922ac6d288b633447,data_processing,2026-04-19T16:48:47,whatsapp
44b30628-eb74-4c11-be62-1485488e43a9,95b953cc47c85c2c37521108dfb19824,data_processing,2026-05-02T11:39:36,web
a646c7c9-57c6-4693-afbd-078d6420c8db,16252ad45c48a523ff128a110a503175,data_processing,2026-04-17T15:15:49,whatsapp
dab73acb-c785-4c2f-b27b-21d0280b643a,78003eb79936076c2ae14cb2bb5d79d6,location_opt_in,2026-05-06T22:19:55,whatsapp
bb7e86b2-4648-4df0-8b0b-dfc228f4cad6,bc20507d11cd5935ae366ab7d593d986,scan_history_opt_in,2026-05-14T11:42:04,web
04058bff-8391-4720-ab57-e610d50a5b12,d46c54e4d2b122ee35f35c3b3e2831f0,data_processing,2026-08-08T15:26:05,whatsapp
27edb4fe-0bbf-412e-946b-4d7c7c0160f0,4374c631b4a4d3291c9e7ca3795ae457,scan_history_opt_in,2026-08-20T16:48:19,whatsapp
d76a41f8-db72-4564-97d9-59844671b7b6,77ea324466466e71d277cee13c22bad4,data_processing,2026-04-10T20:24:21,web
6b93423c-8701-4624-aa0a-a14fd6343314,1fdad2a31b12716cae316512666c76b2,data_processing,2026-07-05T13:42:35,web
3c8225ee-1eca-4472-93a4-de96e0559ef9,0b35b61360525b218b8addb6360c334f,data_processing,2026-05-08T02:33:18,whatsapp
b88f80d3-f339-4954-b432-826e0f0369d2,0bb16ea61b318a8b0ef12d1de75ba782,location_opt_in,2026-06-16T16:37:56,whatsapp
5878cf7f-2cce-4a53-a1b3-25d619414a3e,a063052b70caa6fec21105149117ad63,data_processing,2026-04-18T11:57:11,web
66df918b-2e67-4da0-9360-db28e0b0a6d4,1869fe1bdec0d283d52baa28044b8b42,data_processing,2026-09-08T09:56:28,web
93a3951f-d3e4-481b-b2fe-251e7a20e7fb,ca448464eb42d3c98c4b8fca91d80ef7,data_processing,2026-07-21T11:33:12,web
0c6d28ae-6cbb-4e14-b0c7-f5d4dbe44c1d,3087cedac3782d4924670a166b7478f7,data_processing,2026-07-31T18:15:08,web
c3c46179-8d01-44ab-8c30-adfb1032ea95,0cc6945ef18b4f220b305d1732ad1eba,location_opt_in,2026-08-20T13:54:24,web
36e33bb8-50be-4038-bb08-c8e1ec274896,ab8e8edf480166e9452ecf722ee0e1af,data_processing,2026-05-18T19:54:46,whatsapp
42ea6c18-5fb0-42c3-afb7-f6391ac1b085,de3836dcc50379d3aaec3cfa3c013c31,location_opt_in,2026-08-17T09:59:31,whatsapp
16cd19f8-950b-4515-b976-06c1be7fdbcf,5c61626bc4c72395edcf571473ff83b1,scan_history_opt_in,2026-06-12T09:32:36,web
0033a175-30e4-44b4-9d7a-da5b8acaa482,e86d0fffab672ed97f4ccb33ad03b4f7,data_processing,2026-05-10T08:10:09,whatsapp
c340627d-f114-4e1c-8f7e-3d17309d587f,a3735de9c8acd9a77024d34a15165074,data_processing,2026-07-05T14:12:36,web
709f04e9-5368-44d4-ba41-e592f2f24d7a,c9ed0c17ffd8dc192265f799e2ed6d6f,data_processing,2026-05-20T17:40:10,whatsapp
960163ca-46dd-4c7f-be58-0d165d0175dd,fc49f43499267e9746f124621340e83e,scan_history_opt_in,2026-05-10T10:02:24,whatsapp
1da4f813-990d-456e-8840-96f8b16dc08b,6ef176490d80deaa5b1a62f57efd20fe,data_processing,2026-03-25T15:50:11,web
a3dc29cc-817b-4fe8-b36f-6502dc925b9a,b6b06ee48bcd1ddde564481192922e35,scan_history_opt_in,2026-05-14T20:56:21,whatsapp
c2ef8df9-3465-44bd-b278-fb9d59d9ad64,197f4e819ff21c67b0f668f563155e35,location_opt_in,2026-06-08T11:09:43,whatsapp
61d44be2-a764-4914-84d6-f000eeca8889,639cdd8ce6ed00469619f6804c1c6bd3,scan_history_opt_in,2026-07-27T16:38:41,whatsapp
5e6f2d69-599b-4c87-8070-23d8878d1504,d8ed069e00a95e4e8d2a9fcdcdbb6986,scan_history_opt_in,2026-06-14T11:34:18,web
8260d19f-7e69-43fb-b852-9210cacc2a19,0fd776b6c047c6fbd52a878f7017be6e,data_processing,2026-05-27T10:00:36,whatsapp
2da442da-d84e-4f7b-b503-8b08c72eddf5,77ea324466466e71d277cee13c22bad4,data_processing,2026-07-27T11:19:48,whatsapp
2a10db8c-cf5f-4f0e-9bf3-3b7084b5fa9d,b6323c0ca754322ab70d0544de4ce1b6,scan_history_opt_in,2026-04-01T12:48:38,whatsapp
6a29c398-0323-454c-8432-91820398bf93,2f21940ecdd67ac9f9ec99efddddd479,scan_history_opt_in,2026-08-16T11:56:03,web
9645fcf8-42e6-4690-b42f-56f20073a387,eaa945df44a493904b2b4622a692898d,scan_history_opt_in,2026-07-13T16:52:32,web
e440cebd-ca29-4d89-9651-4027779a2a38,73c32a28848952f1ab1934086cdf8419,data_processing,2026-07-08T09:06:00,whatsapp
72090a74-0cd9-4c85-839e-15ba04dbe51d,1ce4b552af156bc4e04cafa5d4276975,data_processing,2026-04-08T19:22:04,whatsapp
ee0d0f14-3806-4c76-93a4-12cfe9095638,f2d6b4a924edc267fcf7ccd549b67f76,data_processing,2026-03-24T20:18:02,web
71c66417-b4e3-4cde-95fc-66ffd2f596a6,ed9c4fb29eb0fda0a87ca5f36441d1b3,data_processing,2026-08-27T12:55:51,whatsapp
913ffee9-2a4f-4d59-b76c-676ff5dacb13,5a7e947834ddc649c215ef2d845ba6c0,scan_history_opt_in,2026-04-26T13:12:40,web
b9c88692-9ff6-4210-b755-b51f0c9502d7,23b0c70290bd61097ef00d18cddc1c9a,data_processing,2026-06-22T09:23:33,whatsapp
eb57dc03-f91c-401c-a5bb-9246308a5ea0,71e3497b2317aea8c0a7dce9247192f9,scan_history_opt_in,2026-07-24T17:32:30,whatsapp
3b169053-39fe-4022-8f22-212a8c2fae42,126e6839aab4681357112bacb4c9f684,data_processing,2026-08-21T14:16:26,whatsapp
420d437e-3ead-4afa-933f-0938e734de41,44fc6b04f1a2b0fbd80d741bd2522b93,data_processing,2026-08-19T19:20:03,whatsapp
0cd048c4-d49b-4b58-9695-2dd5590476b8,549f3dac7ca32a668957500f60f8b01e,location_opt_in,2026-08-15T13:19:10,whatsapp
c831421f-f688-4c91-b67f-e9272f59f676,17e451851f0d5082ffe6be6361cde53f,data_processing,2026-07-31T10:22:34,whatsapp
4f2ea10f-bea7-4311-885a-7e6f8140ca1c,1e4ee9194ae1ad185b014aa24d2d7348,data_processing,2026-09-05T08:16:14,whatsapp
81422e1e-78c0-4e77-b4e9-cd9d45a1f07b,dd1dd8ac456279a1abc3ad653db1fee0,scan_history_opt_in,2026-08-16T08:19:24,whatsapp
1f72bec2-dbcc-4c6d-bf34-3368dde48943,4c7e9a41eafd2bee8000d586e84546d7,scan_history_opt_in,2026-08-20T11:25:00,web
2109b9ab-5661-4dec-b462-6cf3eb1bd0ec,b25bc15a6c7c98cab0c6568c000f442e,data_processing,2026-07-11T11:57:03,whatsapp
97c7d212-d0df-4415-840c-a308f20e0c4a,e40366a75818fe5b6728beea21df9fcd,data_processing,2026-09-07T16:56:51,whatsapp
81674bde-8bd4-4cc0-aef6-6eee035d7385,a19526f8117e6ea4489302d19feeba1f,scan_history_opt_in,2026-03-31T15:21:09,whatsapp
124166a0-f2b0-48da-8618-9f0cdd46e862,d7c7b39b82e258763087f9b37b7b3ed6,data_processing,2026-07-06T16:37:47,whatsapp
e2f90e5a-4957-4a28-b228-9b489370c9fe,dfb26bc6983d073fe1db4d37b92d5ec2,scan_history_opt_in,2026-05-13T15:52:27,whatsapp
d0c98ba3-7a58-47e9-a00c-9f4d94d7c41c,61b7c282054d2b162e7eb4c03a5b1e05,data_processing,2026-05-20T11:58:22,web
2bbb3fca-acc3-4e9c-80cf-273bfef2e2a1,a50472f7b3becca87f13c22bce8ea370,scan_history_opt_in,2026-07-11T10:15:56,web
c46eb681-8da5-4fa2-8ade-e6af309bcd9e,5c61626bc4c72395edcf571473ff83b1,data_processing,2026-08-10T00:33:45,whatsapp
4205420f-b2b5-4102-b433-063b8734bc78,6671f4c3f249fc128cee6ec8ca797c3b,scan_history_opt_in,2026-08-05T12:11:56,whatsapp
ab11960d-0347-49e2-a35a-06872330b82d,586ca100736246ff5f795ed770afe63e,data_processing,2026-05-02T14:58:50,whatsapp
b836cffd-bef7-41d2-8629-f18a8eec4157,541c7489689752b46a2a2ecc2630a014,scan_history_opt_in,2026-06-23T16:26:54,web
e2430a81-33d2-4449-a27d-cb356ab26187,b56ed7e3b2a3fe402510edf96d8bd2db,scan_history_opt_in,2026-08-24T03:11:45,web
8062cf39-6668-4be6-9e30-36eb22fa12f1,229c6eb1d54ab594379eb8fa816df5b9,data_processing,2026-04-25T17:25:12,whatsapp
d25e75ea-66e1-4698-bd87-6dc5a6c17314,165bf461aa263eca0a47ca9d924cfe5d,location_opt_in,2026-06-04T13:22:58,whatsapp
721a8552-c44d-4ec9-a0f6-2fdf168656df,d26f9ba5cc58f9d06df04e51bf11f58a,scan_history_opt_in,2026-09-09T17:32:23,web
60a9c4cb-8568-49c7-872f-794421ba4515,283d586321eb3dd25a5ff9b6cf7c7565,scan_history_opt_in,2026-08-17T16:25:30,whatsapp
5a34e2d5-b0bd-440d-aaaa-0a974bd52737,4ba74b0469e9fd6d6c44128876c79840,data_processing,2026-04-06T14:38:07,web
f945a59e-8ea4-41a3-a5e2-4c94fe4d7566,7bf207fb48c0fbe72814bc3a2eb757cc,data_processing,2026-04-04T11:10:27,whatsapp
dbbf2663-55d9-488e-b5b5-5d3f9551e5e2,1fdad2a31b12716cae316512666c76b2,scan_history_opt_in,2026-05-09T21:25:07,web
fef33842-96ea-4198-a33d-12e69a73d0e7,63ba464363b8f80f5382e0622e1815d9,scan_history_opt_in,2026-07-14T08:47:03,whatsapp
745a58d5-9c98-419e-8abd-0227dd578eb0,71a0c9e92dbbb1a18a61319fd971f07b,data_processing,2026-05-26T10:25:43,web
88d659de-c7a3-43d8-99aa-7518d1210ef9,141e948b5de45618de38084caacabe3e,location_opt_in,2026-08-25T09:15:24,web
a6cb836c-426f-4e53-9052-5c47e74c5897,bbd3957cb44161606bfbc6158d2d135b,data_processing,2026-07-27T18:36:10,whatsapp
c62b59b2-888f-48b9-a33a-a04644afc0a1,e596474bf5c68e8fb873b51703e106dc,data_processing,2026-06-27T19:37:31,whatsapp
a6a17433-0316-4a31-a6c8-f36510e64bfd,e2f331fcf85b9827c0e48718f2ede076,scan_history_opt_in,2026-08-11T08:18:51,whatsapp
142ed04c-cc4f-452c-9746-3a9cb9b903ec,78003eb79936076c2ae14cb2bb5d79d6,data_processing,2026-08-07T10:11:48,whatsapp
c55c3b91-96de-4f70-a947-c780b80e90c8,4aef3960da71b6cd46872f01ed6d638e,scan_history_opt_in,2026-04-24T19:48:27,web
fcc51776-3e8f-4b23-8e30-08d1e699a149,3a059781c6fc8554662a177e39d38db6,scan_history_opt_in,2026-03-22T18:52:25,web
c070e1b4-6019-4a91-b6a8-6ab204860b69,51e1e5b04f7987f77883a904b1ab6b6f,data_processing,2026-08-29T14:16:02,whatsapp
6666af59-0d44-4641-b065-9ade7c47de49,dae599d4d92c75676db30e6137588f8c,scan_history_opt_in,2026-05-19T18:55:09,whatsapp
6dbaeea2-0171-4374-9424-34a9b99b0b16,56ba160c4b4bf87af372c69b5ce89ba4,location_opt_in,2026-06-23T10:16:03,whatsapp
1f81a523-75c4-463b-8aaf-3d5804fffc20,7cf90616b56cdab53595f5c346262281,scan_history_opt_in,2026-09-03T19:52:08,whatsapp
f1dea2da-0b64-4e73-9ef4-c2d57a74989b,a108aa5a11e27a793a4d921f0ee4d861,scan_history_opt_in,2026-08-12T13:15:29,whatsapp
6e09db3d-172c-4f68-8903-c4963919c966,2cc32f675ac842e3485f23a97489afef,data_processing,2026-08-31T07:41:48,web
e2ce36c8-85db-49ad-af45-ad6c5e483026,9519e9f8cd3a0826d34ed5ac8ec5a745,data_processing,2026-04-20T11:45:46,whatsapp
11bd599d-88e5-40c1-a32b-0fb07fdd879a,c8ff3af18ab8dfa6676260e7225e1c4c,location_opt_in,2026-05-29T11:49:04,whatsapp
b4aa1be2-ab1d-4fbc-8f96-3823479c63f1,fc45604a0585520e075aceee90a401dc,data_processing,2026-04-27T10:30:42,whatsapp
81e2281c-b0dd-4f9e-91f2-99c72cb9dc21,72138f3d5a888d43aa10ac9b65e3ccb9,location_opt_in,2026-03-25T14:26:44,whatsapp
dc13bbaa-1c75-4991-b22f-217b9074327d,0a80233f5cf1395a5588be4a78f59d39,data_processing,2026-05-14T14:55:43,web
f2d70785-6fcb-48ec-9369-ef13a05deaf8,df5b843efaa558ee53113a680448cb2a,data_processing,2026-07-18T20:55:47,web
8d44ee15-6c3e-4e8c-b876-e46133b6ac35,8524ce43c6824478f9eaa181f46c17ec,data_processing,2026-05-11T12:15:05,whatsapp
7ec97e3e-bb46-446f-b54e-75a17427c34f,65894083c0a20da989397bfcbfb8a7bc,location_opt_in,2026-08-04T16:46:15,web
4af57baf-f830-4474-ac28-0889a8305dbc,c8c158a43edf3026ab56b2e61e28ee6d,scan_history_opt_in,2026-06-23T10:42:59,whatsapp
4e25fb76-8a7b-48e0-836c-42db5f026452,6cc0ba3458178b7fe10be906d2a80075,data_processing,2026-07-13T17:24:20,web
f2f64c91-de34-45aa-9530-a914e0f0ee5a,f29e88a8e5b8269c133c0691bf0cde8a,scan_history_opt_in,2026-06-10T19:53:41,whatsapp
878cfaf0-c625-4288-9d79-fe789f923c63,d188423cb00a296bd3c2449b460b61fd,data_processing,2026-09-18T12:50:09,whatsapp
7a4e50b6-9280-47ae-b9ac-19f442df0b43,4207a0b8e21299ee8d21bffc46d831db,scan_history_opt_in,2026-09-08T14:17:41,whatsapp
09d8f433-c305-472f-884e-1ba0d19ba94a,12f165920e7d63e532fe924c9453f3eb,scan_history_opt_in,2026-05-16T16:57:01,whatsapp
21667d23-5b9b-497d-b4e7-5b952d3ef974,b8ba11d6f93ae71e1a75c851cc399b1e,data_processing,2026-09-05T10:31:13,whatsapp
9ad6036e-684c-4629-bf20-1361490f80d6,79b0a916692da9f34b86895c228612a8,data_processing,2026-06-07T10:43:29,whatsapp
988d1167-dd0e-4b20-95bf-2a3f0f1eeda8,3e6a8a8cf09dceabd9491e4730b8ecdb,data_processing,2026-04-13T07:22:41,whatsapp
0d6941ff-f99e-41ed-8fa6-793200170157,a9410cf2c059407c10dd4baaaf9014bf,data_processing,2026-08-24T15:59:01,web
55ee1326-8487-4398-afcd-475b5d086cd3,f4ccd7cea3179ed238611cf7f0cf477d,data_processing,2026-05-13T11:33:12,web
c31a26a8-4e8a-4503-b8ef-77167710986d,d7f8a9913c92d201ba7951f80d508edf,scan_history_opt_in,2026-04-14T18:01:53,web
1f348b19-87b9-4de0-a8e8-4bab425d26aa,c86434bb83195754a6fd3c5cb3e11766,data_processing,2026-05-16T18:10:20,whatsapp
e8632b27-02a7-461f-8a8d-db79fae53377,b69db4f5b68d4f8680367df005f3a7bd,scan_history_opt_in,2026-04-22T15:22:18,whatsapp
0de892af-dcce-49ed-b7eb-e2c120a06352,2d883ed72f7ff9337c003e3dea6fb2db,data_processing,2026-08-14T07:03:36,whatsapp
fcf96406-b537-4e6a-bb34-3df8757aec44,9cee5eb74661b758fd106b0ce0390352,location_opt_in,2026-05-08T16:38:00,whatsapp
91d53842-4df5-4613-8904-dd8f5cdc163c,165bf461aa263eca0a47ca9d924cfe5d,data_processing,2026-07-28T19:54:52,whatsapp
33a8513d-c437-4bda-aad0-ae9df5b23589,33a2a447031abe0998dc0bce6e60e467,scan_history_opt_in,2026-04-12T14:21:51,whatsapp
13e7fe33-781d-47b6-94e7-f35e1f228ce3,6746230a77744d1f74e0e1722227b7c2,scan_history_opt_in,2026-09-11T09:27:38,whatsapp
7f64861f-c868-40b2-80fe-44b377db029c,0dfadff3ba431ff89e2f931df8504cba,data_processing,2026-04-08T11:27:21,whatsapp
eb5de7f5-7a87-46cc-8494-1389d049b9bd,3612090c5b8592c3843d078de380a36d,data_processing,2026-05-02T09:42:50,whatsapp
7a16d19d-5707-416e-bae9-e23fb0426ef7,5e61ae1be8fc729c11dbe83cfecd7083,scan_history_opt_in,2026-04-08T15:18:49,whatsapp
7b0fe984-fbe8-4969-88e3-ddaef5215749,ddefe7da7b4d9954f6966d165a4badab,scan_history_opt_in,2026-04-19T17:14:55,web
4dd17686-d942-4909-a8cc-cef6d3389644,bac891dd3f908675c6abf0f814a47839,scan_history_opt_in,2026-03-26T17:40:53,whatsapp
54eb4ca4-8294-4472-83d8-9f10c6b29e37,86ed355e80251fa971d45121e30c450f,location_opt_in,2026-08-01T14:02:02,whatsapp
bac90aff-b12b-458b-bc4c-0fb755a7354e,00e98a72ab4406c1d5da7b0bc62a137d,data_processing,2026-06-10T08:33:15,whatsapp
20ae9c5b-0e49-44d1-a37f-9534d9a1b655,69ef196a9bc58cd35cc12e243be6aeb3,data_processing,2026-05-06T08:05:42,web
53f66e21-333b-42ce-9dd4-358c229ff54d,8b3365c08f4b0d29017d01497bf26b6d,scan_history_opt_in,2026-09-04T12:49:32,web
8997985c-3f05-48fb-b036-d148746653b4,697981bd89617c8249098fd2d8e0f0b8,scan_history_opt_in,2026-09-03T09:45:13,whatsapp
358f433d-98e3-49a0-b79a-d61a7410db62,8f21e313e27be790ff805bb32cc52bea,data_processing,2026-06-29T15:05:19,whatsapp
4074cd15-f069-44dd-b1f9-4c618ff933e6,2e42a09c716caa27851302b118db1d6f,data_processing,2026-07-27T06:11:23,web
82efc99c-8142-4b5c-8cc7-28925269da4c,1caf8abd025b9be9f5cb599840df7fd8,data_processing,2026-04-02T09:01:19,web
bb53e5f7-c299-4672-97b5-ed547668d6d8,257fa0173ab809d5dd880b4df3a07b8f,scan_history_opt_in,2026-08-09T16:02:35,whatsapp
b9f6f75b-d6be-405c-938a-0f9996a2b332,a3735de9c8acd9a77024d34a15165074,location_opt_in,2026-06-14T14:06:28,whatsapp
51498538-0938-4d42-a4d8-b062da9bfcb1,a17d4cc81b0b2b731faa8fe84d2b59c2,location_opt_in,2026-05-03T19:35:47,whatsapp
10a38ccb-d3f5-41d5-bb79-8dc8f7c6edc9,74aaf6f6adc739c99a5a750f4a919d40,data_processing,2026-09-01T18:21:53,web
7223079c-6278-404f-ad0c-a12cc537f567,4768461afd75dafda4136e33d304a871,data_processing,2026-08-26T01:53:39,web
0949ec7b-ef8e-40c5-83c0-d9a9f41fde9b,f311ed56b788ee1509f0bfd62f48e66e,data_processing,2026-07-14T13:54:48,web
e6737491-ea79-4734-a7f7-41c6e0f29c2a,fb1d93c92e67fa969b746e7baa571967,scan_history_opt_in,2026-06-15T11:53:04,whatsapp
d83e453a-ef8c-435b-abbb-886bc58595af,a8fdb4df9a0128de8218255288df3873,scan_history_opt_in,2026-08-12T11:51:47,whatsapp
8d1890b8-a4be-477a-b18b-1188791cd0e8,4d898177782efdd8231b871d3e4654b4,data_processing,2026-04-16T17:15:43,whatsapp
5e9fe6e1-9227-438c-81b9-d6965f8fc172,9e60002457ef2a30257b0e9814a72cda,data_processing,2026-08-13T17:39:02,whatsapp
2925432a-c6b7-4c93-b65d-d9defc2f8193,a9edb4ed4e5b249c2e8036d7dddb50f9,scan_history_opt_in,2026-08-01T11:44:05,whatsapp
3e616892-7997-41dc-b715-91a67f8dd6e6,04073fd40d9e7540f1ac991b3155fc8a,location_opt_in,2026-07-30T14:17:47,whatsapp
9ceba48c-1bd4-466f-943d-1465a2021528,7e2af74d80aaaf998a9fa2b80c523904,data_processing,2026-07-10T19:07:59,web
548b7b4e-5f94-4aea-99b7-5539a701c11a,549f3dac7ca32a668957500f60f8b01e,data_processing,2026-06-14T14:33:42,whatsapp
34272091-0a1f-4b31-b07e-a7be8ce76f94,427245c7439f6c57050b70cbe137c652,data_processing,2026-06-12T05:14:24,whatsapp
78644299-67a1-47b8-88d2-d1753b4643b4,1518dd0185fd23eab5ebad287bab11db,data_processing,2026-07-07T07:44:56,web
c504abab-34a9-4e05-a21f-c148dc0fcb7f,fa5f353524a6cf6fdb9329e6e17df7b4,scan_history_opt_in,2026-03-23T12:13:19,web
2bace9ef-3849-4016-98c8-21f9b38e6b81,594963551d856f5fd0e15ddd5225ae76,data_processing,2026-09-13T12:54:50,whatsapp
b66a0b4d-9701-4682-866c-a7e77e8c662a,51721e459aab42c5bc04ec246a629477,scan_history_opt_in,2026-08-22T09:39:16,whatsapp
a3338e67-17a4-46fd-b1b3-1d63b60f4251,65d941a45d8ed102506d6f687517a24b,scan_history_opt_in,2026-08-16T18:56:06,web
a1daf34e-56ca-47d5-b903-778acdc2e434,ed9c4fb29eb0fda0a87ca5f36441d1b3,scan_history_opt_in,2026-04-14T08:50:49,whatsapp
e14ab4ca-5e3a-4373-9a66-23ac66830d90,2fd4aef7b4da0f64f9539d34b48aa0b9,data_processing,2026-04-25T06:24:52,whatsapp
6d6c3b3f-a25e-4530-91fc-2bc2e71f5392,05fb88f68097c1bacdddb91c52426b09,data_processing,2026-06-03T12:30:06,web
7095f666-2410-45b0-bcc1-a78317377ab4,b9cd1a7cb102a0ae94e19868a2325d06,data_processing,2026-06-23T12:47:50,whatsapp
8793c1f7-69fe-4ca3-8909-d775dbea44ce,231b36938aafc75a907cc83be5d2dad5,data_processing,2026-06-14T16:42:54,web
4acc1856-885f-401c-bb0a-03ae40a864e2,39ebd987c3ee7f596d10001c078a3972,data_processing,2026-04-10T18:29:07,whatsapp
cb8b7c97-29c2-46ed-aaaa-38b31004580d,ab7baf99f64941e0d99096416435259d,scan_history_opt_in,2026-06-26T12:00:22,web
881bee6a-467a-4a3c-85d1-08317e41fc4b,4a920cf705aa4102e0a12f7995bc3633,location_opt_in,2026-08-23T16:54:35,whatsapp
95b28659-5c6d-4700-a4a0-3b9c241944cb,924ff2acbaf976d6bfe332d037093212,data_processing,2026-08-02T17:24:20,whatsapp
073d9f5d-9e9b-4546-8187-711c393eeea3,fd54c76bf131a2ddad1a54c38f66f652,location_opt_in,2026-08-19T18:40:05,whatsapp
1d548e63-9632-4919-ac93-fc48dd6d567f,19f72f6336bf4a3ec54eccd2f7224dae,data_processing,2026-05-25T10:06:04,whatsapp
549e2316-877f-4aa7-b3aa-a84103fe1c0d,30ab99a0a19dfd32361c44c3249b7e80,data_processing,2026-09-02T09:02:51,whatsapp
5ee47c8b-01fb-41c6-a80f-2e58b9f583be,9519e9f8cd3a0826d34ed5ac8ec5a745,data_processing,2026-09-07T13:53:15,web
a92968b3-0f73-4a44-8986-8c720d6812f3,5c404a2281412c3872b62dc8456ea05d,data_processing,2026-03-22T11:21:13,whatsapp
a29a8d7a-a565-4dba-aa1b-cd9abda1251b,f4c949d837692a61a7f47879b34131f3,scan_history_opt_in,2026-06-03T09:34:12,whatsapp
df261426-c0a2-4094-bf8a-a026e2641a5d,9179cd0a4738334f2ee67d37df174bc5,data_processing,2026-03-26T18:29:24,whatsapp
fd0966da-4441-428f-96a6-cf9b1efe0090,0eeb4c796e4208daa42490ee19ce0025,scan_history_opt_in,2026-06-26T10:35:11,whatsapp
471cd754-88fd-4f5e-a7c7-f256d705cbeb,d578a186629ece04863e693e7ae7096e,scan_history_opt_in,2026-05-23T15:08:08,whatsapp
0883d849-196d-430f-af61-32e03fd443a0,8db2262d4eefbceb03d18c3dd34e7015,data_processing,2026-04-28T10:34:20,whatsapp
17c79419-3cb6-44bf-8f2d-fa481a2b16ec,eb979364220239a113b7d5bfeb04b4b3,data_processing,2026-08-17T11:59:58,whatsapp
9288a494-1145-4ff5-b541-06c79d3a45ed,3fbee9e76a079e483979fae2d3e868b5,data_processing,2026-07-08T10:23:49,web
710b6948-743a-4771-9499-df30d1b7eb49,bc666ce7fba6da4912e4be0f7f1a6ed9,scan_history_opt_in,2026-07-14T13:41:45,whatsapp
696f374d-2cd4-41e2-8be5-b1aca228c4d3,206861cdf3ae25e185b461c62bd23fe7,data_processing,2026-06-24T11:05:34,whatsapp
8d0142d9-e9e6-4c4e-a85d-a2f7e0a5ddbd,0e4fc8c4a09558b5c7c9c91c394f6a50,data_processing,2026-06-19T08:38:30,web
c777c803-3a96-4afe-9465-22dd81d00092,c3e6e54502f15ce690fba8cda0add8c2,data_processing,2026-04-22T09:17:31,whatsapp
035f67b8-3549-4164-abec-5e09747675ce,e807d8e78d051a83cb699ea2221426f8,data_processing,2026-05-30T23:55:57,whatsapp
db9da0fb-e6a1-471a-a27a-72c79edc1d4c,e37f4ae6a39bea046baa6ff71f5ef6b8,scan_history_opt_in,2026-04-07T11:15:11,whatsapp
7dbdc595-cf98-4782-abe7-175c3c2e2ab0,f1278304b1a4cebff53019a4ef7a15bb,location_opt_in,2026-06-26T19:11:45,whatsapp
f3e6590c-1e35-42ad-bbd8-1f2b0d825c16,c75cb57921f2295e70fc440b4b9818ad,data_processing,2026-05-14T11:07:32,whatsapp
8dff319b-8242-4c03-96e6-88028226d02e,c4de27e57018cb5c4401133d99960389,data_processing,2026-08-12T14:21:56,web
c6d6de78-de56-47ed-80e3-a03c79f631a0,283d586321eb3dd25a5ff9b6cf7c7565,data_processing,2026-08-10T19:12:35,web
0a714310-37fd-4d7d-9a33-0a23f0e20862,ff8f995b6bee4b93470e2724389f8951,scan_history_opt_in,2026-09-01T12:38:20,web
31c5dff8-30c6-46b5-8917-bfcb71a1a4e1,29dc8b90310fcaac6f9688da1339698e,data_processing,2026-08-30T13:04:57,whatsapp
11d3c6ca-4d80-497d-bb01-6f0cd09a0e99,2ccdbd9e8df2acb5963ffd49016dfb89,location_opt_in,2026-08-27T20:41:38,web
b6c441c5-bdb8-4b29-b488-29305238e397,e79c766e084d5fda91ad2f6d8ca88aa4,data_processing,2026-09-06T17:41:20,whatsapp
590cf238-b87f-4643-afa3-d448d07ecfde,d0f925a2bbc51132e1755550c0c10d23,scan_history_opt_in,2026-06-25T08:56:12,web
775440d1-efc4-46fa-b181-ea3c71214055,6e0dfc50dd42ca853f27fd2f521c9c99,data_processing,2026-05-05T13:11:00,web
9c899f13-1f77-4ab8-b3d6-c5fa9a2512d9,97dec6ec46c39afd035ccf45421613a4,data_processing,2026-04-23T17:04:30,whatsapp
95254e5a-5eeb-4792-a9ae-a6b3b7f64be8,f8867e58281fad71f7cbb2f17691e67f,scan_history_opt_in,2026-06-20T17:03:54,whatsapp
f68855b9-196d-4e82-bdc2-928f82dc7a2b,0869507bd861a3b11fbe5bde9e7d0801,scan_history_opt_in,2026-06-09T10:08:17,web
608b9ad4-8510-4d39-8d62-fce3b2c21a24,16fca9764459d3588558cc9397aeb439,data_processing,2026-04-14T20:48:00,web
4884b017-9885-452c-85a9-0c27b0811ed2,34866b7fdda005c10eb36daed46cdef4,data_processing,2026-06-06T16:09:32,web
c33bfa2f-058c-4059-a977-bad0dace95d5,85a9c272709d253dbcfbaa7133a119d4,data_processing,2026-07-31T14:33:06,whatsapp
8de5619c-99e5-4180-bffa-8ae4b7a36ccb,40c72c0f821052688e83fe6f9361a5af,data_processing,2026-05-23T13:09:14,whatsapp
cdd6a802-4d71-4bce-aace-9d40bba2771b,d8253ee471bacc5b8fac49d02887b45f,data_processing,2026-09-08T14:52:07,whatsapp
74b75a5f-b8f1-4f98-9f06-8f9e55aa0b63,0a611ccf0f22dd6cee607657e549fe1e,data_processing,2026-06-12T11:50:40,web
b0bda4fb-2928-42d2-a5f2-79be2d9c405d,2cec99df55cc9889d4ce2e77ceb1a30a,location_opt_in,2026-07-15T10:45:52,whatsapp
488f9220-1ead-4c67-bab4-447984407834,4270c630df0d6aa491de4df391b1a5f3,data_processing,2026-09-04T09:26:49,web
9a90efbd-ef3f-4109-8c1e-f028c89bb918,ae047edfdcd3dadd2032367890ec2d50,data_processing,2026-06-03T15:17:48,whatsapp
3b4c5744-05b0-4afb-b065-991e57a40ee4,9b6f56cd35e3ebb242d9aa9d0948559b,scan_history_opt_in,2026-04-17T09:04:49,whatsapp
566e4832-79b2-4ef6-b1d8-1bb87fcec85a,3087cedac3782d4924670a166b7478f7,data_processing,2026-08-04T20:47:16,whatsapp
75af9b10-2899-4fb1-abea-cd0a3abdf442,603d977f3e03121edf60f2d7dc4f0e9f,scan_history_opt_in,2026-04-06T16:31:07,whatsapp
1169a71f-a081-42ab-b4a5-8e8106babb0e,306d1407748b6e9469ebd54a29184f51,data_processing,2026-05-14T16:20:46,web
c1304d47-50cc-4301-8cc6-a6a2f79d31ed,671ce1acfdab3000527cf68e71860773,data_processing,2026-09-11T10:15:09,whatsapp
56c2d6b9-c4b4-44f7-b507-f184304bee39,0bb16ea61b318a8b0ef12d1de75ba782,scan_history_opt_in,2026-05-18T12:05:37,whatsapp
e3e22599-6a80-46f7-8973-6ff6292714a9,568e6274deeab512bd9bff5f4b1efa00,location_opt_in,2026-05-01T12:57:20,web
58b65f32-04ad-4366-a1d6-93a484a0a6a3,a62f9cb6bb926ed4fd119152e962c27a,data_processing,2026-06-16T20:22:38,web
a47accf5-eedf-4d72-a7ce-368ebd8f4271,3b7d5642fc29f32c69ecffb3b473133b,data_processing,2026-08-13T16:04:28,whatsapp
58698736-2944-4320-a0aa-340f028a6ad8,b761718c3d661fc41490a9fa9e616fb5,data_processing,2026-08-05T17:16:15,web
cd287aad-9207-4ef0-a384-f72b42033222,09a6daa3100c4e8c5e36ace29d425b54,data_processing,2026-07-12T09:49:43,web
fc86f919-05c6-425f-bd14-8d92c81d043e,0b047ccab86f5baf73c188fd41ba606a,data_processing,2026-08-06T16:56:48,web
0a4d4196-f0b4-44e1-85b7-ad38d31e2b01,d0a7dadf650bcd5a04cacc119d31a487,scan_history_opt_in,2026-09-01T22:28:20,web
34c8b00b-3978-4fde-b727-eecfab43bca4,6c1fa113a2d1dfa33c3225968b55571b,scan_history_opt_in,2026-08-07T21:42:46,web
f5eff8e0-712b-440b-86ff-d05beae18217,6aa522f39a0a1d262586f6a3f3049f64,data_processing,2026-07-14T12:34:20,whatsapp
922410fd-d2e2-49ae-b77d-e28406305d79,3bd8173dd97fba0a714b0efbd02727d8,scan_history_opt_in,2026-08-02T10:22:39,whatsapp
19ea2935-3cf7-46a9-8159-5442219b5ea4,459d3ebe992e59493c81b007ca7e454f,location_opt_in,2026-06-08T09:43:45,web
921904a5-4d77-4df0-85dc-743a0e1ea15c,d670014b899a5f5feeb03ed7f92e724e,scan_history_opt_in,2026-05-01T21:44:34,whatsapp
f0b2edda-10d0-42e9-8669-c7d3dd2477c7,28a0164b4de54424ca83e919d525b46e,data_processing,2026-09-18T07:46:17,whatsapp
95c4dbba-4761-4263-889b-0c142dd59fbb,a80a91e7093bd3c8d46d4d1a070562c5,scan_history_opt_in,2026-08-22T14:59:18,whatsapp
a06d54a4-3a2b-4cc6-8593-637bd6b0a3f2,79acdbbb5e941e8589b506f73a09ef73,scan_history_opt_in,2026-08-22T14:21:26,whatsapp
511002ba-1038-4cb3-9264-a7e2ce949b54,57108e089b48fdc9bae9494565b83728,scan_history_opt_in,2026-03-25T13:43:39,whatsapp
1a940452-49cd-4366-843a-d5029eb4b2b8,2eac282f32cb21e953af9e6c1b26f023,data_processing,2026-09-04T16:32:08,whatsapp
ab00c4b0-ca66-4438-b33d-c7e488a948b1,3b1014623b30e507f03b351da8621944,data_processing,2026-03-26T03:11:07,web
f6b52e5a-8c50-475f-a2b2-58f5c20119da,7a5e0e694cddd4023bf1ab25d27ded4a,scan_history_opt_in,2026-08-13T15:14:47,web
a79adfd3-1bee-4525-b4e9-fbdc65d1de26,d35d1fb21147ae9a47c2d4c92644734c,data_processing,2026-07-10T16:25:18,whatsapp
e94c63dc-23a3-400b-a16e-d2b88aaa6d97,da97fd884afee4536cb2817ebf09faa6,scan_history_opt_in,2026-03-24T16:42:29,whatsapp
0604430f-c3e6-4153-b810-3657651b9aa7,d23c6bd8c12d1ebaa286d19680cc4f76,scan_history_opt_in,2026-06-27T01:48:51,whatsapp
931e5409-2c1a-40e6-b119-c4a4bdb798f9,827d5ee1c85d16a41c860b07e0bc7188,data_processing,2026-07-13T17:52:52,whatsapp
34d9f5bb-3c7f-4760-be7e-1fb0eb0bfc6f,5c404a2281412c3872b62dc8456ea05d,data_processing,2026-08-26T11:08:46,web
0413d1d4-c835-468f-b748-523231813c5e,a7bb890791954c77c225bf9edd0a8399,data_processing,2026-08-28T03:49:43,whatsapp
48a6c3ef-1e94-49bd-9d9c-ae329b89262b,c2dfd02c6eb42fbff0b0220dc9b4a6ea,location_opt_in,2026-05-30T11:25:13,whatsapp
6b43646f-8359-494e-9517-1ea999229ea6,9391d0b154f45721b95ea3653302253f,scan_history_opt_in,2026-05-15T11:11:37,whatsapp
cce41fd8-bf7c-48ca-85b4-041f177b6827,82a7ffcef6a44ca37a937a6866aca7fb,location_opt_in,2026-09-10T08:50:03,web
0c3486c3-d25c-4029-a800-00891baa4bdf,231b36938aafc75a907cc83be5d2dad5,data_processing,2026-04-16T00:42:28,web
e8632daf-7dbd-49b9-a807-56a66f24fd39,faaba95e1c800dcb4472a720ca6e7fd8,scan_history_opt_in,2026-04-05T10:39:54,web
0fafb26c-79be-40a0-813d-1db5e0a928d0,4f89b489362ed11aa99fce92dc9001be,scan_history_opt_in,2026-06-24T11:24:51,whatsapp
9d053825-119c-45c1-80c6-45eb149fe47e,d7f8a9913c92d201ba7951f80d508edf,location_opt_in,2026-08-12T20:24:03,whatsapp
ca0354bb-fd08-4125-925c-62a05cbb0f7a,31c43ba05733834fe17d9f3c312ff077,location_opt_in,2026-05-08T16:53:12,web
152d74f1-87cc-4ebb-ae30-44880fab230f,19f72f6336bf4a3ec54eccd2f7224dae,data_processing,2026-09-04T15:09:22,web
90d355ca-f8fd-4cad-b9c5-14cf6d4ab76f,8b03cbd3f9da7835b65e95be8b10111e,location_opt_in,2026-05-27T09:29:53,web
51489fc4-0c46-427c-806b-00312def0dca,fda2b2022443c393e2b52de207aa77b4,location_opt_in,2026-07-16T17:49:58,web
05faff6c-78dd-4f07-9368-9650c2ce5836,556789a121bb16e7e109bd2934c574da,data_processing,2026-08-11T11:34:15,web
a89c93c9-8afb-4fb4-a4af-8aca36d81b89,b8fa967a0e74ec0e5bb4fc5fc72afe8b,data_processing,2026-08-02T11:12:58,web
6322f7a7-77c4-41aa-9561-c310b1944a0b,11221d09da32ab37ab28b6d24abb3655,data_processing,2026-09-01T20:36:11,whatsapp
c82ed0e6-cbba-45fe-b8d2-1bcc07ebccd5,157a45a9a68de460185e43a7499460d2,data_processing,2026-08-15T14:39:55,whatsapp
191f7623-285e-4071-a6bf-a19cdfdb5c35,7d030d8dc9f276853e372feb1f09afc9,location_opt_in,2026-07-23T06:46:17,whatsapp
d74c2cba-0398-4ad3-b1ba-87bad4beb5a4,1a6ee14f63911704631e05d7e34002ee,scan_history_opt_in,2026-07-23T05:42:41,web
681f7f0d-afa6-43b9-8723-dbf7f7a78267,ebe30064a7fa2c9bf618d9bf7cc55fb8,scan_history_opt_in,2026-06-10T05:45:32,web
03bbbf8a-c029-45ad-a330-bfbefbf185ff,afa4bed0d970da172767419e642a3134,data_processing,2026-04-03T16:45:24,whatsapp
660014cc-5c82-47af-9602-2063f24e7dd3,1fe058ebfa67b9cc61c1039c05adafd8,scan_history_opt_in,2026-04-22T10:56:33,whatsapp
4a2a1e41-fdde-4ade-b924-6fc61ac12f26,a4f5b211a1ee3a53b4b234d48b6737ec,scan_history_opt_in,2026-09-11T15:36:16,whatsapp
20618d11-3554-4ed4-80c8-3d7c4b265547,f5e84005632265b83166a190fffbe75b,scan_history_opt_in,2026-05-07T10:13:09,web
57f87d47-25f8-43aa-a1ac-a49468736854,36a1791f239f0aa6a70ff0a5fb0f79d4,scan_history_opt_in,2026-05-29T11:50:34,whatsapp
4bc79651-1524-40df-984e-77c2ea0e968a,483622ee6f819e8c7763628a6904eab4,data_processing,2026-04-08T06:08:02,whatsapp
eec0bba8-22d7-4169-ae3d-8eb11f394993,21400c94041eaeca40b8d08a931f90a4,data_processing,2026-06-29T17:41:33,whatsapp
3d721f38-5722-4967-90f2-e4b0c7cb61ba,232e17167cb6cc80ce9a306977c087c4,data_processing,2026-07-18T11:11:53,web
290028ea-798c-40e6-8fe0-78884ae052dd,2ab97c645380e8280adf0d165709f6ff,data_processing,2026-04-26T10:58:30,web
b2881f25-4086-484a-9b09-6327975525ab,12461d04f3fcd6c210f63dbced49769a,data_processing,2026-08-03T15:07:37,whatsapp
81cc4ac6-f088-4efb-951c-1e4f5bb6bb29,09ecdb0788f79c39e3c8377bd7060245,data_processing,2026-06-30T17:54:25,whatsapp
922e8819-a178-41eb-8a19-b76d278a5bc1,b2740e1ebc4c0f4987cb016644932c83,data_processing,2026-04-11T20:34:43,whatsapp
33c9e4ad-44f7-4f4f-a99d-7084a0d2ef3d,658634340f737a219181127f66a84832,data_processing,2026-05-24T16:31:55,whatsapp
ebd5023d-475f-4e6c-82ed-4d76d1667a12,aec607fedf1ccbe0b70b21d9f55ffcbe,data_processing,2026-07-06T16:16:14,whatsapp
021e32e2-fc42-4d6f-a98f-020e56258bc0,04d70ddc13e67546a033ecc36396c80d,location_opt_in,2026-06-10T04:09:04,whatsapp
165d23e2-521b-4ffe-a8db-28665a196e9d,86c19afb07d5e2d589d69adaf31a6685,data_processing,2026-06-05T17:32:02,web
aed252cf-4a89-43ab-94e1-4e0b8471a2b0,26c27438601ed7bb8da461902f3804d1,scan_history_opt_in,2026-06-28T00:45:18,web
0988e3e5-5d42-49b1-bf32-5a60b12a4132,0483cb9e72c7db63fe56aa9bddede66c,scan_history_opt_in,2026-08-14T21:45:35,whatsapp
52314092-7b99-447c-ab6c-08366ecc539b,4b668d32a556a6b3f27545b8d83b614b,data_processing,2026-07-02T14:44:12,web
1db6afdb-b39e-4948-adfa-da73f9b26475,0bb16ea61b318a8b0ef12d1de75ba782,data_processing,2026-08-10T16:03:17,whatsapp
000a9dc1-695b-4d36-b9c9-15497fc6b034,fed825277653f8b87b9dc69f507c5769,data_processing,2026-04-12T15:12:19,whatsapp
d688aba0-347f-42b5-82e4-2cd73f2516ba,4450f961a10f10a9354616650eae9720,scan_history_opt_in,2026-06-20T08:57:25,whatsapp
ccc55ad2-9dcb-4a97-901d-2ee99f42a8d2,86ed355e80251fa971d45121e30c450f,scan_history_opt_in,2026-05-21T05:42:02,whatsapp
4c4a6a7a-1096-4ebe-81a4-81deaf28a074,25746c552d8072504b891eca8b03fb2e,data_processing,2026-04-21T03:02:29,whatsapp
38ae1195-5572-4ee9-84c4-e36572e3f431,e2d34e804756a6a9b1cb9c397aacc154,data_processing,2026-08-13T16:29:40,whatsapp
473ae3dd-114e-4bbe-989d-ad317a831ede,f03f06f9ef7883fc4df136e05b77e43b,data_processing,2026-07-26T11:47:52,web
ad2a3bfa-a26d-48b2-9860-3043a35a2db5,ebe30064a7fa2c9bf618d9bf7cc55fb8,data_processing,2026-08-07T11:43:40,web
d4ff1a71-da97-4133-bf7c-231ffecbba24,c9e7bff1c195c5325022c5708bf7ec4a,data_processing,2026-03-28T17:28:03,whatsapp
8a29f9ac-6896-4225-b28c-ac8ee7737a20,fc45604a0585520e075aceee90a401dc,data_processing,2026-04-10T07:05:12,whatsapp
1b38e610-fe17-49b9-ab18-618bc8064433,9b0df31cee537af4d8c2067aececcfc5,data_processing,2026-05-12T12:43:51,whatsapp
557abcbd-4b81-4df7-ae4b-80cda506a087,0fd776b6c047c6fbd52a878f7017be6e,scan_history_opt_in,2026-04-17T17:04:13,web
2b7980fc-13ee-47d3-b788-b4854c299f03,de413d7b65822b86e2e7a31169b1f826,data_processing,2026-06-17T14:46:53,web
cc86bb66-c6e9-4bab-88e7-c4780929f16c,61aa972e0109f1e6bec011d5c7765502,data_processing,2026-08-30T11:34:52,whatsapp
44de5e6f-fc37-4cc6-939b-66efe4d2239c,22e1f4fb57e81e9f08a2b666fc3dfa5c,scan_history_opt_in,2026-06-30T10:43:51,whatsapp
42a6329e-37ed-4b3f-a122-c13d836121c7,4efd24955db2f19c3b55798cdc8939c0,data_processing,2026-03-24T15:51:16,whatsapp
3a093126-d8fd-47e4-9d27-0da105e6a944,c0b8b490c40963389f5dfc91bb11f91f,data_processing,2026-08-10T00:09:21,web
fafc431b-6795-4861-b141-1b42e5af3c1d,4e2fc2fb5416a89f88832f36ceb53133,scan_history_opt_in,2026-06-30T15:18:31,web
a4f1a7f7-845b-46b3-aa6e-e84f321ade6d,547709f6cfccf431c8c86dad52bd3581,scan_history_opt_in,2026-04-23T08:48:24,web
14345ca5-a90d-47c3-a594-c884c040f63f,8d5bc199a5774b551fd41372e0fcc2cb,data_processing,2026-08-07T08:13:35,web
701359d1-bfb3-4fbb-bcd6-67915b17a431,c40cdc625a028102336ef0a97e24c66a,data_processing,2026-09-11T13:39:41,whatsapp
6758c3f6-3024-4dcd-ac32-2f401a1f81d8,e85ea54bc223c5203d363c60cae64b7e,location_opt_in,2026-05-08T13:02:56,web
f4e840bb-fd26-4231-85bb-0573aedcca7c,22fdc53b3718f6805fd12ef937f4937b,location_opt_in,2026-07-13T07:49:05,whatsapp
579c2a70-221c-40f4-9f47-0757dcf92608,5908425fdff9f8fdf2ad59bbad1db021,scan_history_opt_in,2026-06-20T07:07:40,web
1fb7377b-0784-4846-944c-885758684295,2fad7d6c3471bde7f4edd4e09fb26281,scan_history_opt_in,2026-05-28T11:40:34,whatsapp
085d62e2-420f-447c-99d4-2a498082c7c4,5c404a2281412c3872b62dc8456ea05d,data_processing,2026-07-29T05:36:39,web
a3bf3a31-448a-4f53-a932-de69732a42df,29337a37f0754f67004212b2c2a3fcf9,scan_history_opt_in,2026-09-01T18:35:20,whatsapp
c42ec924-dd2a-44d2-a1e8-e3c835cb563d,e3d009035f2dcdcefb8dc75d8a535db7,data_processing,2026-07-09T19:54:28,whatsapp
9322b59e-8a1c-42c3-a7d8-da1fb26a4a26,1517e9c0c8faf3760bb0492fbac05826,data_processing,2026-04-02T13:45:07,web
b7e3521b-57a0-413a-85dc-ff9b16beec51,03ed16cadb812eba29e825c976eeb935,data_processing,2026-09-11T14:39:46,whatsapp
bec3c8f9-a963-42ca-a26b-d1345100a313,e86d0fffab672ed97f4ccb33ad03b4f7,data_processing,2026-04-22T18:23:17,whatsapp
613347c6-70b3-483a-908d-52b2afa6d349,0eeb4c796e4208daa42490ee19ce0025,scan_history_opt_in,2026-04-23T18:19:44,whatsapp
2bd45ed8-58df-421d-9ed1-5f434c813f90,7f0350561676d41166a60e25ed7a2f6a,location_opt_in,2026-05-09T22:15:01,web
7f695fcb-d20b-408c-bbb7-5a3f4af9436d,ca6e4835550e31c908f3403159b140f3,data_processing,2026-06-28T10:39:02,web
9158bcc9-aee7-4990-bbaa-4b86962c0520,c8b8a90fa1646962e9f67954c9774618,location_opt_in,2026-03-26T20:06:24,web
7f07aece-1e64-4f04-87b4-20bdf8bb9c9f,8b03cbd3f9da7835b65e95be8b10111e,data_processing,2026-06-23T17:30:13,whatsapp
3cbb94b4-b3da-4666-9b6a-37a2ecc86b00,459d3ebe992e59493c81b007ca7e454f,scan_history_opt_in,2026-08-31T11:55:22,web
85e7207f-d7ab-44fe-8f5e-1053170ad17c,84292641d064b4b320ad0d4ba2a57dee,location_opt_in,2026-04-20T21:09:54,web
0a4622e0-8845-4334-af38-80d4a34077d3,699230bbcad89c457c34e5ef9bc1f2b1,scan_history_opt_in,2026-08-05T07:21:06,whatsapp
dfe9e171-c09f-4107-b232-4b44dd723d5d,09ac25f57d5ddbc27335550f43246071,scan_history_opt_in,2026-07-12T10:23:11,whatsapp
4e79c996-7a8b-48f4-8753-aa7dd0b428f2,8c7328a03f521d61a6eb61fd5cb38a58,scan_history_opt_in,2026-08-14T08:02:14,web
4ef22686-7ed5-4df3-9af0-1e42018064e1,009e0d8c16b16ecfb868d3fcda8015c5,location_opt_in,2026-07-27T17:08:44,web
c7aca488-1f8f-4de9-be33-478b5e966e06,1ccd66020e7c48286400fa566110cdb6,data_processing,2026-08-01T17:47:40,whatsapp
39c3c9ba-5e4d-47d9-a512-97f9df601910,c9ed0c17ffd8dc192265f799e2ed6d6f,data_processing,2026-08-20T14:15:11,whatsapp
d5c55aa0-08de-4056-adcf-90249398b82d,526a112c6eee6bcaca9a72d0fef6a836,location_opt_in,2026-09-11T16:37:17,web
54af9260-a6ce-4892-98fa-7165328382be,ebcac0cd8c7b43870c4bcefabcb59aea,data_processing,2026-06-12T08:02:51,whatsapp
bd618ae7-f7cc-4762-9b80-08c3bb765268,1caf8abd025b9be9f5cb599840df7fd8,scan_history_opt_in,2026-05-08T07:33:45,whatsapp
5c4c6fe9-27c2-4387-aad4-ff2eb74bea1c,1c6bd8689f024cccd50ab8cafbbac05f,data_processing,2026-05-27T07:54:32,whatsapp
1451c094-550f-466b-986f-1606a6bfcf16,b3482de29effe7664b54d269bbf5bce5,data_processing,2026-04-23T14:06:42,whatsapp
2460d0c5-84a6-49eb-882b-43c42e90b402,0f296cfc38dabaeefbe181156e11b39a,data_processing,2026-05-22T15:47:39,web
69a5d963-32a0-493c-889d-465c612883cd,b1b5b92c42a397b7179fc72f163a2c38,location_opt_in,2026-04-27T16:27:02,whatsapp
4ed753ea-4877-46d9-bdac-4aaf9efec890,316b27145d756bda26bf5775831de9dd,data_processing,2026-04-03T18:21:53,whatsapp
b971083d-bdc0-4aaa-88a3-228bef4c8ea6,f652b975183efd0f5971e5f66173c265,scan_history_opt_in,2026-09-03T16:10:59,web
11ea3869-6818-4e20-a76e-d22c2fde79c0,9b6f56cd35e3ebb242d9aa9d0948559b,scan_history_opt_in,2026-08-17T11:31:53,web
9166d6a0-5b53-4a92-a860-3b70291291fc,d0f925a2bbc51132e1755550c0c10d23,location_opt_in,2026-06-27T22:52:17,web
12e60a78-c7c6-4fe6-a17d-1d883802e4b8,b13246cf991a27dc5e89f6489722c39f,location_opt_in,2026-06-21T03:43:52,web
474b5d53-204b-4d2a-ac09-c252ce76a8d2,06c848d758e0fe00f82bfc420f46d802,location_opt_in,2026-05-08T18:05:21,web
8ba033a4-d435-4290-bd17-5adc391b7aa7,5c8aed9edfca8d2718bca254f52f1262,data_processing,2026-08-28T14:47:21,whatsapp
a75ead60-823a-45fe-b7a6-3584a4517389,28d1bef02f53efe5dffe3da5c1e172ea,scan_history_opt_in,2026-09-05T10:01:35,web
6bd6bf03-5a94-456b-8d3a-376bf650df57,8d579c8c03d144230680bd425e8de06d,scan_history_opt_in,2026-08-22T17:55:23,whatsapp
2f9b18ee-9690-46b0-91d5-5a30771e61f5,8afd9e38903b29fb1947a4184bf92c0a,data_processing,2026-06-18T22:17:31,web
a7af08a0-b88d-41a0-b06a-e3f9edefd883,41934e1694d3faba55248b521aa0620c,scan_history_opt_in,2026-03-23T19:51:44,web
6791df51-4d67-4ccb-b97b-08a93bc10ae8,dc55194863ecb4ded10ca73ce4704b64,data_processing,2026-07-19T17:47:57,whatsapp
14ecbb84-29a1-4098-8130-f568d1533201,f31533119fbf9546f75ed5550b200354,scan_history_opt_in,2026-05-18T10:50:41,whatsapp
f713a0c1-ac0d-46a9-a750-84830b0e266b,a32cdf3545e01199f51dda52e4f6c1fa,data_processing,2026-08-17T04:46:28,whatsapp
e67a5c3f-5b46-4252-af99-d657678f90c9,4917de7fb165e88909e531af55f5e911,data_processing,2026-04-01T19:13:37,whatsapp
d92f2604-2c1b-4b1f-ba41-67b3867fe9a4,1da0dbc0c2e1a2c05a9e016b52098c39,scan_history_opt_in,2026-04-20T12:23:59,whatsapp
de762aa2-3983-4a6c-9c14-04b55c4ba9d0,bf705cb899c0e527888d2c78c6e5f5f2,data_processing,2026-07-16T12:11:55,whatsapp
d8de7b4d-30f4-4e72-a949-9c3e56fa6df3,ebe30064a7fa2c9bf618d9bf7cc55fb8,location_opt_in,2026-07-08T10:26:22,web
85b99f27-76b1-402f-a0be-923af90f58f2,556789a121bb16e7e109bd2934c574da,data_processing,2026-09-13T09:27:39,whatsapp
429e8940-7c75-4db9-8d31-32c609f2af47,1da0dbc0c2e1a2c05a9e016b52098c39,data_processing,2026-08-08T13:10:14,whatsapp
39ac1cbd-4bf6-4b71-9044-d9857af02cb3,cdf020335d1c5f15b5d456117ea1716a,data_processing,2026-05-30T09:54:52,whatsapp
d25d04ce-5816-4d9b-a828-b35b5288b125,aa4f8706809187004abae432e9bac77b,data_processing,2026-04-21T15:13:09,whatsapp
66d78923-ffec-4f67-80cc-d6af0576982f,1b78bd207376b71dce276eac8b32a3cb,data_processing,2026-06-26T07:35:31,whatsapp
cf7a3d29-e8b3-4f10-86c8-6b80f7e55b65,82c5de550fa54f634151b065bab87fc7,scan_history_opt_in,2026-08-17T15:11:40,web
f5355bfa-09f5-4a31-aba8-f77a1a96d39a,cec2356eb37a556171e0098eb71404ac,data_processing,2026-08-20T17:56:24,web
82f1de06-47ec-4e01-ba07-06cf2eba1366,483622ee6f819e8c7763628a6904eab4,location_opt_in,2026-06-02T09:16:59,whatsapp
dbfb48c8-be36-4e44-95ba-f67f35f54d53,06c750f6fbe6f64ffa71bb5c35e2567c,scan_history_opt_in,2026-04-23T11:29:35,web
2f00dfaf-1ad6-4a85-81fb-2fc9b1e4abd4,cf1f0ce20bf6193c9bf9d92ca38d98cc,location_opt_in,2026-04-06T23:18:53,whatsapp
3a267cb0-a138-4797-8121-09711e1b00b1,a5ddee204bf396d8d9f136059cd24d42,data_processing,2026-08-18T16:20:12,whatsapp
43f68475-bd36-416e-b74f-8350b3dbd787,126e6839aab4681357112bacb4c9f684,location_opt_in,2026-07-15T12:53:49,whatsapp
3a788f56-2346-46e5-bd67-d9d5bfdf5b6c,eaf09ed8913f4e6dcbe2696939f3e59d,data_processing,2026-05-15T06:08:37,web
c8c3eb6b-e706-4104-8596-67a97e22fd35,5a183b79f44f362074c319ccc3da5632,data_processing,2026-08-05T12:26:11,web
72857ebd-bfed-4e2f-918f-9dc11c258de2,d85520695f9caa896dd1e57a5ca1170d,data_processing,2026-06-08T19:36:22,whatsapp
543269e6-e296-4dca-8c07-7e74e5d941a6,79319c435eb408cb33a00d2b69ccb31d,data_processing,2026-09-10T16:46:58,whatsapp
d79b6fdc-bb85-4885-a7e7-a8b3f53a4724,7f0dd5ded305255cba075beedbd6078d,scan_history_opt_in,2026-07-09T10:27:59,whatsapp
2933471d-37ae-4565-93a9-668810c66c04,d7fa10ce4caf5da0a06b778c32046010,data_processing,2026-09-10T17:46:05,web
d6e3712b-11b0-4f98-989e-7b73976e82c1,cd3087fe9e66cbc63f9e2b966fe094d0,scan_history_opt_in,2026-07-31T20:35:27,web
e0e3c95d-37fc-4ca0-80e9-7e534f59be13,610bc80aed8e3b45b220d41d4a1f4e24,scan_history_opt_in,2026-07-30T14:46:36,whatsapp
0dccc276-66a8-41cd-ba65-98d703bebee2,c6321b032097c5632a6f1d68db52cce7,data_processing,2026-05-06T21:02:53,whatsapp
0fee67c9-a058-4a7e-bfc4-a8e220dfb756,078ca059e6eec2e9b8e888f03418ccfd,location_opt_in,2026-08-21T12:47:38,whatsapp
0def5423-f2a3-427a-816c-fcc54b71d2e9,3d7e28688d5c5b42d648b242894f6328,data_processing,2026-04-01T03:32:58,web
07c61aa4-343b-44d5-bbc7-44da69fd8f20,a108aa5a11e27a793a4d921f0ee4d861,scan_history_opt_in,2026-06-19T17:49:54,whatsapp
30bf5c3b-13a8-4254-85a3-f563f50eaf53,2ef802b344a188db2bead104d932ccd7,scan_history_opt_in,2026-08-11T14:27:29,web
2c500dc0-44ab-4f16-bb37-db05d46041da,d690e85368443a3fe37a59c5957b0589,location_opt_in,2026-04-14T07:59:15,whatsapp
46886c3a-a3fc-4bde-a66b-d88b3774cc94,658634340f737a219181127f66a84832,scan_history_opt_in,2026-06-23T16:06:37,whatsapp
25661731-5b87-47d3-9546-6d1cbe0b4d6f,fbb6f2f37a6b0b85821184d1938a7ba4,data_processing,2026-05-30T15:59:07,whatsapp
234b9d65-d1e9-48f1-8683-3756fe5b3d68,6286dab37aa71014c896fe0445c82cef,data_processing,2026-07-09T11:29:30,whatsapp
3014e4c5-a619-435b-b3e7-bfc794054adf,8b5dca080c60b89f3f46e09ddc80684f,data_processing,2026-05-29T21:48:04,whatsapp
6f955cfb-12f6-44e1-917b-ebd9bdcf114a,3983310549db4834f1c6bb41c9dd8887,data_processing,2026-04-07T15:28:43,web
d040d6ce-b6bb-49d2-b84d-91c2cb1a114d,b898b0220a4ab39ed4b16b0664f0b870,location_opt_in,2026-07-18T12:21:48,whatsapp
7d51fe54-50bd-4214-95dc-3b2c3a056999,d188423cb00a296bd3c2449b460b61fd,location_opt_in,2026-08-17T03:59:12,web
05845c8e-56c1-4a22-853f-baee0b6ed10a,ababe90fd336b80aa4a3c87869c0269d,data_processing,2026-07-24T14:05:09,whatsapp
c0b36bd7-5be1-417d-b75f-b0376371a80f,f4f119e29aefa0325070a9b24f7cf4ae,location_opt_in,2026-06-25T09:07:27,whatsapp
b2662160-e1cb-412d-ba7b-c0acbb2c9d10,d80de7e8e9f542597a6575f3e7b3fe26,data_processing,2026-08-25T16:38:47,web
95012195-1a9d-4b37-a797-173663e1cf13,5c644c09a8d7d710b436ad6d4a1edb8e,scan_history_opt_in,2026-09-18T11:01:53,web
5fdcac03-dfa5-4a41-ba09-d842bd43b2ed,d8d6e2d5a33dd2643808bca703086e75,scan_history_opt_in,2026-09-04T09:07:31,whatsapp
05c9d10b-b531-4a9b-980d-56916fac385a,87abffbb2bd8bc7cc4cc3d49e9fe54e1,data_processing,2026-08-10T18:30:40,whatsapp
54081d69-a9d0-43cc-afed-1192c7194b3b,5c404a2281412c3872b62dc8456ea05d,location_opt_in,2026-07-28T18:51:52,whatsapp
d9bc8164-810e-4c05-ade6-e26c7d5feaf1,009e0d8c16b16ecfb868d3fcda8015c5,scan_history_opt_in,2026-07-31T16:27:12,whatsapp
37fb8ff5-be7a-48c4-b311-b9117892c03a,93b9f0ece666a98e6e191a99f428d60b,data_processing,2026-06-13T15:56:56,whatsapp
4d1c5d24-f3d3-493d-99de-81e52ff633f7,827586eebe85c468e193954f7488f582,data_processing,2026-04-11T11:38:09,whatsapp
b523301a-a41e-4944-8083-beaf61ecfade,927ae45e13d803db4759caa59c5c81d9,scan_history_opt_in,2026-04-09T12:20:42,whatsapp
2e811f9e-75ff-4e32-a890-a2486e5ee3b8,8fe5606a5b7af898ed61dfb3b0964821,data_processing,2026-09-08T12:28:54,whatsapp
e5eccdac-3b59-4844-9256-bc12f385d2b9,67c440263469367ec94f4f8d2d50c0f3,data_processing,2026-04-03T14:23:00,web
7bbf0abd-cfe3-46b8-950c-1012bd616c10,34c1753874dacc42a87900e8c64fe6e4,data_processing,2026-04-24T17:23:13,web
4c8769a7-4a4a-4492-bbdc-1bffd9c8a1a8,926dac2df8af918e127887764d5babea,data_processing,2026-08-15T16:05:56,whatsapp
e2ae9e80-092a-4f54-81d4-d69580830dc2,e2f331fcf85b9827c0e48718f2ede076,data_processing,2026-04-19T15:55:05,whatsapp
e3c95202-98ed-4bf6-97f6-df8e36a58151,b6323c0ca754322ab70d0544de4ce1b6,scan_history_opt_in,2026-04-26T21:47:11,whatsapp
bd750b66-e82c-4ca8-aee8-7e4489b21b58,40d056b6e94c62be782266cbb424786a,data_processing,2026-06-17T15:38:14,whatsapp
f5dc3d28-b3a0-484b-a6e4-d9f0ba2478bb,8bdbf9409279005efecf7ed9a68dfeb4,data_processing,2026-04-05T15:22:28,web
1ba8db07-c713-4c1b-b20d-75d1b86dc8b6,1e2f3f7ea762f15501cb4e4a8ce9ebc9,location_opt_in,2026-04-16T05:46:32,web
7e82f8ef-2862-4baf-be68-5a1a40587486,c261671b3355b01fd340cbd5d1324ffb,data_processing,2026-05-19T08:22:13,whatsapp
7071c272-19c3-4cd3-9bc6-f287714e9a7c,5c644c09a8d7d710b436ad6d4a1edb8e,data_processing,2026-07-03T07:03:59,whatsapp
3d60315e-a1b3-42ab-9b4d-4a03b7234588,4826da200680f3e2a923c66136dc7454,scan_history_opt_in,2026-09-18T13:18:48,whatsapp
f9095108-cd27-42d0-ae12-9e51bbadb28d,b5eeffd0d881a0e91942b9cea2982e2d,data_processing,2026-07-29T20:41:59,whatsapp
564a6485-58ac-480d-bdd6-ae1466121987,4aef3960da71b6cd46872f01ed6d638e,data_processing,2026-07-04T12:42:47,whatsapp
082fd2d1-3bb8-4460-bd7f-972e963a1bc7,1fdad2a31b12716cae316512666c76b2,location_opt_in,2026-07-01T17:34:11,web
50f5aa3c-3d9e-4508-87de-46fbbaf7e1c1,55688f50226b7ff6aee84cf3f177ef7f,data_processing,2026-07-07T17:08:08,whatsapp
18b2c84e-2ca7-4f03-b8aa-48fa9e899e8a,2086a10dbe8c9ce4def7291e622d19ee,location_opt_in,2026-05-22T11:28:42,whatsapp
f158f623-64ed-4212-854e-f3cdb157bee1,053906f0402a70099dd56f8746640c08,location_opt_in,2026-09-11T08:08:07,web
5586c581-70ed-4d5d-bf50-dee89a8e8823,9c935c12a23d924edf95befaf9f117c5,scan_history_opt_in,2026-08-10T08:35:40,whatsapp
6eb170aa-4d45-49e8-990a-32be3280805c,2892669431de1cd8d4c18a6e16fe0761,scan_history_opt_in,2026-03-23T19:07:06,whatsapp
b563e190-711b-4ba1-93f3-94529d0f0742,ce002e5954d222000d0cf34ebff67914,data_processing,2026-06-18T19:29:34,web
f52eb759-d85b-4c8c-abf5-8d75d648a296,c2845f2be2dacfa2a0bf11e638768760,scan_history_opt_in,2026-07-07T11:41:56,whatsapp
5710a5f2-4927-417b-9ecd-47bd7299c175,0605ecccb8a73be452740e6acaccea1e,data_processing,2026-08-03T06:17:34,whatsapp
39f87eb1-f563-41a5-bc8b-d9a03106633d,5f313c0a5dfa5e02e1e809a26e791ce2,data_processing,2026-05-17T19:07:41,web
e72d7079-5d9e-4717-ac3c-90148640269c,40a83fa819b3f5c5c1f7186bf9947c62,data_processing,2026-06-02T18:14:30,web
5417cfbb-1b05-4279-9506-867eec23e753,8bdbf9409279005efecf7ed9a68dfeb4,scan_history_opt_in,2026-05-12T18:36:06,whatsapp
df3408ef-303d-4df3-8471-2e1f6e30ebae,23f562c4e81ca216278e0b82a02c1044,scan_history_opt_in,2026-04-21T12:57:15,web
f2a0498f-a8de-47ee-b39d-c41931260a98,c8b8a90fa1646962e9f67954c9774618,data_processing,2026-09-12T15:12:32,web
d541e1cb-a1f5-4432-a6cf-d84ae4ef6bb9,1cbe513403ca6eb390d2b3c8dcacacd3,scan_history_opt_in,2026-06-11T18:23:40,web
53286b5f-e2bd-4bec-ba91-007c8b676044,880dc673ea3037b06ba2829141bacd8d,data_processing,2026-05-29T20:07:45,web
bb307947-519f-4531-86a8-7788db2fcb14,897dea32f3a9bde39b86116605530194,location_opt_in,2026-04-12T07:21:08,whatsapp
2aea67bc-4749-4a0f-b608-d99d3bfe5302,54a24eb0f4ff4797d6baa66a4022bf2d,scan_history_opt_in,2026-05-07T00:03:10,web
ba9e438b-84fe-4994-b175-6f5eef24cfe2,f993c7b0cc47f4989b63e0138fa7e9ff,scan_history_opt_in,2026-05-05T17:31:39,whatsapp
c2e7da29-e662-4b0a-9fab-5e5cd4475b57,d04ffb612424f006e114a9e0e24d0268,data_processing,2026-05-07T08:12:16,web
7146f83d-22d1-4c63-bb24-c01f443fe088,54dff64107cdd5afeab1cc593097897d,data_processing,2026-04-01T14:24:58,whatsapp
5802d412-150f-4a82-8a19-299252b1c9cf,1e2f3f7ea762f15501cb4e4a8ce9ebc9,data_processing,2026-06-27T14:25:46,whatsapp
88e7af39-6510-4708-a2fa-72819bb3b41c,111db8ce9b2fbd320bc4bb0f8b8a5087,data_processing,2026-08-27T13:15:16,web
03c34ffe-309d-443d-ab51-6c8c30192ef2,e8620a48624cea7346b853901f1e3efd,data_processing,2026-08-19T12:28:36,whatsapp
27a31a0c-7e6e-4592-83e1-2a3125a19be2,c72df4dd5c60f3c784fbf2a2d6cfc594,data_processing,2026-05-29T13:00:25,whatsapp
01d54460-9530-48f8-a044-5f7474c76d73,d9a82c5e3efca4e52cc98bcba153c194,data_processing,2026-03-31T11:00:12,web
9129efc1-9084-42cd-85a4-cc1ea87bfc0c,aa4f8706809187004abae432e9bac77b,data_processing,2026-08-09T19:20:27,whatsapp
6a2cea3b-f3cb-4d0c-975b-c5b461b89641,5a7e947834ddc649c215ef2d845ba6c0,scan_history_opt_in,2026-05-23T09:15:17,web
a4737cbf-15ca-4aa4-b850-f3e718a884d5,f42c41f917b9e1984bb297f36489721f,scan_history_opt_in,2026-08-22T12:57:16,web
22ac7bf4-ebf3-4cd7-b2d0-83afbbdef84d,6f48cc24eed20766455e06a81c456af9,data_processing,2026-05-22T11:26:13,web
f46c5fa7-debc-4167-9f1e-c5ca6a4ae16d,12862d8017eba8167d745dee1ae3e2f6,scan_history_opt_in,2026-06-10T07:13:51,whatsapp
e8b7aa28-ec08-4344-8662-457483da1372,43a792b7bad6a119cf9b100af9879335,data_processing,2026-06-17T17:49:52,whatsapp
08215aa9-8e1e-4793-8e51-6d47964dbe2e,1acb580c40d047439330975b2667c558,scan_history_opt_in,2026-04-06T11:21:41,whatsapp
4d3feade-1a28-42b1-be63-b036b419edb5,4e9e494150cfa8b0edc7af8d2fe39d58,location_opt_in,2026-07-13T10:56:48,web
72c8ed0c-3296-4376-8393-41e0f8fbe960,e5d621d53bfa8ba436a840d1661baec8,scan_history_opt_in,2026-07-24T12:05:50,whatsapp
b39bc2dc-f83a-41db-ac9c-6195fb32ae07,842076131290d981e39c97dfcb5a3dc9,location_opt_in,2026-05-13T08:14:17,web
a3fe012d-1967-4f26-91a7-8718ac0f2952,15abe9fd2f91ed238880e0d91908e8fa,data_processing,2026-04-03T16:26:52,whatsapp
be33264e-a7fe-48e9-82af-30effddb462f,cfc4c5fd1a003f791b9ba26f361e1ab4,location_opt_in,2026-08-06T11:29:19,web
449b0a54-d55b-40a5-b978-d1661fc088ff,a32cdf3545e01199f51dda52e4f6c1fa,data_processing,2026-04-15T17:04:10,whatsapp
31ead8d9-77b4-42fe-8a28-bef148b19970,298bfde6c01faba6b77bc14c0747eaf4,data_processing,2026-05-21T11:59:59,whatsapp
e1aefff5-5128-4360-bbb3-47e7c4270df1,5c404a2281412c3872b62dc8456ea05d,scan_history_opt_in,2026-07-22T19:21:26,web
ee3b02de-c0e8-4dad-a441-63b0870e97dc,91bed231aca23cfa6996e879399ce822,scan_history_opt_in,2026-09-12T19:02:09,whatsapp
41a92dc4-b49f-4c73-8eda-83e226f4b6f9,d578a186629ece04863e693e7ae7096e,data_processing,2026-04-10T18:57:45,web
b80e1379-6fdc-45cd-8cc8-fbac5a8ad11e,8c7328a03f521d61a6eb61fd5cb38a58,data_processing,2026-07-09T15:39:09,web
bbc90b86-745e-4dc5-8ec8-b3585577217a,cf1f0ce20bf6193c9bf9d92ca38d98cc,data_processing,2026-05-10T16:16:10,whatsapp
0200add6-c3ae-4591-a641-476eb63eeb4c,ca448464eb42d3c98c4b8fca91d80ef7,scan_history_opt_in,2026-07-28T08:33:43,web
694ce233-5d80-4ef4-ab66-ec12c97267dd,427245c7439f6c57050b70cbe137c652,location_opt_in,2026-07-05T11:41:20,web
de690e59-d69b-4ce2-a297-deb719a45f1b,580f2bb619ff885bb9caf61b1aca93fb,scan_history_opt_in,2026-08-09T19:05:22,whatsapp
6f1b0ad7-b2bb-4b60-bf16-63b2c6ead38f,d70328feb17558d4111ab709406055df,scan_history_opt_in,2026-06-26T10:01:31,whatsapp
782e81cd-802a-46e5-8c16-7a983ef41a41,a5ddee204bf396d8d9f136059cd24d42,data_processing,2026-08-03T16:16:19,web
1dd9e9ad-3929-40bc-a3b3-1afcd5be704e,65fd4af0d0321ebc5d1f792d54ae56d1,data_processing,2026-08-01T11:01:33,web
1b98bebb-9e3e-4858-ba05-2abaa772cadf,e79bb1028659081db6f61458bc8b6217,scan_history_opt_in,2026-05-15T13:44:36,whatsapp
65821e7d-06c6-491b-a096-4754a071760b,2176c66f7882c316d1ba921e35942a39,data_processing,2026-06-10T18:03:29,whatsapp
1a0d4c46-6931-4f90-a7d4-cfa55d6234ed,99fd0d8a7f3ac9e32fdd3789dd7a97ae,data_processing,2026-04-09T15:25:27,whatsapp
ebebd5bc-66fe-43de-9d7b-66daad06efa7,c33e99ae2910c1c77639dd9f106ffce1,scan_history_opt_in,2026-04-18T09:13:55,web
2ca4811d-5902-40bb-97c7-96755217037a,f4c949d837692a61a7f47879b34131f3,data_processing,2026-09-10T10:17:40,web
6b22724b-0f58-463c-812a-41fac24bc610,d80de7e8e9f542597a6575f3e7b3fe26,scan_history_opt_in,2026-03-25T10:36:46,whatsapp
87156e35-3cbf-4c00-9cd1-b1bb8aca09b2,051e66c0f3261d67682b4bc81f6f9c31,location_opt_in,2026-07-26T09:26:28,whatsapp
ee441f17-e10f-489b-9d74-2655b1f4b047,3b7d5642fc29f32c69ecffb3b473133b,scan_history_opt_in,2026-05-31T10:58:44,whatsapp
cf9241b9-72df-48c1-b0cc-2e31b3640102,c608c550e96d185084a7a9b17148f25c,scan_history_opt_in,2026-06-24T20:49:56,web
3e50b232-59ee-4f4f-89d1-592d3be7cace,eab356077e630987b567cc82b1bbcd09,location_opt_in,2026-07-31T15:41:15,web
b230160e-aba0-4c8a-b767-004a483e1e3b,148d936259bdea3b7a903649f0c74980,data_processing,2026-04-15T07:57:13,whatsapp
0214349e-f8d6-41cd-9c5e-2d7b2c205903,06c750f6fbe6f64ffa71bb5c35e2567c,location_opt_in,2026-06-07T12:34:13,whatsapp
3fa69bc6-c941-403b-b65f-b6c2a15d78f9,52d3f1215ec9e96b3cdabf5e687e934f,data_processing,2026-08-12T12:06:03,whatsapp
fbbc8f02-0c40-4d26-a674-4670766be177,7c5243ccf59efff67ecef34cc0cdbe10,scan_history_opt_in,2026-04-23T11:47:59,web
9b82cb05-f6c9-4089-bacc-2f7317b904d7,30b8c11e9e927fdb3bea4da05f18f795,scan_history_opt_in,2026-04-26T11:26:26,whatsapp
f8f0cad6-ebf6-4ebe-956d-d0e3cd200c2a,cfb0fafcdbc9766b8b37afd2d04cc631,data_processing,2026-06-12T12:36:03,whatsapp
d69da25c-1a5b-4729-8c7c-294576ebba9c,bf95e5cd32802620e31caeb3e7b007cb,location_opt_in,2026-08-30T12:39:49,web
db1861a3-52c0-4def-a246-9b0e76b81a6c,abe159f481875b2d3f6c7c01f93c4d16,data_processing,2026-09-09T10:47:26,web
59362e2d-4ee4-4b36-bb4f-fa2a10eaf006,1b3ee6d90e4626b1eb4d893d59d3e570,scan_history_opt_in,2026-04-02T20:50:39,web
bc265db6-e2ff-4ea8-a0f6-4e4f69d1ab62,1845939bc85fa846a5bb52751c749375,data_processing,2026-07-19T13:55:30,whatsapp
6acc0060-704e-4b02-949b-1d4eb631aff4,cec2dd20b11c392086f2ac61aee2f416,scan_history_opt_in,2026-05-09T17:58:59,whatsapp
9adaf7ea-7963-4e69-a031-405ff5f1851e,52d3f1215ec9e96b3cdabf5e687e934f,scan_history_opt_in,2026-05-07T18:20:48,whatsapp
727da722-0e91-4020-b296-7ad1aaa3084d,30a14506d08ae8451fb78cfe617a06bc,data_processing,2026-08-16T15:17:05,whatsapp
b244cbf5-7e88-4685-9904-72376c7c834e,c5de758551de5791cc98a8f8b6105ef6,data_processing,2026-06-13T16:07:12,whatsapp
8804ddd0-5adb-4fae-ae40-f0efc6c9b5d3,ca4c64995d931cee7cbe45ebef5a706a,scan_history_opt_in,2026-08-08T07:36:40,web
f2791233-2a7b-4983-908a-a2b7eb224187,6d123eed17826a118a30324980ded0a6,data_processing,2026-09-09T09:25:20,whatsapp
c16d54e0-d68b-4259-af77-8903f0e6a889,9e3d41ec4af650dd232dd96ecb677404,data_processing,2026-05-23T18:25:35,web
16657c34-fbec-47e7-a452-44242ed678cb,bf9a3f544cbff62c617a4864f1991aff,scan_history_opt_in,2026-05-13T10:13:36,web
5409c14a-abbd-4f66-924e-509050f1e822,2e42a09c716caa27851302b118db1d6f,data_processing,2026-07-30T12:17:02,web
027f6a83-2431-4e53-913d-d188fad70a36,d7fa10ce4caf5da0a06b778c32046010,data_processing,2026-06-24T10:56:01,whatsapp
4bfef3d7-0070-496e-bc33-8cf3c529b19d,fa899dcf2e436d8cf19752dab2610f8f,location_opt_in,2026-08-01T13:09:18,web
70d55e02-009a-4118-89b5-a4bba36a9c33,2a2026ab2653367a0f568410ca5ad467,data_processing,2026-04-28T11:09:26,web
a14cf7fd-7eb2-4774-9583-7f90bfde2a98,eb0129b8c1bbaa327bb7453cd3c357c8,data_processing,2026-07-01T07:42:07,whatsapp
78309e04-3ca7-4584-ad82-301c417607c7,91fff1c58bcfc68c2e62e0fee2d24179,data_processing,2026-04-05T19:59:54,web
f39784f5-2d77-443d-afc8-3a113b10cb76,8e0f80cc268702b4e66b51ed0103f97a,data_processing,2026-05-24T15:08:36,web
428bf45b-fd48-49c5-9929-dcbd8fbd5dab,f0a8f3e7c1d033e9e4f9097194356997,data_processing,2026-09-18T11:51:57,web
675ff1a4-227e-4161-bc7e-697d71760e2d,53018967f0f6478ecb5b56e800b741f1,data_processing,2026-08-15T12:08:25,web
323e3383-0376-4ae8-8a02-34764e531091,572b5759dbc62aec6df1616d3f7498cd,data_processing,2026-06-13T07:05:46,whatsapp
244a0d52-e97a-40d5-b46c-4c190ab71a5c,586ca100736246ff5f795ed770afe63e,location_opt_in,2026-06-09T14:12:21,whatsapp
cf5a461a-c943-41b2-aaac-3bfc2c8b8fbf,d9a82c5e3efca4e52cc98bcba153c194,location_opt_in,2026-03-25T15:25:06,whatsapp
0fb450fa-f085-4a8d-a0ea-8bc522148d04,c5fd7018000acbddfa35f8aeb31fcaa5,data_processing,2026-05-09T16:38:04,whatsapp
661a53f3-84ba-4f63-8d60-8dd0d389602f,77b33730f7cba0b9df045e578b54177f,scan_history_opt_in,2026-04-14T17:07:29,web
a9f92be4-e4b9-4039-8658-066b783c222f,e40881e02dbfbd62674b6741d6a710dd,scan_history_opt_in,2026-03-22T07:00:38,whatsapp
aaf2211a-5529-48c2-8e41-ff9d36784d70,d670014b899a5f5feeb03ed7f92e724e,scan_history_opt_in,2026-04-09T19:17:58,whatsapp
1618fb4c-307f-4813-9485-946306da4d06,86bd7d9158d621ccf2268b3d03282ce4,scan_history_opt_in,2026-09-11T02:58:17,whatsapp
d9acbec9-9a2f-4b94-8eb1-3d65d4f69844,a9edb4ed4e5b249c2e8036d7dddb50f9,scan_history_opt_in,2026-03-25T14:53:22,whatsapp
8e2ffe88-5986-4ab7-a0da-d4aa3676c8ce,f4f119e29aefa0325070a9b24f7cf4ae,data_processing,2026-08-09T11:12:30,whatsapp
29df3250-8c9a-488e-9108-ae9fdd318a9f,968ceb51546089b80f5fe1863b7c9938,data_processing,2026-07-28T16:30:04,whatsapp
5232947e-f6da-403f-8e49-5b0e500a4230,70a893e5b28d6bf12d2e5c03ec96a87d,scan_history_opt_in,2026-06-29T23:24:24,web
5aaf2a81-5c3c-4937-8ddc-189bd3f5586b,f85c082673c51b8f4efa235854d69ff5,data_processing,2026-05-18T13:39:49,whatsapp
7b4a0bd2-6e76-4a9d-989f-8c07e5d68f1b,54f2b10f7acc5b6f56ac6e3b4ccc37fe,scan_history_opt_in,2026-03-31T14:13:28,whatsapp
1de1a28a-b5a7-4999-8143-13b31a360da9,2631a124ceeb2d80fdb0ea4fc0d2f559,scan_history_opt_in,2026-05-03T17:21:43,web
bd3c2c2a-55c1-4c16-a6f7-29575c523a67,be19c7843999ae2578d3179b9b92f587,data_processing,2026-06-04T01:45:06,whatsapp
89f498c6-92e6-4f16-a16d-86fa1e88f92b,98856b87d86cd1e4d52971b5efaa87d4,location_opt_in,2026-06-25T14:47:50,web
93d0fd14-1283-47f4-afa8-6598d415c870,452c7cd041b0398e368367e65d7102c2,data_processing,2026-04-22T15:23:24,web
01dade3c-6813-4bfa-a9d1-26431b8dbd0a,994b5c9c77d2be8f708b1c9327201e08,scan_history_opt_in,2026-05-16T08:19:10,whatsapp
8f2a42f4-0165-4a43-adcc-aa2a0539676d,1499e8e1a71cd4a97b639045c21af701,data_processing,2026-09-03T18:51:17,web
1db8a6d7-a286-414b-be7a-61c72e7bcbce,abbbcda4b6970c318e381edbce989f34,data_processing,2026-04-22T07:43:45,web
9138f78a-a309-4ca4-a953-61b65aae38e1,edabd1296fcd21dadb3fc36a269e4741,scan_history_opt_in,2026-05-30T11:19:39,whatsapp
adcedf33-6971-4025-8515-3e01f25f20ba,63cafa52eb2f9f41064d759d96c00579,data_processing,2026-04-05T21:12:55,web
4ae1f235-85a9-443b-b462-6f069b334cd9,f5231bb1a5bc8895c98a169ad9a5dd45,data_processing,2026-07-25T18:32:36,whatsapp
e00b8d34-8137-44a7-9c2f-50f0dd4f8a7d,23b0c70290bd61097ef00d18cddc1c9a,scan_history_opt_in,2026-06-30T19:49:10,whatsapp
8b907d5f-5111-4493-aa6e-6cfcc87c6967,f5231bb1a5bc8895c98a169ad9a5dd45,location_opt_in,2026-04-26T13:03:07,web
fe097bb0-d415-45e6-a232-ece17e323f66,41a7abc6bd664470c80085c6154d3083,location_opt_in,2026-07-15T08:12:37,whatsapp
48885961-d31c-450b-a76a-92b37ca53823,53160b8b677720ae1b90169ed2754ad8,data_processing,2026-06-24T18:35:45,whatsapp
7123cb12-2f95-4c30-9bdc-fffa49cdac9a,df5b843efaa558ee53113a680448cb2a,data_processing,2026-08-20T00:05:33,web
a2f40393-d1a8-43f5-b49e-6e3e1e504a2d,44cca74606fa927d8430735ceca5bdca,data_processing,2026-03-28T11:23:36,whatsapp
71ee1e2b-93a2-412e-9085-261682050034,1f5290f0796d5c1317c880f3d03ace85,location_opt_in,2026-08-09T16:19:08,whatsapp
3f3f4c22-c275-4fce-b1ba-47d5023d4f92,03e3e0f8edd763acdfbb8c8b2a121604,scan_history_opt_in,2026-08-26T18:08:36,whatsapp
29362ae0-5edb-4110-b7ff-b11d04246a5b,ed9c4fb29eb0fda0a87ca5f36441d1b3,data_processing,2026-04-02T18:01:20,whatsapp
bdab9859-9189-4d63-90ba-2faf31d3238b,b6b06ee48bcd1ddde564481192922e35,data_processing,2026-03-31T15:02:59,web
4cb2c673-3cce-4586-816c-ce3268708821,9109983bf1b259c2e0ff9dcbf98862bf,data_processing,2026-04-01T11:39:51,web
2a1fe0b8-e98b-455c-9a6f-f8da493db834,9bddc306d8b9ef80f93435307aa5987f,data_processing,2026-08-03T17:53:13,whatsapp
31adf1a5-8a04-4473-8aaf-f103becf6a5c,78fd72b0ba3c7ea00a3defb2e998ee71,scan_history_opt_in,2026-08-17T18:46:33,whatsapp
3f6c0621-b245-46b7-92e6-51f2ddaded5c,0eeb4c796e4208daa42490ee19ce0025,location_opt_in,2026-04-25T12:18:33,whatsapp
5d66f27a-14bc-4a41-8a6b-b5c111f7755c,5908425fdff9f8fdf2ad59bbad1db021,scan_history_opt_in,2026-04-13T15:58:40,whatsapp
c93c821f-d41c-434e-8405-f3d8ee7f31a7,a3735de9c8acd9a77024d34a15165074,data_processing,2026-05-13T05:40:09,web
0bacb33b-58c1-45d1-a35d-c6dca9852438,1a8cefc94b425587e6dd0e51c92a5394,scan_history_opt_in,2026-04-07T18:43:58,whatsapp
35f5f691-f4c8-4b4e-9a5d-8033d40d7b1a,a5ddee204bf396d8d9f136059cd24d42,scan_history_opt_in,2026-09-09T00:43:34,whatsapp
a01ea074-c6ad-4891-b5d7-2c73030a1738,b17eb18b56b3e7410fc734243383a8fa,location_opt_in,2026-06-28T15:07:58,web
b397367a-4e81-4e68-b72c-757767f6b800,dfb26bc6983d073fe1db4d37b92d5ec2,scan_history_opt_in,2026-08-02T14:47:43,whatsapp
24ea5ca9-a291-48c7-9f33-74127a47da65,04a915ba7b4332696f34b37802e9d30f,scan_history_opt_in,2026-04-09T05:39:12,whatsapp
d7a4f6bd-a96d-484f-9f97-6aff7d613b1f,6f0580e17228a98b91112e083cf04b95,location_opt_in,2026-04-19T19:12:26,web
ab552ebd-f909-4f00-82ae-5c444908e21f,44fc6b04f1a2b0fbd80d741bd2522b93,location_opt_in,2026-05-21T13:01:33,whatsapp
9cc059d8-a535-494a-bfd4-f945358b08df,04a915ba7b4332696f34b37802e9d30f,data_processing,2026-06-02T15:27:33,web
27fd3660-5186-407a-b627-00c951acf579,d41a9f72fd69749a8fbe2293908ce242,scan_history_opt_in,2026-07-02T17:04:48,web
85688519-5a26-47ae-928e-3043e5ec010c,9519e9f8cd3a0826d34ed5ac8ec5a745,data_processing,2026-07-22T15:15:26,whatsapp
53b0e390-c0ad-4d14-9a7e-f720c7654ce5,ed9b7ce7acb663c3c8aa7eb382be4740,scan_history_opt_in,2026-06-26T09:56:32,whatsapp
95eb65f8-2257-4f98-9925-43388952f441,2892669431de1cd8d4c18a6e16fe0761,data_processing,2026-06-27T11:08:19,web
a14a9545-575e-495d-b4bf-b2635d8462ae,2892669431de1cd8d4c18a6e16fe0761,scan_history_opt_in,2026-07-11T14:25:27,whatsapp
88e0e4e9-a536-4152-9edf-ed40f669f0f8,6ae4a7fee3e6820e50faa33394418314,data_processing,2026-08-14T17:48:57,whatsapp
13a7b04c-816c-4fc7-8d44-edfe2e70cffb,3983310549db4834f1c6bb41c9dd8887,data_processing,2026-05-17T07:11:06,whatsapp
b47019ea-ed19-4f5d-af8c-f9fa79032f39,1518dd0185fd23eab5ebad287bab11db,scan_history_opt_in,2026-09-09T07:26:01,whatsapp
bbfc75c6-bc02-4c39-a098-073468672b78,0eb51e567ce80f44920a82a58365e435,scan_history_opt_in,2026-06-15T13:34:24,web
64ae62c2-6be8-4e6b-a1d3-b92f5a855d0b,c111115bcbc9f1fd89ee1c7cfe7c9ce4,data_processing,2026-05-07T18:13:23,web
7286d376-15c3-4dc4-9e88-b0d199e8ce78,72b65f6d79366739c6e4e3b5e299556b,location_opt_in,2026-07-17T11:08:00,web
7663f7b4-eb7f-4818-b614-d949af1e2e61,a9410cf2c059407c10dd4baaaf9014bf,data_processing,2026-07-06T15:10:32,web
0759d0b0-049c-405f-891a-8c3eab8bf769,a5ddee204bf396d8d9f136059cd24d42,data_processing,2026-05-27T08:31:12,whatsapp
c048a35b-2334-4f27-b724-89ad1b496e05,aa72a9646f9b55dfd84175880462e077,location_opt_in,2026-07-13T13:08:34,whatsapp
54f15d78-d01c-4864-8f5c-0b36d1cd5b12,52d804a22e41c6c922eb7a46b5c6e289,scan_history_opt_in,2026-05-14T16:26:58,whatsapp
671f6847-2b27-40d0-8ad5-0a6986d12019,7411e37ac401b35ef524e39131380b33,location_opt_in,2026-07-07T14:04:10,whatsapp
3669c69a-3183-49de-83b8-3a9cd6abd224,1a6e064b6943d04950102e0ef5ea6186,location_opt_in,2026-05-09T18:45:51,whatsapp
7765465f-b1ae-420f-ba08-104bb390051a,e40366a75818fe5b6728beea21df9fcd,location_opt_in,2026-08-14T06:57:02,whatsapp
da803ccd-4efd-4f9f-91b1-84e0b0f21cec,34866b7fdda005c10eb36daed46cdef4,scan_history_opt_in,2026-05-04T09:30:49,whatsapp
400f68e3-2bdd-4507-9279-4cc5344adaa4,c33e99ae2910c1c77639dd9f106ffce1,scan_history_opt_in,2026-05-06T19:37:10,whatsapp
00029f79-4b82-454d-a714-0cdc73107408,9f364a0719f28a13d792a6a8c17ee6ef,data_processing,2026-04-13T12:57:31,whatsapp
75b730b0-4d39-4096-ae16-927215f17e85,9d073b8df27f8804112c2f01d4fac738,data_processing,2026-05-07T15:09:54,web
c5ac19e9-6f38-4223-bbc0-dc849c952b20,c20106b48ec0eb8a2e9bd68f3e06ccd6,data_processing,2026-08-25T15:13:30,web
bb279265-2ad8-4ea7-9f9a-01641b975cf7,12862d8017eba8167d745dee1ae3e2f6,location_opt_in,2026-04-28T11:23:54,whatsapp
f61b8866-be98-4286-bc4f-6d970acde4dd,86c19afb07d5e2d589d69adaf31a6685,scan_history_opt_in,2026-07-26T16:45:08,web
54516e9e-f50e-4910-9cda-17add47f2d90,adc5fc8f03bc08d28492b2ccf154cf8c,scan_history_opt_in,2026-06-19T07:26:09,whatsapp
11cbbc32-b4b7-4f1d-9ab4-e3d3e927fcf2,12f165920e7d63e532fe924c9453f3eb,data_processing,2026-05-18T02:28:29,web
215e50bc-217a-407f-9bc7-df987facf712,aa9d9f99d709e2a2efc33ae6501e5cb2,scan_history_opt_in,2026-08-13T11:12:38,whatsapp
895cebd9-147c-4ed4-abe7-9067ca8035ae,73910a9509bb46644c98d3e15f26de61,scan_history_opt_in,2026-04-13T13:34:58,web
715f3229-9a0c-4609-accf-3f0737bd3cab,e31a33c14d7277b62f5486ff854e0422,scan_history_opt_in,2026-07-27T15:43:24,whatsapp
4e831a0b-4947-4d45-b2ca-9a92ebeafbed,0f4bdd8ff16afb53c79fe94ebe777553,scan_history_opt_in,2026-07-17T22:13:19,web
cf0ade3c-cd52-4bd1-bbfe-9fec741d5959,9449938e2c79b8d2710283303a5bd8ae,scan_history_opt_in,2026-05-27T14:20:02,whatsapp
8adc694b-ac6c-459a-a1e7-ad38e358b611,b30728101703770205f8160f35fc10ef,data_processing,2026-05-28T18:53:03,web
9840c1b3-d0d1-46c1-86e4-4a84eac47dbc,ed41c01b277a44b044763460667d35dc,data_processing,2026-04-14T17:02:16,web
aab40478-d50f-434d-8755-c3649689dedb,5bc262886750772a9a05aeafe60b93e6,data_processing,2026-03-24T17:30:56,web
93b9e9a0-496d-4811-bde9-4ea7c64be18e,a76ca5a4a77c72a64a2bb8356aa4a2f1,scan_history_opt_in,2026-04-29T08:35:24,whatsapp
97039636-7f59-4bd1-8e8e-f6fbb91b4236,a9410cf2c059407c10dd4baaaf9014bf,data_processing,2026-06-08T15:02:28,web
fdc41cac-afa1-4fdc-86c7-afd54ccb4bc8,995ed1fb91d781082f12236ea7421885,scan_history_opt_in,2026-08-11T15:30:26,whatsapp
44084701-0a56-4e4b-bc7c-883c67176352,2f21940ecdd67ac9f9ec99efddddd479,data_processing,2026-06-13T08:03:31,web
fdece5e9-95b6-4bae-9e87-8d1cacaa42c2,1ce4b552af156bc4e04cafa5d4276975,location_opt_in,2026-08-07T12:05:37,web
cb879ab8-baf6-456e-beae-611cc34d21b6,bf227d364194121f1608ceb29a82bd93,data_processing,2026-06-18T12:12:53,whatsapp
d78bd151-8a69-4241-adda-7c8ff9c00437,5961db5f11fe59f23b20c2eb6d70e4bc,location_opt_in,2026-05-09T10:27:08,whatsapp
a05c4eeb-5b6b-4115-ae42-c29b516fa27a,306d1407748b6e9469ebd54a29184f51,data_processing,2026-06-16T16:39:58,whatsapp
2d56047a-8113-41c2-9699-e751b89bc494,069d193723aa1d15920698523f4836d7,data_processing,2026-06-11T05:14:11,whatsapp
3efeb224-6dcd-469b-8a73-cd0f7375ade3,dac3256e4e49528cd03a8a435d41bb6e,location_opt_in,2026-05-06T05:04:55,whatsapp
08157665-101c-4f5a-b562-c8133e64fc69,785f02db16ca5543e83c6779c02fb4d5,location_opt_in,2026-08-15T11:39:20,whatsapp
4cd20bdc-c9ce-4a24-b92e-53898228eebf,fd54c76bf131a2ddad1a54c38f66f652,data_processing,2026-08-17T15:08:08,web
5057b3f1-46e4-4b16-9ad6-6b2d76e5891b,5645c4a1642f913112058696e3ffdfbf,data_processing,2026-08-26T00:45:16,whatsapp
f491e850-446c-45bb-baa0-ff81e372f9fb,2ef802b344a188db2bead104d932ccd7,scan_history_opt_in,2026-05-24T13:29:01,web
4db40cee-c26d-4e41-832d-9d3c68bbc769,edaf0aa97fecc1e39e3b2b19a878ce1d,scan_history_opt_in,2026-08-08T18:12:38,whatsapp
a4c8a63f-d57a-4781-a604-24a3c628acc0,a2017a54488203f3d5c5d793a532627b,data_processing,2026-05-14T07:19:54,whatsapp
bb1bdb94-b48c-4337-a9ea-a631a87200c6,a65b39f4297ab6b3a69fd94222fc715a,data_processing,2026-06-19T07:56:32,web
638b075c-d8b0-4747-8a6e-3bc3d7e57af6,0a80233f5cf1395a5588be4a78f59d39,data_processing,2026-08-18T01:30:43,whatsapp
198ad04d-0c19-4523-9f25-b04b445cbcc3,e06cedf6bee57050591b5e0b532cb90f,data_processing,2026-06-26T21:06:54,whatsapp
fb7673e9-2f95-433c-ae0d-3f04ab931205,8524ce43c6824478f9eaa181f46c17ec,scan_history_opt_in,2026-05-25T12:44:18,whatsapp
21651905-d65c-4592-8274-ec2a89782afb,9e753855d6cbf8a9c106c29aab3c6c6f,data_processing,2026-04-19T12:32:20,web
dcea8246-8025-456a-b23d-bcdf03c6e49e,3d9fe8d96bf83ed42dbfae390cc9ebef,data_processing,2026-09-04T11:01:11,whatsapp
01d2c78a-ffe4-4b4e-a032-8123d47a7cab,de3836dcc50379d3aaec3cfa3c013c31,scan_history_opt_in,2026-03-28T15:43:08,whatsapp
afbf1f1f-27c7-4f8e-9726-cafd6a55737d,2cb12e008cf79168c46832f1b39c2915,data_processing,2026-07-21T15:08:18,web
eb032687-b62b-4bbe-b0a8-afc06f3a4a39,0f88e1a51a916dcfedf16a19bcc7c287,data_processing,2026-08-06T07:34:01,whatsapp
b90f4578-ed56-4723-b1c7-2dc5d2218631,d1dbe1881519a52cfe958ecab18cde45,location_opt_in,2026-04-06T16:46:08,web
5e417745-a44b-4011-923a-9c355ee1ad69,61e72917bc7b65216314a9525c2fa262,data_processing,2026-07-10T20:18:09,whatsapp
248f351c-6901-42ed-9a15-093da4d7881e,1b94dee69f13dbd5a1a09b4ed6f05c60,data_processing,2026-09-02T17:33:59,whatsapp
2263fe53-f811-4b88-9f8c-30e1e30bd473,7f0dd5ded305255cba075beedbd6078d,scan_history_opt_in,2026-04-22T16:03:37,whatsapp
4271c519-1751-489b-b3f2-c6ad7d91c618,9de302cfcc824b8d78cd40f78b6ba245,scan_history_opt_in,2026-08-24T11:45:02,whatsapp
16d04083-6c97-419e-a1c2-6fbc8fe964fc,b6323c0ca754322ab70d0544de4ce1b6,data_processing,2026-07-03T08:05:31,whatsapp
f7525400-1a75-4432-b7f8-3688b4b814a9,63ba464363b8f80f5382e0622e1815d9,data_processing,2026-03-27T15:34:04,whatsapp
dba75ac2-a10b-49d0-a5a9-809849650bbc,79acdbbb5e941e8589b506f73a09ef73,scan_history_opt_in,2026-04-26T20:43:46,whatsapp
2cb6f63c-0c45-476f-9469-0489190e64be,2892669431de1cd8d4c18a6e16fe0761,scan_history_opt_in,2026-07-19T09:17:51,whatsapp
03fe9b75-8e0f-47b7-a497-72baa9f31976,b30e40561544e48481ada0bbebbf416c,data_processing,2026-04-27T17:32:31,whatsapp
17627554-a0b5-445e-88bf-988e0750a610,156de33c691d38eaba52ccadd9d6222a,data_processing,2026-04-06T13:12:05,web
d8db1eec-6bc6-4cdf-9bcc-fe0e1bd75845,d7fa10ce4caf5da0a06b778c32046010,data_processing,2026-09-10T11:38:12,whatsapp
8ae91764-6998-4dc4-bf77-795c8010ce28,018bc993326f585b76b73334e91f70d8,data_processing,2026-03-27T19:12:16,whatsapp
9821307f-b4dc-4df9-a72a-c71ee75df794,b113306e1730ce45cf15faecf9065436,scan_history_opt_in,2026-07-27T17:33:26,whatsapp
8c732fb2-9427-4dc4-92ae-b53f7b4284ef,fb7b612f7333daa22bf31514981122c8,location_opt_in,2026-07-12T14:01:19,whatsapp
289bb375-f1e0-4874-af6b-172ba2c81dc5,85a9c272709d253dbcfbaa7133a119d4,data_processing,2026-09-13T11:22:22,whatsapp
d881f1b2-78ad-43e2-ac0a-e458c71f2ba7,2ef802b344a188db2bead104d932ccd7,data_processing,2026-06-08T15:31:10,whatsapp
f14d441b-260e-41e2-bd7a-c51d9d168815,3519166e96866a6be04638d9dd0261ef,data_processing,2026-08-02T14:51:07,web
21c5223b-d775-4161-9eae-bf98a71e0fa7,c819c9ffaf43156c515afa9b69055970,scan_history_opt_in,2026-09-10T09:28:44,web
dc4eb69d-1155-4ab7-9458-ff6f427c3f66,4b769e04f857df5b1c2cec89fa29d197,scan_history_opt_in,2026-05-08T14:25:31,web
c8f58516-b2ed-480c-a360-33ade12f2ad3,0fd63effb46a83462725961bc407dfea,data_processing,2026-07-18T14:39:39,web
44ddd547-78f8-4564-a005-8c72d2841f1e,cb4caf139c2bb59bf38baeeb008a9b82,data_processing,2026-05-12T14:27:33,web
440480ae-8d59-41e5-8761-39faeda27ae1,b0f8830cc1fd7f15d8a4492a02bdb1ea,location_opt_in,2026-04-09T14:45:46,whatsapp
fca5e18a-07dd-4df7-97f6-60c2a737a6c9,ce5a04481b238985c5a39b97b654565b,location_opt_in,2026-07-22T09:38:33,whatsapp
7effbb9c-bd96-4fe9-b4bc-63eb634137d8,051e75712c8f911fde6c2461aa7def6e,data_processing,2026-08-12T16:23:01,whatsapp
4593e5d8-359e-481c-b3a5-b3b1df7b0e7e,e87ea69f4132b3db2a111f0911e2a076,location_opt_in,2026-04-06T00:15:44,whatsapp
d19655b5-ee49-48e3-985a-2e8ef59b5d43,3983310549db4834f1c6bb41c9dd8887,data_processing,2026-04-09T10:05:25,web
930642e0-a8f7-48cd-89ff-db2d6fa47406,9ec6c1bc3309161922ac6d288b633447,data_processing,2026-08-04T19:19:49,whatsapp
40d2c846-f654-405d-a14f-e7786cf5eb90,f4ccd7cea3179ed238611cf7f0cf477d,scan_history_opt_in,2026-05-31T02:16:41,whatsapp
943a493c-f1eb-4bd0-acf4-dc907ad1febc,23fbef1f8c1a25f9c1590478509db936,location_opt_in,2026-04-19T20:49:31,whatsapp
0ed70829-30a0-48a9-a58b-7a0840f67f72,a5d593c6c79a7d193c6c6dde21215f7e,data_processing,2026-06-01T15:14:44,web
03750555-cc4c-4339-b1ea-742d2df31ffe,e429f42bdf2b2d302a17b5fc6f37f91b,scan_history_opt_in,2026-06-03T13:57:37,whatsapp
c80f9996-8377-4b0f-8674-b737758d52c4,053906f0402a70099dd56f8746640c08,data_processing,2026-08-04T19:59:14,whatsapp
697518bb-effa-4034-ab2b-1c3d2af623aa,b6ef8f469ab8046ec9d7e878da4d03c8,location_opt_in,2026-03-25T11:52:53,web
fc7a561a-ee4c-4483-a531-af6c0a68dc65,1d6e27a8c2d1d5274603bc779ea821b3,data_processing,2026-05-10T16:17:41,web
1ec2cf6b-bf97-45f6-bc87-e63a7513fc78,a3735de9c8acd9a77024d34a15165074,location_opt_in,2026-05-13T15:15:43,whatsapp
32af3e2f-e31d-47cd-a9c5-ab4e4d42c59f,7ea51ddf82afe8cd7be8b63ad36c2354,data_processing,2026-05-20T06:57:08,whatsapp
862c613e-610e-4176-9f6a-dc67f7541b49,df12f71ac5aab3bdf231ad94574d32f3,data_processing,2026-04-08T11:38:44,whatsapp
b1acc919-1fa7-451e-bf58-08dc0710bb1e,bc60d5cbdf483fa50f83ac006043b79c,scan_history_opt_in,2026-07-27T15:32:05,web
4e8caae4-e239-4103-940b-ed97c88e6d6f,fb7b612f7333daa22bf31514981122c8,location_opt_in,2026-08-10T07:29:45,web
b7aa58fa-6543-4693-a1c5-0ffaa81cc828,1c1913863b4dc116ac621878c74df9c2,location_opt_in,2026-07-05T09:25:22,whatsapp
14a1a0a9-c509-44a9-bd71-e9eacdc0cfce,c0b8b490c40963389f5dfc91bb11f91f,data_processing,2026-07-16T11:28:32,web
d0d67fd7-1748-49de-b01e-4bb153cb2fd9,967daa4a8d0076389387b16cbc98d207,data_processing,2026-05-21T13:02:25,whatsapp
878e61da-09d8-445a-ba5f-48065ccf4a37,d8afce567bd716a83dc2ea99cb6a2922,scan_history_opt_in,2026-03-29T13:44:42,web
81fd8f18-27c1-4bb1-884a-113aac8c2da5,74b71d58c4acfc8f0b877a75865da2e2,scan_history_opt_in,2026-07-22T04:52:35,web
84aaf2a9-6a74-47a2-99ef-2b51ca5a3c90,9b6f56cd35e3ebb242d9aa9d0948559b,data_processing,2026-08-14T06:49:42,web
54d8f843-79ad-45c9-81ad-a14ec702f312,06a9213bd295a2da5c42f76fc6e9ec06,data_processing,2026-07-15T18:23:58,web
d0656b8a-8bf9-4899-98be-e25644471f52,c1d97c433ff720370bbdee9e43861bed,location_opt_in,2026-07-30T16:51:04,whatsapp
2953cb00-fc1b-4d73-ba61-e26111e718ca,2a2026ab2653367a0f568410ca5ad467,location_opt_in,2026-08-04T06:04:08,web
d9a00967-c429-4c68-8393-d2d0cf7dbbee,1b33b2312ae0b95e61925663280b1035,scan_history_opt_in,2026-05-27T14:57:08,web
7b64959b-7f7c-4e7e-8c12-a1cdc1d749d9,1f5290f0796d5c1317c880f3d03ace85,data_processing,2026-03-25T08:56:38,web
5905e574-2f5f-41f2-a96d-776e5fe3f1a3,8f69e0700daaeb3441a7f9b6a26cffe4,scan_history_opt_in,2026-07-20T23:31:44,whatsapp
2aae4a1e-bb2f-4019-93a5-bc18b972b68c,b53422a91ebc7db89d3ac503236507e6,data_processing,2026-03-30T19:40:00,whatsapp
1b0f99b7-ecfb-459c-ac31-e0fad63789f6,d76a2355dd9b8ea114df0e042098bd23,data_processing,2026-04-28T18:26:59,whatsapp
e7b581c1-22e0-4ade-93a6-e4161aa68eff,11221d09da32ab37ab28b6d24abb3655,data_processing,2026-07-17T10:58:20,web
319d119a-725d-4da8-b2c6-ce1b51a78303,8cf1d17019942bb3b14b7d19ae231a3e,data_processing,2026-08-17T10:21:58,whatsapp
a9ecb183-4e82-4335-8c35-d679f452f0fb,7fa8e04dba6d0d116c61a8019ef91883,data_processing,2026-03-22T08:50:29,web
1c8c0210-ff18-4a56-94a0-d377d014d01b,e5d621d53bfa8ba436a840d1661baec8,scan_history_opt_in,2026-06-06T08:40:11,whatsapp
2f4ef0a6-00bb-4972-8041-e7fb3c3d3664,d1dbe1881519a52cfe958ecab18cde45,data_processing,2026-07-24T16:14:40,web
558ec578-45c2-4bd3-b021-4bf086f63a43,2b591f95b1eb59a8a51fd2b361767e8f,data_processing,2026-05-24T21:41:47,whatsapp
1da0d36f-061c-446f-a3ff-bcfe7f68ffa8,1ab11b9d9166bb7f9075f2ec6daf6f7d,scan_history_opt_in,2026-08-27T10:41:51,web
d7127a8b-63fa-44a1-b7b5-6d9f48ec9dc8,b4549a425f646b7a5a0e0194f590c803,data_processing,2026-06-23T10:35:08,web
811cdacc-5eab-4cb0-b224-f7c1f470bf59,dc55194863ecb4ded10ca73ce4704b64,scan_history_opt_in,2026-07-09T03:34:15,web
067fa4a0-379b-4f79-a179-34ad17c15f9f,cb69860a71b8148c4380fda433c7b96e,data_processing,2026-06-03T14:05:05,whatsapp
6cbea363-325f-4e11-91e2-2febf17d21d6,4153b7204ab94ec5ef1adbb02e6ceff3,data_processing,2026-05-20T21:38:32,whatsapp
f5a1e388-fd88-46da-a669-2a0f3c07a086,fb4ff36f83724af32507936c542f8c20,scan_history_opt_in,2026-09-01T13:00:12,whatsapp
c4077275-1ddc-4c40-8b14-cd492af56946,590204b9bcfc8359da2f7fac304b3770,scan_history_opt_in,2026-05-22T16:10:04,whatsapp
569c833b-9196-489f-89d7-47e8a446f5f0,8b03cbd3f9da7835b65e95be8b10111e,scan_history_opt_in,2026-04-04T11:38:11,whatsapp
8b8f7952-e4a1-422f-9a9a-a3e86a2307c5,3b7d5642fc29f32c69ecffb3b473133b,data_processing,2026-05-28T15:47:33,whatsapp
e4f388d2-2729-4d5b-91fa-3d0cd5299ff2,ca185a87e588e0d5dfa6ae211186be55,data_processing,2026-04-17T17:37:47,whatsapp
753d5f14-0a3f-4055-be87-b6b6ad4321ae,19a7887bba955c36a13a7e1677b229fc,scan_history_opt_in,2026-07-13T17:43:09,whatsapp
96648c21-b6b9-4e11-af1f-d77a2f92b69f,8a1d3d5829c07f36871541130b9bc63e,scan_history_opt_in,2026-06-02T12:15:34,whatsapp
bef23a7c-d118-4539-957d-170cd518305f,12461d04f3fcd6c210f63dbced49769a,scan_history_opt_in,2026-05-25T16:59:30,whatsapp
c2f51383-c590-4165-b176-65e0fa1fa841,4781d669e3917da92691664640211bc8,data_processing,2026-05-29T08:55:32,web
cb096478-7f11-4a7d-9b93-e9f1513f21c8,a80a91e7093bd3c8d46d4d1a070562c5,scan_history_opt_in,2026-04-11T21:34:18,whatsapp
ee02daa0-0595-4c84-8ad0-0a842419d855,c62c7b948d9623074923a02aa32d5f01,data_processing,2026-07-17T17:53:23,whatsapp
51ec0bc7-4803-4cd8-b3e4-0619eac92e2d,85c6a4fe27db03c198824430b6246252,scan_history_opt_in,2026-04-10T18:22:12,web
f27ec7f0-6840-4014-8a1d-16cb77911860,6c12f4f38e4345a672e70b0ad2ff24dd,scan_history_opt_in,2026-05-13T12:39:18,whatsapp
4bde110a-c35b-47c8-bcdd-10dc12d6dd5b,dd1dd8ac456279a1abc3ad653db1fee0,data_processing,2026-04-03T19:30:19,whatsapp
14627126-2553-4dcc-97ce-954be2f239e8,82c5de550fa54f634151b065bab87fc7,location_opt_in,2026-08-23T10:05:11,whatsapp
193bb3ed-1d9f-47a9-b711-a965aafa5299,3f555b072bccae10fcabab08658e28ee,location_opt_in,2026-07-12T18:48:53,web
d8b0a710-15bd-4613-bb20-d6bfa32f72da,0e83ae19c61dc1f179401e4ded9ef66d,data_processing,2026-05-30T09:48:11,whatsapp
6a887202-6165-4b81-b639-d64bc775051d,4ba74b0469e9fd6d6c44128876c79840,data_processing,2026-09-10T04:54:22,web
2733a294-2b1f-4890-b92f-9a5ac9bd26f5,c962deeb5c1f3515556d95e58b3e3038,location_opt_in,2026-07-08T13:29:11,web
c8a22b7d-d218-4ef1-9e45-856b331309bc,dd1bc6c70b67d68b1c2e4c5a76bc2619,data_processing,2026-04-08T10:06:35,web
fc55a4db-ece2-43e7-ae12-631618b3af2c,d9a82c5e3efca4e52cc98bcba153c194,data_processing,2026-03-22T17:46:34,whatsapp
c2826c06-e2b2-4c47-a82b-82866c485844,2bdbed5e0645f672e95e886648c89424,data_processing,2026-05-07T13:41:54,web
863532d7-90cc-4f87-aa1b-a2d1cf6331bb,2aeda81096b7d386a789dbf5e199dd97,data_processing,2026-06-14T17:23:45,web
bfd48424-8b2b-4827-9d55-f3b393b949d0,186d78c0ada5120a5f87f53c14510537,scan_history_opt_in,2026-06-21T12:20:30,whatsapp
dfeb9044-c3f8-43fd-87c9-2ded85dcca9f,77be3c0ccf080011ed671d70b1626427,data_processing,2026-03-29T16:15:05,whatsapp
69673b02-8bde-4243-9667-511385000eeb,f91beda265794c607ec61d7530f36420,data_processing,2026-08-23T06:23:33,whatsapp
9f2b9096-071b-48a7-a600-48cab3c5ffe6,9de302cfcc824b8d78cd40f78b6ba245,location_opt_in,2026-08-07T19:58:46,whatsapp
ff57c3ae-a641-4f99-a99d-4b1a9696e775,35f55bdb44d0ec49e1e0bb6b91d703ad,scan_history_opt_in,2026-04-14T10:56:42,whatsapp
6cefb44e-f0e0-4c57-8d5d-3c3dafb13e2a,d76a2355dd9b8ea114df0e042098bd23,data_processing,2026-08-02T10:08:40,whatsapp
7ae16070-29b4-42d8-bbcf-d73f1d35c6de,dd2c28fa286a69d2c160c35779709812,location_opt_in,2026-06-22T15:06:59,web
edb21ac8-c2ec-4264-965e-5d4c4bd1e0f5,40c72c0f821052688e83fe6f9361a5af,scan_history_opt_in,2026-03-25T03:26:57,whatsapp
13e7db7e-b262-460c-96e9-2a6464e989d6,9c797fbdbe9820ff75714e25f29cacef,scan_history_opt_in,2026-05-20T12:38:37,whatsapp
0290578c-694e-4a28-b8e6-6ebc3a2687d7,1a6e064b6943d04950102e0ef5ea6186,location_opt_in,2026-06-27T15:40:55,whatsapp
594b9256-ca58-4945-b384-87343c7ac96f,f028b109eeb35f1c3eec920d1c815cf6,scan_history_opt_in,2026-05-13T18:55:36,web
2c513d0a-73f0-47de-babf-ebf76fbce174,71ed900060f929fa055ce9eb81ef6d2b,scan_history_opt_in,2026-07-31T17:19:02,whatsapp
7530e123-01f1-4969-853b-d74b00309314,a3b0cb013156fbde36faf8ae13a5ae47,data_processing,2026-09-09T18:23:25,whatsapp
2584dd12-7ac6-4723-ae53-0495d44ff4ff,897dea32f3a9bde39b86116605530194,data_processing,2026-07-27T16:54:49,web
70544154-cff3-4029-a95e-ce26c62be874,fb1d93c92e67fa969b746e7baa571967,data_processing,2026-09-13T20:24:39,whatsapp
f9523b22-0bbb-4fc6-bfa3-fd506cd0e610,b25bc15a6c7c98cab0c6568c000f442e,data_processing,2026-09-07T10:23:23,web
065dbffa-d659-4340-b943-54f2f0dd7d93,d04ffb612424f006e114a9e0e24d0268,scan_history_opt_in,2026-06-05T16:18:56,web
77d17bec-ee7e-4a64-9a6f-5c1fbe4e2095,2904f3fc2c3c1bfa9122e4108e510f61,data_processing,2026-05-21T12:41:42,whatsapp
963af59e-f0f6-4ecc-af9c-76246a2834fd,3b272471082b467323f235b4be8b4283,location_opt_in,2026-05-14T16:36:56,whatsapp
4d7dc4ae-8195-4f73-be90-2e42ed21b545,47e3397605826c144f651e7a5cb39eb2,scan_history_opt_in,2026-05-08T07:14:34,whatsapp
c6daa984-9d8d-4fc2-9954-6a543b64f701,b77ff088d604df3e0467a526e696eb26,data_processing,2026-08-23T20:16:09,web
9eb7fea8-f67d-4a43-8546-389d0c6b1e54,5cb42f95413741f0a8af25eeb61b88fe,location_opt_in,2026-04-10T19:35:10,whatsapp
f2f946e8-dc03-41bb-a993-9c2bc9847187,eaa945df44a493904b2b4622a692898d,data_processing,2026-06-24T09:32:02,whatsapp
5e2555cc-319d-4ac3-af56-b507c1290fc6,5ee9b480870e965a51188c4dd1e641ca,scan_history_opt_in,2026-09-10T15:46:30,whatsapp
c8eae94b-5496-4852-bd2c-b4af923fa7e7,f0685b69d8e319c2d990862ea3fac4db,scan_history_opt_in,2026-09-11T13:39:12,web
9e51da6c-ffb0-45a9-9217-7de6e871ffb4,bfc87fc82fdd38501d1f320bef09b247,data_processing,2026-06-26T11:27:51,web
fa4f0384-852f-40d3-b526-474e373a67d2,121bc210fa5a32901196ce03f8741fe4,data_processing,2026-05-03T13:49:44,whatsapp
33d2c985-b9b8-470c-be91-92e42ead4e7d,0bf2fc2f5f71ffd778a05020dc8595b6,scan_history_opt_in,2026-05-28T09:34:11,whatsapp
c721146f-f0fa-4346-a02b-6427f8aa69e0,7ae886e0bb7882593541a5c0818df412,scan_history_opt_in,2026-04-04T13:40:55,whatsapp
5f311795-2546-4f22-a136-5be2a7761984,8167b59fafea3d3edeb97a5e68cff6af,scan_history_opt_in,2026-09-02T12:04:04,web
1e4161bc-4396-4901-b011-b93c50772a2b,f4a303c10933d1f7129ae0e4d4d6755b,data_processing,2026-05-24T17:53:45,web
7e81dd46-b20f-4cff-964e-84926b3b49fa,dfeae29a786b25f046cdadc6371cea21,data_processing,2026-06-01T14:05:18,web
bb3df781-3dc0-41e4-9477-24438dd9e901,b799dbdb73106f8607a8894981477a50,data_processing,2026-05-19T23:15:13,web
00e32476-74df-41bf-9e53-fccf2341ffde,172cea89ebe3d7d928d80c6618c1a434,data_processing,2026-07-30T15:26:40,whatsapp
49d4c7b5-977a-4240-99bf-654077130dc8,1caf8abd025b9be9f5cb599840df7fd8,data_processing,2026-07-23T16:33:32,whatsapp
7068a6cf-4c26-46bd-ad81-ef97fa847d42,14d04584460d513f4bcec9a4b7ce089e,scan_history_opt_in,2026-06-16T20:16:44,web
933759cf-f418-4c3f-bb54-573909be4119,827d5ee1c85d16a41c860b07e0bc7188,data_processing,2026-07-04T09:36:50,whatsapp
f0f28986-68ee-4082-becb-3c3267a6245c,0f386b0fabd61bdff2e04d96f3dd21f7,scan_history_opt_in,2026-08-04T11:50:12,whatsapp
0d9521dc-644b-4959-969c-8b49527a7525,43e0b5ba5fb08640c63c0d12beafde02,data_processing,2026-08-04T19:14:31,whatsapp
f95ac150-7ff5-4133-abab-9560fed983c0,88a7792aa2e93c43629cbf14b68d07bb,data_processing,2026-08-13T18:04:17,web
34b2260b-97ae-42b4-ba64-cb027c355673,581e723c0af76d8d86bb5023879fe448,scan_history_opt_in,2026-04-15T12:38:38,web
8443297c-03cb-4954-8582-4fdd73d4280b,60dd862872d54bcd9520430af1018249,scan_history_opt_in,2026-07-24T08:34:07,whatsapp
18d7c14d-c936-4178-9104-813fbe132c00,d90d7c9abc17c1a7cc0c076b2ac5f0c2,location_opt_in,2026-09-16T15:19:54,whatsapp
5ea0026b-5cf3-4eb4-9137-2842712856a0,121bc210fa5a32901196ce03f8741fe4,scan_history_opt_in,2026-08-11T14:57:08,web
91c12700-01de-467f-b2b2-a291eb526cf9,aedbd90839df12ed0ebbe03ffcbb57f9,data_processing,2026-05-10T16:49:58,web
5e30625c-cc05-4dc9-8a2f-f19abe4e456d,c9e7bff1c195c5325022c5708bf7ec4a,data_processing,2026-08-29T20:40:13,web
97581791-2108-42c5-8189-6e3256e830e7,660b2c52c17041eac49958bc40c4d3ff,data_processing,2026-09-17T14:21:03,whatsapp
33ab1f3b-8ed5-44eb-9485-b9c9b9039a77,c72df4dd5c60f3c784fbf2a2d6cfc594,data_processing,2026-03-29T21:19:05,web
bb22125a-0ffd-424a-8ea7-8aa2d44551d8,ffa479904695b2af9e0186f5346f673c,scan_history_opt_in,2026-06-25T14:31:39,web
ade86142-a062-4a0b-a259-a6699165f979,392b1652d1903b1613f78fa9c2572595,data_processing,2026-06-09T07:32:17,whatsapp
d074053a-b742-434f-91e3-78eefb1703ad,af23b95a90b720dc09930b14530cba88,location_opt_in,2026-08-25T07:56:30,whatsapp
10c69007-73d0-4898-b29c-93af8eec8f86,231b36938aafc75a907cc83be5d2dad5,data_processing,2026-04-09T19:06:32,web
1229d455-feea-4074-8654-ef9dafa1e2b9,1e4ee9194ae1ad185b014aa24d2d7348,data_processing,2026-04-14T18:41:22,whatsapp
23b8a710-ea54-42e3-afb4-9fa432628b83,2cc32f675ac842e3485f23a97489afef,data_processing,2026-05-31T12:00:22,whatsapp
8eab0041-4f77-408d-884c-24d8d466215e,fa51014f904525e1c4a444c4004ad2ac,data_processing,2026-07-05T11:33:46,whatsapp
85da42c3-04c3-4c57-bafc-5e189f403dee,6746230a77744d1f74e0e1722227b7c2,scan_history_opt_in,2026-07-11T17:19:59,whatsapp
ee4cb711-f3d1-4975-8b74-56eb44096faa,26ad33dff4448eb07c5533af785df3e1,data_processing,2026-08-17T09:26:07,whatsapp
935e941c-b8de-45f9-8e89-5f50367e8213,e9790519a14f06ecb38d98a1af676f18,scan_history_opt_in,2026-07-01T16:03:02,web
855d81a8-e4a8-47f7-b40c-9c460a818825,949ccced550f5bbe65f5cbca4d1e5210,data_processing,2026-04-11T15:45:07,web
64eeaa46-0db9-47f7-bf07-d0bdc1975a6a,64ea09fa10cc62fe1ae7a8a1e750e70c,data_processing,2026-09-07T10:35:35,web
b9bc1b12-76bc-4beb-8f6c-f0f874fe2bb5,fd54c76bf131a2ddad1a54c38f66f652,scan_history_opt_in,2026-05-07T18:51:40,whatsapp
ba6ecba3-3f62-4b6d-b5d4-e2013d9edbc8,c76fa81cfc0de74ae98563b999cf10d6,data_processing,2026-06-29T16:04:22,web
fcdd0862-591c-4978-8bdf-613e8b8f5db6,3e658f547fb4fe1abd816137f635cc7b,scan_history_opt_in,2026-05-05T19:04:39,web
2ca24e0d-cc9c-4bb5-949b-4a60b6439609,dda2d5a9ff0c5503de0361a1a848fb7e,data_processing,2026-05-01T18:15:53,web
5bbe527e-ae50-4e9f-b4fe-bbb497677554,2852da54187413f756b2f65d17b45186,scan_history_opt_in,2026-07-09T16:59:59,whatsapp
145a1cb1-2861-4352-bb54-cd53fb3419e0,4b668d32a556a6b3f27545b8d83b614b,location_opt_in,2026-08-12T13:43:51,whatsapp
5a9b936d-c3fc-404c-90f7-8e82c3f77dc7,1caf8abd025b9be9f5cb599840df7fd8,location_opt_in,2026-05-26T18:33:50,web
f5f44d24-0ac4-42d2-91b9-6f4f05ee340c,2ab97c645380e8280adf0d165709f6ff,scan_history_opt_in,2026-06-03T08:05:40,web
ab8a72d5-27a0-4036-a10a-13389277f5f4,cfe8f2ca79946ab12586b2290609d7b8,location_opt_in,2026-08-12T12:13:51,web
94b4b7c1-13b6-49f4-b3f4-6cb3f52912b0,930dd6e05e50e8b54c8e3152616bb0fe,data_processing,2026-05-12T17:45:15,whatsapp
8f7c4eda-a8ab-4803-806c-e7a2839cbd4d,1c6bd8689f024cccd50ab8cafbbac05f,data_processing,2026-04-01T13:22:42,web
1c6dffa9-ff57-4550-a9ea-bd6b46712d32,148d936259bdea3b7a903649f0c74980,data_processing,2026-05-07T12:37:54,whatsapp
6bf52696-bc31-4038-9296-ecb73d0fe7e4,2fd4aef7b4da0f64f9539d34b48aa0b9,data_processing,2026-05-09T16:22:20,web
eded0aff-e4d7-474f-bdcb-d80a2aa3c8d3,124384b90af58d8bd232a0f5a868e969,data_processing,2026-06-18T12:03:42,whatsapp
030285da-2373-42e1-aaca-2cb022dcba04,b68b8874eea272c50b557c1669373263,scan_history_opt_in,2026-08-22T10:37:04,whatsapp
484019b6-de56-4f25-90bf-d5f8c621eb22,908b6da31bddbf99118552fc1eb5ae52,data_processing,2026-05-15T14:16:46,whatsapp
ac73b2c8-1270-4508-904e-aaba654f7bf4,943511933fdd3b12338f41c946db8c70,location_opt_in,2026-05-10T10:08:13,whatsapp
59fabc00-ddf9-4bb1-9240-0ee9e1f6f188,483622ee6f819e8c7763628a6904eab4,scan_history_opt_in,2026-04-02T12:00:37,web
64ee6271-0d41-4661-9f4b-66d14beb76a9,ae60b9f55525605dc95f938234b75d62,data_processing,2026-07-26T12:16:45,web
fb6ac2f4-5186-45df-8d74-4a953b2a5b2d,06c848d758e0fe00f82bfc420f46d802,scan_history_opt_in,2026-05-21T20:16:01,web
e60b07be-9eee-43c5-8681-11ad63807c2c,e9f42cbd5603c1cf32851de8ed933c1b,scan_history_opt_in,2026-09-09T19:15:37,whatsapp
7cd160e4-c821-4d3b-908f-b1e9ffd4bc6d,f6dc3f39bd39404e9657d0d170b6da9d,scan_history_opt_in,2026-05-05T08:02:03,web
8efbb2b8-1690-4ef9-9c58-9bb35e92f82c,ed9b7ce7acb663c3c8aa7eb382be4740,data_processing,2026-04-03T08:51:46,web
91c8ca21-f6d3-4546-8134-3869d7908a61,dba9c01b1f1d7daae97514805cba71e8,scan_history_opt_in,2026-09-14T10:15:43,whatsapp
dfc73839-1ff0-4838-8323-80dacb151444,f6b8a8b432448649c306bc06e9cfd5c1,location_opt_in,2026-07-04T17:13:36,whatsapp
f8a5e4c4-dd5c-4403-bf20-dce29d618102,de66847e5bd4b12d3a9bced8aa2310d7,data_processing,2026-07-12T15:12:07,whatsapp
2b00fb2f-af64-4239-80c3-f60a3dcd25cf,2aeda81096b7d386a789dbf5e199dd97,data_processing,2026-04-03T10:03:18,whatsapp
57b9442f-11f4-4763-a21a-307a8c9574d2,39ebd987c3ee7f596d10001c078a3972,location_opt_in,2026-04-16T00:34:03,whatsapp
f2b45c8b-4b72-4a7d-8c7a-b708e34a4795,29dc8b90310fcaac6f9688da1339698e,scan_history_opt_in,2026-07-02T00:44:49,whatsapp
99aa9ce4-3a45-45db-8b89-a51e2c6d421f,85a4b3e47a9ee7acd3d708e827717710,scan_history_opt_in,2026-04-03T16:21:09,whatsapp
8140304d-030f-44e3-8f2b-749cf2776c7b,a76ca5a4a77c72a64a2bb8356aa4a2f1,data_processing,2026-07-31T07:17:30,whatsapp
d4719e2d-53a6-4c03-b9f6-f1e09fb4669b,22d16a351be7380e8e4abcd713b23101,data_processing,2026-05-28T10:58:37,web
fa561d47-cc52-4c9a-9bb1-5b5ee4b1fd25,1caf8abd025b9be9f5cb599840df7fd8,scan_history_opt_in,2026-09-17T10:58:59,whatsapp
aa6a4fc4-5bba-4f6d-8b2a-df68a60eb9ac,1c239458a77ebcb1b4f5ab7b555ec14f,data_processing,2026-05-31T18:39:15,whatsapp
e41423ce-f751-446e-9a0b-25496639dd90,c76fa81cfc0de74ae98563b999cf10d6,location_opt_in,2026-05-01T11:21:09,web
02b8b834-be26-4246-8314-046ec6f84a89,bff254d6abf59f72963985620ad54439,scan_history_opt_in,2026-05-03T16:08:37,whatsapp
783525ad-1f30-4d2d-b4f4-76b2215d5f49,90f507dec9604975fce198a3ce3f3810,scan_history_opt_in,2026-06-04T08:57:58,whatsapp
57bbfa49-6505-4e0b-a5b2-cf1536dd043f,9ebb4cbbfd315ef7ac697b314fe859a2,data_processing,2026-07-27T12:11:07,whatsapp
948615de-30b3-4b01-9af1-6a77a76194fe,8b5dca080c60b89f3f46e09ddc80684f,scan_history_opt_in,2026-07-08T16:51:30,whatsapp
8034ab8c-12f0-44bf-ace9-09a20e3f55a1,6286dab37aa71014c896fe0445c82cef,scan_history_opt_in,2026-07-28T18:31:51,web
0dc89ecb-bf26-41cf-98ff-26c0d48cd2a7,bbf91e16dba8cb47236358916dd1fc3d,scan_history_opt_in,2026-04-16T18:28:37,web
ac17b844-6157-4ec0-9d09-e60c99ee8e51,2225b6c7fbe8c616611b411fe6b211e9,data_processing,2026-05-02T19:11:31,web
ad6190ca-8e9c-415c-8a5e-7d73217d5ffc,76004f91f43e19af67c4f01f9871f334,scan_history_opt_in,2026-07-22T12:37:00,web
566b7a82-e2a2-4708-823a-7ddd4b821d79,ae60b9f55525605dc95f938234b75d62,scan_history_opt_in,2026-08-26T00:17:00,whatsapp
e7a97c0c-5b5c-4f3f-a217-052b2312f7d5,9b3554e19dc19ae9f4268c0d2383d12f,data_processing,2026-04-17T15:52:54,web
0e14b25d-a80a-40e6-bb9b-e2bf4f8d2bdc,d85520695f9caa896dd1e57a5ca1170d,location_opt_in,2026-05-20T17:07:47,web
a9e780fd-3678-463f-beb8-e2fae723b0f1,35f55bdb44d0ec49e1e0bb6b91d703ad,data_processing,2026-06-08T18:16:11,whatsapp
165b1944-0d19-4fde-b42e-8f6ba9049f56,ebde856de9d1bad0a145bfaff4a096cb,data_processing,2026-04-17T17:08:05,web
f6f59d5f-95c7-422d-91ad-dfb40ae6518a,d8253ee471bacc5b8fac49d02887b45f,location_opt_in,2026-08-14T13:35:50,whatsapp
c3002e8a-d47b-4364-acda-8dac1f7acdd6,91fff1c58bcfc68c2e62e0fee2d24179,location_opt_in,2026-05-01T17:12:59,whatsapp
79682bfa-ce6d-4019-aa46-6672d6a01c8c,5192c3e4f056b6b196e031043f6eaa18,scan_history_opt_in,2026-08-21T12:36:35,web
4ce7cdcf-16f0-4d3c-82ae-6477059efc6e,52d804a22e41c6c922eb7a46b5c6e289,location_opt_in,2026-08-27T16:55:58,whatsapp
7f16f1ef-dc6b-4d96-a1aa-46888f73a64b,7658e32a025c8315719a9598f63f6519,data_processing,2026-08-26T19:31:57,whatsapp
4e60d911-6911-40ae-8e5c-53cca6e3c092,a54175666837a1dde81125731f3b520f,data_processing,2026-07-22T19:12:51,whatsapp
7ac1472c-0f32-4feb-9e0c-a52d4d58a43f,6aa522f39a0a1d262586f6a3f3049f64,scan_history_opt_in,2026-08-31T06:50:29,whatsapp
9fee2b13-b80d-4462-be69-60d526de287f,ff71a7f63fdd90a5b4cad32d943b9227,data_processing,2026-05-20T12:05:05,whatsapp
f87e1eeb-1422-495d-b25c-413f1c88391a,37abe99c294f43d483cc61fd0e300dbd,scan_history_opt_in,2026-09-13T17:03:29,whatsapp
e54f6904-f55d-43a5-90e2-ee12737c7ccc,96fce11757c0f1ae57901ef58bf3bf48,data_processing,2026-04-03T14:32:56,whatsapp
23fae2a5-4e97-4c8e-8d4b-65d63b1fa999,65894083c0a20da989397bfcbfb8a7bc,data_processing,2026-08-23T17:23:01,whatsapp
5e5feb2e-f72f-4b5c-bbd0-640c64f3986d,e429f42bdf2b2d302a17b5fc6f37f91b,data_processing,2026-05-05T10:59:15,whatsapp
33314b57-90c6-4802-a37e-60c578a5e9f0,267aa4018e34f59e355be8eeae1b3531,scan_history_opt_in,2026-06-19T13:52:42,whatsapp
723664f7-9cd9-4b0a-9066-e4893f293bd0,4c23ffb5012f9b09bd8408de02c84a09,data_processing,2026-07-31T13:40:29,web
cd274fa2-60c2-4f57-9737-f7c5ebbfb81e,f362a6c23c776d03725e7562556330ff,data_processing,2026-05-16T15:46:37,whatsapp
45b074e3-4c4e-4a9c-9031-3f79d4536b0d,5716cb68426f5792399024c2dcbac8d1,data_processing,2026-05-21T17:33:00,whatsapp
81d5984d-5ec7-46cd-a857-53a8aa300376,1ea8f77bc68189e702e8062caaabe52d,scan_history_opt_in,2026-09-02T18:45:15,web
b2ecfbca-dc46-42c2-9da8-3c7c66ca2c4e,a3b0cb013156fbde36faf8ae13a5ae47,data_processing,2026-09-16T17:09:51,whatsapp
cf2fba35-9508-4fd6-988c-56176b6f3791,866cfaa15716eb37ef9d1f1fbe8b3c2a,scan_history_opt_in,2026-04-03T19:46:07,whatsapp
b1bfe998-a988-4b4a-8e0d-d393379c9e4a,b769523c45aa304d669223c3e7b203f8,data_processing,2026-06-29T09:20:19,web
72002ffd-6547-40d1-b490-5d3e09505b0b,4545d15e9d4d29d8f33dfb7442f7ef90,data_processing,2026-08-06T17:22:08,whatsapp
55cb9fa3-92f5-485c-8f20-4f1508eeaf26,594963551d856f5fd0e15ddd5225ae76,data_processing,2026-07-24T15:10:40,whatsapp
cbef1fd1-700c-45b0-b1f8-02cf002c3978,3983310549db4834f1c6bb41c9dd8887,data_processing,2026-07-15T12:37:08,whatsapp
87affc75-27d8-4df8-a622-198404a79fb9,e90b0a0351cced8bacfdb51951c67895,data_processing,2026-06-04T10:53:50,whatsapp
931a64e0-99b6-41c0-92f0-3db70366e08b,3983310549db4834f1c6bb41c9dd8887,data_processing,2026-08-25T02:28:33,whatsapp
8282163a-343c-4a7c-a107-828c298a1ab1,da982b4e7734e5ff29403e7bfa096ee4,data_processing,2026-08-17T09:11:08,whatsapp
6de84954-bebb-4456-8a81-b7d35717a7ea,ce5a04481b238985c5a39b97b654565b,scan_history_opt_in,2026-04-16T09:17:42,web
90cb70bd-b69e-4637-a448-3e2dafe3628a,ce002e5954d222000d0cf34ebff67914,scan_history_opt_in,2026-05-29T14:11:57,whatsapp
e71ece05-d455-4953-8111-6acfc671a861,1118bc01965fdcf4cb4d5a3e5a0a9e73,data_processing,2026-04-16T17:53:29,whatsapp
7be19672-e837-49cf-8cf1-e22b1103be29,7a5e0e694cddd4023bf1ab25d27ded4a,location_opt_in,2026-05-14T19:29:10,whatsapp
10b3458f-8476-4f9a-9151-d596665bd108,590204b9bcfc8359da2f7fac304b3770,data_processing,2026-07-25T11:46:05,web
ea57c456-b698-4255-a1e7-e884687cabf1,0bb84517a39fa794947df95a7b02d7fc,data_processing,2026-06-07T09:16:22,whatsapp
8e39bfdc-2b7b-4e49-8fb3-650ed09406c9,45e2920f1a472fc4f75117fbdaa873c7,location_opt_in,2026-03-26T11:15:22,web
446bbeb7-ff5d-4ecb-94dc-b1b95e3de222,2a2026ab2653367a0f568410ca5ad467,scan_history_opt_in,2026-06-26T17:49:15,whatsapp
6c71114a-457a-4661-a61b-70bece375f1d,76004f91f43e19af67c4f01f9871f334,data_processing,2026-03-27T12:58:51,whatsapp
886d9d7e-094a-4d6b-a381-aad44e896aff,0bf6da55951ff117bb60fc007f41e4e0,data_processing,2026-08-28T08:59:30,web
7dcf4f56-8108-4e4c-a3ae-4a7525009da8,d5d5cbaf153088b09cb89f6c867e9161,data_processing,2026-06-03T11:39:32,web
152f01ee-f596-48e8-a076-011fd4b0d64b,967daa4a8d0076389387b16cbc98d207,location_opt_in,2026-06-15T15:52:32,web
fb86a2da-5c9a-4ff7-a09c-78a2b98c9aaa,77274688867da5db365ce8cd062ed372,data_processing,2026-03-30T12:15:38,whatsapp
b93dab59-be88-4bdf-bf50-bf08a8180f42,77274688867da5db365ce8cd062ed372,data_processing,2026-06-11T18:39:18,whatsapp
7b3c8a15-3410-40b9-8940-337042ae82f3,d3453b270d1da9b1878bd170babd6016,data_processing,2026-06-08T16:58:23,whatsapp
b3407037-7291-4582-8de1-2ea2c2af1cf0,266388443cc8b759dc55f93749730ad8,data_processing,2026-09-03T11:52:08,whatsapp
c0fa1736-61e4-4fb7-9b79-57e9aaf076a5,98856b87d86cd1e4d52971b5efaa87d4,data_processing,2026-08-25T12:07:46,whatsapp
7d562c19-5290-4bb0-9890-5de7e6429684,0f438a6363975e4bfbe82b411a803e3e,location_opt_in,2026-09-17T09:51:07,whatsapp
627ea121-d22b-4e8b-a54d-9f146c7e3adc,f311ed56b788ee1509f0bfd62f48e66e,data_processing,2026-07-10T09:35:29,whatsapp
090bc4f1-3980-4cfd-8185-aac75a99427e,dbf313a4f0c1ba7e5b575a5ad83a15bf,location_opt_in,2026-04-29T09:36:18,whatsapp
d883910b-c801-4cb2-aa9a-a974b8d8db7d,080d131866066e8f4b3bd5fb77b043c1,data_processing,2026-07-17T17:43:28,whatsapp
b0e701be-e09b-4c38-a94e-56800376dbf2,eacff7bc6dc0d251d8db2f10d9d519f4,location_opt_in,2026-04-29T11:25:08,whatsapp
5b3ce082-c4d6-46bc-8e9b-e954e5a27178,65fd4af0d0321ebc5d1f792d54ae56d1,data_processing,2026-03-24T15:52:59,whatsapp
a9931fc0-9f64-4bcc-8d49-533d5ec5452c,58f598f2a7e4a407295b7636dfccd5a2,location_opt_in,2026-06-12T10:11:43,whatsapp
69af9740-a2a1-4635-8c78-4dac4a68fced,1499e8e1a71cd4a97b639045c21af701,location_opt_in,2026-09-05T07:22:28,web
1e320773-84d6-4c0d-8e53-2a69ecb7d9c9,9d073b8df27f8804112c2f01d4fac738,scan_history_opt_in,2026-05-21T15:43:11,web
af08229d-4617-4aa3-8388-6f09aeb373e5,25a4c79500aa5257f3cbe34c7c4a0d85,data_processing,2026-05-04T01:26:42,whatsapp
ed13236c-fbd6-4f43-aaf9-31fc16c5441a,c40cdc625a028102336ef0a97e24c66a,data_processing,2026-03-22T14:25:58,web
a34c4b20-2454-44a3-bbaa-2889344adb1f,bbfaba6477fb7147c7aa134123f1e87c,data_processing,2026-05-06T17:56:16,whatsapp
096f6c64-2f9b-4d49-a7b5-0b5a3f883716,827d5ee1c85d16a41c860b07e0bc7188,location_opt_in,2026-09-13T19:44:45,whatsapp
d3f9411d-6c6e-4618-8fe6-c3d832d4b3e1,77a95c72234c734e73935eaa0f507f94,data_processing,2026-07-02T14:54:51,whatsapp
0ce3080f-a6aa-4d1b-9b4c-acaa128aa478,c6136a70d91e7de46b190e694eabc2c3,location_opt_in,2026-04-17T10:32:59,whatsapp
ee8ae1d0-d1b5-4422-9060-7aefa9d25188,4ffaa2dea168427364b59b51d056f14b,scan_history_opt_in,2026-08-19T15:30:04,whatsapp
060ecff3-f9a8-4e4f-9241-ff937455ca4d,6048e9a53a1ea98c7a0ef195b1528291,location_opt_in,2026-07-11T08:25:03,web
eefb0370-9347-4e17-806e-4eae1ffa643b,6b0245e671ef884fea3a99ae4720c1c9,data_processing,2026-06-20T17:13:46,whatsapp
2950f524-f4d3-4850-96b8-059d1d113b93,d65dfd79bac02c2bff56e905e0474f17,scan_history_opt_in,2026-05-09T08:55:31,web
6296d84d-d9e8-46e1-8032-835ebc443fbf,46b6e0126c4932bdaac1e1edaeb9c83a,location_opt_in,2026-08-04T11:51:12,whatsapp
ae194663-1fde-492a-9932-12de0965a662,df12f71ac5aab3bdf231ad94574d32f3,scan_history_opt_in,2026-04-26T16:44:36,whatsapp
21901ee9-b952-4fdb-8113-6535175ea4c8,930dd6e05e50e8b54c8e3152616bb0fe,data_processing,2026-09-01T06:11:01,web
52603991-c559-4b82-8306-361b54cd6449,8169e784ed08c5ddf167dee200881fad,data_processing,2026-06-05T16:53:31,whatsapp
98a73783-2bc8-4c46-b8d8-d185a48ceb3d,d670014b899a5f5feeb03ed7f92e724e,scan_history_opt_in,2026-07-09T13:00:37,whatsapp
bcbe41e6-1c5d-4cd9-8a77-51da4e386d52,1a8cefc94b425587e6dd0e51c92a5394,data_processing,2026-05-05T10:44:32,whatsapp
b341c768-271f-46a0-9a59-77352662e65c,83c449d42fb3001ba215cb4a845a6a80,data_processing,2026-05-01T14:38:48,whatsapp
37c7b2f7-4609-4207-8817-28325fafed22,54dff64107cdd5afeab1cc593097897d,scan_history_opt_in,2026-07-11T01:38:46,whatsapp
a0ae7e7c-2e3d-4340-8378-41580cd2bd5c,efa09b54ec6c4d6b0c3468fb7d0d6b4b,data_processing,2026-06-23T16:05:52,whatsapp
a46081ae-c700-4d9d-acc8-e9769810b30f,5a7e947834ddc649c215ef2d845ba6c0,data_processing,2026-06-14T08:11:50,whatsapp
e0960b9b-01b8-4606-94f4-3ed560c7fad3,5886335ba2db329155d5b47bac4d2756,scan_history_opt_in,2026-06-22T19:53:52,web
6c55142b-cfcf-4515-b812-188ee55acfbf,357a1bb9816dd56b72221e828e0e048f,scan_history_opt_in,2026-06-12T08:32:58,web
9f19eaa7-5337-4832-85b8-5d23188b8f2b,7f377b901b96f2c01b18343147ced051,location_opt_in,2026-09-02T15:58:42,whatsapp
8f6bb19e-f6e3-4688-9c8a-e3e098ad641f,fb1d93c92e67fa969b746e7baa571967,data_processing,2026-06-04T09:46:35,whatsapp
16089190-b056-41f7-b863-85f7500c3930,9bd540af0c1af86956fa08d39d2dd8ab,data_processing,2026-08-01T09:01:14,whatsapp
1ffef36c-4c8e-4ba9-a548-66cf6179d2c5,cfe8f2ca79946ab12586b2290609d7b8,data_processing,2026-05-06T08:37:08,web
c4676bb5-6dac-44be-ab32-e2e0d3b16656,2225b6c7fbe8c616611b411fe6b211e9,data_processing,2026-09-06T10:23:36,whatsapp
4c75882b-cd65-4296-9efe-6a3dab98587f,808279d0a7f31e8ba9785683e9bf34f3,data_processing,2026-08-24T07:14:53,whatsapp
8f879926-1bde-4762-9061-84a67652c0e8,3b7d5642fc29f32c69ecffb3b473133b,location_opt_in,2026-08-12T15:51:22,web
87794ac9-89d2-479b-99f6-f95498c4bd52,bf227d364194121f1608ceb29a82bd93,scan_history_opt_in,2026-09-08T12:13:15,web
66e0298a-492a-4574-9655-ca2e434f170a,069d193723aa1d15920698523f4836d7,data_processing,2026-06-09T09:04:25,web
0982166e-5806-4b60-96ea-9b51b473fd1b,b13246cf991a27dc5e89f6489722c39f,scan_history_opt_in,2026-05-14T11:06:57,web
90da5266-e7ad-4aa3-8076-71c32a50976a,35f55bdb44d0ec49e1e0bb6b91d703ad,scan_history_opt_in,2026-07-03T19:19:23,whatsapp
6264787a-7cb8-48da-80e7-ab91640449e4,a76ca5a4a77c72a64a2bb8356aa4a2f1,location_opt_in,2026-06-03T10:50:15,web
fb434534-6663-48ec-825f-4acef5337e70,89d02e6c020eb78f55c562fc0d597075,data_processing,2026-06-26T15:55:05,web
745e76ec-d0e2-42ae-ae54-0809e1c97f3d,edc16b876ec76bdbcfbb74742f50ead3,scan_history_opt_in,2026-06-11T09:51:00,whatsapp
f756e9fd-6b6c-4cea-9694-c7a3f9b06a16,bc9357f2328d7ca0f0fb5334e8e15fba,data_processing,2026-04-07T18:44:26,web
0f195560-d3bd-4378-b5d4-8ec0fc4eb68c,351604fbc7e37d60b84e36d39755a303,data_processing,2026-07-27T10:15:31,whatsapp
887849d2-f9e3-47ae-819c-c6688460b963,9c797fbdbe9820ff75714e25f29cacef,data_processing,2026-06-25T17:17:46,whatsapp
ed27502f-050e-49b4-bba4-e0768dfffe81,33a2a447031abe0998dc0bce6e60e467,scan_history_opt_in,2026-07-15T08:15:18,whatsapp
85812a0c-0d41-495d-8987-40a20cdb9c1b,2cb12e008cf79168c46832f1b39c2915,location_opt_in,2026-04-07T02:36:11,web
9773a44d-c4fd-4a7c-80f5-0d846cf865fa,0e83ae19c61dc1f179401e4ded9ef66d,scan_history_opt_in,2026-06-09T12:04:23,whatsapp
e2ae9b94-83fe-4c68-9553-278e78fc3524,65d941a45d8ed102506d6f687517a24b,scan_history_opt_in,2026-04-15T23:17:48,whatsapp
f28d1a77-2d76-4a33-acb8-0329ce8b41b4,8303e50d1d57a1580c7f3dd9d105783d,location_opt_in,2026-08-30T12:58:26,web
1b053b54-f2df-47bf-8ea9-8765c09fb02d,37fc22c8c2c8b691daedae116c826963,location_opt_in,2026-03-24T07:10:14,web
dc1b97c0-c8cc-4d58-9ea9-14542d938215,c608c550e96d185084a7a9b17148f25c,data_processing,2026-09-10T14:41:14,whatsapp
32ed51e0-c0ad-47cd-9e81-2bde40027282,acf09ffb5f9384a728a4bf6d67177321,data_processing,2026-08-25T17:21:15,whatsapp
29085713-c7a4-4b0c-a595-68e58c7c0593,0f296cfc38dabaeefbe181156e11b39a,data_processing,2026-06-04T11:29:01,web
bf439b08-c6e5-4682-ab78-e5b48d1cdd0b,89cc3eeb5ed0c1b80cc0f7ada23b8b5c,location_opt_in,2026-07-01T00:25:56,whatsapp
d7ab20f4-a208-484a-ab4d-0330f1298cab,ce6f6dde7ea16a4b1f522b6e9ea6ff23,scan_history_opt_in,2026-06-20T22:18:53,web
4e1359a0-a714-4a85-ab1d-7e81757b877c,4270c630df0d6aa491de4df391b1a5f3,scan_history_opt_in,2026-08-16T10:38:12,web
13625b6a-ade4-4a7d-8c58-b4549933daf9,6d123eed17826a118a30324980ded0a6,data_processing,2026-06-11T14:54:50,web
1f169fa2-6dff-4c6c-a652-02ac0f719fd3,1499e8e1a71cd4a97b639045c21af701,location_opt_in,2026-08-01T11:45:43,whatsapp
3a9c4aec-baad-4a09-8a48-f08c9df83710,71e3497b2317aea8c0a7dce9247192f9,data_processing,2026-06-17T12:15:15,web
38117544-caee-47a8-b76d-3acce5daf085,6b6abd5bc8f438b38f2b2be1b564be3a,scan_history_opt_in,2026-08-26T17:59:51,whatsapp
ab3d500b-04fa-42ce-8281-907ba1650515,670e736d82e78b93febe9f56db0f6577,data_processing,2026-09-15T16:14:17,whatsapp
27290c1d-7353-4ab2-b768-4ba654fe8c7f,85c9d7278d34d4c0731836445fce0d68,data_processing,2026-09-12T17:30:37,whatsapp
2575f057-83ec-493f-b15e-4028a424ced7,bf7512876955b4a08ab9a33520d75b5d,data_processing,2026-09-09T10:58:23,whatsapp
719a0d0a-8fa7-447c-93a7-bd4b380d4f25,6252481dc56ee15dcc1e646f042a183d,scan_history_opt_in,2026-09-14T10:00:46,whatsapp
c6659ded-43f7-4f52-8d08-26d0fdfe621e,15abe9fd2f91ed238880e0d91908e8fa,data_processing,2026-07-20T22:34:19,whatsapp
f02268fc-7e96-46e3-a4b0-f0f01bab0804,c111115bcbc9f1fd89ee1c7cfe7c9ce4,data_processing,2026-04-08T16:20:25,web
0b62d8dc-869c-4245-add1-5f0d30834706,4863cff32b87eeab859fa3b298b48729,data_processing,2026-06-22T02:46:08,whatsapp
ce92674e-ba57-4477-9ae6-7dc5b1845a8c,46b6e0126c4932bdaac1e1edaeb9c83a,data_processing,2026-05-10T17:07:41,whatsapp
d1bea7b0-3146-4a1c-87ac-5a4f2ac9f66c,866cfaa15716eb37ef9d1f1fbe8b3c2a,scan_history_opt_in,2026-05-15T18:29:27,whatsapp
9eaacf58-61bf-48c2-ae19-8a8d19221983,ea160c30cc6bbb62a42f2a0e6a11e82a,data_processing,2026-08-27T07:51:55,whatsapp
b12229bb-18c7-4b30-8603-4fdfdf6b2771,30a14506d08ae8451fb78cfe617a06bc,scan_history_opt_in,2026-06-17T11:55:11,whatsapp
36e34b97-2616-4ea0-b150-aca95ed204c8,9e40aba8fa397e56622145917900e7b3,scan_history_opt_in,2026-08-27T19:16:39,web
cef6d925-53db-4a7b-ad16-dff47510bc7b,6c12f4f38e4345a672e70b0ad2ff24dd,data_processing,2026-04-12T20:18:45,whatsapp
512eede9-ca66-4ed9-b715-659b7f782d55,827d5ee1c85d16a41c860b07e0bc7188,data_processing,2026-05-08T17:17:31,whatsapp
ea7873f5-84ab-4291-999d-c58efea52884,8f21e313e27be790ff805bb32cc52bea,scan_history_opt_in,2026-07-20T16:44:10,web
b366d07f-66b1-490a-a0d8-6d3251ce0e13,54a24eb0f4ff4797d6baa66a4022bf2d,data_processing,2026-06-25T18:20:50,whatsapp
f1d2f24c-5401-4e43-819b-19040b8c4b2b,e886b63b3b586df6f5d34aa0faad5ff4,data_processing,2026-08-08T10:32:34,whatsapp
ddb17110-7d3e-4442-8594-090599d483c5,86d792857abbf274f7be39dcb847a924,location_opt_in,2026-05-20T10:19:50,web
a6101d10-4124-4b7e-b343-91220adc001f,78fd72b0ba3c7ea00a3defb2e998ee71,scan_history_opt_in,2026-09-07T13:40:59,whatsapp
da1a55b4-b7f2-4011-a80b-8f373505d53a,483622ee6f819e8c7763628a6904eab4,data_processing,2026-05-27T16:01:03,web
6be8914b-68d5-426d-b151-dff9b6d6ab08,c967f0c2837341ef94c1af6326acee0a,data_processing,2026-06-03T14:22:37,web
4e2099fe-989a-4f38-9e48-17f4685c62a1,84292641d064b4b320ad0d4ba2a57dee,scan_history_opt_in,2026-04-29T07:25:31,whatsapp
f25f3ec9-c3b4-4604-a918-2aef4d144240,880751fa097662d87a8cd49f9af95677,scan_history_opt_in,2026-07-11T17:57:15,whatsapp
06445919-0b33-4b0b-829c-6104dbc082ab,f837e5b6a76021083b5c22a89e2d6adc,location_opt_in,2026-07-03T16:47:41,whatsapp
c448e7e1-d36e-4528-8663-5874f739cc18,fb1d93c92e67fa969b746e7baa571967,data_processing,2026-03-28T12:28:22,whatsapp
a9d39b3c-35a7-4320-b98a-30b30ae6f01f,168c9ac459ef6c80d1de614e22d3e2eb,data_processing,2026-04-03T08:12:52,whatsapp
b379f208-b3ee-4326-ac4f-b8bed04a48b4,943511933fdd3b12338f41c946db8c70,scan_history_opt_in,2026-06-13T09:39:01,web
7d1df18c-fc30-44cc-bb47-a203dc1fda84,f6d0c22584f953af60b0bb76c09c38a2,scan_history_opt_in,2026-08-14T17:46:17,web
852eca2d-eb64-459e-b497-dfa3701116a6,2a05bac554a819e50bbfd469e0f0e3a9,scan_history_opt_in,2026-03-31T13:30:18,whatsapp
6ee28aac-46ef-49bd-b6ea-1bbd1d8f0460,224e97e86efbfd570ce27fff3250c789,data_processing,2026-07-11T17:43:40,whatsapp
6df1b686-1450-473e-807f-8a25c22ddcb5,73a4d0cb0e8d8d733230c7ee4b0868c4,data_processing,2026-04-17T12:32:27,web
0d7a2970-65d3-408c-be85-ea0f6523b56f,2ad20ad2d9f3ffda2b98d820c1bfe97e,data_processing,2026-04-12T08:56:30,web
54b82f08-0c1c-4f5a-891b-f0a297d14d59,fa1a5440daf29ca4a72ec5c8b571b6f8,data_processing,2026-06-23T18:23:33,whatsapp
38dc36a5-bb8a-4ca1-a0c0-353abca1101d,ad917aebfdb1c87ebd38cfb2857ab3ba,data_processing,2026-06-20T15:33:17,whatsapp
760f509a-c6cf-42ff-9ce3-5dafa7de77f7,61fb18a7f143aea65c76d71ecd962008,scan_history_opt_in,2026-05-09T19:21:43,whatsapp
ae154ce0-d4b8-40c0-978e-e08b4c4c499a,e9790519a14f06ecb38d98a1af676f18,scan_history_opt_in,2026-05-02T12:09:38,web
79b9df91-400b-49a8-942f-af11fad99e0d,abe159f481875b2d3f6c7c01f93c4d16,data_processing,2026-08-09T10:25:41,whatsapp
d1c9b9db-bd9d-405b-933e-f85889f069f9,fbb6f2f37a6b0b85821184d1938a7ba4,data_processing,2026-09-15T15:01:17,web
681cc9df-9782-438e-b8eb-e2ae6f7cbb19,c2dfd02c6eb42fbff0b0220dc9b4a6ea,data_processing,2026-03-24T14:27:16,whatsapp
39cd9819-b443-4f19-938f-345f4b532443,31c43ba05733834fe17d9f3c312ff077,scan_history_opt_in,2026-04-19T10:08:27,whatsapp
f635f6db-673e-40da-a79e-a6f71cbd41f7,a46c1204237fa61f76867c139533e8ae,location_opt_in,2026-07-16T17:50:52,whatsapp
a505f1e8-e2ea-4f27-82d7-a3ff04d47839,8798b953787a9446369618ca59ad697a,location_opt_in,2026-05-31T13:51:38,whatsapp
6dfa8fc0-ed7f-43cb-9ac4-8fdd52a84cf4,961aa5fea5778101cfda73ae89938a38,location_opt_in,2026-06-19T00:12:28,whatsapp
028e76b7-0cce-43b9-81d5-6c0245427080,61b7c282054d2b162e7eb4c03a5b1e05,data_processing,2026-06-04T17:31:15,web
bc95d41a-e205-49dd-b000-6d46eb1c4c97,3519166e96866a6be04638d9dd0261ef,data_processing,2026-05-08T14:47:00,whatsapp
181703cf-d9c9-4fb4-bbdc-7c3f76fb8a7f,156de33c691d38eaba52ccadd9d6222a,scan_history_opt_in,2026-08-19T14:40:59,whatsapp
bdebdebb-a971-4b4d-9946-4300a098aa5f,49e9eb6ffa86f9ba2df14817ecbea373,location_opt_in,2026-09-09T17:18:27,whatsapp
7f7a0cb8-f5f6-4711-a807-3d2e0c0c4a9f,22a031915b9d9c23929385c3c8d660d5,location_opt_in,2026-07-12T04:33:08,whatsapp
5e78eb6e-79e1-4b20-b910-51e7841e09ea,3aa11a4679bf191bf6e26f2e98a95762,data_processing,2026-03-22T12:26:27,web
ba6c7e48-48ad-4adb-be44-2f51f847dd76,c7d4eb16aeee75381f20a102d7910c2d,location_opt_in,2026-06-12T16:45:11,whatsapp
ff4664b6-64db-4c1f-8591-7975b3b21794,dae599d4d92c75676db30e6137588f8c,data_processing,2026-06-24T12:05:53,web
45088e14-a7b1-4558-8865-6bbc91e43e17,176a8790d2afa5cc3cc2ded311b0746f,data_processing,2026-07-23T13:01:03,whatsapp
54cbf9bd-98f8-426a-8d05-88ce70d93e92,9519e9f8cd3a0826d34ed5ac8ec5a745,scan_history_opt_in,2026-05-13T06:58:41,whatsapp
b575440e-cb64-4cb7-bc56-f4279df4f3fc,76004f91f43e19af67c4f01f9871f334,scan_history_opt_in,2026-06-22T09:54:14,web
4651915c-8690-4029-8c13-df0361ddf9ff,cc3fb444db6641af2fb6557350d340ad,location_opt_in,2026-06-22T07:12:23,whatsapp
ed384a94-92b9-4a4a-a513-00590c85a5d0,03e3e0f8edd763acdfbb8c8b2a121604,data_processing,2026-08-31T09:09:46,web
7bae3632-00ce-4ccc-b91b-e2d0c9dcd204,cb69860a71b8148c4380fda433c7b96e,location_opt_in,2026-04-14T09:48:37,whatsapp
f5894527-7ebd-4592-9c5b-dcdb4f620c0e,ebe30064a7fa2c9bf618d9bf7cc55fb8,scan_history_opt_in,2026-07-20T09:35:37,web
8e242376-3c51-4bff-82ef-f6451f44b6e0,8b3365c08f4b0d29017d01497bf26b6d,scan_history_opt_in,2026-09-05T14:18:41,web
d3bab0a6-20c3-46c2-a888-585de32202cf,93cd9ca733ff8295fd130d5324e00f93,data_processing,2026-07-21T11:00:53,whatsapp
b0435d9c-12c6-40ca-8937-8f6d7ecc9211,bd107f68a33a8d277f15c4e7799c16ab,data_processing,2026-08-25T08:48:55,web
92e6932c-ac0e-48b0-961e-2a169abaae7b,9ec6c1bc3309161922ac6d288b633447,scan_history_opt_in,2026-06-17T21:35:19,web
705b0452-7aaf-4d77-bd06-a52cc8dac665,4ba74b0469e9fd6d6c44128876c79840,data_processing,2026-08-30T13:36:18,web
0af88ce4-9259-4621-8aad-fcfb07edab69,827d5ee1c85d16a41c860b07e0bc7188,scan_history_opt_in,2026-06-09T12:48:31,web
3409304d-ad4b-47f9-83c6-7f9b68ab748d,670e736d82e78b93febe9f56db0f6577,data_processing,2026-06-09T18:24:43,whatsapp
d8741dfa-f64b-43e8-bc40-dcb53d9e2dd7,8cf1d17019942bb3b14b7d19ae231a3e,location_opt_in,2026-04-19T15:42:58,whatsapp
0bb4605f-b197-489c-b05d-7d3fd25c9a84,693d2c44d1b2cb848ebb5d901c3a7676,data_processing,2026-05-22T11:35:07,whatsapp
994a0208-ada6-433f-8b08-667802fd820f,462af632c41b576abcb1b654ef130050,data_processing,2026-07-17T15:01:06,whatsapp
6c47d076-e6ec-4310-807e-f789e3ed1553,4f89b489362ed11aa99fce92dc9001be,data_processing,2026-08-25T20:00:15,whatsapp
c59ff628-73c8-4dd2-aee5-5192ff87f94d,d65dfd79bac02c2bff56e905e0474f17,scan_history_opt_in,2026-08-22T11:53:49,web
01db0b8c-3eb7-42bc-b313-a7c1834f24cf,a76ee558c1eb78b428f6f2604eb53f2c,data_processing,2026-08-08T09:32:44,web
1f9e8068-4e13-48f0-bfc6-dd8100a3931b,5074bc1c0201bdd36cd9e7c862471d40,scan_history_opt_in,2026-09-05T11:25:45,web
c3b57be8-10d8-4694-8a50-6be9924e89cf,d98ed7d8a8d7bb910a1632afeb83a4a0,data_processing,2026-09-01T18:54:04,web
f657239b-d1cc-4c33-80d9-d9a5507b5af0,15abe9fd2f91ed238880e0d91908e8fa,data_processing,2026-09-15T13:45:34,whatsapp
45bb9711-e3a7-4230-97c6-c891b4e58250,a267b674ab3fa1f8e451b40c8b0df285,location_opt_in,2026-06-06T09:59:10,whatsapp
f918dabc-b05f-4c89-9043-18cda07d87b0,00a9d6663a0ecf519d450cb1babf975f,data_processing,2026-03-30T17:19:27,web
1f72c4d0-12d9-4c48-a74f-67d59015d27e,cc64f7c013e339068e98680817de5c16,location_opt_in,2026-09-05T04:37:21,whatsapp
606eeb2a-5782-426c-8957-44e34accaafa,d1b11a3316ddc77836f63137b73dcadd,scan_history_opt_in,2026-06-16T01:23:39,web
7293b952-d94e-4448-a6ff-fd992a2ef3bb,a2b86aa2a7e01ff8fe3939d1a28393a3,data_processing,2026-08-02T10:12:54,whatsapp
5dbf270f-0fef-4dcb-9b21-f1f39d787c17,89870fdf5e8c80e847838248e9993895,scan_history_opt_in,2026-07-03T10:21:30,web
a65e6a4f-ec7e-4486-9445-bb4fad6cdd0d,09ac25f57d5ddbc27335550f43246071,scan_history_opt_in,2026-05-27T08:11:44,whatsapp
591a2ec5-abfb-44d9-8aec-5d65fc253d3e,5b8b760bec8b2c2a9244a06047d127e1,scan_history_opt_in,2026-04-04T11:33:15,web
15c514d9-6b34-4c32-af69-6b8357c2b441,2ccdbd9e8df2acb5963ffd49016dfb89,location_opt_in,2026-08-04T18:06:47,web
630713ac-d9b5-4ab7-b7b7-1e30aa5b8658,a19526f8117e6ea4489302d19feeba1f,scan_history_opt_in,2026-09-08T08:05:50,whatsapp
566ddf5c-9754-4d42-a9e0-6bac2f325b68,f9ae79f0c39822299b86a9325a490808,scan_history_opt_in,2026-08-03T08:35:46,whatsapp
4656c7c0-c2a1-432b-8292-b3761d1044c0,ea160c30cc6bbb62a42f2a0e6a11e82a,location_opt_in,2026-08-06T19:57:33,whatsapp
826a161e-80f4-4ca0-90dc-1aeffed54622,b6ef8f469ab8046ec9d7e878da4d03c8,data_processing,2026-07-10T16:50:35,web
6d73d2ca-ff19-4387-848e-0bf845925560,c75cb57921f2295e70fc440b4b9818ad,data_processing,2026-08-01T18:15:20,whatsapp
a8b2545b-f0bd-4470-a503-bf421c1402c4,702c783d13415ad43e135dd30112dea1,location_opt_in,2026-04-29T15:38:16,whatsapp
d903a8e9-42e0-46eb-b58b-8eaf610ad729,240c9e5009b9e9f64d2f64686513cf18,data_processing,2026-06-16T13:25:23,whatsapp
009895c3-c2bb-4e20-8b31-da7d8fcbd983,4826da200680f3e2a923c66136dc7454,scan_history_opt_in,2026-09-18T09:50:58,whatsapp
bd46bb50-eadb-47a0-997a-e2b7874eedb8,400af64c43c28ba8c7bf91446da073aa,data_processing,2026-09-04T18:26:32,web
86f2980a-6ca1-47d0-af0f-b3af04a62193,da0d88489c0de54d205e104d261d2d52,scan_history_opt_in,2026-03-31T11:28:50,web
baab9c2f-2026-4e9f-8f20-2c9e760ee78d,b5e0d1c9cbd8926de1c401f23cfca293,data_processing,2026-05-19T12:52:36,whatsapp
fde607c2-0edb-4f02-a704-56cc9dc3c932,ea160c30cc6bbb62a42f2a0e6a11e82a,data_processing,2026-08-05T17:39:49,web
f89364de-a353-4378-9a33-d1182e9a2400,f6dc3f39bd39404e9657d0d170b6da9d,data_processing,2026-06-23T08:22:43,web
4c87070e-6ef5-41d5-8444-17a322ad3f87,61aa972e0109f1e6bec011d5c7765502,data_processing,2026-07-04T10:43:25,whatsapp
0bd20fcc-4a51-4a1b-afde-e3d1eb93ce95,87abffbb2bd8bc7cc4cc3d49e9fe54e1,scan_history_opt_in,2026-07-31T12:32:16,web
718c274a-f1bd-4360-99c8-a0ad08ccb4fc,a933f487def564eea698d7e824b4619f,scan_history_opt_in,2026-04-04T12:07:35,whatsapp
54576e55-ccce-49ef-ac60-485112b4f391,45b559c4d0029104ec5ff91524b6cae8,data_processing,2026-04-20T10:56:52,web
d3ee7a0b-a004-4a3a-8c72-3ee3084e4144,ac0d81e492dc39d2234dd8a9a66d1991,data_processing,2026-04-04T12:20:11,whatsapp
8ec25dd1-1f27-4fa0-aec9-ff262872eef3,0886f9bbb83dea787da0bde61f3f2d17,location_opt_in,2026-07-17T16:12:59,web
e69ba471-c2da-46cc-a202-fdcd76204bf2,197f4e819ff21c67b0f668f563155e35,scan_history_opt_in,2026-09-01T09:18:16,web
b6fab2a0-72db-454b-8bf4-878cc3c14c2f,e8620a48624cea7346b853901f1e3efd,location_opt_in,2026-04-16T19:33:52,whatsapp
75dcfc8c-da07-4cfd-934b-a23f7f7d11dc,9454c41f95d4559eaaad248b247d1ec5,scan_history_opt_in,2026-06-16T18:11:21,whatsapp
e69c7224-3295-4b38-9481-36f593120abb,c8c158a43edf3026ab56b2e61e28ee6d,location_opt_in,2026-04-26T09:54:17,web
6ed1efec-df59-453b-ae14-3885450eb4b6,483622ee6f819e8c7763628a6904eab4,scan_history_opt_in,2026-08-21T13:28:54,web
7f60787e-7845-46e7-a729-06e93a4805a6,110ad47105cf0c74e97218bef8337b89,scan_history_opt_in,2026-04-14T16:53:06,web
f106ccd3-df52-4610-b9e2-7d5414d5a4c7,9bd540af0c1af86956fa08d39d2dd8ab,scan_history_opt_in,2026-04-11T12:11:21,whatsapp
9d25ac6c-680e-4116-b459-0b3ff6abd04b,6048e9a53a1ea98c7a0ef195b1528291,location_opt_in,2026-08-07T13:52:58,whatsapp
2a257055-dde1-426c-87e3-f05ec2cee09c,8e651039f1b190da201c3fbb71118bcc,data_processing,2026-07-05T16:16:09,web
38c4ca75-8285-479a-8028-ffa68a96a066,4b2821cb7f2f623fb9797d46c6b22770,data_processing,2026-09-07T04:05:38,web
878d3193-5b5d-4304-8c6e-5b1e0a6f6cf1,b3d410ded40e652f6c99fad216864bbd,scan_history_opt_in,2026-07-05T11:53:33,whatsapp
4ceda1ee-f493-48bf-aaec-d04c3d9cdcf0,b8da56cdc92690a7aeccba63bf1c6f73,location_opt_in,2026-06-21T16:04:09,whatsapp
6b45df55-9804-4574-8057-3c5dd89b5566,961aa5fea5778101cfda73ae89938a38,data_processing,2026-08-28T14:36:45,whatsapp
e51d9a8f-ec00-4743-b89c-7dfa616e840b,b8da56cdc92690a7aeccba63bf1c6f73,location_opt_in,2026-05-06T10:07:56,whatsapp
f10a533f-0017-4cea-9a96-73244212b0cd,dbf313a4f0c1ba7e5b575a5ad83a15bf,scan_history_opt_in,2026-07-12T19:37:31,web
8b2f44d0-0521-4250-868e-10071bb7dc6c,e37f789e33806d8e6e5a20e9cbce0be9,location_opt_in,2026-07-16T12:36:06,whatsapp
393ce93f-4892-443b-ac20-9ba539406ee6,13cb8b8539b0395964d8b0df7c91f489,location_opt_in,2026-04-15T16:34:34,whatsapp
d82f8e22-dc00-445f-bed4-cfc33bbcb179,695b6851f9521df5b19cca67c406356c,data_processing,2026-08-13T10:14:52,whatsapp
8c49cf71-5017-4422-86ec-329f7b4afce4,f03f06f9ef7883fc4df136e05b77e43b,data_processing,2026-09-12T07:38:33,whatsapp
1e92ac86-013a-47a4-8815-cf73347cc1fa,0ffbedd9c947d4247ab823ddc37170e9,data_processing,2026-06-28T09:32:03,whatsapp
6109d39e-4247-4fa7-bdda-2107a07e2f8e,1c246adfc13194352a3bfe016dbfa126,data_processing,2026-06-28T17:02:58,web
62123438-e940-4df9-bfdc-d00237a99bd8,bf705cb899c0e527888d2c78c6e5f5f2,scan_history_opt_in,2026-08-18T17:06:56,web
f8623ecb-da76-4ea3-b157-b88544467c8b,53160b8b677720ae1b90169ed2754ad8,scan_history_opt_in,2026-06-11T20:13:33,whatsapp
69436b2d-f6bf-4011-afb1-e6d515aa66c8,c01ce2e742c312ca671bd9ce20787bdb,scan_history_opt_in,2026-07-07T16:57:17,web
a5186db5-6adf-4059-8e11-db2e88b1fa2e,14d04584460d513f4bcec9a4b7ce089e,data_processing,2026-05-05T09:35:02,web
15d31cd0-b56c-436d-b3ee-b56e49e00427,c438829a33062e665f7d6fdb50cc3d7e,scan_history_opt_in,2026-06-01T06:17:56,web
20d4c39e-3234-4d76-aa60-b3be78869323,a0d02c5a13c8bc8444bbef9d5c3109d4,location_opt_in,2026-07-30T23:17:23,whatsapp
c6c29267-d072-410a-a310-8074f7be859e,54a24eb0f4ff4797d6baa66a4022bf2d,scan_history_opt_in,2026-04-13T04:44:23,whatsapp
3828af4e-0c93-42e0-a763-7f756493611f,72b65f6d79366739c6e4e3b5e299556b,data_processing,2026-05-17T19:45:49,whatsapp
b291afe1-c98b-46cb-83e5-fd0ef8d03bf9,7820c9081020cac5ac9d41c5167a336b,data_processing,2026-04-25T17:38:29,whatsapp
6968781a-53de-41e2-a9f6-a9f6e8aa4dc9,032b037e60645cb353b271af0bd24c17,scan_history_opt_in,2026-03-27T17:53:17,web
481f4e27-c446-41a5-b2c6-01a80ae935fd,157a45a9a68de460185e43a7499460d2,data_processing,2026-05-13T09:20:59,web
5991f949-2286-4efc-8795-47fb2cb03282,3d7e28688d5c5b42d648b242894f6328,data_processing,2026-08-16T17:54:17,whatsapp
d1208cd2-dffa-4b05-897a-0fc05646210d,4efd24955db2f19c3b55798cdc8939c0,scan_history_opt_in,2026-03-25T04:48:43,whatsapp
bf56c07a-d75b-4f24-8fad-82b086a252b9,b77ff088d604df3e0467a526e696eb26,data_processing,2026-07-23T06:15:29,whatsapp
8a0cdac1-9d24-4d17-930d-87d3bf2e991e,483fcfaa3336bb42026166a11f4bd799,data_processing,2026-07-26T11:19:15,web
cf8b9841-868d-4412-919d-bf60bf67addd,b53422a91ebc7db89d3ac503236507e6,scan_history_opt_in,2026-09-14T21:08:47,whatsapp
cfb5f83c-ea4b-4570-8bcb-31b923d3e4e5,cf22f5e3d2b4ea58ab29aa5299b151bb,data_processing,2026-07-12T15:51:57,web
cd57b714-d35f-499b-b374-4b3949128c32,9e60002457ef2a30257b0e9814a72cda,data_processing,2026-09-13T08:46:17,whatsapp
6e677518-0546-4841-bd39-1b93d15c376b,12461d04f3fcd6c210f63dbced49769a,location_opt_in,2026-07-09T11:53:07,whatsapp
54f6a56c-6b54-4452-93f1-39c8a3d28afa,d3453b270d1da9b1878bd170babd6016,data_processing,2026-09-13T17:49:53,whatsapp
1f28cab2-b79e-410c-a295-3bdf413dd2a9,f1bbfa4ab048ffaa1cf0619a5121abc6,data_processing,2026-09-01T09:15:58,web
af50f67f-8ec1-478a-9767-86f1e22555a1,dc55194863ecb4ded10ca73ce4704b64,data_processing,2026-06-01T20:19:17,web
7bd295f7-3ee3-454c-8434-f60d6b978b9b,9bd540af0c1af86956fa08d39d2dd8ab,data_processing,2026-08-05T09:08:27,whatsapp
350d78e6-8c92-4757-8ee9-d92ded9840db,157a45a9a68de460185e43a7499460d2,scan_history_opt_in,2026-06-08T17:25:56,web
7d3d2277-efe3-423d-9fea-104a9814c67f,c72df4dd5c60f3c784fbf2a2d6cfc594,data_processing,2026-09-04T08:56:26,whatsapp
39db2382-f009-408d-91ba-15f186693f3a,a07856ac1fb60911df49c7c6c0b590a7,data_processing,2026-04-05T04:40:03,web
fa3b5f2b-6327-413d-8ae1-67740008069f,8efe087b7d89437558ddfc9649a83862,scan_history_opt_in,2026-05-20T20:29:06,whatsapp
0f075e56-8ef0-4a20-8d2a-fc15461e0483,b53422a91ebc7db89d3ac503236507e6,location_opt_in,2026-05-26T02:29:45,web
1c049e8f-376c-4771-8cc4-728c0fa8b703,ecb5e37a2caa5d6ab7da092bed0dc1eb,scan_history_opt_in,2026-06-01T09:54:18,whatsapp
777f3da8-4835-41b6-a7dc-27c68c84f463,a32cdf3545e01199f51dda52e4f6c1fa,location_opt_in,2026-06-11T06:12:31,whatsapp
debc6f85-6fae-474a-a91b-ad3f545def48,c8e88e1f8fe0f4474274141b85531572,data_processing,2026-03-30T01:19:20,web
25bc7ebf-fc71-44e7-b648-5c18c51ad8aa,580f2bb619ff885bb9caf61b1aca93fb,scan_history_opt_in,2026-08-16T17:57:09,web
6e229315-7e65-40ea-ac84-51cc8bd6c468,1cbe513403ca6eb390d2b3c8dcacacd3,scan_history_opt_in,2026-09-02T19:40:14,whatsapp
66ba2d66-bb0a-485a-8d47-dd1e5126f08a,cad46622753ec581f926919197f371f7,data_processing,2026-06-26T09:21:22,whatsapp
6cb35ae8-ab67-4c07-9c48-c2d9c2dc6e0b,aa0ea4feea00d57259adc0664b5b5488,scan_history_opt_in,2026-08-22T12:42:04,whatsapp
d5f79116-c237-48d5-a5a6-ea37245d92a4,ffdb329367c995811e0544ed188e9eed,scan_history_opt_in,2026-03-22T12:48:35,whatsapp
5894a86e-b776-4dc3-8a75-d77a448a5edc,4a33d2c0f0f72fa7fa323261e7c05a21,data_processing,2026-04-23T21:56:59,whatsapp
dd662022-1398-4c49-aa4f-cab286d6ffa3,483fcfaa3336bb42026166a11f4bd799,scan_history_opt_in,2026-06-28T18:46:25,web
cabc2d9f-7923-47b3-b012-e75e884249e9,c7d4eb16aeee75381f20a102d7910c2d,data_processing,2026-07-01T10:42:25,whatsapp
68a2ab02-136e-4a23-8023-036390114823,78d083581bd3907a5affe0bbc86f3063,data_processing,2026-04-21T11:50:22,whatsapp
c4193221-6be6-46e9-9b10-015f51194617,c8ff3af18ab8dfa6676260e7225e1c4c,location_opt_in,2026-07-22T16:18:23,whatsapp
14e75e7e-5b15-4b4c-806c-c9809278411e,5e8843a3d04f03165982291809677ef7,data_processing,2026-07-14T08:05:41,whatsapp
0c2afd70-3aba-4746-9f42-529eb637e8f7,f028b109eeb35f1c3eec920d1c815cf6,location_opt_in,2026-08-01T14:34:47,whatsapp
22e074cc-7411-428b-9449-7e4c9cdd4c1d,973865dcf5aa0a143d8adaca9e1bfadf,scan_history_opt_in,2026-05-21T14:52:39,whatsapp
e1260cfa-643a-4273-a6c4-53114e912bb3,a6da8d95b2b933b20b709856cdb61a8d,data_processing,2026-08-31T09:05:08,web
30f23cec-f29b-4f1c-bd31-1e16b9ccb916,8285a956c41326e4a7cada0168c81c79,data_processing,2026-06-18T01:42:14,whatsapp
c7257b78-609d-45dd-b622-6b6563a1c7e3,3fe31b3cce4d16319fefcd10607a5d72,data_processing,2026-04-16T09:39:26,web
2e2301b2-b5b8-45f0-a778-595dd90303e5,7f0dd5ded305255cba075beedbd6078d,location_opt_in,2026-05-02T11:36:16,web
6854868b-7c24-4647-834a-558c06ba7c0b,a3735de9c8acd9a77024d34a15165074,location_opt_in,2026-08-15T11:57:03,whatsapp
a65e4efc-c805-4542-9916-23b93ae3ce72,62bab6f4a749fb551d5d071a9221df30,data_processing,2026-03-28T13:47:37,whatsapp
4da3999e-cc0c-44f2-b3ac-5189afa6c5ca,b249389ed95076c5d3913cea054655d8,data_processing,2026-09-17T16:25:58,whatsapp
5dde0b18-0195-4b28-acfb-e75dab642beb,305ee2c0e99676932f1969cb69567cae,scan_history_opt_in,2026-06-29T19:37:03,whatsapp
57e0cb8f-be30-483a-9311-4f019e322068,bc9357f2328d7ca0f0fb5334e8e15fba,data_processing,2026-05-19T19:44:32,whatsapp
3c1702fa-41b8-4dd0-8fa1-3576c248226d,a933f487def564eea698d7e824b4619f,scan_history_opt_in,2026-04-23T18:24:27,whatsapp
1b9b94a3-41f8-48e4-b39a-25e2856c6acb,ad5bf10f23d2fdaa01fdd527b6d1fd92,data_processing,2026-05-16T18:51:44,whatsapp
b7d2c51c-ec82-48a4-8db8-d1e69b025246,4545d15e9d4d29d8f33dfb7442f7ef90,data_processing,2026-06-26T22:26:50,web
4bc7a44c-6e7e-4aff-b534-4edd0429f848,17e451851f0d5082ffe6be6361cde53f,data_processing,2026-04-04T18:02:51,whatsapp
46737644-cb0c-45af-bb07-96b86284cfbe,148d936259bdea3b7a903649f0c74980,scan_history_opt_in,2026-08-16T10:28:49,whatsapp
a86fdb63-d013-4658-803d-395977352be3,31ba820a0af797e12b8669e58177f1e2,location_opt_in,2026-04-14T03:09:26,whatsapp
58848f29-7818-4cc5-8d2f-c70eb07f4d83,e18aebf03785cdf5ad2f774340c4f1da,scan_history_opt_in,2026-04-21T11:06:21,web
793caead-0413-4952-afe2-29e8a393355a,77a95c72234c734e73935eaa0f507f94,location_opt_in,2026-09-17T08:44:58,web
31428b84-f545-44cb-88e8-f9323e7effdb,f4c949d837692a61a7f47879b34131f3,data_processing,2026-08-08T20:46:02,whatsapp
4446f6d7-b5cd-4852-b9db-d8d8e45ce452,3df1d1c34d7cb246de072f0947f2037d,data_processing,2026-09-17T10:36:58,web
70d3529e-8d9d-4745-9d33-2390d33f9f24,1a6ee14f63911704631e05d7e34002ee,scan_history_opt_in,2026-03-30T23:57:48,whatsapp
50c40c7c-c8fc-417d-bc05-4925b9cc1fcc,580f2bb619ff885bb9caf61b1aca93fb,scan_history_opt_in,2026-09-13T16:22:33,whatsapp
20a78ff1-0416-4f8d-8c3a-2bb8595700e0,61b7c282054d2b162e7eb4c03a5b1e05,data_processing,2026-06-23T09:48:29,whatsapp
01ad2b7e-890c-4361-bb65-adc7a8f927b1,232e17167cb6cc80ce9a306977c087c4,scan_history_opt_in,2026-07-30T07:23:47,web
0d558b3d-4e73-42d1-994a-bd115380c1ac,17e451851f0d5082ffe6be6361cde53f,location_opt_in,2026-08-20T11:05:30,whatsapp
f7299c32-ba8c-4729-88ac-201651e2b1a9,8346d887a0ef8d0c646225938a653c51,location_opt_in,2026-05-29T16:23:14,web
7e9feead-7f99-414f-a007-06cf9ca916c9,7afa10ce0085e542a8c0ac0017f784ce,data_processing,2026-09-04T10:01:42,web
36c5d623-1741-4d20-8624-6dcc35f9673c,63ba464363b8f80f5382e0622e1815d9,location_opt_in,2026-04-19T14:05:57,whatsapp
4ba91f46-82fb-4ada-a38e-885c996104ec,471245d644f50f754fabc6a032b52eca,data_processing,2026-05-13T12:31:14,web
50f5deb0-eec0-40ac-b1b0-eac02027e10e,eb979364220239a113b7d5bfeb04b4b3,data_processing,2026-05-31T18:06:15,web
7eb69e89-36ef-4850-8a58-3736e38eafc8,471245d644f50f754fabc6a032b52eca,scan_history_opt_in,2026-08-20T18:09:41,whatsapp
f24a65fa-3533-4286-b718-dc75625c97dc,5963975f330fd577e8dabde6624144d5,location_opt_in,2026-07-03T18:52:49,whatsapp
67632308-c8b3-4076-9761-f852ff90392f,6d123eed17826a118a30324980ded0a6,location_opt_in,2026-03-26T12:46:08,whatsapp
339459e5-8359-429a-9325-ff7a6ba772d6,9391d0b154f45721b95ea3653302253f,location_opt_in,2026-08-09T17:03:59,whatsapp
c26fa6b3-75cb-45bf-81ac-d5fe69d10857,2d88946f13cd0a5304260da9dec66668,location_opt_in,2026-07-15T17:22:06,web
8a325e91-d0e2-4f67-bcd9-6f7fbc846020,6e0dfc50dd42ca853f27fd2f521c9c99,location_opt_in,2026-04-02T13:12:45,whatsapp
ee02da31-2e2e-41be-bb88-6585c73b492b,c438829a33062e665f7d6fdb50cc3d7e,data_processing,2026-08-12T09:54:24,web
a7ada3db-8859-4c1d-844d-b54d929afa8a,f993c7b0cc47f4989b63e0138fa7e9ff,scan_history_opt_in,2026-08-13T11:14:39,whatsapp
c156794c-4bb4-45c4-87f0-55e71e6840b8,71e3497b2317aea8c0a7dce9247192f9,location_opt_in,2026-04-09T13:46:01,whatsapp
8d81c2f1-f5c6-4646-86ea-2eca8926b84f,34c1753874dacc42a87900e8c64fe6e4,scan_history_opt_in,2026-06-29T18:04:18,web
7c6acf6c-7876-4a57-a986-0e68a73c335c,8cba5798cb0eccde953c78c7273c8902,data_processing,2026-06-09T17:51:34,whatsapp
b1e70a92-391f-4cf8-80ad-035d28c9d81c,b8fa967a0e74ec0e5bb4fc5fc72afe8b,scan_history_opt_in,2026-08-04T09:44:57,whatsapp
ce7a570b-ad97-4506-a0a8-297af83f32ff,8fbb12ac89bfd5e9907e48cd91ead117,data_processing,2026-07-14T18:21:52,whatsapp
5b066fa5-9af4-4cf1-84c4-f1d2777551de,f0649fda5f3a47ac9ab8c461a5c10ddd,data_processing,2026-05-05T19:26:44,web
f74215fd-c7f4-428d-8ad3-7acfa6387b24,f2d6b4a924edc267fcf7ccd549b67f76,data_processing,2026-07-27T17:27:59,whatsapp
17021006-5727-4a52-a70d-5dee95d57942,deb24098594af1cb6b16fb00caeb8fd2,data_processing,2026-09-09T22:18:36,whatsapp
deea9bb3-01cb-4b59-ba09-998572fd0b06,45b73cf520ad041da727c457a6271392,scan_history_opt_in,2026-04-28T17:14:45,whatsapp
9aca29aa-3833-420e-9074-2eb6ae7e7ef9,a3f469e58e2da8e9dba5af16cb7488e2,data_processing,2026-07-20T18:28:42,whatsapp
110bf3da-b4e6-4ef6-b659-686d63a17d2d,d9a82c5e3efca4e52cc98bcba153c194,scan_history_opt_in,2026-07-13T07:25:53,web
01333c72-f7cf-46d9-9f2b-29a7379298da,2ad20ad2d9f3ffda2b98d820c1bfe97e,scan_history_opt_in,2026-08-25T02:22:35,whatsapp
fedddc02-0eeb-499a-a8ff-0c966a869f5d,7b0250165b4f4f45c735ec00c6b2268b,location_opt_in,2026-09-05T23:54:28,whatsapp
d8056d90-927d-4c62-a3b7-2777c4ff43bd,c287a01f3b06258d223f468e7b4fc0ad,scan_history_opt_in,2026-06-24T17:46:30,whatsapp
3a42e97c-4210-4ba1-99fd-53f08419a1c7,0bb84517a39fa794947df95a7b02d7fc,scan_history_opt_in,2026-07-26T13:32:26,web
64a23f91-6de4-4889-b923-6f587fb80ad4,26350730e65bca796c6e4e3466c112bf,data_processing,2026-05-10T15:33:10,whatsapp
0e38425a-26cb-4fcd-be96-221ca044e611,625758cf519f01bb1b7ec5f44f0d1c91,location_opt_in,2026-08-10T14:08:22,web
12ac11a5-bacc-40c8-b0ab-9456d048aeda,3b1014623b30e507f03b351da8621944,location_opt_in,2026-08-26T19:17:35,web
a1ced517-1d99-4d5d-918f-3263e8a16d4d,14d04584460d513f4bcec9a4b7ce089e,data_processing,2026-08-06T12:52:37,whatsapp
627b2e32-1369-4c38-ad45-d432330ebbb0,de5f09630eb515f770299735fe905dbe,scan_history_opt_in,2026-07-23T19:27:54,web
6efbb763-37e3-4286-8701-e4adbe36364a,6cc25e8bcfa99e7bbec7d6c3f2ba66a1,data_processing,2026-08-28T17:33:07,whatsapp
0a09ffd9-2e78-4cd5-8245-1aa1ba776443,ab0129d43c99f9f08f4941478f167d87,data_processing,2026-07-11T11:18:44,web
16ada54c-5a4f-4a37-a0b1-85aaa60238b0,ac6b774b39df0d8e8b9787f62d815c44,data_processing,2026-06-10T17:19:07,whatsapp
3cc630cc-2450-4d6c-8409-3994bfc0b9a7,5c8aed9edfca8d2718bca254f52f1262,data_processing,2026-08-25T17:38:43,web
56a90c99-54a4-41aa-8276-1b3b4e4a41a1,1499e8e1a71cd4a97b639045c21af701,data_processing,2026-09-07T18:02:53,web
a2c3f298-e76d-45d3-9757-f6b21a5a7369,b1ef10494e100a89cf489304ba66e57f,location_opt_in,2026-08-01T11:08:07,web
f1b93ae6-83f6-4912-a050-b0a594b082b4,f837e5b6a76021083b5c22a89e2d6adc,location_opt_in,2026-08-24T07:47:12,web
4195d259-eecc-4518-8980-baae8a45ccfe,656ca1633bf3705f8de691fece17d654,location_opt_in,2026-04-05T12:09:35,web
a3ecfa27-2f0f-4664-b47e-3f0dae751a1d,ddefe7da7b4d9954f6966d165a4badab,data_processing,2026-08-28T09:50:23,web
19a9abc9-f229-4068-8b94-ccf69e1e1a69,0b3a84234e6ec29102188e17654ba18f,location_opt_in,2026-03-30T06:29:45,whatsapp
debf8958-3755-4533-97f3-5f7440bb15f4,57108e089b48fdc9bae9494565b83728,data_processing,2026-07-28T13:07:46,whatsapp
245dcb67-18ce-472a-88fe-3cb644803787,4d4c052ddb2b14790d36b2d666d74c75,location_opt_in,2026-07-08T09:08:33,web
4d484a97-d8b6-4e92-8789-38b9416043d4,aa4f8706809187004abae432e9bac77b,data_processing,2026-09-14T14:42:19,whatsapp
cd89d401-6d04-4459-82c1-9d0c65499ee0,36fb7fcc555773b14b67255cfb0f10a8,scan_history_opt_in,2026-04-15T12:35:45,whatsapp
c53968cf-35af-4478-a7ed-4044117f9f13,e429f42bdf2b2d302a17b5fc6f37f91b,scan_history_opt_in,2026-06-28T10:36:01,web
c37b7784-8786-479a-ab28-f0d7b71d58be,0f1ad252132d088897a617b8bc04ba7c,data_processing,2026-04-12T15:22:17,whatsapp
41923e99-9df6-49a2-ae43-a000c28f4ca1,1b3ee6d90e4626b1eb4d893d59d3e570,scan_history_opt_in,2026-03-28T13:27:42,whatsapp
759bcd3b-e783-435a-b531-5225a88e4728,37d79e674f858bf66ff520f524c87ca0,location_opt_in,2026-03-28T14:40:45,whatsapp
f7608a78-a33b-47ec-9e8e-37a3bd38a1fe,7ea51ddf82afe8cd7be8b63ad36c2354,scan_history_opt_in,2026-06-18T14:56:51,whatsapp
deab1daf-61fa-4854-ba91-c0f149eb9b38,9411c5476bf335e0132a3007288a52c3,data_processing,2026-04-01T18:00:07,web
3adc61d4-cbd4-4500-9a73-340a1bc8ed99,778e2915d953586b1acf4253ddd3d6cc,scan_history_opt_in,2026-06-17T19:35:17,web
bf9b3f43-6013-4474-9984-432b6eb7c941,3e567ba0b007718f8ce7dc5f8aaa3ab5,scan_history_opt_in,2026-08-01T12:27:31,whatsapp
5c2add7e-95f3-475a-8167-9f92eac53dc8,a2017a54488203f3d5c5d793a532627b,location_opt_in,2026-07-01T12:31:46,whatsapp
44c54d19-9c4e-4c70-8e5b-ecb27f44cb31,669bfab3a29bdd902693443711c79171,data_processing,2026-07-03T18:49:05,whatsapp
3a034ed0-3658-408d-8b3d-21f2f117d7a8,17e451851f0d5082ffe6be6361cde53f,scan_history_opt_in,2026-04-04T10:22:39,whatsapp
f5060c4c-27e4-40e2-8e64-0510182855c3,156de33c691d38eaba52ccadd9d6222a,scan_history_opt_in,2026-03-25T14:58:30,web
b6bfef8d-2f48-4258-b7b1-85027ce2d1c1,c01ce2e742c312ca671bd9ce20787bdb,data_processing,2026-05-29T08:59:44,web
3e9a9767-510a-40fa-8528-98292132e67c,cec2dd20b11c392086f2ac61aee2f416,data_processing,2026-09-02T12:22:35,web
6dd9ba97-9d8d-4a73-b531-cbd4cc50ebd5,e87ea69f4132b3db2a111f0911e2a076,scan_history_opt_in,2026-04-14T16:01:23,web
e97a09c8-1437-471e-b7fc-029884fed0f9,a933f487def564eea698d7e824b4619f,data_processing,2026-03-30T13:19:25,whatsapp
d79466b8-d3ba-49cb-baf4-50fe4b142fec,942fe5a5be154b65febd8b844e0f6546,scan_history_opt_in,2026-04-22T08:31:40,web
ac7d0f49-28e9-4f3c-a4fe-5081def4493b,a5ddee204bf396d8d9f136059cd24d42,scan_history_opt_in,2026-06-13T11:59:06,web
eb213137-67e0-4777-8cb2-ee6aec5aaf1f,d508869c6ad8d7cf1a5d8524ab0e19d8,scan_history_opt_in,2026-06-27T15:48:06,whatsapp
07ed5201-93cb-4926-9b09-464ddb32b932,c01ce2e742c312ca671bd9ce20787bdb,scan_history_opt_in,2026-05-18T14:23:02,whatsapp
d1afb8be-ecdd-483e-a2b8-5df6ed9f11c0,2fad7d6c3471bde7f4edd4e09fb26281,scan_history_opt_in,2026-05-06T14:37:25,web
1495ed35-60d1-455c-b33d-2f253090221b,aa442ba763c3b8eb20ef2674fb156332,data_processing,2026-03-28T15:59:30,whatsapp
64ee7558-3a5f-4577-b458-7db34332ee69,65fd4af0d0321ebc5d1f792d54ae56d1,scan_history_opt_in,2026-06-17T11:35:04,web
896847d6-5470-46ed-8167-a5256339dbb6,84a9e64990957a9e5c1eb3039db566e3,scan_history_opt_in,2026-04-25T12:36:35,whatsapp
0da9e211-f8a5-4520-80d4-93b405347199,d37d4a1e602b74af5f8fc0b31c82b5ae,data_processing,2026-09-01T21:30:48,whatsapp
306eab19-edec-451a-a7d4-e2fae5c326ff,61b7c282054d2b162e7eb4c03a5b1e05,data_processing,2026-09-17T16:57:38,whatsapp
085523f3-0c8e-49ca-b1c1-c5ef0c498f16,5eaa306d1bb4959284c8e7658e029b5b,data_processing,2026-09-17T13:54:48,whatsapp
70526918-b09c-4923-9538-fc46f0db4bd6,a2a1c6889ae6fb51a29b719690d96876,data_processing,2026-06-11T13:02:59,web
93faef6d-80fd-49b8-a7f0-357561b0263e,9e525b3e72e84d1d5640bf44464ab20b,scan_history_opt_in,2026-06-13T17:31:37,web
e28175a5-b2c0-4582-a5be-42987203d6b2,ea160c30cc6bbb62a42f2a0e6a11e82a,data_processing,2026-08-20T04:09:23,whatsapp
aa2eb2bc-4546-462c-bd10-ae6775ac7f3b,28a0164b4de54424ca83e919d525b46e,data_processing,2026-06-15T16:49:20,web
19b26268-1be5-4585-bd95-9d93b647fa2f,1c15ceb9df8a9d36d69df8154a23cfae,data_processing,2026-05-18T10:45:33,whatsapp
c66aa342-8ee8-40a7-8e14-7b1ed8b6c4e7,702c783d13415ad43e135dd30112dea1,location_opt_in,2026-04-01T11:36:22,whatsapp
27f84c98-f3ea-4ad8-8306-fd68e6021fea,165bf461aa263eca0a47ca9d924cfe5d,data_processing,2026-08-23T12:56:44,whatsapp
b37645c0-7886-480a-8f7b-1ed921a518ec,fa51014f904525e1c4a444c4004ad2ac,data_processing,2026-08-15T10:08:04,whatsapp
5fd171b8-56ed-42fd-871e-f8d08798f2cd,15abe9fd2f91ed238880e0d91908e8fa,data_processing,2026-05-04T07:00:57,whatsapp
eab8e36a-54ff-4032-9975-74330fbba05d,86bd7d9158d621ccf2268b3d03282ce4,scan_history_opt_in,2026-04-08T10:29:20,web
18f62259-f574-44de-8952-c374b03a6673,d7ec9683fe8ed8e9ddc69f2974a3ce8e,data_processing,2026-04-18T20:19:25,web
d2c0904a-63bf-48be-86db-d62b495280f8,610bc80aed8e3b45b220d41d4a1f4e24,location_opt_in,2026-07-27T13:51:09,whatsapp
bc9688db-0bef-466f-83ce-1ac184d70bed,0e4f81d8e45e663af50b4b190e394d29,data_processing,2026-05-06T01:03:25,whatsapp
d497fa05-b06c-44be-bfb0-1175816d8770,111db8ce9b2fbd320bc4bb0f8b8a5087,scan_history_opt_in,2026-04-08T19:33:21,whatsapp
1c439838-cda2-419d-a2ff-d78ffe9a9d5e,abbbcda4b6970c318e381edbce989f34,location_opt_in,2026-04-10T13:49:48,whatsapp
115620e1-c332-4d67-b32f-b620bfd0cf8d,2631a124ceeb2d80fdb0ea4fc0d2f559,location_opt_in,2026-07-26T18:46:49,whatsapp
1a00c4bc-6c2e-41a7-8c81-be742a8f845f,22a031915b9d9c23929385c3c8d660d5,location_opt_in,2026-09-09T11:57:40,whatsapp
d6f5bcfb-5246-46bb-b2c7-8dffca571de8,d9a82c5e3efca4e52cc98bcba153c194,location_opt_in,2026-06-25T07:47:39,whatsapp
94c9f8db-4984-47f7-a31d-5133deccdf19,6a9fbab990e74e24e7b1fb05453651eb,data_processing,2026-08-03T19:59:15,web
6ecba6f6-f430-4bf9-8fe8-a5714e457e7c,6e0dfc50dd42ca853f27fd2f521c9c99,location_opt_in,2026-07-30T18:49:00,whatsapp
e3ea86e5-8609-468f-ba32-233faf80ebed,c608c550e96d185084a7a9b17148f25c,location_opt_in,2026-06-12T17:53:34,whatsapp
487792d8-476e-45ea-b9c3-2050aa25705b,ffdc6038b244501017d86f89871da3f1,location_opt_in,2026-09-14T10:17:23,web
154775c7-9139-46d7-88a9-806b0596030c,b1b5b92c42a397b7179fc72f163a2c38,location_opt_in,2026-06-15T18:36:44,web
afe0b1db-5a2d-4c68-a694-163936d26e62,240c9e5009b9e9f64d2f64686513cf18,data_processing,2026-08-28T16:19:05,whatsapp
2863e4b8-416b-4b35-958b-0db966d480f3,6110fb10ecc8d144d042ee6ce7c1a31e,scan_history_opt_in,2026-05-31T16:55:02,whatsapp
fa42e172-a1d9-4bb0-a84a-f356e86f7525,d855bde052a679ab81ccfe81bb67663a,scan_history_opt_in,2026-07-30T02:17:14,whatsapp
1781049d-b724-4f74-bcc1-a57d04f2f160,0e4f81d8e45e663af50b4b190e394d29,location_opt_in,2026-06-13T16:15:42,whatsapp
91ca764d-12c8-4a32-8494-d42e249e6e6a,ade01710d7f36769a342e80aca8854de,scan_history_opt_in,2026-08-07T11:48:38,web
ac4632a5-93d5-4d5b-a529-afa643be84b7,6356c07d13792ccc477f5da2941a4ebb,data_processing,2026-03-26T14:20:36,whatsapp
4e869c20-3ea9-48f5-a275-0751233eb182,03ed16cadb812eba29e825c976eeb935,data_processing,2026-08-19T08:24:57,web
b640025f-b0d1-460c-9bd2-8f9fae73fb65,5a7e947834ddc649c215ef2d845ba6c0,scan_history_opt_in,2026-08-14T15:52:15,web
bf050ee6-b12f-4820-83c9-3d59640a88c9,f0a8f3e7c1d033e9e4f9097194356997,data_processing,2026-07-12T16:40:16,whatsapp
dbfdfd12-a032-444f-8d85-fe338f53469b,d8d6e2d5a33dd2643808bca703086e75,data_processing,2026-07-29T10:37:49,web
603632db-af05-4dff-bc55-8b1022ce2612,9e525b3e72e84d1d5640bf44464ab20b,data_processing,2026-03-24T22:16:49,web
d39bba86-c5b5-433f-853b-fceb398f1995,2225b6c7fbe8c616611b411fe6b211e9,data_processing,2026-04-24T12:25:16,web
94fd0af3-2133-4151-b8ed-f1cc8695170c,a267b674ab3fa1f8e451b40c8b0df285,scan_history_opt_in,2026-06-16T19:56:08,whatsapp
a7402841-f9b5-42f3-a3e1-f315cb450822,6b82e24ff63e4f257dfc9f9e2f7a245f,location_opt_in,2026-05-24T00:46:58,web
6334e02e-8428-4cf7-885b-90916052fa10,85a4b3e47a9ee7acd3d708e827717710,scan_history_opt_in,2026-08-28T17:18:26,whatsapp
3dbdfe11-adf3-47a0-882c-88775d200e32,6252481dc56ee15dcc1e646f042a183d,scan_history_opt_in,2026-07-26T13:41:19,whatsapp
b8c20bd1-6337-4511-89f0-13666e85031c,26c27438601ed7bb8da461902f3804d1,data_processing,2026-04-24T01:29:30,whatsapp
7f022bdc-43a6-46e0-b4ed-b7a2254817bc,b759f0c055a2a9a2a70ab3767e98f25a,scan_history_opt_in,2026-05-14T10:55:19,whatsapp
98d129d9-469e-4ded-823c-cf25efc18aa2,a7bb890791954c77c225bf9edd0a8399,data_processing,2026-07-30T19:16:57,whatsapp
944a6746-a6dc-48ad-a02a-a304cda85eac,62bab6f4a749fb551d5d071a9221df30,data_processing,2026-08-08T16:18:48,whatsapp
4194d4c9-d80b-45cb-8c4c-3fcdac438eb8,f6d0c22584f953af60b0bb76c09c38a2,data_processing,2026-07-08T16:09:10,whatsapp
f8c18be2-0e6d-474f-a537-8a5372f84cbb,6b6abd5bc8f438b38f2b2be1b564be3a,scan_history_opt_in,2026-04-21T10:57:42,whatsapp
0c45e3ac-2854-47d1-bf8b-cfd182e9dea5,1e2f3f7ea762f15501cb4e4a8ce9ebc9,data_processing,2026-07-29T11:23:53,web
bacd1b68-f067-4c11-b8c3-3cc80e1738c3,6fc8e3cd5784c21d3b3d7508df8dc622,data_processing,2026-08-24T15:17:19,web
56c1bf89-e62c-47f1-9ffb-d3e3f97c9a7e,e2d34e804756a6a9b1cb9c397aacc154,data_processing,2026-05-05T12:20:50,whatsapp
0a83630c-ee6b-4627-a339-3e8fd2fb1601,dfab3c329e4906a919dfd6cd6942681c,location_opt_in,2026-08-29T16:21:58,web
e439614f-3703-4eb3-ac3d-77fc20336fc2,186d78c0ada5120a5f87f53c14510537,data_processing,2026-09-08T10:02:49,web
2eb6324a-cd50-4e1f-9275-be144d263a54,c8b8a90fa1646962e9f67954c9774618,scan_history_opt_in,2026-06-29T12:04:10,whatsapp
027ead72-5d5a-4adb-8f9d-c73b8dc885f8,b3b16f35007a4b3cc0ca65517c61fd9c,data_processing,2026-04-02T15:52:14,web
54d28198-2ddb-4c2b-892c-90f42be8e137,84a9e64990957a9e5c1eb3039db566e3,scan_history_opt_in,2026-05-14T10:17:23,whatsapp
bb74a661-e4b2-4910-91fe-03c0946f9ace,594963551d856f5fd0e15ddd5225ae76,data_processing,2026-09-06T20:16:56,whatsapp
b777c421-1265-4f74-87f6-4fc10a70cd4d,bd6c8436d3d9b393607e555e56c2f90e,location_opt_in,2026-07-31T09:14:56,web
00707dad-f994-45f6-bf31-69837fcd9d97,400af64c43c28ba8c7bf91446da073aa,data_processing,2026-06-20T09:56:03,web
fa91b366-4459-4cd7-8ac6-fdc3ae4a2383,4863cff32b87eeab859fa3b298b48729,location_opt_in,2026-03-28T17:02:33,web
0f72152d-e2d7-406c-a225-4a20e76dbb8a,259364bf8961ab675c1f1cf32a3c5b3b,location_opt_in,2026-05-11T15:11:28,web
39bece50-4b19-43ff-98ce-b8cc7f1af584,dba9c01b1f1d7daae97514805cba71e8,data_processing,2026-05-27T12:12:05,whatsapp
b680d386-14f3-4fb2-a4d0-d645422529df,dd2c28fa286a69d2c160c35779709812,data_processing,2026-04-06T17:10:47,whatsapp
d4595e6a-9862-4594-8430-26c6b16139a3,0bb84517a39fa794947df95a7b02d7fc,data_processing,2026-07-26T19:59:47,whatsapp
2fdb724b-c065-4a0e-9c29-be21e2078d98,57108e089b48fdc9bae9494565b83728,data_processing,2026-05-17T09:14:06,web
6d7f582a-abe9-49c4-a693-662862b3ad90,d23c6bd8c12d1ebaa286d19680cc4f76,data_processing,2026-09-02T08:05:25,web
e59327ba-5871-4010-b80b-cc63cc87d7a8,556789a121bb16e7e109bd2934c574da,data_processing,2026-06-28T13:34:19,whatsapp
cb823571-01e5-4f6a-8a93-beb5d93e179a,fa7865edaf5a2dfac7acd49959b9f0ef,data_processing,2026-04-14T13:53:25,web
9316c8a6-bbc5-4440-b83b-0669ff11c177,5c404a2281412c3872b62dc8456ea05d,data_processing,2026-08-07T17:06:03,web
aedc2484-4ce4-47a6-8628-b52c4ad205fe,c4448866e1b668f0a3ac6d82a036b63c,scan_history_opt_in,2026-04-16T18:33:26,web
081925b9-6c84-48da-8a9e-6c2ba8e6272d,1fab369b7942bde7cd6954b901d8299b,scan_history_opt_in,2026-04-01T17:08:18,whatsapp
2d8a0afe-a5d7-48c1-b693-cf0df179a984,2904f3fc2c3c1bfa9122e4108e510f61,location_opt_in,2026-09-02T18:00:23,whatsapp
69c8ae95-2a72-4958-8a2e-35c26b8c89e2,31fe0718d1646fb67f55b139b2a432e0,data_processing,2026-06-05T06:55:36,whatsapp
1a914c0e-aae7-4d22-840d-d60c5c8c8911,91dd68490b675992937c3ea5b9f0df17,scan_history_opt_in,2026-08-29T09:11:19,whatsapp
ac588051-d5f0-430a-b6c3-447b6b27b2d8,8771dd9d68cdc487d55b10bbee8ee543,data_processing,2026-04-03T12:15:28,web
5dc332e8-0f29-4e58-a5ff-66fb267aa859,aa4f8706809187004abae432e9bac77b,data_processing,2026-05-24T18:50:44,whatsapp
5ab69c67-4a7e-4031-a8c9-e6312776eea1,d8afce567bd716a83dc2ea99cb6a2922,data_processing,2026-08-12T20:45:39,whatsapp
1c3b6724-b409-4068-addb-4ee7ca288662,c5fd7018000acbddfa35f8aeb31fcaa5,scan_history_opt_in,2026-04-01T12:12:20,web
eb69f8a7-87d3-4493-9932-a7e3611bf090,4a920cf705aa4102e0a12f7995bc3633,data_processing,2026-09-05T15:10:54,web
4050f82a-5751-46cf-a58e-00530620854e,0987df666ed914890181fec4db927697,data_processing,2026-06-05T06:59:41,web
b43cf374-8282-434f-995b-793c8e0e63e9,4c85f40d8e2ac16b5a38f9820c0a410b,scan_history_opt_in,2026-04-28T10:42:25,web
5f7c8b07-1367-4332-9ee6-cdcd892a0ae7,329f059b10dfeddf79ec108887dedc5a,data_processing,2026-09-14T10:14:54,web
61a9d63f-dca7-4423-ad86-0661880a2fa4,46f050407b3ccdb770072b7d9d85fcbe,scan_history_opt_in,2026-05-23T17:18:16,web
0d273396-d241-4704-929a-7041317f62cf,3465304582a7cae60c2554b22fd22ef7,data_processing,2026-06-12T10:17:16,web
8a2a0729-9e5a-4d36-88a2-4cf85981b0df,89d28ec3b89af891fbe536864ae23044,data_processing,2026-09-06T06:38:01,whatsapp
e51c7b4a-31f8-432a-894c-feae5b7c2808,6b6279b2aa3ac05ace0027a9cd8038ed,scan_history_opt_in,2026-05-23T23:43:12,whatsapp
2acc9416-a23c-4ada-b499-063550ef8d5e,e37229dace1a89d071ade37166286874,data_processing,2026-08-16T15:08:31,whatsapp
2ac4d0c9-6804-4c05-8637-a33124a6b4fc,9d4aa944fa311c23d1c9ee799840ecca,data_processing,2026-07-24T10:28:02,whatsapp
1e5e8f72-8963-4d9c-96f5-30c2bac15776,0bb16ea61b318a8b0ef12d1de75ba782,scan_history_opt_in,2026-05-31T12:43:17,whatsapp
39d390fa-d9b0-4474-a205-ec8188bf98a7,949ccced550f5bbe65f5cbca4d1e5210,scan_history_opt_in,2026-07-24T10:25:21,web
2a6f6e4e-1c52-410a-b4be-d3ec6b63c1d6,6c12f4f38e4345a672e70b0ad2ff24dd,data_processing,2026-03-26T15:34:34,whatsapp
ced4a508-43a0-4da1-b5b0-23fb7259a116,b03a18f37c609629c9563c83fefc8f2d,data_processing,2026-09-05T12:50:09,whatsapp
eed595b3-0ffb-436a-9734-1a7d17a8e09b,f0685b69d8e319c2d990862ea3fac4db,data_processing,2026-07-05T11:42:34,whatsapp
64c429b2-556f-4034-ae14-55d3edb8a052,85c6a4fe27db03c198824430b6246252,data_processing,2026-07-27T01:47:18,web
766e1ef5-cc1f-40f0-92fb-0967497ca7bf,0605ecccb8a73be452740e6acaccea1e,data_processing,2026-08-03T13:33:11,web
95410926-117a-48e6-8fc8-3abab70a126e,106baa77727c0cc1a1e2577542700fdd,location_opt_in,2026-07-29T09:23:18,web
48614c50-f785-4153-9125-95952b9f4763,e886b63b3b586df6f5d34aa0faad5ff4,location_opt_in,2026-04-13T13:33:58,whatsapp
5b809524-91ee-4220-9543-50e2578a4959,cd3087fe9e66cbc63f9e2b966fe094d0,scan_history_opt_in,2026-07-16T08:18:13,whatsapp
0bb44cb2-3568-4f86-b63a-d018b5fce3d0,10bf5cde5139d31cbe0e11dd607bed17,data_processing,2026-08-01T08:38:55,whatsapp
cd4fecfd-5437-479a-8aab-3308f3e8853d,1acb580c40d047439330975b2667c558,scan_history_opt_in,2026-06-21T14:57:32,whatsapp
76dd57dd-973d-496b-a7e6-6be69ad41811,7f377b901b96f2c01b18343147ced051,data_processing,2026-05-08T08:58:35,whatsapp
0e730fd8-b680-442e-bd78-b2d018149499,ecc572f15dc9291e3f20983bc45bda98,scan_history_opt_in,2026-07-23T10:16:00,web
5565dbc2-ae66-4590-9192-78d73176c1a6,b30e40561544e48481ada0bbebbf416c,data_processing,2026-08-27T09:59:09,web
feb0fed1-384e-4b22-a4f9-4dccdf9882ad,d188423cb00a296bd3c2449b460b61fd,data_processing,2026-05-01T18:01:11,whatsapp
e0a010a2-9ca4-4428-8cc7-d21bc4c24987,ce002e5954d222000d0cf34ebff67914,data_processing,2026-07-05T09:53:16,whatsapp
4b312ee5-8cf2-45b6-b7d3-aecc81e3188a,0483cb9e72c7db63fe56aa9bddede66c,scan_history_opt_in,2026-04-08T11:19:27,web
2e86cee8-fb91-4475-8f6b-0787204b61a2,ecc572f15dc9291e3f20983bc45bda98,data_processing,2026-08-08T11:33:49,web
d119ce25-6913-4feb-b888-4eb956169a3e,1c1913863b4dc116ac621878c74df9c2,location_opt_in,2026-09-11T00:05:37,web
a33050ce-c4fb-479b-913c-f4f2f28a8517,229c6eb1d54ab594379eb8fa816df5b9,data_processing,2026-08-24T07:23:10,whatsapp
1f0ab8dc-419a-46b7-86fd-f6dcf82bf611,d3909eb779349b6eb0e398c0493a65be,scan_history_opt_in,2026-06-11T10:52:04,whatsapp
53a39bc6-b95f-4af6-9313-3fa608f2b561,4153b7204ab94ec5ef1adbb02e6ceff3,scan_history_opt_in,2026-07-20T10:29:06,web
124ad802-c646-4ee5-8e21-9d5914e140fe,52d3f1215ec9e96b3cdabf5e687e934f,scan_history_opt_in,2026-04-20T09:41:21,whatsapp
819dde22-6797-4986-9096-05c17b945fc7,8e0f10bd4e85da4819de4872291eb992,data_processing,2026-04-04T11:58:21,whatsapp
5d0d52b5-a4f5-4b58-a7ea-fe11246f5597,bf95e5cd32802620e31caeb3e7b007cb,scan_history_opt_in,2026-07-22T10:55:17,web
52a0b47f-a458-4c53-bb94-3fb48d344f2e,e2948eae13ff2a085e7cf49396d94065,data_processing,2026-04-08T08:45:05,whatsapp
6a9583f2-e36a-40d4-bfd0-14f982e1f51d,572b5759dbc62aec6df1616d3f7498cd,data_processing,2026-06-13T07:30:14,whatsapp
297eebbf-dc4d-4ffd-b5f9-109ab6133d20,82e76ac0ce99699fa1ce9efb1f3457ff,data_processing,2026-05-03T09:09:32,whatsapp
bf86da36-04e6-4b76-a80f-d84d29950c88,c08a012e1a02b65143df329060876b92,scan_history_opt_in,2026-07-02T04:12:13,whatsapp
ce5c85fd-a8cb-4aa4-b14d-cb48fa9118bc,fac32cf636dabeb3d130d11e4495d3ca,scan_history_opt_in,2026-04-26T16:03:39,web
96bca6b5-ccd6-44bc-8da5-1bf69e5cc444,de5f09630eb515f770299735fe905dbe,scan_history_opt_in,2026-05-29T21:45:54,whatsapp
fb0e8313-0b3c-460c-90e8-63bf905f9824,c261671b3355b01fd340cbd5d1324ffb,location_opt_in,2026-03-30T07:37:16,whatsapp
035ac853-36aa-4d4c-bc56-0b8a650893c0,fed825277653f8b87b9dc69f507c5769,data_processing,2026-07-04T11:14:49,whatsapp
c5e19d46-e731-4960-99c4-8c02c2e4d775,ac6b774b39df0d8e8b9787f62d815c44,data_processing,2026-08-05T16:43:31,web
dd4633cb-f597-4971-a2ef-03508a0114c4,afa4bed0d970da172767419e642a3134,data_processing,2026-06-11T14:31:42,whatsapp
a80b0bf1-27fa-48f2-be12-c7cf4ba961ed,045e95a04016f41b42ce8081abfa6f94,location_opt_in,2026-07-01T19:51:32,web
422dacde-67ec-459a-bc87-4ba8583d242b,2200ca89c2523342f30cf4a296a51513,data_processing,2026-04-25T08:53:35,web
cce6ddb2-acd1-4022-a06e-9b95ffd1a1c7,d9932925d41126329071b06a64e2e124,data_processing,2026-06-23T10:12:45,whatsapp
6fc5f3b0-8715-421b-bf09-5803f4cd3baa,4374c631b4a4d3291c9e7ca3795ae457,data_processing,2026-04-27T20:09:18,whatsapp
d270036d-f592-4724-b18f-a3d9377812ac,fb20e6969818028ec841d910bbea5f90,data_processing,2026-09-08T15:19:35,web
ab36a419-d08b-4742-a9e6-45548f817c01,d890933daace636e4c5b0444f70bdb35,location_opt_in,2026-04-26T20:59:23,web
b8739946-804e-4c4d-af91-efa0b1c3ba79,dfc8e073bf32857073ad5db624bf0f2b,location_opt_in,2026-04-19T14:37:20,whatsapp
ecf49b1c-e0b6-426b-87c4-e271d4fa99b3,9c935c12a23d924edf95befaf9f117c5,scan_history_opt_in,2026-06-25T15:01:33,whatsapp
55667e86-811b-4a5c-a143-3d76f6c038ab,30ab99a0a19dfd32361c44c3249b7e80,data_processing,2026-05-15T17:08:38,whatsapp
b4444ee9-fba6-48af-9bc8-a04a9d3616c3,4b2821cb7f2f623fb9797d46c6b22770,scan_history_opt_in,2026-05-18T09:30:20,web
c3854f34-2d8b-4b13-a9cc-afaa8b105ea7,870d685e8e05a172300c4696b190d8ca,data_processing,2026-06-28T13:08:36,whatsapp
9999c9cc-fe25-473f-86f6-0f18bd955622,032b037e60645cb353b271af0bd24c17,data_processing,2026-06-10T09:54:28,whatsapp
753a481d-d6ad-4651-be97-3356fccead44,ed41c01b277a44b044763460667d35dc,scan_history_opt_in,2026-06-06T15:43:32,web
42c275ac-e448-4f4a-9bb5-750d73d17bfb,549f3dac7ca32a668957500f60f8b01e,data_processing,2026-03-27T10:53:45,web
a03e7109-ca9e-472b-b223-1d0910155d29,bbf91e16dba8cb47236358916dd1fc3d,data_processing,2026-05-21T17:35:15,whatsapp
9a39f32d-fb85-4755-9506-4eb278336fd5,8b3365c08f4b0d29017d01497bf26b6d,data_processing,2026-05-13T08:06:41,web
3bf1d994-c9b4-4174-b942-89df441b227c,4562a9a7cf60beccbeced929c50f8388,scan_history_opt_in,2026-09-14T14:31:02,web
6fafb0e3-e0f6-49d9-9036-c05684a4bfa2,2f1a3fe1927150ef9d96bf758c10a318,data_processing,2026-04-18T02:54:36,web
534cb7f8-cf16-47eb-bef8-ed7cdd359af8,1b77d4374311843cb65e31d9844de76d,data_processing,2026-05-11T13:18:23,web
bc8c6abd-036b-4f14-8ca3-b485ad2bd6ff,1ea8f77bc68189e702e8062caaabe52d,data_processing,2026-09-15T15:20:46,web
e26f11a2-280c-4cb6-8729-dfe95b92fe60,357a1bb9816dd56b72221e828e0e048f,data_processing,2026-06-05T08:46:17,web
86b607ee-8eda-4881-bf9f-6b7855b58592,5306bb72aa18bd57a26bef0e1824b731,data_processing,2026-08-20T14:51:25,whatsapp
746f2e20-818c-45f9-a95a-07cf22c0f223,f028b109eeb35f1c3eec920d1c815cf6,data_processing,2026-06-30T16:06:02,whatsapp
1fc17fba-a4c8-4016-abed-a6588ac59f98,3e567ba0b007718f8ce7dc5f8aaa3ab5,scan_history_opt_in,2026-09-05T11:43:16,whatsapp
4fb0ab37-cd9f-40b6-946c-3074812a74db,64ea09fa10cc62fe1ae7a8a1e750e70c,data_processing,2026-05-16T18:00:25,web
e70f0821-ec78-46b6-84a7-64dba237d3e8,d46c54e4d2b122ee35f35c3b3e2831f0,scan_history_opt_in,2026-06-23T20:11:41,whatsapp
01ad8882-635d-468b-bf5f-a6540f8c03bc,1b5a3eba42bedece1aef2e6063b0d6ea,scan_history_opt_in,2026-05-03T08:07:56,web
f23263b4-b466-42da-90fa-bb433d56cd48,e5659a21c033f96b74a1c289581669c0,scan_history_opt_in,2026-05-10T11:44:35,whatsapp
100f6bd8-9545-472d-8086-9788e815515f,cc7a6f18351501ae5438e48405ec1f6e,data_processing,2026-04-05T08:43:29,web
3fd85a86-500d-432b-87b8-15a9f30ff403,d0d4e1a7b634a4cba90ed92ee432c04a,data_processing,2026-09-01T14:50:30,web
dd1c244b-5f6e-4cb7-994c-9210fbe7cd23,a5db3027fefef360e310cb85d4c75909,scan_history_opt_in,2026-04-18T20:42:52,whatsapp
1e7b02b0-b496-48d3-9893-080328269c5b,4d25220454db2efcbfc4a57feb2598d9,data_processing,2026-06-16T09:33:45,web
bf3b8783-9e50-43a1-8e8b-65825e3b951b,ebde856de9d1bad0a145bfaff4a096cb,location_opt_in,2026-09-09T10:33:05,whatsapp
6ece046e-f534-4e05-a3ef-61218d245ad4,f4a303c10933d1f7129ae0e4d4d6755b,data_processing,2026-03-23T11:07:14,whatsapp
2efd74ba-8778-46ef-b76d-604e20b22a31,cfb0fafcdbc9766b8b37afd2d04cc631,scan_history_opt_in,2026-08-18T10:26:14,whatsapp
356d83bd-7030-4e22-994d-398eee1e04df,cb69860a71b8148c4380fda433c7b96e,data_processing,2026-03-26T20:22:55,whatsapp
334951f7-7e8d-487c-9acb-d106e504a672,e86d0fffab672ed97f4ccb33ad03b4f7,data_processing,2026-08-03T19:23:39,web
fe0eb00a-38d4-480f-b5f4-a058f71131f8,3b5be4036d5b3e537c252a42f418bd94,scan_history_opt_in,2026-06-08T13:44:57,web
f4145e87-e7d3-41c1-94aa-0bf57252131a,ac0d81e492dc39d2234dd8a9a66d1991,scan_history_opt_in,2026-05-17T16:04:52,whatsapp
341fa675-4527-4f6a-bb59-def3c4c74db2,266fb9aa79d136ff07c8809d6530eeb4,data_processing,2026-08-31T11:23:26,whatsapp
d7ea2bce-1307-483a-9265-e3794ac8509e,f4ccd7cea3179ed238611cf7f0cf477d,data_processing,2026-04-07T10:37:29,web
cc3991c5-890f-4d6a-89bb-9a802f842b36,e79c766e084d5fda91ad2f6d8ca88aa4,data_processing,2026-06-09T13:22:23,whatsapp
0470d0ba-a91b-46d9-9e60-60ba711fbd48,6bd6acace138401d1f56140407640188,scan_history_opt_in,2026-06-30T10:26:46,web
428f39f1-ea40-4b7b-a57c-d6233f442f67,4e2fc2fb5416a89f88832f36ceb53133,data_processing,2026-04-12T17:55:26,whatsapp
e8598474-f771-4d48-b2c0-27d749ea59ee,6ef176490d80deaa5b1a62f57efd20fe,data_processing,2026-09-04T10:43:04,web
e7ac853b-f74a-48fc-93d0-01cf128132d5,08a610b649a839d91c04b299565a989f,scan_history_opt_in,2026-05-13T13:06:02,whatsapp
03ce1734-d02a-46c5-bad8-c1b3305ba374,f29e88a8e5b8269c133c0691bf0cde8a,data_processing,2026-08-03T07:10:42,whatsapp
fb918a69-6c92-46a0-b171-15e3151fcfbf,58b22ad84a9702123cea833b20b12ced,data_processing,2026-05-03T18:43:13,web
ff9b9531-67bc-4280-b1b8-7fe1c073ad37,3b1014623b30e507f03b351da8621944,scan_history_opt_in,2026-07-14T14:09:39,whatsapp
52315256-997e-42fc-a584-a016225d0cb9,e760e371bf857350b572e58a3c136e2c,data_processing,2026-06-29T11:45:05,whatsapp
292053fa-c920-4d21-8aef-0c098d843163,4826da200680f3e2a923c66136dc7454,location_opt_in,2026-05-10T11:08:58,whatsapp
14127104-a8c5-46ea-95f6-31c2050e4c90,a0fdb2b0d6a3ccc14ed8cea5e31ac9c6,scan_history_opt_in,2026-03-27T08:46:07,whatsapp
c591a223-bd6c-4831-81c2-0f0b78aa4db2,1b33b2312ae0b95e61925663280b1035,scan_history_opt_in,2026-03-28T19:34:31,web
2d016e11-40fc-4a42-a62b-8195c71caa42,aa9d9f99d709e2a2efc33ae6501e5cb2,scan_history_opt_in,2026-05-05T21:48:25,web
38257bae-8e6d-4932-9089-e845cb2a2835,7bc33afd3779ac3be85f6496a1fcd55c,location_opt_in,2026-09-03T09:54:02,web
f6a5a4bf-4f0b-4365-b031-22d0424ca40f,4917de7fb165e88909e531af55f5e911,data_processing,2026-04-30T19:11:05,whatsapp
7d3a6158-83a9-4344-a83e-3062274a543a,f6dc3f39bd39404e9657d0d170b6da9d,location_opt_in,2026-05-16T10:58:16,web
6f7f0eaf-89e8-4208-be5f-db8fe02006d4,7157c3136bf8cd539c8ab989b768e929,data_processing,2026-07-13T14:45:56,whatsapp
a800d4e4-9339-4f52-bb84-4877b3cd5edc,1499e8e1a71cd4a97b639045c21af701,scan_history_opt_in,2026-04-07T08:59:01,whatsapp
16cf7263-9c8e-4bea-acbb-2d7349ae744f,c8ff3af18ab8dfa6676260e7225e1c4c,location_opt_in,2026-09-17T11:18:23,web
e025bbf6-9387-40e6-9cd3-532e497a6369,96fce11757c0f1ae57901ef58bf3bf48,data_processing,2026-05-07T07:53:18,whatsapp
2273685c-9ea9-49c5-ba4c-5ab23ec52528,4781d669e3917da92691664640211bc8,scan_history_opt_in,2026-04-28T16:06:00,whatsapp
d9e08830-6fbc-4df2-a9fb-80ee74bb0446,cd4cd59ee276853699cf7f4033f2c9ba,data_processing,2026-08-01T03:13:19,web
7929558d-437c-4126-9363-fed087be2a76,d70328feb17558d4111ab709406055df,data_processing,2026-08-26T09:51:29,whatsapp
6110e99b-cf9c-4ced-b807-fa4c32b0b32a,0fee96963f600e2ef575761c222b061f,scan_history_opt_in,2026-07-17T16:41:40,web
9888d7ff-e416-4755-8973-555fcdef2a53,85c6a4fe27db03c198824430b6246252,data_processing,2026-06-22T17:43:48,web
f5687486-7da1-4d2c-8253-123f72e2030f,b898b0220a4ab39ed4b16b0664f0b870,scan_history_opt_in,2026-07-26T20:20:23,whatsapp
520b56dc-0d8f-44b6-b74b-c5a40e204f70,ac0b5cd662cc617447428e0d45381378,data_processing,2026-09-08T11:39:54,whatsapp
da429148-4139-4de3-ba19-aaad30385811,c027cbaf0aa0011f834365dc01443d1f,data_processing,2026-09-02T13:36:14,whatsapp
9559c12c-b944-450e-a34b-0100930f3932,4f1d086c49a2ee966f852f7e576e24bc,location_opt_in,2026-07-19T08:22:02,whatsapp
d4b52fad-41a1-404c-ba1d-5f3173d6dbd7,d4918b28f55161f582fcf03342020118,data_processing,2026-08-10T08:48:22,whatsapp
1f032b4a-e9bf-45d4-b17f-4266048b8573,930dd6e05e50e8b54c8e3152616bb0fe,data_processing,2026-06-25T16:12:26,web
11d462c3-83a2-46de-b9e4-a1b5bcf524ff,32afb8631d47d27da747cafcce08ae02,scan_history_opt_in,2026-05-08T10:36:01,whatsapp
1ec3b87c-5716-4554-bade-b782b2f12dd5,6e233ea573e8d6f8370783081bf2b904,data_processing,2026-06-13T10:07:33,whatsapp
b34ffe4c-82ec-435b-9870-21df29d9f4e4,71a0c9e92dbbb1a18a61319fd971f07b,data_processing,2026-07-17T16:57:03,web
0417442e-9835-439c-a9fb-7c04e0d9ae4a,f1ed99ee41be35838f618fb31fe3aca8,data_processing,2026-08-09T15:06:33,whatsapp
d6baf61d-cd02-4210-9011-328c55a6e259,7b0250165b4f4f45c735ec00c6b2268b,scan_history_opt_in,2026-08-15T11:56:15,whatsapp
966c2fb1-bf37-440e-ac8d-45fb5e6b5ba4,5b8b760bec8b2c2a9244a06047d127e1,data_processing,2026-08-21T17:48:53,whatsapp
ddcac2d0-e73d-4e7e-99c9-1b158bbfa2e9,4e74f658293c19bce9dcbd511f76f00a,data_processing,2026-09-05T13:04:08,whatsapp
ebf5a6c8-01b7-4425-82a2-a4bf8565ccd2,78d083581bd3907a5affe0bbc86f3063,data_processing,2026-04-27T17:16:11,web
142888aa-84ae-4877-8d64-b6147ba4b702,1ce4b552af156bc4e04cafa5d4276975,data_processing,2026-04-06T19:57:12,whatsapp
fb3f82aa-9a4e-4fa5-9770-4c51565dabca,487d77b6c07229746228557b3fd0f7f9,data_processing,2026-06-04T15:59:29,web
b4bf6023-7fbe-4833-92a8-3fbc516acc1e,3d9fe8d96bf83ed42dbfae390cc9ebef,location_opt_in,2026-08-06T15:16:41,whatsapp
d833f63d-657b-4f5e-9ff0-276658cc998d,fac5809079ea95d25817aeaed7c27221,data_processing,2026-08-14T13:17:40,web
50c86d8d-f62b-4290-9881-56feccdd7810,580f2bb619ff885bb9caf61b1aca93fb,data_processing,2026-08-23T05:28:28,whatsapp
413e1642-0d35-4633-ba40-c27fd9cc65ba,4aef3960da71b6cd46872f01ed6d638e,data_processing,2026-08-28T13:09:34,web
ae8273fc-dd3e-4a6b-9d31-de6eed2e90ef,0241c4cd6f8ba41c0e5a62210fd64563,scan_history_opt_in,2026-05-27T08:00:31,web
ecd9bc0f-51fb-4938-b559-2cd6849ab820,a76ca5a4a77c72a64a2bb8356aa4a2f1,data_processing,2026-06-13T17:26:33,web
02d644e7-714c-4a5b-b71c-8c319a5f8741,cfb0fafcdbc9766b8b37afd2d04cc631,scan_history_opt_in,2026-07-29T18:55:23,web
c406e2bc-643d-4888-9914-693a6c0628d0,9734a4c64c8f9322966591fee222a5ce,scan_history_opt_in,2026-07-05T19:45:01,whatsapp
c136d0dc-7b3c-46cf-ac1f-4d2ec91c0d98,5e3f82773bd25e4f5f991a4500d7c281,data_processing,2026-04-02T17:42:04,whatsapp
743478ac-9f2b-4af8-b3f5-66b0951d4433,3b7d5642fc29f32c69ecffb3b473133b,location_opt_in,2026-04-26T19:13:11,whatsapp
14ec26dc-a667-4426-9193-f267422358b4,05739e864d421164eab4f0958ec3c92a,scan_history_opt_in,2026-07-18T11:34:14,web
7c8f1934-5985-406a-a74f-75559cdd41de,26ad33dff4448eb07c5533af785df3e1,data_processing,2026-06-30T06:22:51,whatsapp
7570cb3c-0d42-491f-8f29-c2f449067af4,7a722488bde7dac5300d54bd59e6425c,scan_history_opt_in,2026-04-27T17:39:06,whatsapp
f1345982-76b6-4da9-890f-e0cf87ca0040,23b0c70290bd61097ef00d18cddc1c9a,data_processing,2026-05-25T17:23:09,web
34408f3e-cbbe-44b1-b2a0-37a56d0883ad,0fa9d5e11b4aed3f7da6c2b084bbb16f,data_processing,2026-08-12T18:29:39,whatsapp
9dd4f149-bc32-4ed1-acaa-329d0d3274cb,c8ff3af18ab8dfa6676260e7225e1c4c,location_opt_in,2026-09-02T02:39:11,web
57d93a22-bbe2-4ec2-b369-5e51c22c667d,0e6bbcb72fce1cd19eb77ec584f4fd51,data_processing,2026-09-13T16:16:02,whatsapp
95b30518-c83e-4e64-a970-6ede17c16017,50fe09cee145fbe5702601362a8a1d30,data_processing,2026-04-01T15:19:58,whatsapp
6988bb73-b73f-4420-80df-73a9138c65a2,36a1791f239f0aa6a70ff0a5fb0f79d4,scan_history_opt_in,2026-08-28T16:55:20,whatsapp
d2c5eeff-883f-4a1e-ad6f-0cd77daa82be,00a9d6663a0ecf519d450cb1babf975f,data_processing,2026-04-29T04:20:05,web
1f181b73-cd8b-4704-8b98-d46c8812d7be,51e1e5b04f7987f77883a904b1ab6b6f,data_processing,2026-05-08T21:26:37,whatsapp
67d06d3f-33dc-43aa-b1dc-08cf8541c922,73d32fe5ca735b34102fb542dfb97e77,data_processing,2026-08-01T09:36:59,whatsapp
c16e9588-3a4c-4310-859f-56056a7f126b,56ba160c4b4bf87af372c69b5ce89ba4,location_opt_in,2026-09-14T12:42:51,whatsapp
c704e32d-d4ca-4adf-8c57-b0ae8a740a44,926dac2df8af918e127887764d5babea,data_processing,2026-06-12T21:49:27,whatsapp
16a80cec-5aac-4804-ba47-8622969e5e90,ebde856de9d1bad0a145bfaff4a096cb,scan_history_opt_in,2026-07-16T16:24:27,web
f62cfd27-fa71-49c0-9ceb-b11aa2205e25,38c81fb1303f4a9342b8303e88f0c102,data_processing,2026-09-17T11:05:39,web
5e5a963d-ab99-429b-a98d-09ff5bfff550,c33e99ae2910c1c77639dd9f106ffce1,data_processing,2026-06-05T16:23:51,web
65b9a844-6856-4c22-8325-89d0d77752eb,ca448464eb42d3c98c4b8fca91d80ef7,data_processing,2026-08-05T15:25:40,whatsapp
112a8800-c10d-4349-8cba-e2ea86dfc7b4,47a1c3306c7527a342c68f8cb66d4c79,data_processing,2026-04-26T00:52:04,web
fe4bf646-b617-4452-98f5-b6d4485fde4d,7651815615bdb1cbb694fe7b777239b0,scan_history_opt_in,2026-07-11T18:21:55,whatsapp
4365e8b5-f868-426f-ab5e-b7999094d8fb,ec9f348f723ac9ad724ec5692b739c44,data_processing,2026-09-11T12:58:11,whatsapp
2bc257a7-d2da-4f0d-90b9-7103d0d0b2fa,a108aa5a11e27a793a4d921f0ee4d861,scan_history_opt_in,2026-04-17T10:46:16,whatsapp
8508150c-e302-442c-b77f-6e1f6905bdbd,c28e50f6146fca825a053e73b7e7f84b,data_processing,2026-03-28T11:08:10,web
4aead2c9-201a-4f53-8c90-06ee34b0632b,dcffd514466e616b7352fdc0ff921b3b,location_opt_in,2026-04-07T11:05:50,web
ca5e0bb4-602a-4a74-b7a3-8d639a401d86,994b5c9c77d2be8f708b1c9327201e08,location_opt_in,2026-08-24T02:57:53,whatsapp
6f503347-80b5-4ae0-a22f-b66ece01ea9b,5a69ebdfeeb30c5b667d73983736a8e2,data_processing,2026-07-19T08:42:07,whatsapp
abd18d41-b8c7-4983-bcad-ed0194448b9f,a4052c36d740422a581e65c668755a75,location_opt_in,2026-03-27T15:02:33,whatsapp
0b31a14b-2df7-41ac-a9e5-5ab9b255576a,00e98a72ab4406c1d5da7b0bc62a137d,data_processing,2026-04-23T08:58:26,whatsapp
f2a78951-2363-438e-a680-76df1d4b76d2,99fd0d8a7f3ac9e32fdd3789dd7a97ae,location_opt_in,2026-03-25T11:08:36,whatsapp
446d8f14-a86b-436b-a2f2-a35ef0e9f65b,5961db5f11fe59f23b20c2eb6d70e4bc,scan_history_opt_in,2026-08-07T18:41:21,whatsapp
e91dccd8-01ac-4bbe-a2b7-f9ca703f8a4f,4863cff32b87eeab859fa3b298b48729,scan_history_opt_in,2026-03-29T16:20:47,whatsapp
1650e2a3-a340-4203-b40f-8a05d95a03d4,5645c4a1642f913112058696e3ffdfbf,data_processing,2026-08-18T06:48:33,whatsapp
8366d4d4-f00c-4782-82f0-b1c27b9256ee,a442497e1ccf246c64f351db5fc9227b,scan_history_opt_in,2026-05-15T10:23:11,whatsapp
3802b631-33d9-45e3-8d8b-f22a09b6b4d4,b7c1f17ea3e9f7a75f21dae9577144af,data_processing,2026-08-05T14:04:58,web
0b28452e-8f13-4e00-ad5b-523a2e46f18f,2200ca89c2523342f30cf4a296a51513,data_processing,2026-08-18T15:40:43,whatsapp
5629f21a-8e89-440d-a436-a8ac046c2126,d9932925d41126329071b06a64e2e124,data_processing,2026-06-21T09:03:13,web
6a4bea05-66ef-4c64-83df-b1bf01bae88e,9e525b3e72e84d1d5640bf44464ab20b,data_processing,2026-07-29T11:20:35,web
8e5f76db-6724-44df-9142-e1d476c50187,21f11f9da5a7e09f27e114c24b1e4be1,location_opt_in,2026-04-27T11:58:25,whatsapp
1ae4e7c5-ef53-4b41-ad03-dc3bf21eec4f,26350730e65bca796c6e4e3466c112bf,scan_history_opt_in,2026-06-03T04:48:11,whatsapp
c08d2313-82b2-4ed4-975f-93160172e5df,949ccced550f5bbe65f5cbca4d1e5210,data_processing,2026-05-27T09:14:35,web
07649b3f-64d3-43d7-abe2-044dba4f087d,b8fa967a0e74ec0e5bb4fc5fc72afe8b,location_opt_in,2026-08-26T19:39:35,whatsapp
73ef8a56-cc04-4adc-a324-47e554ed035f,aa72a9646f9b55dfd84175880462e077,location_opt_in,2026-07-02T07:57:43,web
7c7c2d64-cad0-4996-ae30-089336da5f3b,9f0833fcdb4bb3485edb5bc9f979dc24,location_opt_in,2026-07-15T11:10:59,whatsapp
5736818e-fa44-41d2-89df-3b5e0a69075d,2fb38f19faefb0f73f8af4bdda240053,data_processing,2026-04-30T19:03:51,web
a7df47ef-18fe-4650-ab1e-e182c93514cf,b4409b2c0edef083b569cd4c853712fe,data_processing,2026-03-25T12:17:19,whatsapp
1c92ab4b-0a35-4c3c-8a87-46d762f8697b,1e5d54494059040fb6430495dbdccf93,data_processing,2026-08-19T21:39:36,web
34cc3658-5df5-4b38-85fb-1774e6dfe6f4,21400c94041eaeca40b8d08a931f90a4,data_processing,2026-06-03T10:36:01,web
7eacc9ca-732b-468b-9727-3e5ccd7e4871,5c404a2281412c3872b62dc8456ea05d,location_opt_in,2026-07-30T16:02:57,web
e5ab5cc9-9623-49b0-b00a-1d894c8ba2a1,9bd540af0c1af86956fa08d39d2dd8ab,data_processing,2026-08-25T07:41:05,whatsapp
25949c30-bd8c-4a32-b352-002f31d62969,f993a056247e066e9d9c0f054219b3e9,data_processing,2026-07-24T06:47:47,web
0d871b6a-f21d-46b5-826a-2409e7938e3e,03ed16cadb812eba29e825c976eeb935,data_processing,2026-05-06T19:54:01,whatsapp
eaa92097-2a88-404b-9f04-456c1f257a27,d85520695f9caa896dd1e57a5ca1170d,scan_history_opt_in,2026-08-02T06:12:32,whatsapp
8b678ee4-480c-41dd-b684-ab875a1f0402,e06cedf6bee57050591b5e0b532cb90f,scan_history_opt_in,2026-08-15T16:39:24,web
62f07d9e-941e-4b2c-acef-12317efbaacf,b1b5b92c42a397b7179fc72f163a2c38,data_processing,2026-04-04T00:41:53,web
d6627440-a9ec-4ae7-8ef4-31a21e468313,a62f9cb6bb926ed4fd119152e962c27a,scan_history_opt_in,2026-08-10T09:54:43,web
b507c97c-2e57-4220-bb55-206f23deafdb,e3a2b0935df6d483c30783a3084c7875,scan_history_opt_in,2026-09-03T17:24:28,whatsapp
92cd7e9f-5847-4f21-a274-2490ade2cf39,d0c09c200454c7aec609aea76a8b79b2,data_processing,2026-04-19T11:25:55,web
f230809e-342d-4d88-9e08-f497bf5b8183,240c9e5009b9e9f64d2f64686513cf18,data_processing,2026-08-08T10:02:58,web
8d01181c-194b-4d72-b765-aa55f7c14cf2,c0b8b490c40963389f5dfc91bb11f91f,scan_history_opt_in,2026-04-05T23:55:59,web
e73c952a-2e38-415d-b23c-d31a394c3975,4260305a396a824434ac66b969b55536,data_processing,2026-07-31T16:20:38,web
2de8c11d-9bae-41e3-bc3c-6c7da3a0c880,12f165920e7d63e532fe924c9453f3eb,location_opt_in,2026-08-26T12:06:08,whatsapp
019d788e-b98f-48fe-8700-bbe745866cab,cec7eadcf6028bf6f00e10e68f3997a9,scan_history_opt_in,2026-07-09T10:58:54,whatsapp
d1e328cf-454f-496c-be5d-b2f8c97ea785,6a9fbab990e74e24e7b1fb05453651eb,scan_history_opt_in,2026-05-20T14:07:20,whatsapp
9c065ffa-9720-49ab-b8a9-b27c35037807,e2a5a437498a55e965afb54039eeb38b,data_processing,2026-04-09T09:59:10,web
ff7dafc3-413f-4767-b9be-ca12031d035a,84292641d064b4b320ad0d4ba2a57dee,location_opt_in,2026-06-29T17:02:45,web
acfc6cd0-d7c3-4d35-b1e8-d45e1918e6e6,06c750f6fbe6f64ffa71bb5c35e2567c,location_opt_in,2026-07-21T10:14:08,web
d17c2d6a-a999-413c-be54-75c2d26cb129,ddefe7da7b4d9954f6966d165a4badab,data_processing,2026-08-20T16:44:23,whatsapp
306a9fd5-fa7e-4993-8faa-9a163564c113,7afa10ce0085e542a8c0ac0017f784ce,data_processing,2026-07-15T23:44:54,whatsapp
a244363a-abd8-4269-9623-8226b4b1a189,695b6851f9521df5b19cca67c406356c,data_processing,2026-09-16T00:40:26,web
1df05f05-968f-46fd-9b79-aa8b88dd02c3,c2d926c13a62fa5cbf88ec769490fd98,location_opt_in,2026-05-16T16:49:54,web
f47a8c9a-5111-4498-8580-45a32f296259,a54175666837a1dde81125731f3b520f,data_processing,2026-07-08T13:38:21,whatsapp
86a98544-b7de-44b4-b344-5e35cbfc9973,41934e1694d3faba55248b521aa0620c,data_processing,2026-04-01T17:45:13,whatsapp
f199f65e-1347-48fd-8f20-0fa153aa7cf2,d3453b270d1da9b1878bd170babd6016,data_processing,2026-08-30T11:20:32,web
bad322d7-f4be-4bb2-bf14-7fcbf2f9b5e1,3519166e96866a6be04638d9dd0261ef,data_processing,2026-06-02T05:34:58,whatsapp
7e367508-581e-4afa-b437-bb04c39bc44b,96d5550651ef9c06d3a848ea35b9749a,data_processing,2026-08-30T09:13:12,web
c1411ec8-af50-4787-887e-dcd57933cd87,467e2c88f9812065afea66a4c67a81d8,data_processing,2026-06-15T00:54:27,web
85f54081-1383-4f0b-be2d-01b74ccee884,080d131866066e8f4b3bd5fb77b043c1,data_processing,2026-05-25T13:58:31,web
29918b21-6161-41b5-ac81-c9a590261300,4575aa6a7f7fc061ba96b3b2926084f1,data_processing,2026-06-06T10:27:47,whatsapp
5f01e9f1-b185-4e87-ad37-c110271b8c09,9411c5476bf335e0132a3007288a52c3,data_processing,2026-05-15T12:46:59,whatsapp
c3d67eb3-6769-4ba5-b6bc-3f645e1b9015,301dc285181d61c75a1a3da81ae44a46,data_processing,2026-04-11T17:17:07,web
86beb22e-c3c1-4db3-995f-073f787669a1,adc5fc8f03bc08d28492b2ccf154cf8c,scan_history_opt_in,2026-07-07T23:45:34,web
26507984-2e5a-4a3e-a042-f2222079df76,994caaafe1b2c71dad8bc020adc4e676,location_opt_in,2026-04-17T09:33:29,web
c4ece70d-ab91-4f04-8e87-00838e15491d,2c35ab6b5b75508650bb0715bc2fb7e0,scan_history_opt_in,2026-04-25T07:32:37,web
f3b72cfb-2dd7-4710-9707-e525812d7b8d,f2b7cfbd4df63276bd0948ccf510b25c,data_processing,2026-06-18T17:16:09,web
2ab99940-99d1-4a1a-9aa7-1036c6171718,8771dd9d68cdc487d55b10bbee8ee543,data_processing,2026-04-09T16:23:31,whatsapp
fd5879af-f77d-4bc4-a290-4b5ea5c80e02,3a0d2766aa58f96b8e28c57659d702d2,data_processing,2026-08-03T07:46:57,web
6d94edb4-a54a-40f2-9d28-321fd13fdc48,78fd72b0ba3c7ea00a3defb2e998ee71,data_processing,2026-07-10T10:35:44,whatsapp
eb0717a2-215c-4096-8a15-ec87201f696e,b68b8874eea272c50b557c1669373263,scan_history_opt_in,2026-09-02T18:49:38,web
eb3fec00-8f97-4236-95a3-5df6115be8a5,6252481dc56ee15dcc1e646f042a183d,data_processing,2026-05-23T20:28:28,whatsapp
36bd24a9-47b4-4462-b12d-84fdb5035a12,74aaf6f6adc739c99a5a750f4a919d40,location_opt_in,2026-07-17T14:47:16,whatsapp
10658d38-bbaf-462c-a146-e5e16154b6e7,9e753855d6cbf8a9c106c29aab3c6c6f,location_opt_in,2026-04-01T08:05:12,web
f2450c4d-a590-4972-b8d1-cef01115d58f,29d444bac7e2f8c4183a1bc61bd972c3,scan_history_opt_in,2026-07-30T14:15:53,whatsapp
62cd4568-17a8-4115-ad75-76348d225daf,118dd085f247d53b7087dd9ab72f779b,location_opt_in,2026-07-01T07:11:41,web
0f9c1106-5815-49ac-86c8-c776a9502e0e,f96958d3aaff0b24bc665cc12fd0b3b1,data_processing,2026-05-18T14:56:38,web
de8c870d-9535-42c1-b571-5567432b39e1,7cf90616b56cdab53595f5c346262281,data_processing,2026-04-29T16:02:18,whatsapp
2dc0be27-44f1-4edc-8a7a-00a087ed0b37,be19c7843999ae2578d3179b9b92f587,data_processing,2026-07-29T11:45:49,web
9346840b-ba4f-41c6-b920-fee23dfdb648,f0ae18fdf496beb1263e0f1f851704b0,scan_history_opt_in,2026-05-03T16:20:10,whatsapp
54c5c51c-08d2-4646-afab-8dec00f7ecee,126e6839aab4681357112bacb4c9f684,location_opt_in,2026-04-28T14:28:19,whatsapp
4258053d-d814-4ae4-9184-22e693514096,91f0096b764e346f3a47ce71d568c771,data_processing,2026-07-06T18:59:49,whatsapp
9df1c053-dae0-43f5-8545-2b55947f47df,6b6279b2aa3ac05ace0027a9cd8038ed,data_processing,2026-07-01T16:33:56,whatsapp
f2bd556d-ce15-45e2-a17e-067c9ffe22fc,4c23ffb5012f9b09bd8408de02c84a09,data_processing,2026-05-10T10:54:36,whatsapp
55a6c019-8094-4041-966b-7d9b5e370a0b,580f2bb619ff885bb9caf61b1aca93fb,scan_history_opt_in,2026-08-31T17:02:48,whatsapp
c4e5f469-4f04-4865-9478-db900833d507,3a0d2766aa58f96b8e28c57659d702d2,scan_history_opt_in,2026-03-22T10:54:45,whatsapp
7079e789-6add-452f-b316-bfaf55d6f871,0dfadff3ba431ff89e2f931df8504cba,scan_history_opt_in,2026-03-25T13:26:31,whatsapp
5e2679ff-616e-4fbe-940e-26bffa87ca9d,f0649fda5f3a47ac9ab8c461a5c10ddd,data_processing,2026-09-06T00:16:31,whatsapp
8921fb15-b741-406e-8ae4-41260cbb315e,b7c1f17ea3e9f7a75f21dae9577144af,data_processing,2026-06-21T12:21:40,web
19cb6758-85b3-45c2-b098-7cab11e9a30f,8f0f37bbb38a33810ecb9a9eef61ef80,data_processing,2026-04-26T20:03:56,web
67db1269-047f-4372-88f2-4670551b446d,6c8d9aa79ce471ad250cf473d1010bfd,scan_history_opt_in,2026-07-02T12:19:03,whatsapp
e3f04162-2c20-4d6b-aa9a-f5c66ccb1eb4,1da0dbc0c2e1a2c05a9e016b52098c39,data_processing,2026-07-22T12:10:09,web
c5b5bdd4-f396-4329-9ada-fc3f7d0d6a71,e06cedf6bee57050591b5e0b532cb90f,data_processing,2026-07-21T18:00:47,whatsapp
83d2ef35-187a-4722-bdb9-1224dfeb31a5,2ab97c645380e8280adf0d165709f6ff,scan_history_opt_in,2026-05-09T08:14:24,web
74a008f1-110e-46e8-bd6d-704ffc9f09f1,547709f6cfccf431c8c86dad52bd3581,scan_history_opt_in,2026-04-12T10:47:47,whatsapp
44113437-a1f4-4f37-affc-2f38ece699de,634ccb1cf6f283491c2c85f3c91cf822,location_opt_in,2026-04-01T15:48:20,whatsapp
1d9d389e-6e0b-4862-9b09-f293e9b607bd,f2b7cfbd4df63276bd0948ccf510b25c,location_opt_in,2026-07-25T13:21:58,whatsapp
4468826e-91cd-4693-80d9-59fac0d4303d,02ad964ef49ace88a179ebdf40224b54,data_processing,2026-09-18T21:44:03,web
e024717f-3289-4e7d-b483-8f2e04abb384,e06cedf6bee57050591b5e0b532cb90f,location_opt_in,2026-04-06T17:53:57,web
ad8ae800-1087-424f-8a5c-f64f450d5944,306d1407748b6e9469ebd54a29184f51,data_processing,2026-04-10T13:31:10,whatsapp
b288d2f7-6d27-4892-ba93-488747d495d4,4a33d2c0f0f72fa7fa323261e7c05a21,scan_history_opt_in,2026-08-12T11:44:31,whatsapp
9f86803e-d215-4833-9242-b4fdf52ba8e1,013fcd0cfcb19d76f22b7b2ac60d6143,data_processing,2026-03-27T16:22:56,web
3b12c97c-78a9-4ed3-88d2-42bcf5d6cf8b,ef9bd02d65a2af50ba3c5d2b4dbba204,data_processing,2026-06-28T19:23:53,whatsapp
94374e3f-a2e5-48ac-98fa-5ae2bb392025,015a3b28c3816b831889ea9c80cc219c,data_processing,2026-05-01T21:37:01,whatsapp
800a0884-124f-4bf0-88ab-60eb4be4eab3,7d1a91d1d066db0871b4a312404c331a,location_opt_in,2026-05-26T14:23:05,whatsapp
f9edc8ce-0c62-496d-9a9c-0df647aaf4c7,b56ed7e3b2a3fe402510edf96d8bd2db,location_opt_in,2026-07-21T21:17:49,whatsapp
a03c4277-24f5-4dcd-9738-bb042fedca78,9734a4c64c8f9322966591fee222a5ce,data_processing,2026-05-03T13:03:56,whatsapp
cd49e2c0-a842-4132-8f47-ee17c3653669,f4b11ea18b958569af3cc15f7e0ef6ba,data_processing,2026-04-04T02:15:47,web
9b4f5050-4a42-4676-8af3-06b429cd5292,8b03cbd3f9da7835b65e95be8b10111e,data_processing,2026-09-15T17:17:59,whatsapp
9f97ef9d-f665-4198-ab03-1ea3e4f38865,c5fd7018000acbddfa35f8aeb31fcaa5,data_processing,2026-04-28T08:15:58,web
ac9306ec-7053-47ba-aec0-da7ca0f458e7,571a67466432ecd2fec6c51ef8fae7e3,location_opt_in,2026-05-04T11:59:45,web
a83959b4-1cf6-4b39-812c-3b4a1b50ef2f,2da28d0f3b0b3070f7e80f28004f6dfb,data_processing,2026-05-27T11:09:10,whatsapp
781bcfdc-e47d-4e4c-aeda-d863a624444d,8581d00eb2c7c22719a3a440ff227f65,data_processing,2026-07-11T12:11:43,whatsapp
3a344511-e6ef-441f-95e7-5e1683c8765c,dcc78f8b7048cc2fc33d56b97aeff896,scan_history_opt_in,2026-06-19T15:25:30,web
5852c094-f810-4e10-b019-8870c8ee460f,b759f0c055a2a9a2a70ab3767e98f25a,scan_history_opt_in,2026-08-15T09:06:37,whatsapp
569f7a61-ed46-4f32-8086-5f6b0b2f8ff3,49cebbc2bc3b6438c0ffaa4809bf3797,data_processing,2026-06-27T13:48:28,whatsapp
c9f97ef8-c221-4032-87a2-0a5aaec4b082,55688f50226b7ff6aee84cf3f177ef7f,location_opt_in,2026-07-06T19:16:54,whatsapp
1d9d039d-d3a8-4fd1-bb31-397f6a9404b2,994b5c9c77d2be8f708b1c9327201e08,data_processing,2026-04-12T21:29:39,whatsapp
07b179dd-42b8-43eb-a368-65961d5c4fd2,5961db5f11fe59f23b20c2eb6d70e4bc,data_processing,2026-04-16T15:50:43,web
110e8b9f-6d7e-43de-82da-0c2e428808fc,89d02e6c020eb78f55c562fc0d597075,location_opt_in,2026-08-20T19:20:44,whatsapp
ad5307c0-0f34-4f17-9fe8-5d8bca57501d,d0f925a2bbc51132e1755550c0c10d23,location_opt_in,2026-08-27T14:02:30,web
3828989f-a2e6-49de-9c3c-f7ed6dd88a83,16fca9764459d3588558cc9397aeb439,data_processing,2026-05-14T10:42:26,whatsapp
a97cb690-8851-4389-853e-4660beb8695f,53018967f0f6478ecb5b56e800b741f1,data_processing,2026-07-22T08:29:58,whatsapp
fb3518d5-6d5f-425b-9735-2dd956845246,1fab369b7942bde7cd6954b901d8299b,scan_history_opt_in,2026-09-04T11:52:42,whatsapp
8c5515d9-ecb1-47b7-a093-5a31f993a63d,5ef53acd4bdaec72af98e9d3036dc974,data_processing,2026-06-01T17:51:12,web
102aed15-b315-4bff-b540-ca16f4cb38cf,aa72a9646f9b55dfd84175880462e077,data_processing,2026-07-13T15:35:50,whatsapp
45bd3887-5228-47ce-9f1f-88b0c4ab76d7,b759f0c055a2a9a2a70ab3767e98f25a,data_processing,2026-04-07T15:40:26,web
02122ba2-fa8c-46de-815b-1a454b5aea98,89870fdf5e8c80e847838248e9993895,data_processing,2026-07-16T07:05:21,whatsapp
330d6653-c190-4c2e-9960-dd880cb89244,a50472f7b3becca87f13c22bce8ea370,data_processing,2026-08-03T16:41:23,whatsapp
97ed8ee5-58a3-4ae4-b23b-4771961b2989,70a893e5b28d6bf12d2e5c03ec96a87d,data_processing,2026-04-14T17:01:33,web
46ec35c2-d5a2-4632-9452-9f271a89e308,6b0245e671ef884fea3a99ae4720c1c9,scan_history_opt_in,2026-05-18T20:08:45,web
b6ab27a2-7de2-4a33-8476-b6d18aef7ab9,bbf91e16dba8cb47236358916dd1fc3d,scan_history_opt_in,2026-04-07T10:32:02,web
54e77a6e-2400-4ba4-ad41-f99a601495b1,b2740e1ebc4c0f4987cb016644932c83,data_processing,2026-06-07T15:16:21,whatsapp
ef2f75fc-c640-49e0-960a-89936c1e08a4,0415307c9b472fd75fdc31e1ec5c9aaa,scan_history_opt_in,2026-09-12T16:04:53,web
f6532d92-75b2-46e7-9cbe-3846ad8f405d,e5f7d1de66d16d1d2516e8ab6a0e5ad5,location_opt_in,2026-06-14T20:11:51,web
b33c9a0b-3f31-42a2-8205-59af07c3e4e3,2852da54187413f756b2f65d17b45186,data_processing,2026-05-05T16:57:41,whatsapp
7ac35fa4-5904-4edb-85b9-e84b1efab889,25c28b3d34b2098194a40ffa7fea1710,scan_history_opt_in,2026-07-10T12:02:44,web
ad944a59-7bf1-46b4-86a7-1180ec3ac0d2,5e61ae1be8fc729c11dbe83cfecd7083,data_processing,2026-04-08T11:41:48,web
0684caf1-61ed-4b59-bd62-df21ad2fb98f,6830076d6e14813d49aa2ad2f7bec8c0,data_processing,2026-07-16T09:28:26,web
04da43a0-cb8d-4efb-813b-9763cee9b9e1,2fdb40c4b6a705a5d6c55f5b51269174,scan_history_opt_in,2026-07-01T19:17:02,whatsapp
2ddcb525-541a-429b-9728-6797b8c9bd29,c9c9d456fcf3473d6d4349e5f5fe8a36,data_processing,2026-06-01T10:52:09,whatsapp
8045ae53-c67e-4cc0-aaa7-89350002c453,0f4bdd8ff16afb53c79fe94ebe777553,data_processing,2026-06-28T12:49:03,web
4f51b7b1-bde4-4c5a-82a5-3379edc5d44e,c819c9ffaf43156c515afa9b69055970,scan_history_opt_in,2026-07-08T17:26:30,web
bd99ff67-c3be-4f17-a145-ec0ec9ec87d6,e9790519a14f06ecb38d98a1af676f18,data_processing,2026-04-15T15:53:29,whatsapp
361d6d85-1be8-401d-874f-6a9bb53f5ed2,df5b843efaa558ee53113a680448cb2a,data_processing,2026-06-26T12:50:06,whatsapp
7eb25d4b-863c-41e7-87fe-f3c1e6b86e76,8346d887a0ef8d0c646225938a653c51,scan_history_opt_in,2026-04-20T14:15:20,web
b8673777-d5cd-4b1c-bf14-2d2e67e46ca8,3b272471082b467323f235b4be8b4283,data_processing,2026-06-24T13:31:22,whatsapp
768c3479-f5b4-438d-a966-8160f334a408,00f88a2e33d9d1d2a0514a575b435c93,scan_history_opt_in,2026-08-26T14:41:30,web
12268acd-1bf4-4663-9f60-35b14551486e,8169e784ed08c5ddf167dee200881fad,data_processing,2026-05-25T12:04:09,whatsapp
630f163f-912a-42ec-ba96-451a1bc0e05b,701d6e0bfde3380e190acb903288f2e0,location_opt_in,2026-04-15T16:12:51,web
ebb8c347-aea1-4d97-b489-5920c439e8af,3aa11a4679bf191bf6e26f2e98a95762,data_processing,2026-05-09T08:47:50,whatsapp
360c7d3a-1d79-4ef1-ae4c-4cd8b19a3efe,19a7887bba955c36a13a7e1677b229fc,data_processing,2026-07-03T08:05:20,whatsapp
a01dcde8-ea37-4889-9ad5-6eeb5e319f74,687071cb097d1c8f20a98f27804f32c4,location_opt_in,2026-06-01T12:36:55,whatsapp
e878a8e3-5215-4a40-b075-5711aab06baa,82f4a805ff98943eef79d8794aa408b2,data_processing,2026-08-30T10:28:02,whatsapp
4fe25001-bbe8-4dde-884c-ba65f2c00895,23fbef1f8c1a25f9c1590478509db936,location_opt_in,2026-06-06T17:42:03,web
9a1d137e-33be-4c05-881e-cda0274cf1ca,7afd61b9dc535d5d3ad9582b4c17fa74,data_processing,2026-04-18T15:41:58,web
918eab71-8240-421b-ad3c-7ba3cc10ee02,05fb77b1f0df830ddb9dd166c422fa22,data_processing,2026-03-29T18:00:38,whatsapp
6af2417b-8fa5-453f-8774-a5524bbe554a,f4a303c10933d1f7129ae0e4d4d6755b,scan_history_opt_in,2026-07-07T11:28:44,whatsapp
379bc3e3-2b86-4102-afae-6e3b193523e5,25746c552d8072504b891eca8b03fb2e,data_processing,2026-05-17T12:23:49,whatsapp
e6bc408f-3aea-41d8-b485-c764f79331c9,a1c52ea90fe0e5f68507453466008e33,scan_history_opt_in,2026-06-13T11:14:22,web
bb4a3210-b6b4-43ce-935f-57820861d730,44773db236428a2b73ca4eee39e452d2,data_processing,2026-09-09T13:11:07,whatsapp
8141a897-529b-4dca-96e8-199a3f3885fc,ef9bd02d65a2af50ba3c5d2b4dbba204,data_processing,2026-05-30T19:21:06,web
6ee7a033-e19f-47ba-96c2-4996f16bddc7,266388443cc8b759dc55f93749730ad8,scan_history_opt_in,2026-07-25T10:49:00,whatsapp
a525ec55-b24d-430b-9be1-03e173ef2024,0e4f81d8e45e663af50b4b190e394d29,data_processing,2026-09-07T15:37:44,whatsapp
da7717e8-c383-469c-a405-47860ae6d645,c01ce2e742c312ca671bd9ce20787bdb,location_opt_in,2026-05-22T13:52:24,web
00ab2c9e-4b49-45d7-ab49-2c3b352e1678,d818ca542acf9ad60ab778d76c55113f,scan_history_opt_in,2026-05-14T09:17:11,web
838cc2ab-ecc3-4ad4-8cf6-ffee23838466,d04ffb612424f006e114a9e0e24d0268,data_processing,2026-04-28T07:11:53,web
b1f2465d-a69a-4ab5-b3d3-1688287d5180,a54175666837a1dde81125731f3b520f,scan_history_opt_in,2026-04-15T14:17:58,whatsapp
3ba20547-1bb0-43c7-b3bb-38b066b39161,df12f71ac5aab3bdf231ad94574d32f3,data_processing,2026-03-22T14:54:20,whatsapp
6e4870ab-1982-47ca-b3b8-9df4f3cbbe89,400af64c43c28ba8c7bf91446da073aa,scan_history_opt_in,2026-04-15T04:22:33,whatsapp
4c33b0ae-0122-41c8-878b-e826c83871e6,ddd9d3941b5a89ef0e40eb1cf3a07f91,data_processing,2026-08-12T11:54:24,whatsapp
329da91f-7dc2-4d83-8d5d-6a545d2c32b7,0e4f81d8e45e663af50b4b190e394d29,location_opt_in,2026-04-18T07:40:35,whatsapp
1b6b001d-8986-49e2-aead-c8a059a6ac8a,daee65dab893a2b31eff2f219395679f,scan_history_opt_in,2026-06-10T12:07:52,web
aa2e7788-5fe9-4ace-ad63-85fe745d8125,c202f2687146c606baed4f97a8732e40,scan_history_opt_in,2026-07-29T10:55:11,web
9707d234-c407-4660-b9cf-1f29d4fb4e1b,e40366a75818fe5b6728beea21df9fcd,scan_history_opt_in,2026-06-21T11:03:58,whatsapp
fa5c38ed-d512-432f-a1d5-b2b506fe3cba,bf7512876955b4a08ab9a33520d75b5d,data_processing,2026-09-07T08:55:21,web
1cef215f-a34e-4216-a858-ed18ae748dd2,3c458eadbb17d41d264c5d3985ca16d2,data_processing,2026-06-14T21:36:15,web
b70b9dfd-692a-49f0-80c0-2d59b040dfcd,701d6e0bfde3380e190acb903288f2e0,data_processing,2026-08-27T03:00:29,whatsapp
fd967534-9c3f-4bab-943e-111a1cec160f,d37d4a1e602b74af5f8fc0b31c82b5ae,data_processing,2026-07-23T15:20:20,whatsapp
67b69e93-323e-4ab3-8832-e52be54121c8,0869507bd861a3b11fbe5bde9e7d0801,data_processing,2026-04-25T17:24:53,web
75e485aa-b44a-4fc8-a7a9-74b0314b9f50,c962deeb5c1f3515556d95e58b3e3038,location_opt_in,2026-08-11T08:01:43,whatsapp
d0c19d82-e98b-47e7-914a-a19e4d5bb51a,30a14506d08ae8451fb78cfe617a06bc,scan_history_opt_in,2026-07-28T18:54:37,whatsapp
852c0236-b488-4d78-83c2-e70e7f9a2851,0e4f81d8e45e663af50b4b190e394d29,scan_history_opt_in,2026-04-16T07:50:21,web
6e94c831-37fd-4699-b5be-ebcdaf926e14,22fdc53b3718f6805fd12ef937f4937b,data_processing,2026-07-07T16:09:36,whatsapp
2ba216d1-c84f-4d66-9280-6b60c3b2f502,72138f3d5a888d43aa10ac9b65e3ccb9,data_processing,2026-06-18T14:51:56,whatsapp
20e9dd5f-5395-4e5f-876a-d3e5a4ebe59e,5e8843a3d04f03165982291809677ef7,data_processing,2026-04-30T15:56:53,whatsapp
51dae780-9008-409a-96a7-3cfe380023a7,172cea89ebe3d7d928d80c6618c1a434,data_processing,2026-06-11T17:27:28,whatsapp
4eb0dcef-7a40-4870-b186-b2710ab83cec,8581d00eb2c7c22719a3a440ff227f65,location_opt_in,2026-07-29T16:47:09,whatsapp
8b22b697-b7bb-460d-a05f-aaed511457ba,f8fc61e32d79a2e015e2746877602094,location_opt_in,2026-05-18T18:50:59,whatsapp
56732d2a-29a4-49d0-963c-5120a9b6b9a4,d764fb30fc6d710d888c53ab2243fb50,scan_history_opt_in,2026-09-11T10:28:41,web
fa494a37-8c25-4c95-8c72-53548c7396a8,3fbee9e76a079e483979fae2d3e868b5,data_processing,2026-08-18T12:43:21,web
aa15c3fa-b2f4-444a-a413-c852f9608c68,0f386b0fabd61bdff2e04d96f3dd21f7,scan_history_opt_in,2026-07-05T20:12:37,web
c8268133-9b0d-4bb4-9765-e32de91ce833,3ea99ba0ef2a73fe51ef8d943d16d546,data_processing,2026-03-31T20:32:21,web
865ad122-dd91-4783-b07e-02a56000183d,7ea51ddf82afe8cd7be8b63ad36c2354,scan_history_opt_in,2026-05-13T19:35:20,web
6085642d-690b-4ae2-a2fe-25810d33b4ec,54549d6763008a450b1141f28bf69686,location_opt_in,2026-04-09T20:16:15,whatsapp
0b12c84a-32cb-4006-aa2e-926567d15a80,1b78bd207376b71dce276eac8b32a3cb,location_opt_in,2026-07-13T15:13:46,web
32f56c84-c362-4cf3-928c-f5c330199c10,2a3043d39fc9eb02a405b532c2285d7d,location_opt_in,2026-06-07T19:39:43,whatsapp
01f744f0-41ce-44e9-830c-f70f52bd82c6,e40366a75818fe5b6728beea21df9fcd,scan_history_opt_in,2026-03-28T22:54:51,web
f64bf2ce-fdcb-4f08-9d69-ff4715a116b8,cfb0fafcdbc9766b8b37afd2d04cc631,data_processing,2026-09-02T11:58:32,web
5195bafe-f8dc-4848-9b1e-e699841287e1,2a3043d39fc9eb02a405b532c2285d7d,scan_history_opt_in,2026-04-09T09:13:55,web
99c038f1-3f04-42c7-afbc-70100ea9ed14,53160b8b677720ae1b90169ed2754ad8,data_processing,2026-04-23T11:10:00,whatsapp
6b8e26d1-1672-47da-b39d-a3cd54a32ac5,206861cdf3ae25e185b461c62bd23fe7,scan_history_opt_in,2026-06-06T12:30:49,whatsapp
d09e874f-a66a-4a34-919d-4095c75f9e67,2e42a09c716caa27851302b118db1d6f,scan_history_opt_in,2026-05-11T16:14:50,web
e16a35c3-abe3-4f7c-a4f7-15867d06c433,1e5d54494059040fb6430495dbdccf93,data_processing,2026-04-04T06:26:59,web
942de929-d518-498b-a6cf-fb2329f3521b,a6cd21624f23bda4dba07d1882f532c4,data_processing,2026-04-16T13:37:10,whatsapp
cf7dc2e1-cc91-4d08-8a4c-d8f71fd5e799,d5d5cbaf153088b09cb89f6c867e9161,data_processing,2026-07-09T16:08:02,whatsapp
7b08cb31-7832-4ced-a251-24fc6c9bd0fa,73a4d0cb0e8d8d733230c7ee4b0868c4,data_processing,2026-07-14T03:39:17,whatsapp
3cd6e9a3-a89d-411f-8ae7-cdbae3a829ee,549f3dac7ca32a668957500f60f8b01e,data_processing,2026-09-03T10:28:30,whatsapp
f6c808e0-d9ea-4ec0-91bb-84f8cf993208,669d7e72057fbaaeff4c860768c2b45d,data_processing,2026-04-04T08:09:02,whatsapp
10a7d610-ea85-428e-bd7e-8e1ffd635d21,ad917aebfdb1c87ebd38cfb2857ab3ba,scan_history_opt_in,2026-05-13T15:33:05,whatsapp
afe42e1c-970f-45e6-a01a-871b086a781c,2e42a09c716caa27851302b118db1d6f,data_processing,2026-08-19T11:01:14,whatsapp
f3c8aa59-bdc7-4905-8c86-3f117a92df93,66654bd5887f33aaab2eb6ac3547f669,data_processing,2026-04-29T17:37:31,whatsapp
84c8683b-c43d-49fe-8cd7-d09c627b0a5b,53160b8b677720ae1b90169ed2754ad8,scan_history_opt_in,2026-04-14T08:35:46,whatsapp
2a25d01d-1133-4d8c-bce2-58a1b519511a,6286dab37aa71014c896fe0445c82cef,data_processing,2026-08-15T02:37:42,whatsapp
5426cd2d-595a-4224-a3ae-27883ccab519,fd9a5dfc81d852165804ef5a076c9520,scan_history_opt_in,2026-06-11T10:37:44,web
359926c0-9f66-46d9-9ad5-af56f6c56f56,04d70ddc13e67546a033ecc36396c80d,location_opt_in,2026-05-17T14:28:18,web
af736403-9708-4c98-9bd2-c362c1444281,ca4c64995d931cee7cbe45ebef5a706a,data_processing,2026-08-20T14:38:07,web
018a7144-f2f4-4d92-9942-535c592db1ef,dbf313a4f0c1ba7e5b575a5ad83a15bf,data_processing,2026-05-25T05:51:13,whatsapp
f54829ff-48f7-4dbb-913b-b4c7ab78d076,4153b7204ab94ec5ef1adbb02e6ceff3,data_processing,2026-09-05T10:02:33,whatsapp
bf1a860a-06f4-4ac7-8ce6-fd9926fbfed4,80a4cd650844ddf5a6298a9268155b4e,data_processing,2026-08-21T19:52:04,whatsapp
6bf9b46e-5848-4cf7-bc76-5f2feb76eaf7,1594ea7631b1bb753462e9bd21ec1a21,scan_history_opt_in,2026-04-07T12:12:34,web
7933fcab-7e40-4cf6-8994-b56763b5ab93,842076131290d981e39c97dfcb5a3dc9,data_processing,2026-08-28T17:47:20,whatsapp
7cff3068-2fd4-47ee-9d93-e6343a0ffdcd,168c9ac459ef6c80d1de614e22d3e2eb,location_opt_in,2026-03-25T13:23:06,web
d0aa4fe4-fb5c-4e26-b93b-8f76ff3323c7,155ad30f9e09c177e3ad785388067823,location_opt_in,2026-07-31T11:23:20,web
bff97553-165b-4c40-84ab-3c28ab4f420c,b68b8874eea272c50b557c1669373263,data_processing,2026-05-28T17:56:12,whatsapp
5a3631ed-092b-4b84-bd11-24f69557ea61,013b9b9234cdbaf7dde20c9dd2027d76,data_processing,2026-09-04T18:56:58,web
810b3f58-8928-4796-89a8-42d186b74fd8,6110fb10ecc8d144d042ee6ce7c1a31e,data_processing,2026-07-11T17:09:34,whatsapp
820afc64-64a2-4cc2-8bba-e43fe29e4f9d,6ffc492d3c7c6a04fb57ea70a6797580,location_opt_in,2026-09-04T17:05:03,web
2612402c-b6bd-4ab8-aa82-f06b0698163e,d9932925d41126329071b06a64e2e124,data_processing,2026-04-21T19:57:41,web
5425dfd9-54d1-41f4-a68c-47728ac03a14,11221d09da32ab37ab28b6d24abb3655,scan_history_opt_in,2026-05-31T14:19:46,web
fdadd3e2-024f-4650-9d8e-764bb6ed8478,fc4bae7c7265f4a397d2737650325ec0,data_processing,2026-05-19T14:46:16,web
cb3effab-0737-4cde-8ee0-e1273a2bb204,3de24443aac70844aa9eb7a923bd2146,location_opt_in,2026-06-06T16:26:40,web
6b5a0912-bd59-47bf-a2ac-d1de109b8594,bf7512876955b4a08ab9a33520d75b5d,scan_history_opt_in,2026-07-03T12:48:38,web
734b8cce-7ecf-492e-8f37-c84821cefc16,9b76aec511d995e99f56812ae4a02186,data_processing,2026-09-01T10:52:16,web
656778c7-a685-4588-8147-b8bf3664eff5,31ba820a0af797e12b8669e58177f1e2,location_opt_in,2026-04-05T16:55:48,whatsapp
8b725038-4072-421b-8fae-fbc1be7184c6,f0e5f6c0df0b07a3e0fa14f9375e235f,location_opt_in,2026-03-26T11:44:03,web
b1d40656-d842-45d8-93e1-bf5604d21e34,d764fb30fc6d710d888c53ab2243fb50,data_processing,2026-07-28T20:21:53,whatsapp
9f8f1194-3009-49e0-9d64-cd1345b1e156,f9ae79f0c39822299b86a9325a490808,scan_history_opt_in,2026-09-05T14:32:52,whatsapp
f5cc8f2d-ec81-4189-a9b0-39ccaa714b90,8afd9e38903b29fb1947a4184bf92c0a,data_processing,2026-07-28T07:29:18,whatsapp
5d82628a-aff5-4321-9aa7-a1aedbf6c2a2,d04ffb612424f006e114a9e0e24d0268,data_processing,2026-05-10T07:26:40,whatsapp
c26fbace-86bb-4be9-ab55-113c91cf0485,ba0177db89ed8e8828b431b41e32546f,location_opt_in,2026-07-15T13:51:22,web
10755572-96df-4c32-bd8a-5007af52fd13,65894083c0a20da989397bfcbfb8a7bc,data_processing,2026-04-25T19:46:37,whatsapp
a05e5bc0-dafd-4ed9-984f-4921edf173f7,ec12e3fd7ae875ae40be8d23a8d2d2d4,data_processing,2026-03-22T18:56:57,web
c0be4e4c-dd63-415a-96ed-542a5bce327b,a480d07ebf89a6d4e37ae773d8c47927,data_processing,2026-08-31T11:24:53,web
8c05d591-af69-48ce-98a0-588103671261,009e0d8c16b16ecfb868d3fcda8015c5,data_processing,2026-07-09T08:05:20,whatsapp
4a8688b6-f8e2-4b32-9204-b278d861184b,eacff7bc6dc0d251d8db2f10d9d519f4,data_processing,2026-08-02T18:44:57,whatsapp
1612d7f3-1bc2-4cab-aeac-a081922095e9,f82ccdd7497125ab9f948bf781996d92,scan_history_opt_in,2026-06-25T10:54:31,web
da758c05-b9ff-4546-8436-b059cca8e5e4,29a6aeceab4f21122ee4b683baa86c00,scan_history_opt_in,2026-08-02T05:00:55,whatsapp
5564d56d-c4bb-468b-9ff7-9b1951c19872,f4f119e29aefa0325070a9b24f7cf4ae,scan_history_opt_in,2026-06-16T17:51:56,web
7ca62c82-dd82-4341-86ce-8fb91facb2ff,bdd6ee3ba6ace6929168f418ddadb575,data_processing,2026-09-03T09:53:36,whatsapp
ab92bb0d-a27b-4f7b-9644-18a3e250c6b0,8f0f37bbb38a33810ecb9a9eef61ef80,data_processing,2026-09-01T14:04:42,whatsapp
d527da57-7383-4932-9d30-e0249820ac43,8524ce43c6824478f9eaa181f46c17ec,location_opt_in,2026-04-29T21:05:38,whatsapp
a577aaef-424d-4bad-9609-b2a21993a44a,7500a4684aee35a64283e9e5190d9808,scan_history_opt_in,2026-04-23T08:24:08,web
7aeb7a0d-8572-45b4-a61d-4628ea31691c,c37615f57fc5be5f50faa5f25b754c83,location_opt_in,2026-05-14T04:36:57,web
2dedc359-c845-4abc-b446-c5eeb0b580f3,f9ae79f0c39822299b86a9325a490808,data_processing,2026-06-29T14:10:59,web
4852b283-a17d-405e-bc4f-8f84d678ed8d,40d056b6e94c62be782266cbb424786a,scan_history_opt_in,2026-07-24T09:58:30,whatsapp
b22d21f9-3a2f-4175-9cd8-9374211b0696,abe159f481875b2d3f6c7c01f93c4d16,data_processing,2026-06-29T17:31:12,whatsapp
a46401f0-c926-45e0-9a94-363085b379ca,81b31963ac2d7b91af82e53663b347fc,data_processing,2026-08-06T06:43:59,web
12fb7281-1082-4222-b4ac-b32eadad0604,77ea324466466e71d277cee13c22bad4,data_processing,2026-09-18T15:55:22,whatsapp
a89d7ce5-e96d-4f08-b2eb-f26baa7d8616,00b5a16ff49655b86993dda4f874e2c6,scan_history_opt_in,2026-04-17T09:22:46,whatsapp
4d483074-31d2-430d-9d8e-842096bc078a,4524df63607a7610dc4fc961afc62d92,data_processing,2026-08-02T11:51:47,whatsapp
79827818-e161-47c1-9a1a-e323f500d298,9cee5eb74661b758fd106b0ce0390352,data_processing,2026-05-27T15:32:18,whatsapp
626466fe-a667-4d24-ac25-46c4c293e300,de413d7b65822b86e2e7a31169b1f826,data_processing,2026-07-14T13:31:55,whatsapp
89a0049a-c827-44f2-bbb1-4e97070b9f5a,d266adc6639046a1c24f41b887065721,scan_history_opt_in,2026-08-01T08:10:34,web
16290c4e-da2c-4521-9ef6-a214c3dfe0a1,b03a18f37c609629c9563c83fefc8f2d,data_processing,2026-07-12T06:52:10,whatsapp
572b2ca8-63c6-4baf-b018-1654e37b1ed2,754627854eb7f67d7f1e5c56216145f7,scan_history_opt_in,2026-04-06T07:21:23,web
42f3b03d-28de-4a40-9c17-e5b30e2e623c,fc49f43499267e9746f124621340e83e,data_processing,2026-06-01T17:20:01,web
5af3788c-cea1-4fd1-b79c-cec06ba35154,fa51014f904525e1c4a444c4004ad2ac,scan_history_opt_in,2026-06-24T16:04:02,whatsapp
ecd0c4a8-dada-4208-9662-7c3eb7856185,231b36938aafc75a907cc83be5d2dad5,data_processing,2026-09-06T15:48:07,web
cedb184f-d640-445a-a88f-fc0132dd1f63,7651815615bdb1cbb694fe7b777239b0,data_processing,2026-05-04T10:44:00,web
b634310e-045f-4bad-b4fb-19b58418c663,8fbb12ac89bfd5e9907e48cd91ead117,data_processing,2026-09-03T16:43:45,whatsapp
c724b2b0-9e85-45dd-863c-7fc1170f8d9c,53536331004aaad8036a57ae62db97f5,data_processing,2026-08-28T08:40:21,web
78879c6e-8a66-49e4-aa77-fc0b47f55824,76d12b2f0ec231e9f1cd63ce3982d7f9,scan_history_opt_in,2026-07-26T20:27:32,web
3b5869e6-8185-4dae-898c-739983363833,e35405b3c38776a2755b554c7468b17c,data_processing,2026-03-29T18:18:07,whatsapp
9f21ea8e-5089-45e7-b5fa-1644058fa3af,5a69ebdfeeb30c5b667d73983736a8e2,data_processing,2026-08-15T11:24:59,whatsapp
884a8610-69f8-47ee-b78b-4bec11d15dd4,069d193723aa1d15920698523f4836d7,data_processing,2026-09-03T07:41:32,web
4c146694-d20d-45b3-89b5-1e95e74c91c2,78d083581bd3907a5affe0bbc86f3063,data_processing,2026-04-29T10:48:04,whatsapp
428fb9b3-23af-4df0-a6d3-45b86f387412,1b77d4374311843cb65e31d9844de76d,data_processing,2026-07-30T20:42:21,whatsapp
2e2cd5f3-f466-4005-b8d0-f4c400be1d53,459d3ebe992e59493c81b007ca7e454f,location_opt_in,2026-07-17T10:16:38,web
82d2d278-8c52-43a0-bba4-f3f8ec72c5a7,298bfde6c01faba6b77bc14c0747eaf4,location_opt_in,2026-06-04T14:19:09,web
98e2e9db-07d6-4176-b40a-99db216fce64,8f0f37bbb38a33810ecb9a9eef61ef80,scan_history_opt_in,2026-05-02T16:02:46,whatsapp
1251d16e-e558-4947-bf6e-7d4b1cf4ea3d,a1c52ea90fe0e5f68507453466008e33,scan_history_opt_in,2026-06-25T03:57:58,whatsapp
988a5370-3af8-48aa-ba9b-f03a34e4922b,7a5e0e694cddd4023bf1ab25d27ded4a,data_processing,2026-09-14T18:21:07,web
99e23203-b855-4588-b634-7ba40cc2ee35,74a600b9fecfb71aee0ce0e666ed59d1,location_opt_in,2026-09-03T17:00:22,whatsapp
0e57054b-7f3b-47bc-bbeb-9878c9bf9d6c,f03f06f9ef7883fc4df136e05b77e43b,scan_history_opt_in,2026-08-13T15:50:46,whatsapp
7f994f84-1266-4ec0-85c8-4d25da108e91,ab74c40204abe3153d715f41d7d6961f,data_processing,2026-03-31T19:35:38,whatsapp
c0558eae-5c8d-4b1d-a501-ac7515b6a8ca,a0fdb2b0d6a3ccc14ed8cea5e31ac9c6,scan_history_opt_in,2026-04-02T13:20:55,whatsapp
a7ac53dd-f39d-4f3d-bd22-3ce00d5a32f3,177af4a2086b001800bbc91f8784be25,data_processing,2026-08-31T17:42:13,web
c2e64ab4-4449-4dbe-afdd-81cc4928fb0c,e0ddaea6611fe82d305321f7991903ef,data_processing,2026-08-03T13:39:04,whatsapp
c31912f6-7c4a-4a15-adfc-f5ad0acd2a20,e4cf9a9cd6be6e3fe3b858781ea36b5a,scan_history_opt_in,2026-04-25T10:24:51,whatsapp
784a3783-e2b8-4caa-98e7-bee41e94eacd,2e2291f2fa467fdf670dd98757419bce,scan_history_opt_in,2026-05-20T06:31:03,web
643a24b9-80a4-49fc-8e8e-a4427d402d56,5af2ee57017088e2a91299e532fc7b59,location_opt_in,2026-05-12T10:08:53,whatsapp
4c546b7b-53f8-4854-a38a-899668a87ed0,3e658f547fb4fe1abd816137f635cc7b,scan_history_opt_in,2026-04-26T23:43:52,whatsapp
ad65bb70-8da5-459f-bd3c-05b88c4c6725,aec607fedf1ccbe0b70b21d9f55ffcbe,data_processing,2026-08-18T10:58:37,whatsapp
ec62f27d-2aa2-465a-bb22-cd87443f0c66,61fb18a7f143aea65c76d71ecd962008,data_processing,2026-05-22T17:58:15,whatsapp
75ef2c07-a29c-46c5-a91b-6cd91dc910c0,0e6bbcb72fce1cd19eb77ec584f4fd51,location_opt_in,2026-03-25T17:23:37,whatsapp
37781162-f953-4943-a9de-db74dca7f5bf,86d0e33272991fd93cc2e6ede7464247,location_opt_in,2026-07-04T18:22:07,whatsapp
d39bfd55-b63e-4891-a1fe-1ade60738233,86bd7d9158d621ccf2268b3d03282ce4,location_opt_in,2026-04-08T14:57:39,whatsapp
f4b1d731-b095-4c3f-bfec-1d7d39b39e5a,7ed644d37e9cd80286552f271a3bc87a,scan_history_opt_in,2026-07-19T09:12:20,whatsapp
eef8cb85-159c-4a70-9c59-9265ab796d3f,03ed16cadb812eba29e825c976eeb935,data_processing,2026-09-06T16:57:33,web
0b5d1733-5094-45b5-aba5-3800057e7041,b2f902054f60bbdbb8ce54f125fb706e,data_processing,2026-08-08T18:21:47,whatsapp
a615665c-0fb8-447f-afaa-16dc619b3873,b759f0c055a2a9a2a70ab3767e98f25a,data_processing,2026-08-03T15:25:19,web
c22a787a-5205-430c-9379-a7b9738917a5,b49e5ecc855dcc64529195cb77bd24fe,data_processing,2026-09-17T14:17:33,whatsapp
d43932f4-099b-441e-9c77-1e5a3e78bed2,44700648e7fff9c598c807ffc4666bc0,data_processing,2026-05-05T15:37:08,web
3f5cbc4f-47e6-4e40-a2b8-f12f76effdf9,013fcd0cfcb19d76f22b7b2ac60d6143,scan_history_opt_in,2026-07-07T16:26:14,web
adb0c88b-c624-41c0-95f7-b608c91e5241,7ae886e0bb7882593541a5c0818df412,data_processing,2026-08-08T08:57:47,whatsapp
e6f0ef18-5e02-4d7c-9bed-fd58d5fd6d38,7ed644d37e9cd80286552f271a3bc87a,data_processing,2026-04-25T13:48:10,web
8e9604eb-5057-4644-9e5e-1425116b1356,b8fa967a0e74ec0e5bb4fc5fc72afe8b,scan_history_opt_in,2026-07-26T10:27:12,web
efee5940-8cc1-4062-8086-e597b056d794,73e355d3871f13eea7c192439de1c288,scan_history_opt_in,2026-05-05T17:18:24,web
7dc57e90-a499-4b00-80e4-ab07c6a9e607,c287a01f3b06258d223f468e7b4fc0ad,scan_history_opt_in,2026-08-26T16:00:23,whatsapp
bef18514-30a9-4f40-8209-cb3e08d4952e,7ae886e0bb7882593541a5c0818df412,scan_history_opt_in,2026-07-15T15:33:02,web
83ff190e-3ada-477e-af81-55a5f78adf72,6d123eed17826a118a30324980ded0a6,location_opt_in,2026-06-21T18:42:53,whatsapp
04787bc2-a8ee-46ac-8b6f-a6c737a4ab15,ed1d683c7edaf5d3c40c583358bed1a9,data_processing,2026-08-30T10:43:37,whatsapp
3a6dacfe-78b7-47fc-bd75-6f366a13c4f0,b9eb7e145fbf3b5c8eb302e263521e63,data_processing,2026-06-30T12:02:00,web
3a2c3441-23be-4e4d-abe5-dfd3503f3a46,aa0ea4feea00d57259adc0664b5b5488,location_opt_in,2026-05-15T15:53:23,whatsapp
2481e822-fb13-42f4-a3aa-2bed033fe99d,2852da54187413f756b2f65d17b45186,scan_history_opt_in,2026-05-29T15:23:45,whatsapp
005dc53b-5f55-4dbc-93b8-6d5418c2c0bb,8169e784ed08c5ddf167dee200881fad,data_processing,2026-06-04T10:52:04,whatsapp
bbbedc35-001b-478e-b1e9-efbd0c1c6ba3,206861cdf3ae25e185b461c62bd23fe7,data_processing,2026-08-08T11:37:37,whatsapp
b1a6f72a-c704-4015-8b10-fca4eff08b26,7b96a4b316f8b719d096631732c1557a,scan_history_opt_in,2026-07-26T17:41:30,web
46662593-ebe7-4391-a942-d62f79687883,bf9a3f544cbff62c617a4864f1991aff,scan_history_opt_in,2026-05-15T12:12:27,whatsapp
f93c3ec3-161b-404a-81d5-e0448e95a88e,17f77bfdc49fd6ec0031c02262e88a0f,data_processing,2026-08-29T10:50:33,whatsapp
86a54f77-6878-4c8c-a287-aee458b7271f,aa442ba763c3b8eb20ef2674fb156332,data_processing,2026-04-12T10:44:06,whatsapp
f9afc71d-d21a-4834-aaa0-7381cf39b8ee,f82ccdd7497125ab9f948bf781996d92,scan_history_opt_in,2026-04-01T19:08:51,web
560c9557-346f-467b-835f-60d0787b6dcd,2ccdbd9e8df2acb5963ffd49016dfb89,data_processing,2026-09-12T12:01:07,whatsapp
e9996e65-4887-4aa8-8e4f-d35116e0792f,7c56d689003062290a6071f9935c3773,scan_history_opt_in,2026-05-11T10:31:32,whatsapp
d4287836-d7ef-4a0f-8760-29b1224f9eed,541c7489689752b46a2a2ecc2630a014,data_processing,2026-06-15T08:54:05,whatsapp
86eea107-f86b-4afd-9995-a6c2a7efbadf,4d5fa983b5fa93ffce2e4080722a409e,data_processing,2026-05-08T18:11:20,whatsapp
baa9bd08-2e57-48d7-9a57-b7b27df53467,f4b11ea18b958569af3cc15f7e0ef6ba,scan_history_opt_in,2026-09-01T21:50:57,web
9c5ab91d-31a3-430f-adf3-a9e9027e1a97,329940f028b76a1f9bc8a270e3f5519a,scan_history_opt_in,2026-08-08T22:57:27,whatsapp
f3f78c64-f732-4cf0-833d-17eca18a94d3,72138f3d5a888d43aa10ac9b65e3ccb9,data_processing,2026-07-29T11:14:23,whatsapp
f8bf0a93-38db-42a4-b441-172fadce2d06,06c848d758e0fe00f82bfc420f46d802,scan_history_opt_in,2026-04-19T14:44:59,whatsapp
de044f7a-7537-4924-8de2-da18206b75a1,3d9fe8d96bf83ed42dbfae390cc9ebef,scan_history_opt_in,2026-09-04T07:41:12,whatsapp
bb42da1a-80a3-4e8c-9989-36e7820e8d91,dfeae29a786b25f046cdadc6371cea21,scan_history_opt_in,2026-07-22T15:47:35,whatsapp
e6b9c737-a72b-4b59-8950-e687ff41e11c,40a83fa819b3f5c5c1f7186bf9947c62,scan_history_opt_in,2026-05-06T17:19:44,whatsapp
e2e58b6f-7896-4cdd-9a02-e8069144b49e,31fe0718d1646fb67f55b139b2a432e0,data_processing,2026-05-07T15:41:57,web
ff3d9267-6262-4a5d-ae4a-ccb66cbf0955,2f1a3fe1927150ef9d96bf758c10a318,data_processing,2026-06-17T10:42:06,whatsapp
9574d57a-4cdb-43db-83fd-5586d1ba831d,ecb5e37a2caa5d6ab7da092bed0dc1eb,data_processing,2026-06-27T09:37:36,whatsapp
b2b7ce9c-00d0-4a41-bc22-7d0a5ccc9761,015a3b28c3816b831889ea9c80cc219c,location_opt_in,2026-08-12T10:03:15,whatsapp
66c7c804-8344-4626-bb3b-aa790d59ef20,1518dd0185fd23eab5ebad287bab11db,data_processing,2026-08-17T11:57:24,whatsapp
08fb60f6-a81c-4765-84c5-5e38510935aa,60325e3703ef1fdc6f5360382f78002f,data_processing,2026-07-18T15:38:01,whatsapp
bf89fd67-16a7-4d24-a169-885a3b127be7,4e9e494150cfa8b0edc7af8d2fe39d58,scan_history_opt_in,2026-05-17T16:01:36,whatsapp
959b0b84-aca4-4dcd-8456-01afcc3c13cd,ce5a04481b238985c5a39b97b654565b,data_processing,2026-08-10T20:57:05,whatsapp
a460780a-03f0-4dc2-9425-73a93c004325,dcc78f8b7048cc2fc33d56b97aeff896,scan_history_opt_in,2026-07-03T19:41:40,whatsapp
67131aaf-2450-4f00-a1e8-21b6414df3e9,43e0b5ba5fb08640c63c0d12beafde02,scan_history_opt_in,2026-05-29T11:53:52,whatsapp
f201f4ef-9e28-431a-8a57-b5e5363ff925,d2a347a91e0dd5ff201514ab6bbffc51,scan_history_opt_in,2026-08-08T18:31:28,web
a340ec3d-916d-4b99-8854-6f33a378f48f,e3d009035f2dcdcefb8dc75d8a535db7,location_opt_in,2026-03-25T20:07:56,whatsapp
6e392780-0606-4593-a5e5-54271c8eb36d,e37f4ae6a39bea046baa6ff71f5ef6b8,data_processing,2026-08-28T19:56:02,web
69ba902d-1154-44f6-b635-1158ca6c1223,495056756e41719b64bebee5eccf2613,scan_history_opt_in,2026-05-05T18:25:27,whatsapp
7d4fca87-2f22-42ce-9952-2adbf8ba78b7,c75cb57921f2295e70fc440b4b9818ad,data_processing,2026-06-05T11:34:41,whatsapp
c7406edf-3e9a-4035-98d6-a805c0f841c2,fb7b612f7333daa22bf31514981122c8,location_opt_in,2026-04-06T16:51:51,whatsapp
cdf69722-aa30-4f61-97f4-c333f86f1611,778e2915d953586b1acf4253ddd3d6cc,scan_history_opt_in,2026-05-20T11:50:29,web
bbf34a34-23f2-4753-811f-cd7ff10896b3,778e2915d953586b1acf4253ddd3d6cc,scan_history_opt_in,2026-04-26T15:23:48,whatsapp
2cbdabd9-af52-4e2c-9e07-4917c8ebfe2b,e5d621d53bfa8ba436a840d1661baec8,data_processing,2026-06-19T08:58:19,web
4d5a0372-1c10-423a-a56b-423bc50a07f0,faaba95e1c800dcb4472a720ca6e7fd8,location_opt_in,2026-04-02T11:03:00,whatsapp
7daf6545-52ac-403d-a83f-31b1afbf7daf,73c32a28848952f1ab1934086cdf8419,data_processing,2026-07-28T17:55:56,web
2e380282-0d5c-4acf-b619-f06006e1d47f,ce5a04481b238985c5a39b97b654565b,data_processing,2026-05-15T16:31:44,web
a887d1d2-b6f3-47fb-91ba-8b0761251798,bc9357f2328d7ca0f0fb5334e8e15fba,data_processing,2026-04-25T14:08:29,whatsapp
633a3b77-3c2e-40df-847f-bb97e64b79a8,6356c07d13792ccc477f5da2941a4ebb,scan_history_opt_in,2026-08-10T11:48:00,whatsapp
a0735cbc-e966-4e4d-9fab-a438fcf3a8b2,018bc993326f585b76b73334e91f70d8,location_opt_in,2026-09-15T09:03:19,whatsapp
bef44625-6d90-4dc6-8552-8c7ccdc45ecf,88269fa9c2af67b5ec5bade5b951383a,data_processing,2026-07-14T16:50:59,web
1f06eb00-8ae8-41dc-b1b0-0bcb866b8acb,177af4a2086b001800bbc91f8784be25,data_processing,2026-08-07T08:26:37,whatsapp
f503053a-70f7-4a4b-b249-84a0962731b4,cec7eadcf6028bf6f00e10e68f3997a9,data_processing,2026-08-30T17:12:20,whatsapp
7478cf23-0799-4b9d-a15c-3129987251db,a3be7ef215376c7003db9840f63b1f17,scan_history_opt_in,2026-07-19T23:35:23,web
c4555a10-f327-46cb-8064-1f6bf8c06cc4,ed1d683c7edaf5d3c40c583358bed1a9,data_processing,2026-06-12T16:48:22,web
0209f652-e9e2-4552-b5de-24c5488576ec,12862d8017eba8167d745dee1ae3e2f6,scan_history_opt_in,2026-09-04T09:56:05,web
45c684a0-7cb5-4aad-95e1-2e55bf6a4f8e,392b1652d1903b1613f78fa9c2572595,scan_history_opt_in,2026-03-28T15:53:16,whatsapp
aa413554-68cd-4e65-bf68-88f5e1d09ad2,126e6839aab4681357112bacb4c9f684,data_processing,2026-05-21T13:18:46,web
58b21c32-a769-4e9f-b217-e0ee33d7bf03,d30354ec7592a162af2098c8e13985dc,location_opt_in,2026-08-20T16:09:52,whatsapp
d66c51cb-3abc-4926-aa8d-81c77ae51131,8fbb12ac89bfd5e9907e48cd91ead117,data_processing,2026-07-03T08:21:36,web
af266e89-7583-48b2-9aa9-2e5213a8a6bd,d03a4abe0abfc75b73e2a5154065f96c,data_processing,2026-05-16T21:04:58,whatsapp
b8cdde17-81b8-421a-90e7-fb23ed4d03ec,3258f4356acb1582d19f8704fc6983ae,data_processing,2026-04-28T16:04:44,web
0bd36d76-9ecf-429f-add4-5bd55b49ab2a,7f377b901b96f2c01b18343147ced051,scan_history_opt_in,2026-07-14T17:10:03,whatsapp
e658d352-a635-4bb3-842b-ac7f1e7bfd43,77b33730f7cba0b9df045e578b54177f,data_processing,2026-05-20T15:50:33,web
664d14c7-ab64-47d5-8150-5b89b9368354,9c935c12a23d924edf95befaf9f117c5,scan_history_opt_in,2026-05-18T21:29:00,whatsapp
9ccf3e1c-a961-4f2e-9bac-ad817e768ad6,8efe087b7d89437558ddfc9649a83862,data_processing,2026-07-30T16:01:10,whatsapp
b8e90faf-123f-4be0-b8ea-fb81b9e9a24b,400af64c43c28ba8c7bf91446da073aa,data_processing,2026-05-08T12:54:13,whatsapp
1cd8a120-27b4-4047-93cd-0628b363b88f,8f0890ace4f47964ddc6551c74a4bb62,data_processing,2026-08-19T17:42:04,whatsapp
654e4943-7805-494f-bf28-ca73527b4e56,693d2c44d1b2cb848ebb5d901c3a7676,data_processing,2026-07-14T17:17:11,whatsapp
68ef11c7-661d-46d2-83fa-a91f534f667e,2c777ee61d47814a85b5b5177e597be5,data_processing,2026-07-22T09:23:31,web
96c2331c-ec34-44e9-85da-4dec9fb67f14,1b94dee69f13dbd5a1a09b4ed6f05c60,scan_history_opt_in,2026-08-19T19:44:26,web
383e70c8-4e4b-41b6-838b-4d59322293e3,fd54c76bf131a2ddad1a54c38f66f652,data_processing,2026-06-03T06:38:12,web
64bbf6b9-f3a5-4075-bdd1-6ae946299ebc,e593ef9cdcfd9bc0d41d370c755e225a,data_processing,2026-08-14T15:20:34,web
34481d2a-fef3-4651-a7e7-332d5918eaea,64ea09fa10cc62fe1ae7a8a1e750e70c,data_processing,2026-07-25T11:58:29,whatsapp
c27424c5-50ac-4662-a03e-4ec5f0352a63,110ad47105cf0c74e97218bef8337b89,scan_history_opt_in,2026-04-20T17:09:13,web
ccba7732-ff30-434d-8f1c-a8b6910839b7,2cb5cef3207bf6a397fab94b2a019d9e,data_processing,2026-04-15T11:02:30,web
bbfb6f98-c358-4a0d-a790-b142026e688a,2a05bac554a819e50bbfd469e0f0e3a9,data_processing,2026-09-14T06:55:08,whatsapp
add5190b-8efc-4675-b21b-27c4d8ceb20c,8ff3279dba72f6fb2c874c4ac76034fb,data_processing,2026-08-17T11:59:35,web
11f34878-99b8-463c-b203-8f716fd317a6,7ea51ddf82afe8cd7be8b63ad36c2354,scan_history_opt_in,2026-07-29T13:23:52,whatsapp
2827838b-1ea2-438c-bd53-298150d75505,d35d1fb21147ae9a47c2d4c92644734c,location_opt_in,2026-07-22T13:39:12,whatsapp
bee94f4c-20d0-4bb4-a736-27eef48fa17b,785f02db16ca5543e83c6779c02fb4d5,data_processing,2026-06-01T17:05:39,whatsapp
24ede419-9945-4ff4-ae2d-6addf535e08e,c5de758551de5791cc98a8f8b6105ef6,location_opt_in,2026-04-07T10:36:03,web
3c8877f3-9885-4cab-87ac-9f6ba96395f5,356d773c742ac82e19279b62f831f379,location_opt_in,2026-04-24T10:16:39,whatsapp
8db90c15-7a8f-4e5b-8fa7-50e62bf4de0e,8b03cbd3f9da7835b65e95be8b10111e,scan_history_opt_in,2026-07-29T21:10:25,whatsapp
5f17c916-a816-455f-9576-c88b125c4713,09a6daa3100c4e8c5e36ace29d425b54,data_processing,2026-04-28T16:39:24,web
e37637c5-fb51-48ea-88d0-dc12bd657858,cca4b1a3e30b002d6017e5db46ca7fd5,scan_history_opt_in,2026-07-06T18:06:04,web
abef81fa-a6ac-4f13-85c7-bf92e9b7aff5,bf9a3f544cbff62c617a4864f1991aff,data_processing,2026-03-22T09:29:23,web
58613cc2-7e69-4377-88bf-fdf1cb55208b,71e3497b2317aea8c0a7dce9247192f9,data_processing,2026-08-06T15:00:25,whatsapp
df656fe0-052d-4e4a-9977-597f54f20b90,09ac25f57d5ddbc27335550f43246071,data_processing,2026-06-12T16:45:00,whatsapp
c47a1c13-5013-44d7-b763-9cf5ce737e7f,f311ed56b788ee1509f0bfd62f48e66e,data_processing,2026-05-06T02:59:19,whatsapp
cdfc2cc9-dcd2-4449-b293-0efabd02e0e0,38c81fb1303f4a9342b8303e88f0c102,scan_history_opt_in,2026-07-25T17:57:27,whatsapp
4d33ed27-d46a-43cb-a9fe-caa71321c200,7afa10ce0085e542a8c0ac0017f784ce,location_opt_in,2026-09-04T16:20:01,web
97258e24-109a-4d7d-8518-03f8225d87c8,8706e9fa86d2967b45cf6b24f428fb28,data_processing,2026-08-12T16:24:34,web
5b112450-22e6-43f2-b660-1fad437204a9,1c239458a77ebcb1b4f5ab7b555ec14f,scan_history_opt_in,2026-04-23T07:27:38,whatsapp
06c4433e-58b3-45f9-b9ff-f0dc0381ddef,57871790ea9ccd71ac49c7fcbe5e4696,data_processing,2026-08-30T21:10:56,web
b84f0248-b6f7-44c3-921f-ecf163c31998,9de302cfcc824b8d78cd40f78b6ba245,data_processing,2026-05-03T09:05:28,whatsapp
cde4fd27-b09f-4f48-9127-8eb4b6610b6e,5886335ba2db329155d5b47bac4d2756,data_processing,2026-07-15T08:41:19,web
495ea0d4-73e6-4804-b2c6-2155e149397e,e9f42cbd5603c1cf32851de8ed933c1b,data_processing,2026-08-24T14:10:42,web
56d1e22e-fa0b-48e6-a3e8-9f06448d5f5a,e596474bf5c68e8fb873b51703e106dc,scan_history_opt_in,2026-06-12T09:15:58,web
54671f79-b95d-4ff3-8be9-6c1baecf85c7,f1bbf4ff308d3c933e63d155a967966f,location_opt_in,2026-08-11T02:51:02,whatsapp
6b73c5e2-2cbc-4b8a-bdb1-d68e06142dcb,356d773c742ac82e19279b62f831f379,data_processing,2026-05-02T15:17:06,web
0bf4c18a-686a-4885-92c3-5c5480426e0f,8ff3279dba72f6fb2c874c4ac76034fb,scan_history_opt_in,2026-04-05T21:58:07,web
85501a59-745d-4750-b7c1-34d0e82edbd9,a0d02c5a13c8bc8444bbef9d5c3109d4,location_opt_in,2026-07-09T20:36:29,web
80dda800-46ba-4bb6-9b47-76a9c9d74514,96fce11757c0f1ae57901ef58bf3bf48,scan_history_opt_in,2026-04-22T18:18:38,web
b5fdbbc0-d536-4d7a-8f7d-d07242ef3f84,12461d04f3fcd6c210f63dbced49769a,data_processing,2026-04-10T07:52:40,whatsapp
3c8bba51-028f-4d74-af4d-7179580fcaf6,b56ed7e3b2a3fe402510edf96d8bd2db,data_processing,2026-04-24T16:20:52,whatsapp
2ebd87e9-636c-4d05-a0e1-025f5c6017e5,8eb0bf671694cc22caa17386d722bdd2,scan_history_opt_in,2026-04-18T11:28:37,web
f8e2b0fe-962c-4c59-8233-ff5712c8245f,b96c4aba630a4b21979d1d013401c169,location_opt_in,2026-06-04T12:44:29,web
6a9a8a2b-0d0b-4ada-a15c-ddbb8b79e162,013fcd0cfcb19d76f22b7b2ac60d6143,data_processing,2026-06-04T11:51:34,web
c795ea66-b16e-4f20-b8a5-3e738761ac41,4d5fa983b5fa93ffce2e4080722a409e,data_processing,2026-09-08T18:16:32,whatsapp
b1b7f371-56a1-4b6e-ae66-14fd50debd42,a3bb17bbcb3c0ddf37ddebd7cb7e18ff,location_opt_in,2026-05-09T02:33:23,whatsapp
1e419abf-8d2f-46c4-b596-34c7099b4ab4,45e2920f1a472fc4f75117fbdaa873c7,scan_history_opt_in,2026-09-17T11:00:49,web
857e7d69-3729-4d31-afd3-2fccd1030e8b,86ed355e80251fa971d45121e30c450f,data_processing,2026-06-14T19:16:22,web
11bcb456-95d0-4bdf-aadb-0e587ab6fe98,f1bbf4ff308d3c933e63d155a967966f,scan_history_opt_in,2026-04-29T19:22:55,whatsapp
086d9892-3906-4f33-a997-787250a0b5e8,984e32d6baa7fcacb7e7c725ba35b935,data_processing,2026-05-09T14:20:05,whatsapp
440a8a7b-0cf2-435b-9813-c44ad103fb19,aaafdcf1968e535b7eaa95cfd13e9bc3,data_processing,2026-05-02T11:31:01,whatsapp
86d41731-9665-429b-a9af-fe71e0c4d4c0,c33e99ae2910c1c77639dd9f106ffce1,data_processing,2026-04-13T05:28:17,web
0e613af0-1449-4fe7-b03e-fcdd301179da,44cca74606fa927d8430735ceca5bdca,scan_history_opt_in,2026-07-29T19:15:51,web
b9c1f5f3-4f86-46ac-958e-ea966ea037dd,1d6e27a8c2d1d5274603bc779ea821b3,scan_history_opt_in,2026-09-16T02:40:42,whatsapp
0ed85aaa-a1a4-46e1-9139-3342352a70ed,2f7cb77956a64c21bcce969cecddca46,data_processing,2026-05-31T10:25:16,whatsapp
ec265e7c-049c-4843-ad35-a466767b6b59,4e74f658293c19bce9dcbd511f76f00a,data_processing,2026-05-04T17:34:41,web
43d401f3-c547-4586-9442-b663ecfee01e,e2de5e837a7dd1b47681f8fe1bed7e1f,data_processing,2026-09-18T12:34:08,web
7fcb38cb-b8f1-4d46-9a72-4e6d1626cbe2,d35d1fb21147ae9a47c2d4c92644734c,data_processing,2026-06-13T09:08:50,web
f3e8b670-85bf-455b-8d0a-7aa228d82640,2eda83b3c9b24203bfc4ff53e32a293b,location_opt_in,2026-04-09T02:51:25,whatsapp
0845f28b-f16f-4682-8810-6d558af667f8,c898496a9f9e07581414ec1ed327c68c,data_processing,2026-05-07T11:55:21,whatsapp
d7dcb156-ee78-435c-aa30-1c29b0f20f2b,5af2ee57017088e2a91299e532fc7b59,scan_history_opt_in,2026-07-08T16:09:51,whatsapp
8adba093-17e2-4069-b7b6-db9e718356bd,9bafe75220678f061ec493be0c82c8bd,data_processing,2026-09-17T15:31:56,whatsapp
0a388d6f-2129-4b53-b188-21ea66c69b61,8db2262d4eefbceb03d18c3dd34e7015,scan_history_opt_in,2026-09-01T19:10:48,web
f316193e-045f-4d4a-8cbc-1be2fb8f5abe,6110fb10ecc8d144d042ee6ce7c1a31e,data_processing,2026-06-17T16:58:46,whatsapp
1f3a971b-c2b2-425b-b25d-cd772ef6f41d,10bc6e8818a2b6ae36502f14b4d64d9e,location_opt_in,2026-05-23T17:28:36,web
9016b394-5d51-4c1d-92d8-9447feb1c371,54a24eb0f4ff4797d6baa66a4022bf2d,data_processing,2026-09-05T14:52:09,web
b76ee8df-8ab7-4bf9-8fcd-baa37b1f604d,69ef196a9bc58cd35cc12e243be6aeb3,data_processing,2026-05-17T14:52:49,web
f295612a-b8fb-4a3b-aa0c-bfef0292ff10,351604fbc7e37d60b84e36d39755a303,location_opt_in,2026-05-20T10:18:32,web
63bb4701-91da-4e99-aaa8-150f5982348f,9c935c12a23d924edf95befaf9f117c5,data_processing,2026-05-17T16:34:20,whatsapp
fc829764-fe74-4d1d-ab39-5cbe7c85c85b,9519e9f8cd3a0826d34ed5ac8ec5a745,data_processing,2026-05-09T20:13:34,whatsapp
c09d8a30-950c-4fd9-bf09-74434a1983f6,54549d6763008a450b1141f28bf69686,data_processing,2026-07-18T11:50:53,whatsapp
5fe31d17-1030-4ab3-972e-967b43b10190,d89cc99ccbcc114d84fdd4d32201566e,location_opt_in,2026-05-19T15:20:37,web
094ed28c-28ea-4469-8fda-9b3beb3eb71d,8167b59fafea3d3edeb97a5e68cff6af,scan_history_opt_in,2026-04-03T10:22:27,whatsapp
efe10be5-6e00-4991-bfa2-8bcdb8d4c457,05fb88f68097c1bacdddb91c52426b09,data_processing,2026-06-10T11:38:31,whatsapp
73cef5ef-3a9d-4044-bd3a-b6f8c671d949,3ae1dd4ec273bb700f1b682c1a28ba9e,scan_history_opt_in,2026-07-26T10:52:15,web
7f9dc386-efe4-43ce-818e-db5a109db56c,2f7cb77956a64c21bcce969cecddca46,data_processing,2026-07-29T13:28:15,web
9d8084ed-6f97-478b-89f3-1a4f53b0ce96,8c7328a03f521d61a6eb61fd5cb38a58,data_processing,2026-05-17T14:26:43,web
a14492b2-9278-4fb6-985e-cf252f53fc68,29337a37f0754f67004212b2c2a3fcf9,data_processing,2026-07-29T10:08:48,whatsapp
8faef805-e96f-4a32-9c06-5cec04256e42,307bf288360162ccfb0ddad8e2bf1df2,data_processing,2026-07-02T09:52:04,web
86a517b7-a052-43bb-bdf8-9dfd43890059,2cec99df55cc9889d4ce2e77ceb1a30a,scan_history_opt_in,2026-05-19T10:08:33,whatsapp
1adbd7aa-4815-4801-95fa-71f3976be986,c2845f2be2dacfa2a0bf11e638768760,scan_history_opt_in,2026-08-24T16:03:31,whatsapp
aea92f28-ccc9-475f-9084-e1c392a7093c,5b61599a22fff62db56bf54ff6660742,scan_history_opt_in,2026-03-22T08:39:51,whatsapp
27bd3afe-9c9f-4918-877d-4890797688d2,94947bde7e5996a75b9f7a9ddb9547c0,scan_history_opt_in,2026-07-04T14:35:50,whatsapp
c890a05b-fc05-402f-8645-79df5561b98d,e06cedf6bee57050591b5e0b532cb90f,location_opt_in,2026-07-06T16:50:41,whatsapp
39ed0b39-b792-47d6-b122-4bdf53d5c470,984e32d6baa7fcacb7e7c725ba35b935,scan_history_opt_in,2026-06-05T06:09:46,web
e92cffd6-3fc9-44b4-9929-e20b67484726,459d3ebe992e59493c81b007ca7e454f,data_processing,2026-07-20T05:57:34,web
fba932ab-9980-4571-a5e0-5d291c390886,669bfab3a29bdd902693443711c79171,scan_history_opt_in,2026-03-27T20:37:51,whatsapp
e7eafd41-b0c7-4c37-8963-4bb261af8767,36584deb4075c3dc06d9bc97e18a8046,data_processing,2026-06-26T11:45:53,whatsapp
0ac66fc5-67dd-49cf-8b49-83a2672df207,bcefa93c271bfe9a935f4ce7bd8ff133,data_processing,2026-08-07T03:37:42,web
ee68bf0c-b336-4e40-a46f-f6d4f82cd503,4575aa6a7f7fc061ba96b3b2926084f1,data_processing,2026-04-12T10:22:28,whatsapp
50681b1d-e0fe-44e5-8077-0ee480312dab,01d25be354915a519eba31bd1b5118c6,scan_history_opt_in,2026-07-10T10:23:52,whatsapp
7d011ee0-4001-4703-880a-883b703f595b,d1b11a3316ddc77836f63137b73dcadd,scan_history_opt_in,2026-04-03T01:29:29,whatsapp
fe7c0270-d3d8-4a2e-81f2-4f13fa248233,121bc210fa5a32901196ce03f8741fe4,data_processing,2026-07-17T15:21:23,whatsapp
efbd6f58-2ee4-4012-8254-fadb5ba4d6d8,0f4bdd8ff16afb53c79fe94ebe777553,data_processing,2026-07-31T01:55:47,whatsapp
bc8200f3-90bc-49ab-8f13-f76ca5289b39,ff5c6cc3be0f964a46848683a494abe4,location_opt_in,2026-09-01T15:46:18,whatsapp
ee60b3f5-fb03-420e-b7d1-d7f8cea39edc,4c85f40d8e2ac16b5a38f9820c0a410b,data_processing,2026-06-05T11:59:35,whatsapp
5bda5cb3-abd6-486c-a4a5-94c9e71c4641,6b0245e671ef884fea3a99ae4720c1c9,data_processing,2026-08-18T16:36:43,web
2fb5b1cd-cb68-4f67-bb94-ffba1180070c,2d88946f13cd0a5304260da9dec66668,data_processing,2026-03-29T08:56:42,whatsapp
ba5b2e2b-ff47-4e1d-ac23-0987ae372636,84292641d064b4b320ad0d4ba2a57dee,data_processing,2026-05-28T16:00:43,whatsapp
9290ca49-fc6b-4711-8b12-1c0433466925,bd913c8ba9e896e67d4a03cffd43ccf6,data_processing,2026-03-29T21:26:58,whatsapp
0bee5b48-d387-41a0-bb7a-7805b8fe970c,60dd862872d54bcd9520430af1018249,data_processing,2026-04-12T21:21:34,web
85cafe50-715d-41ae-8b0d-c14b05375782,44b117cc8974f650c63a35e55ae1ee5f,location_opt_in,2026-05-11T03:37:52,whatsapp
6ce2cff7-d099-4621-8688-ce74c7c76f92,39a58ac60ee910ff117020041dac4f03,data_processing,2026-08-22T19:04:46,web
66deb330-46b7-49a1-a72d-239e5a3eb0d7,b249389ed95076c5d3913cea054655d8,data_processing,2026-05-24T16:25:32,whatsapp
b8d04a08-c2b7-4156-ae48-1dd3a75c0a57,c9ed0c17ffd8dc192265f799e2ed6d6f,data_processing,2026-08-06T14:01:25,whatsapp
45eeaa09-cdaf-41a7-9108-075002e753bf,7da53e14bc8344db5f22d2d099424d6c,data_processing,2026-08-23T17:55:58,web
0df6329b-0c12-4387-aa13-a845d1c99555,04ff55e3245e9bba9f88cdf7604364e6,data_processing,2026-08-18T12:36:36,whatsapp
2536e772-d4eb-4726-a1b5-b7c9e8cbbe7a,c86434bb83195754a6fd3c5cb3e11766,data_processing,2026-05-31T20:01:16,whatsapp
a0707455-08fc-473b-9303-238bc4758854,f4c949d837692a61a7f47879b34131f3,scan_history_opt_in,2026-07-03T19:21:47,web
468997b3-47e8-4dac-b452-fc6839565ff0,0886f9bbb83dea787da0bde61f3f2d17,scan_history_opt_in,2026-04-23T17:26:19,whatsapp
7b4ad97a-5a5d-4e5d-bcb3-9d27fc8d25ba,7bd76dde3abb3424c9206db10885a186,data_processing,2026-03-31T11:49:01,web
4987a964-fa53-4d1e-bad9-11e1c7b99ade,b59bbbe4e6324b25a27e10611d8ebb58,data_processing,2026-09-15T18:45:41,web
6327b77e-8aa3-4dc3-a69a-870baecc74a1,9d92b6e71673d419ca86cc624449e177,data_processing,2026-04-13T15:38:26,whatsapp
9f894b17-a842-4738-80d7-c550fe3b1a38,3519166e96866a6be04638d9dd0261ef,data_processing,2026-06-12T17:08:53,web
de9feafd-86b3-479d-b694-442c90753685,4c23ffb5012f9b09bd8408de02c84a09,location_opt_in,2026-07-30T09:41:23,whatsapp
e0b8f304-fc3f-4710-8374-913f67caa026,283d586321eb3dd25a5ff9b6cf7c7565,scan_history_opt_in,2026-08-25T17:15:08,whatsapp
0ed78890-c60f-46f4-aa3d-fa0a23b4ff29,c967f0c2837341ef94c1af6326acee0a,data_processing,2026-04-09T18:41:51,whatsapp
32df9dfa-7e30-48d5-851c-99ae2fcc2036,a5832206a649d298f3235b29bd956902,scan_history_opt_in,2026-06-10T10:36:25,whatsapp
29701f0c-f48f-46f3-a8ff-9948378d4be0,dde5946443020ae88dff5dc4dced3e7e,location_opt_in,2026-07-11T16:24:44,whatsapp
215a80ac-f4e2-4020-a060-5d8d532dcfcf,0b26b0d053f3c707a190972288b2d3ad,data_processing,2026-08-11T13:03:34,web
86380618-be79-4763-a008-5ed072b5cadc,351604fbc7e37d60b84e36d39755a303,scan_history_opt_in,2026-04-02T13:19:28,web
21004018-7a84-4535-8d98-0887ca84f361,4786ac24b2e50c03da4fd6c84b6dead0,location_opt_in,2026-09-18T11:26:12,web
a9e315e2-9a50-4cf0-9815-9351edf83c5d,a76ca5a4a77c72a64a2bb8356aa4a2f1,data_processing,2026-06-08T15:28:17,whatsapp
2b546ea5-938c-4921-a2bb-c221d7bfc735,5961db5f11fe59f23b20c2eb6d70e4bc,scan_history_opt_in,2026-04-14T13:51:00,whatsapp
699e3b2f-1e8a-4981-ae8c-b4ae4da258eb,051e66c0f3261d67682b4bc81f6f9c31,location_opt_in,2026-08-17T16:52:35,whatsapp
4df79e6e-455d-4954-9501-092f8116e3bc,6e50ec4efb429b03dc2cd746040e64d1,scan_history_opt_in,2026-06-25T11:07:13,web
5879f165-188b-427f-8156-9286f34cc3bf,9e525b3e72e84d1d5640bf44464ab20b,location_opt_in,2026-08-30T10:12:55,whatsapp
6b2df9b9-b1d9-4b89-ab65-7aaec4d55a6f,124384b90af58d8bd232a0f5a868e969,data_processing,2026-07-22T17:09:06,web
33c331ac-a11b-4f82-81ad-8eee7969d7e2,fb1d93c92e67fa969b746e7baa571967,location_opt_in,2026-09-06T15:31:47,whatsapp
976dfe7d-9180-4caf-8ab8-1b6e25b7b22e,83c5d7aa3cd33ed31263020ff0ece70d,data_processing,2026-09-09T12:22:07,web
d376a356-3d89-4654-aa25-1fbd9acef1ed,994caaafe1b2c71dad8bc020adc4e676,data_processing,2026-05-25T14:43:57,web
0e312a5d-87db-4ac7-b05a-8e24ff398319,167178c3b4452ebfe9a8dd8dd38f38de,data_processing,2026-05-01T12:29:13,web
54edd0fb-6186-4914-983e-6b4fb09e68e8,6ae4a7fee3e6820e50faa33394418314,data_processing,2026-09-06T14:51:38,web
08d93a07-f4b2-4087-bf03-672c1095d759,0987df666ed914890181fec4db927697,data_processing,2026-04-29T19:13:09,whatsapp
a4c0acaf-5909-4f5a-a112-19795a415995,78fd72b0ba3c7ea00a3defb2e998ee71,data_processing,2026-08-20T08:48:28,whatsapp
9988cc26-94a8-4037-99fc-3351b10c5a7d,65fd4af0d0321ebc5d1f792d54ae56d1,location_opt_in,2026-06-16T14:39:34,web
12a414ae-07f0-4de9-9466-c180dfb0a1e0,cf22f5e3d2b4ea58ab29aa5299b151bb,scan_history_opt_in,2026-08-02T18:35:33,whatsapp
96523f95-56d4-41f9-ad60-b93d7eba34b9,7658e32a025c8315719a9598f63f6519,scan_history_opt_in,2026-07-28T17:42:04,web
73207223-2af9-44dc-976d-be714bd0dec1,378df17d498aea91fb39cbed0aa7d423,scan_history_opt_in,2026-08-01T15:27:44,whatsapp
336dbf04-7f82-4191-9776-f11c8487acf6,656ca1633bf3705f8de691fece17d654,scan_history_opt_in,2026-04-14T09:17:04,whatsapp
01f6fd92-804d-4c63-9a8c-d99d99e607ee,23fbef1f8c1a25f9c1590478509db936,scan_history_opt_in,2026-04-08T15:59:56,whatsapp
ecff41ad-4565-436e-9826-629331997fdf,71e3497b2317aea8c0a7dce9247192f9,scan_history_opt_in,2026-04-04T19:53:43,whatsapp
5cd891d5-7f83-4ec3-9c65-dc4182c7f045,1e4ee9194ae1ad185b014aa24d2d7348,scan_history_opt_in,2026-05-02T17:16:01,web
91851242-5958-4098-870d-8e2cf0afa113,1e7ac58043137fb0860255f1d90e28b6,scan_history_opt_in,2026-04-10T09:40:17,whatsapp
c60503f0-2605-497c-ba25-4e9a2e21d29c,2d88946f13cd0a5304260da9dec66668,data_processing,2026-07-23T16:42:27,whatsapp
df2239d6-b53e-4207-83c4-b192461f8ac5,d37d4a1e602b74af5f8fc0b31c82b5ae,scan_history_opt_in,2026-06-04T06:40:55,web
2a2e1ba1-c92d-4a6b-8832-9eb589019b77,ea160c30cc6bbb62a42f2a0e6a11e82a,scan_history_opt_in,2026-06-10T16:03:16,whatsapp
2147c2e0-a9c5-4954-8f5a-efd5a3fd2158,2eac282f32cb21e953af9e6c1b26f023,data_processing,2026-04-16T16:33:00,whatsapp
ec74224d-4df9-43c2-9a11-0ed4bd8c306d,7996f2c76e8ec87786d8f83d5ba74371,location_opt_in,2026-08-25T18:28:15,web
8295c39b-515d-47a3-acfa-668f560dd99f,b1ef10494e100a89cf489304ba66e57f,scan_history_opt_in,2026-06-17T09:56:30,web
2a4f1752-d040-42aa-9fbc-dfebb9de9ca3,601a16308d4879437e33b81a1ea51008,data_processing,2026-07-21T16:41:01,whatsapp
33c8f09c-7195-49cf-9f3a-2e156117557c,6e0dfc50dd42ca853f27fd2f521c9c99,data_processing,2026-07-21T13:40:44,whatsapp
691b7b65-0c6f-43a4-894d-b85096a26fed,0987df666ed914890181fec4db927697,data_processing,2026-08-24T07:10:11,whatsapp
f7134236-2b5e-4799-9b9e-b0999f6b23c7,176a8790d2afa5cc3cc2ded311b0746f,scan_history_opt_in,2026-07-22T16:34:11,web
1b5efe6b-7a5e-4dd1-8814-f45de4611568,cfe8f2ca79946ab12586b2290609d7b8,data_processing,2026-05-31T13:53:26,web
bae0ff8a-67d1-4036-bcf5-aad80983637a,86c19afb07d5e2d589d69adaf31a6685,scan_history_opt_in,2026-03-25T11:07:28,whatsapp
68644d44-6345-428f-ad4c-2ad3cd89e713,c438829a33062e665f7d6fdb50cc3d7e,scan_history_opt_in,2026-03-25T07:54:11,whatsapp
43048909-1b57-4209-b541-6ac57a72d337,8581d00eb2c7c22719a3a440ff227f65,data_processing,2026-05-28T09:52:24,web
738eb0a9-5e79-4fd5-ab61-7addcdedf01d,02ad964ef49ace88a179ebdf40224b54,location_opt_in,2026-09-01T07:17:45,web
bc060a34-d230-4f5e-82ba-9cee2829cd5e,c021b0c24826a8541d478f3db85c33ab,scan_history_opt_in,2026-09-17T16:56:25,web
08b74d34-82e0-48b1-b3aa-ae5d9af2c3a9,75cf82e9f347f1d8284e9b585e5bc4a3,data_processing,2026-06-26T10:24:16,whatsapp
3969b1f7-8bbc-4bcf-a5d7-872104d7b6c7,c40cdc625a028102336ef0a97e24c66a,data_processing,2026-09-15T16:18:35,web
c750dd79-291c-42d2-b8d1-25ee52b3576a,416eae7156bb769a5abdc356fb8c8fbe,scan_history_opt_in,2026-03-26T12:56:23,whatsapp
1a7dd2b5-e76d-42cd-b1e1-49766cc207e1,9179cd0a4738334f2ee67d37df174bc5,data_processing,2026-09-01T17:49:42,whatsapp
9e2baec8-5b0d-4ef7-9a4d-11448cf38f40,04073fd40d9e7540f1ac991b3155fc8a,scan_history_opt_in,2026-05-16T13:40:06,whatsapp
4d39a2b1-98e0-48b2-bfa1-ba29cfe09d89,9391d0b154f45721b95ea3653302253f,data_processing,2026-04-06T12:02:50,whatsapp
89ca7680-5fe7-459e-92e4-1e07bc7ffd92,c967f0c2837341ef94c1af6326acee0a,data_processing,2026-07-07T14:07:27,whatsapp
a5a3635c-8359-4996-8a24-457aa9fbbee6,8db2262d4eefbceb03d18c3dd34e7015,data_processing,2026-05-12T08:45:52,whatsapp
06eba030-c673-463d-9cdb-bb63cff62e92,967daa4a8d0076389387b16cbc98d207,data_processing,2026-08-13T06:49:48,whatsapp
f8cda42f-e84f-4f8f-878a-1eddefa1f210,be091313368c501f1ef92fe716cc787d,data_processing,2026-08-06T15:30:07,whatsapp
b3c30863-9413-4ad1-bad6-46d0f2584b22,ac0d81e492dc39d2234dd8a9a66d1991,scan_history_opt_in,2026-08-13T12:12:38,whatsapp
4896ef60-1969-4bc3-b778-83b30e34e8fc,43e0b5ba5fb08640c63c0d12beafde02,scan_history_opt_in,2026-09-04T19:08:19,whatsapp
64583bb1-410e-43c7-8d86-bf5d2fc3a4ba,3c458eadbb17d41d264c5d3985ca16d2,data_processing,2026-05-30T08:25:31,web
3104c16a-1770-4528-b97f-5803ef6ba91f,77ea324466466e71d277cee13c22bad4,scan_history_opt_in,2026-08-24T14:33:34,whatsapp
6f55e725-ce19-4bc4-9e86-0bbf05e3a7ed,d23c6bd8c12d1ebaa286d19680cc4f76,scan_history_opt_in,2026-06-04T17:33:22,web
1061d843-e11e-4bb4-94ef-11d4dce4109f,c28e50f6146fca825a053e73b7e7f84b,scan_history_opt_in,2026-06-29T10:19:46,whatsapp
ab41a070-93b1-4585-b248-a94a9907420f,15abe9fd2f91ed238880e0d91908e8fa,data_processing,2026-04-27T19:43:05,web
cd037a2d-5f90-462a-89e5-747b6e6dc768,cd3087fe9e66cbc63f9e2b966fe094d0,location_opt_in,2026-04-06T10:23:21,web
2e878b3a-7d12-4f9e-b7e2-4bed93357c3d,b82a639d503abc14376c53cf149142c7,data_processing,2026-06-28T18:58:00,web
db86e80a-7205-4270-8ba8-d3157766b136,d9932925d41126329071b06a64e2e124,data_processing,2026-08-16T09:06:16,whatsapp
9c1e1a4a-0e3c-4b5d-b118-8723898aa046,4f89b489362ed11aa99fce92dc9001be,scan_history_opt_in,2026-04-05T10:22:58,whatsapp
e5e209ca-a03c-41ec-b967-3b7d79b1e4e6,687071cb097d1c8f20a98f27804f32c4,scan_history_opt_in,2026-06-20T13:01:49,whatsapp
cd4cf483-bdb3-47a5-884e-ee86ce3ab6f5,12f165920e7d63e532fe924c9453f3eb,data_processing,2026-07-23T07:03:09,whatsapp
f9ff5f97-70aa-4210-9684-da102771bc9f,5490ce79aef80924bfc04a111804ea9b,scan_history_opt_in,2026-08-18T03:44:12,whatsapp
abffcc48-f1c2-4e90-b225-7dee8beaa127,2cee8584c37594dadde5696092e742d9,data_processing,2026-05-12T14:21:36,whatsapp
9a8de15c-68c9-4193-8b24-8f0b03b3e97d,639cdd8ce6ed00469619f6804c1c6bd3,data_processing,2026-06-29T01:04:57,web
5bd0165d-6543-4c10-bd70-bb5f56ee968b,e87babf87bf863eed2aaf242a9be284c,scan_history_opt_in,2026-06-29T13:06:55,whatsapp
4c1f1f98-ca1a-4360-9f2b-2965d0937f90,47a1c3306c7527a342c68f8cb66d4c79,data_processing,2026-07-01T09:10:55,web
4ed17359-5ff2-4a9e-af16-6a2b5f9b8a2d,f2197c5bd8b76d0ee2e2914df13d045d,data_processing,2026-08-26T13:48:02,whatsapp
d99717e3-7c9f-4d8f-9d6b-6c4466fc14fd,29dc8b90310fcaac6f9688da1339698e,data_processing,2026-09-16T10:45:26,whatsapp
54e22daf-5132-4670-ba6b-cde1ee393b92,4e9e494150cfa8b0edc7af8d2fe39d58,data_processing,2026-03-29T08:21:40,whatsapp
f054d9cf-62ed-41df-8af0-3c1c1a069719,6ffc492d3c7c6a04fb57ea70a6797580,data_processing,2026-08-10T13:29:31,web
5fe98199-3627-4698-9183-0b385c9851db,79376138df0a85c17eff90aae4a28d92,data_processing,2026-04-20T09:18:57,whatsapp
cfc0a087-89b3-475b-9475-04c6e1540549,c8e88e1f8fe0f4474274141b85531572,location_opt_in,2026-05-01T10:49:36,whatsapp
9ba84811-fd47-4225-9c5c-e5064007864b,3ae1dd4ec273bb700f1b682c1a28ba9e,data_processing,2026-05-24T23:08:09,web
4e41fcee-ec6d-4d66-b477-d3e5f299bbed,d266adc6639046a1c24f41b887065721,data_processing,2026-05-16T11:42:04,whatsapp
4f848016-ba7a-40a7-b8fb-a6a2af5fe9b6,f0a8f3e7c1d033e9e4f9097194356997,scan_history_opt_in,2026-08-16T13:35:55,whatsapp
ae5a3243-9f8a-4a2a-84d7-d9f85718224b,9519e9f8cd3a0826d34ed5ac8ec5a745,scan_history_opt_in,2026-07-22T18:59:17,whatsapp
97c90510-4ea4-4d20-89b4-ad5f66c8c539,3b1014623b30e507f03b351da8621944,data_processing,2026-08-31T15:48:22,web
8effb36b-1010-4c69-82b3-84f46d0a5670,9b0df31cee537af4d8c2067aececcfc5,data_processing,2026-08-24T16:07:54,web
0da031ae-883f-4ae3-a3ab-939f525c303d,3f726feaf28121b946d934d93075b438,scan_history_opt_in,2026-08-06T19:51:49,whatsapp
d8724c1e-d44d-462b-87c1-36241a7cf604,ffdc6038b244501017d86f89871da3f1,data_processing,2026-04-01T17:15:59,whatsapp
c34768c9-b977-458a-a109-8e06d60b6de6,77ea324466466e71d277cee13c22bad4,scan_history_opt_in,2026-07-08T19:34:32,whatsapp
c8285e1f-2f40-4837-a6e8-85efd8ee5f2a,22722a3ee3f58878e9295f1e0bbe95af,data_processing,2026-05-03T13:38:35,whatsapp
5f887181-d440-47d9-8a1c-f6b5d51e8b4c,9d92b6e71673d419ca86cc624449e177,location_opt_in,2026-08-11T12:08:33,whatsapp
301b86e5-db14-4ac2-ade9-7248610a5fcf,78d083581bd3907a5affe0bbc86f3063,data_processing,2026-08-24T16:15:31,whatsapp
a579e056-9e42-4932-b90c-c5c9291aa510,31c43ba05733834fe17d9f3c312ff077,scan_history_opt_in,2026-04-02T03:56:47,whatsapp
a96c578d-fd47-421b-8a42-ecb70dc07676,8f21e313e27be790ff805bb32cc52bea,data_processing,2026-08-28T11:57:18,whatsapp
422d332c-eb11-4d3f-b051-059db8d434de,f837e5b6a76021083b5c22a89e2d6adc,scan_history_opt_in,2026-07-20T13:21:16,web
9507d52a-4cde-476c-a5d8-a6288cb2a71e,6e50ec4efb429b03dc2cd746040e64d1,data_processing,2026-05-27T01:53:08,web
81bdaa4a-9884-44ba-81b4-d12d482002c6,ad09100630f7303e31fcb6d206e5850f,location_opt_in,2026-04-02T15:29:35,whatsapp
a46cbf70-fef4-4a95-96aa-df60f889ee83,85c6a4fe27db03c198824430b6246252,location_opt_in,2026-08-15T17:27:05,web
746defe2-f320-4fd7-bf03-d2f7e5868650,428a6a1b355f7a26d5c4c9c75f46fb07,location_opt_in,2026-08-22T11:44:28,whatsapp
077f5c94-e958-46b9-8202-22aed24f589c,4d4c052ddb2b14790d36b2d666d74c75,data_processing,2026-09-07T13:08:00,whatsapp
bf00142f-d9e4-473d-85f3-e1a121f39266,39ebd987c3ee7f596d10001c078a3972,location_opt_in,2026-06-22T12:25:40,web
ac12fd6e-81f8-45c0-9e6a-81511fa09a11,17f77bfdc49fd6ec0031c02262e88a0f,location_opt_in,2026-05-27T05:21:32,whatsapp
7339dda0-4ed2-4749-bad7-58db1bc782c4,f4b11ea18b958569af3cc15f7e0ef6ba,location_opt_in,2026-05-10T16:12:56,whatsapp
e8dd97c2-8703-4008-bde9-6c233c82e1e3,b9cd1a7cb102a0ae94e19868a2325d06,data_processing,2026-07-30T10:20:09,web
c2e27511-905a-40f8-bc6e-53b0053c28de,9454c41f95d4559eaaad248b247d1ec5,scan_history_opt_in,2026-08-27T11:37:03,web
c808eb38-c937-41c2-8000-f399ac0d2ea2,3a0d2766aa58f96b8e28c57659d702d2,data_processing,2026-07-22T18:12:52,whatsapp
0c2be2b2-5113-403d-ae4e-37c1da75c843,c9ed0c17ffd8dc192265f799e2ed6d6f,scan_history_opt_in,2026-08-02T13:24:43,whatsapp
3de30955-edb3-498b-94f0-8ea4a80dc37e,695ef832aedcdea203def9633fc2a68d,data_processing,2026-05-26T11:02:05,whatsapp
3c055db7-54cd-472b-9f3a-70c18edd6295,63cafa52eb2f9f41064d759d96c00579,scan_history_opt_in,2026-07-08T12:15:10,whatsapp
a4aa863c-b342-497e-a06a-5756c5e9dab6,bd6c8436d3d9b393607e555e56c2f90e,data_processing,2026-09-05T10:25:58,web
9d11dd0e-73b1-4d65-852a-3820c37b4e8e,2d88946f13cd0a5304260da9dec66668,data_processing,2026-07-28T18:18:47,web
e9c6b1a7-b588-46e7-bff5-84d1792e3fb0,2ad20ad2d9f3ffda2b98d820c1bfe97e,data_processing,2026-05-02T11:37:20,whatsapp
a647cab3-04bf-44f6-9600-e091e025e416,8db2262d4eefbceb03d18c3dd34e7015,data_processing,2026-06-12T16:27:59,whatsapp
479b0587-4cbe-4a46-9dc1-4502ef984aea,b53422a91ebc7db89d3ac503236507e6,data_processing,2026-06-23T21:51:06,whatsapp
6dd2a19f-2677-4435-89bc-ded2a4ae77e2,61b7c282054d2b162e7eb4c03a5b1e05,scan_history_opt_in,2026-04-06T17:45:02,whatsapp
8d08fc86-ecd7-418f-b03e-5a6a313a5401,924ff2acbaf976d6bfe332d037093212,scan_history_opt_in,2026-05-10T13:36:43,whatsapp
d0c711ef-07ad-4e33-a088-b075e2c276fb,a5832206a649d298f3235b29bd956902,scan_history_opt_in,2026-09-15T08:16:56,web
c430f3a7-4978-43f5-9919-09d3fd75acfb,0f88e1a51a916dcfedf16a19bcc7c287,data_processing,2026-05-28T10:00:56,web
506a0a71-de79-4a06-a06b-b801540136ee,e40881e02dbfbd62674b6741d6a710dd,data_processing,2026-06-09T22:37:04,whatsapp
b7c7594e-51ea-4467-bc39-61cc46b11822,693d2c44d1b2cb848ebb5d901c3a7676,data_processing,2026-08-30T10:21:32,whatsapp
a3f1db4a-f710-4e8b-b6dd-4143eafb50dc,7187d84eb47f5d50e560b7c312e39e30,location_opt_in,2026-05-18T20:55:35,whatsapp
50addb69-7db8-48cb-b80a-d6b40d70cb30,052d19b05c15bcd2e6186ed6c0cb35bc,data_processing,2026-08-04T11:53:09,whatsapp
ac62b7e9-56ca-4c66-aafc-64a7db6655dc,f0a8f3e7c1d033e9e4f9097194356997,data_processing,2026-05-28T15:48:31,web
f904afcf-dca5-46be-9774-5729d16ffdf4,4f1d086c49a2ee966f852f7e576e24bc,scan_history_opt_in,2026-04-14T11:58:09,whatsapp
532e2eae-e9ba-4151-8808-b27d1c8ad1d4,77dc3a7029661b58a9bf1b68e0d91899,data_processing,2026-08-18T14:06:49,web
1dfe4226-97cf-4d2d-9464-b9f8671dfc14,a3735de9c8acd9a77024d34a15165074,scan_history_opt_in,2026-04-26T16:52:47,web
f2a952ba-bb20-4f56-9833-d01688422db0,7157c3136bf8cd539c8ab989b768e929,data_processing,2026-09-18T16:32:53,web
86993381-2998-4a49-80ff-a8d27821c312,22a031915b9d9c23929385c3c8d660d5,data_processing,2026-07-23T17:24:42,whatsapp
6be1d512-a9e4-44fe-9d91-6c2bd4e9ea35,e6f69feb652605a590bc7f0e49203b67,data_processing,2026-07-08T18:14:41,whatsapp
37e64672-2df3-4706-8f0d-b820edc86cf7,0b35b61360525b218b8addb6360c334f,data_processing,2026-09-15T16:07:27,web
4de2d02d-b61b-4c54-887a-37376ed638ab,266388443cc8b759dc55f93749730ad8,data_processing,2026-09-09T17:48:57,whatsapp
5cf3cb31-288b-4280-9f81-0427cbb847f4,0241c4cd6f8ba41c0e5a62210fd64563,location_opt_in,2026-04-06T14:17:30,whatsapp
8784dc00-262e-4291-9d94-377f3f736fab,5074bc1c0201bdd36cd9e7c862471d40,location_opt_in,2026-07-15T13:53:12,web
f42adffa-cb60-4ed2-bd23-eb8da6592e19,09ecdb0788f79c39e3c8377bd7060245,scan_history_opt_in,2026-08-13T18:37:36,web
422af0e0-ba1d-4a4d-b3d4-d0241a0c1774,984e32d6baa7fcacb7e7c725ba35b935,data_processing,2026-06-02T17:07:59,web
4bd0676f-8632-42de-a2aa-9b9ed537fb02,87314e0352fd8e71bf79b210a381a4a7,scan_history_opt_in,2026-09-04T16:52:16,web
3ed9de37-d2ff-4be3-89e9-7719218e5d47,7bf207fb48c0fbe72814bc3a2eb757cc,data_processing,2026-09-09T11:54:27,web
3264e954-b234-4636-afef-18e0548a6d9e,1fbcf540e2edd6227bdb596fb90f4637,scan_history_opt_in,2026-06-19T10:22:28,whatsapp
21719531-6d88-43d8-a840-09a9d91c9a4a,1d1fcba3144952841831562f9aaf477c,location_opt_in,2026-03-30T11:01:04,whatsapp
952abb68-085c-48ea-8643-e59e6bd4c034,2ad20ad2d9f3ffda2b98d820c1bfe97e,scan_history_opt_in,2026-05-06T10:33:47,whatsapp
467bd912-0c10-4ee1-8f9a-78c5536b63a8,2cee8584c37594dadde5696092e742d9,data_processing,2026-09-15T21:51:33,web
96c8a00a-aa48-4f2b-a10c-fc05f543e6e8,9ebb4cbbfd315ef7ac697b314fe859a2,data_processing,2026-07-21T15:26:33,whatsapp
b82f11f7-bce5-4b68-afd6-8c5a6a99a59f,72b7aea84873e87d1c8a377b540ea97e,location_opt_in,2026-04-17T12:17:31,whatsapp
2437bdb1-fd98-4404-9978-9ee9b006b4ab,2c89a91c8b7969d74a8b07945becff10,scan_history_opt_in,2026-06-24T16:49:09,web
ad30a26a-d6e2-4e39-83c9-19849dc313c5,36a1791f239f0aa6a70ff0a5fb0f79d4,scan_history_opt_in,2026-04-18T11:15:36,whatsapp
e1c54edd-b70c-4768-9236-609909439d98,866cfaa15716eb37ef9d1f1fbe8b3c2a,data_processing,2026-09-18T14:05:46,web
8710ce65-4ff9-4ec7-bc35-5c2db4712cf1,d01877f40843dd3fa7cd69121b74b140,data_processing,2026-08-11T14:47:39,whatsapp
508a637e-8dcd-44d6-a209-b7df2f0b7bef,d98ed7d8a8d7bb910a1632afeb83a4a0,scan_history_opt_in,2026-07-09T11:01:43,web
bf7ff602-7b95-43e7-8a6e-bae7f5041375,9b0df31cee537af4d8c2067aececcfc5,scan_history_opt_in,2026-04-21T10:13:32,web
1cda2b76-759e-46f3-9aea-00a3d736afdb,34c1753874dacc42a87900e8c64fe6e4,data_processing,2026-07-07T07:01:44,web
fc1accb1-94e8-42b1-b647-9071d46f2414,09ac25f57d5ddbc27335550f43246071,scan_history_opt_in,2026-04-12T16:31:59,whatsapp
acf031a6-4055-43b7-ba7b-ead094b62711,240c9e5009b9e9f64d2f64686513cf18,scan_history_opt_in,2026-06-02T08:51:50,whatsapp
695e3d35-4892-48a7-a188-2c22ae69d677,0bf6da55951ff117bb60fc007f41e4e0,data_processing,2026-05-05T19:48:05,web
fe9291ed-357f-4a38-9865-c4669ad4679d,556789a121bb16e7e109bd2934c574da,data_processing,2026-07-18T08:45:39,web
ae21bbbd-0c0e-428a-a0db-320496ca462c,1b0d52e5694bdef72c362b939ccb065d,data_processing,2026-09-18T11:10:16,web
e3566c1b-2e13-4f2f-8229-7b71da2ebcb7,a063052b70caa6fec21105149117ad63,data_processing,2026-04-29T11:54:10,whatsapp
59a57efd-4f74-405f-b59d-3d6d148f98c5,adc5fc8f03bc08d28492b2ccf154cf8c,location_opt_in,2026-07-01T10:16:08,web
4465c639-a0d4-4763-8c5b-834360d6051d,c2d926c13a62fa5cbf88ec769490fd98,data_processing,2026-08-09T10:06:15,whatsapp
eaed5d25-4a90-4d08-8247-c7802ec6b193,81bf855ea321255be7b0667c14f9b30d,data_processing,2026-07-18T13:14:01,whatsapp
96b786fe-628d-458f-9de9-834eddc49c32,4c7e9a41eafd2bee8000d586e84546d7,location_opt_in,2026-05-24T09:02:16,web
d4b85146-b08b-460e-b7c5-5b5192ced451,d04ffb612424f006e114a9e0e24d0268,data_processing,2026-09-04T19:55:17,whatsapp
f3371025-38b9-4f26-a469-7451575fab24,6bd6acace138401d1f56140407640188,data_processing,2026-06-07T09:06:34,whatsapp
eac5dc81-54e0-45d8-8c9b-96a4d00be2f0,a07856ac1fb60911df49c7c6c0b590a7,location_opt_in,2026-03-28T11:27:08,web
7583a3ca-09b7-44c9-aa91-1b970f88c3c6,897dea32f3a9bde39b86116605530194,data_processing,2026-07-18T10:43:34,whatsapp
dd12b78f-6290-4ba2-93f3-1b2fe01654b6,d4607e4fb742b22ef464cd56036754e7,location_opt_in,2026-04-22T08:55:13,whatsapp
f7914700-9364-49d5-bdf9-f72e8a5b1377,f2b7cfbd4df63276bd0948ccf510b25c,scan_history_opt_in,2026-05-20T16:54:54,whatsapp
e539cf97-cd92-4e5a-bac6-18ebd04d8222,594963551d856f5fd0e15ddd5225ae76,data_processing,2026-09-08T17:17:13,whatsapp
6e1b0a22-cb38-4057-960d-674f8fc0d763,d0a7dadf650bcd5a04cacc119d31a487,data_processing,2026-06-01T15:02:32,whatsapp
5e89bbc6-2c33-45ad-8d9c-b47ecbd715cf,0605ecccb8a73be452740e6acaccea1e,data_processing,2026-04-05T20:43:45,whatsapp
f2994092-af9b-49e5-868c-4dd5e1f4df19,a07856ac1fb60911df49c7c6c0b590a7,data_processing,2026-05-01T08:52:06,web
38c9fc52-6e89-4928-ae54-7595b35aa4a7,60325e3703ef1fdc6f5360382f78002f,scan_history_opt_in,2026-07-24T20:57:23,web
cd037078-365e-4825-9348-9ce4fe686db6,d9ea1fd25de0391fda4470535637a278,location_opt_in,2026-04-21T04:28:35,whatsapp
ef0e6429-82b7-4531-8369-5ff5692f3e87,c2dfd02c6eb42fbff0b0220dc9b4a6ea,location_opt_in,2026-06-07T16:37:11,whatsapp
54f803ee-7dc3-4317-8ffe-f6158b5e3351,d46c54e4d2b122ee35f35c3b3e2831f0,scan_history_opt_in,2026-05-10T09:49:34,web
d867ef1e-bca1-4113-a14e-e43a870baf39,53018967f0f6478ecb5b56e800b741f1,data_processing,2026-08-11T18:59:28,whatsapp
449d13f5-c882-4c78-94b1-82d66de0ad36,ad917aebfdb1c87ebd38cfb2857ab3ba,data_processing,2026-06-09T09:50:22,whatsapp
00f422f6-6be5-468a-91a6-aa95c7363d47,5f7ad61fbc5c2a25ffd6799ed91c81b5,data_processing,2026-08-28T20:22:31,web
6b2d6008-5c54-4961-a8d2-50decc3a1df0,ecc572f15dc9291e3f20983bc45bda98,scan_history_opt_in,2026-07-06T09:10:54,web
0849ab9c-a57b-45ad-8f48-9ae842f40785,8f0890ace4f47964ddc6551c74a4bb62,location_opt_in,2026-08-19T17:54:49,whatsapp
a4fafd08-0027-44d0-81e4-9bc2a3d035d8,63ba464363b8f80f5382e0622e1815d9,data_processing,2026-04-06T14:23:39,whatsapp
87d875f5-13ed-41a4-b0f1-f65f50d6148b,9c935c12a23d924edf95befaf9f117c5,data_processing,2026-09-05T06:14:45,whatsapp
b406cada-f552-40e6-bc54-d47b85971e79,44d7f0b2722693fa44bae6abc952c0ef,scan_history_opt_in,2026-06-13T14:54:11,whatsapp
542d3760-3ecc-4edf-a1aa-bedb4084df4e,927ae45e13d803db4759caa59c5c81d9,data_processing,2026-05-23T09:03:13,web
e9aee567-cf91-44d7-89d2-373593977c4e,bfa4e6b833069e62d2ddb6c2aed1ac15,data_processing,2026-05-19T17:22:31,web
443b70f9-d8ce-41e3-aa0d-509a0eab8e14,8303e50d1d57a1580c7f3dd9d105783d,scan_history_opt_in,2026-07-20T10:06:32,whatsapp
8b4f3494-91ec-4627-818d-376cf609e725,5c404a2281412c3872b62dc8456ea05d,scan_history_opt_in,2026-06-16T06:14:34,whatsapp
174dd3e1-269c-463b-be8f-69e85cf1a598,33c5b9b2ba0f9cc118117a0b930cc7e9,data_processing,2026-04-07T14:16:35,whatsapp
c5f4a7c4-f770-4667-bce2-dc6801b604a7,6ffc492d3c7c6a04fb57ea70a6797580,scan_history_opt_in,2026-09-18T09:23:32,whatsapp
42457168-1e4f-4b94-b8a0-e5638c3f127e,995ed1fb91d781082f12236ea7421885,data_processing,2026-07-04T16:25:25,whatsapp
6ea29c80-ba5f-48e8-bc83-67754d8e1fee,39a58ac60ee910ff117020041dac4f03,location_opt_in,2026-08-05T16:16:21,whatsapp
f2abd153-94e2-4451-b54e-31e74459fc03,82f4a805ff98943eef79d8794aa408b2,data_processing,2026-04-19T16:34:32,whatsapp
e0ce3e48-0e17-4820-a00d-751a560ece3b,d4918b28f55161f582fcf03342020118,data_processing,2026-07-31T19:26:11,whatsapp
ce00acd2-1b56-4975-b643-f210cf183422,298bfde6c01faba6b77bc14c0747eaf4,scan_history_opt_in,2026-05-14T11:20:13,whatsapp
126e366b-b1e3-45a2-a964-dbedc9258133,1e4ee9194ae1ad185b014aa24d2d7348,data_processing,2026-06-12T11:16:06,whatsapp
67bf2720-743c-4dbb-a824-3462de89da85,009e0d8c16b16ecfb868d3fcda8015c5,scan_history_opt_in,2026-09-18T17:13:12,web
6468f6b7-b19a-4285-a185-4b42f99ebb0f,60549ba813a2c52feb9bb19f07c638f5,location_opt_in,2026-04-02T12:02:57,whatsapp
555ee2f3-7870-4849-8ddb-f8767df5a9b3,a442497e1ccf246c64f351db5fc9227b,data_processing,2026-04-17T17:16:58,web
95b0c1a2-53b0-40c8-900c-7145abf253c3,91b9ae02a3b353e13591de7813e3986e,data_processing,2026-05-19T09:37:03,web
3696d188-a1ce-4848-b009-cfa3e023f0e8,526a112c6eee6bcaca9a72d0fef6a836,data_processing,2026-05-24T17:07:36,whatsapp
ed7b141f-10bf-4f6a-9481-90cf205e369d,9ebb4cbbfd315ef7ac697b314fe859a2,scan_history_opt_in,2026-06-21T14:35:20,whatsapp
5fc98cbf-da1d-46ee-9344-da0118c58e92,c287a01f3b06258d223f468e7b4fc0ad,scan_history_opt_in,2026-03-31T19:15:53,whatsapp
49444cb0-9aa7-4e50-8146-7e32d44dfb7d,351604fbc7e37d60b84e36d39755a303,data_processing,2026-04-06T12:06:26,whatsapp
5e6c6da3-4266-4901-9ab1-1389a0070119,7ae886e0bb7882593541a5c0818df412,scan_history_opt_in,2026-09-11T11:28:44,web
c9086fc1-6d26-47dc-83e9-4de75260f8cc,40a83fa819b3f5c5c1f7186bf9947c62,location_opt_in,2026-07-09T11:25:00,whatsapp
9abcacf8-d97c-49ad-b62e-6cf1413d2df0,c9ed0c17ffd8dc192265f799e2ed6d6f,data_processing,2026-06-28T08:13:40,whatsapp
dc96a146-745c-4b97-8115-7767ee19a673,23fbef1f8c1a25f9c1590478509db936,data_processing,2026-09-04T12:24:17,whatsapp
399a8f3b-7358-46b6-a75f-72759a27fdce,e593ef9cdcfd9bc0d41d370c755e225a,location_opt_in,2026-06-05T09:21:05,whatsapp
e3e9a2bf-1c75-4032-a242-4dbc924b7114,a76ca5a4a77c72a64a2bb8356aa4a2f1,scan_history_opt_in,2026-05-17T06:18:21,whatsapp
ab272722-f940-4a25-a4de-8c8eb2f1b1e9,aa6f2155491b69067960487ec67df9b3,data_processing,2026-03-22T14:16:20,web
dbb73a79-4df4-4304-b026-c81241f35cc2,e12e97958b59a041e9bc4f4ab6021fe3,data_processing,2026-05-29T17:59:51,whatsapp
542a1d44-c82a-4d7e-aa5a-f942e9b78fdb,4207a0b8e21299ee8d21bffc46d831db,scan_history_opt_in,2026-07-16T01:01:00,whatsapp
94dfde49-be54-4639-a4d3-1b01c5600c87,2e2291f2fa467fdf670dd98757419bce,data_processing,2026-04-14T06:21:54,whatsapp
01d2a150-88e7-4b25-9a36-259d26fb1b5a,78fd72b0ba3c7ea00a3defb2e998ee71,data_processing,2026-07-15T17:27:52,whatsapp
1771ad85-dbaf-4138-a349-11d9bdecf928,423001e6c7936bee09c3f73ebb3c63b9,data_processing,2026-08-25T09:27:09,whatsapp
adc69c29-7886-467a-ba5a-5bb35e8ad005,526a112c6eee6bcaca9a72d0fef6a836,data_processing,2026-04-04T10:40:55,whatsapp
8a196a77-7a8a-4e44-9c1f-2e0fa0ceb405,4d898177782efdd8231b871d3e4654b4,scan_history_opt_in,2026-08-20T16:37:58,web
f6a6c77e-5439-4546-aa18-be9d3365d9b0,de3836dcc50379d3aaec3cfa3c013c31,location_opt_in,2026-03-29T16:02:27,whatsapp
9e2ca63a-dfdf-48bd-acb6-8496e28214fb,ae047edfdcd3dadd2032367890ec2d50,scan_history_opt_in,2026-06-09T23:31:34,whatsapp
15970719-f483-4992-93ac-651a55aad2ae,e7c9f9d1e66940f04071b129b775f93f,location_opt_in,2026-08-04T11:47:56,whatsapp
0cc443bb-c36e-410e-81b7-57b3c152287a,3d7e28688d5c5b42d648b242894f6328,data_processing,2026-05-18T15:06:16,web
2294b630-35b0-4f8e-a6ef-eb69744bd819,b1b0e288dc5a6d2ec813ce22759f4c7b,data_processing,2026-05-26T13:50:37,whatsapp
f7c11a84-dd49-4548-b62b-928a7798c91a,f4a303c10933d1f7129ae0e4d4d6755b,scan_history_opt_in,2026-06-21T05:08:06,whatsapp
4322482d-cb36-4bd8-9430-f741e7a7cd93,283d586321eb3dd25a5ff9b6cf7c7565,data_processing,2026-05-08T08:58:41,whatsapp
e321edd0-b761-4800-8810-a7cca43f4563,b193abbe84d4690ebdbd4b66e8a0898d,scan_history_opt_in,2026-08-21T16:15:25,whatsapp
368e9963-3664-4b04-b008-8488e5e7f785,ca185a87e588e0d5dfa6ae211186be55,location_opt_in,2026-08-08T22:48:18,whatsapp
a87fe4df-1e65-4246-b204-237340c0dea7,33c5b9b2ba0f9cc118117a0b930cc7e9,scan_history_opt_in,2026-08-11T19:06:32,whatsapp
6a46b578-29c8-40e2-9883-364944813b12,4207a0b8e21299ee8d21bffc46d831db,data_processing,2026-08-16T08:34:55,whatsapp
e44690df-501d-4259-8ce8-f9d3c0bc7a4a,b8da56cdc92690a7aeccba63bf1c6f73,scan_history_opt_in,2026-08-17T21:34:33,whatsapp
e9d53842-69ec-4bc8-916d-7f0a5c027124,e807d8e78d051a83cb699ea2221426f8,data_processing,2026-04-14T20:50:10,web
323540a2-9e41-42be-bec5-065e455fe6f7,9cca73b0b9c62557ceb3065b5ca1a478,data_processing,2026-04-14T15:38:59,web
0d24eef3-55f2-4c79-ba90-1e61fa627104,568e6274deeab512bd9bff5f4b1efa00,location_opt_in,2026-05-18T07:22:34,web
023a6f4a-20ff-45f6-b5f3-f5ce30cc7f8a,ebde856de9d1bad0a145bfaff4a096cb,scan_history_opt_in,2026-07-25T08:59:15,whatsapp
374e9dc5-f35c-4806-a625-31ad20e5c866,f1bbfa4ab048ffaa1cf0619a5121abc6,data_processing,2026-05-14T15:26:01,web
ad60ab22-4a3c-436f-ae81-49c9fd5731cd,84b2d417a641052df346eff9be22b954,scan_history_opt_in,2026-03-26T12:04:41,web
5d53f93c-4247-4ab8-b2e6-33a7046ee6f2,0b723096201b70637c7444d80daef5b7,data_processing,2026-05-16T13:15:13,whatsapp
e7e8bf01-2a2c-440e-97a1-ad1e1fd99a9d,3d13737aefc57dcdb801c4823e83d114,scan_history_opt_in,2026-09-03T18:39:08,web
94317879-cc94-445f-ae36-3d2f8d20036c,5306bb72aa18bd57a26bef0e1824b731,scan_history_opt_in,2026-06-04T19:35:16,whatsapp
3be5746b-de81-45b1-a68a-83fcd632e492,4786ac24b2e50c03da4fd6c84b6dead0,data_processing,2026-08-09T17:29:51,whatsapp
28755b54-10a9-4f2e-9195-ddf96ee7bdfa,d03a4abe0abfc75b73e2a5154065f96c,location_opt_in,2026-04-22T17:45:25,whatsapp
7355b3d3-f4c1-4fad-9ec4-07f571e269e7,452c7cd041b0398e368367e65d7102c2,scan_history_opt_in,2026-04-28T18:21:00,whatsapp
7cd96f99-e32e-45a1-a4f6-9dc5621accfc,51721e459aab42c5bc04ec246a629477,data_processing,2026-07-29T17:35:09,web
6486c26b-227e-4804-83e5-3219170c3e95,2d883ed72f7ff9337c003e3dea6fb2db,location_opt_in,2026-06-15T02:40:24,whatsapp
8447de84-8130-43df-aa4c-c0091f34869e,4562a9a7cf60beccbeced929c50f8388,data_processing,2026-08-26T12:51:21,whatsapp
f3fe664a-458f-494a-bc72-7e3d830108f0,91bed231aca23cfa6996e879399ce822,scan_history_opt_in,2026-08-05T11:24:58,web
08bfb8c0-1cff-4aa3-85b4-0f148849cb5a,0241c4cd6f8ba41c0e5a62210fd64563,location_opt_in,2026-07-31T11:29:34,whatsapp
0ce50d23-0cd2-485d-80fd-8db6ecfa7fda,91b9ae02a3b353e13591de7813e3986e,scan_history_opt_in,2026-08-18T18:13:14,whatsapp
268cfef5-84de-4b5d-87b7-a750f890fab5,0d47af822d8d478c10bb79329b602ffb,scan_history_opt_in,2026-07-15T17:21:19,web
b83dd72e-2481-4f89-a25a-336ebe1b19c8,c3915a340a4c1b746fd0ef115edf807e,scan_history_opt_in,2026-09-08T11:45:49,whatsapp
9a70cc68-1706-411b-92fc-0a330f009a5d,990cd767e7d11be6a1bb63469a2d63bf,location_opt_in,2026-07-31T09:08:36,whatsapp
30c27585-a27a-4bdd-b4c1-d822533023ac,00808d643fc56eb64f2f249eef1336da,scan_history_opt_in,2026-05-18T11:58:29,web
33dc8125-9986-428e-978b-bdb60be67661,c33e99ae2910c1c77639dd9f106ffce1,data_processing,2026-06-25T12:47:42,whatsapp
fcfaf89e-ef08-4ebb-928e-4966278902f2,671ce1acfdab3000527cf68e71860773,data_processing,2026-08-08T11:58:29,web
018039f8-94ee-48d5-a378-9e80ce81b891,0fee96963f600e2ef575761c222b061f,location_opt_in,2026-08-05T21:37:23,whatsapp
d6da1721-c57a-442b-9ebd-1120b7023cdd,12862d8017eba8167d745dee1ae3e2f6,data_processing,2026-05-17T12:47:01,whatsapp
2f3e0711-837d-4156-9acf-f9c01f97f50a,051e75712c8f911fde6c2461aa7def6e,data_processing,2026-06-08T12:45:00,web
09ffb234-0ea6-402a-90e1-cd5eab22dd07,d70328feb17558d4111ab709406055df,data_processing,2026-04-12T11:33:38,whatsapp
81be3c20-4c5f-472d-9dbf-8ba91f69f82a,23b0c70290bd61097ef00d18cddc1c9a,data_processing,2026-06-07T12:02:52,web
a96bd6e4-a24a-4b5b-93c2-df126e3ec123,ebe30064a7fa2c9bf618d9bf7cc55fb8,data_processing,2026-04-23T13:06:32,web
1b6a2bd1-86b1-4104-9b29-c73de2b49d4e,3e567ba0b007718f8ce7dc5f8aaa3ab5,scan_history_opt_in,2026-07-12T10:11:11,web
a9c6722e-85b9-4283-a4c3-22afa15d5963,00b5a16ff49655b86993dda4f874e2c6,scan_history_opt_in,2026-07-01T14:36:46,whatsapp
23e9d83a-c63a-4757-91aa-1396037e37e3,ef9bd02d65a2af50ba3c5d2b4dbba204,data_processing,2026-06-09T08:50:25,web
bdaf2513-afcb-4cc4-9f26-c6a40dac0c5e,cc3fb444db6641af2fb6557350d340ad,data_processing,2026-06-24T17:14:05,whatsapp
3e5faa10-2158-4221-9d44-eea0513ef972,1d46502aa280f6e8be5d8b4e5932f56b,data_processing,2026-06-21T10:14:21,whatsapp
33c975d7-fcac-429e-8c32-0959921e4a52,30a14506d08ae8451fb78cfe617a06bc,scan_history_opt_in,2026-09-01T13:42:09,whatsapp
23428247-ff6a-4327-9a7f-86a532c9b4f7,4efd24955db2f19c3b55798cdc8939c0,scan_history_opt_in,2026-04-28T17:56:10,web
9ded553f-f2a5-487e-9ae3-f90a6ee99ddc,b759f0c055a2a9a2a70ab3767e98f25a,scan_history_opt_in,2026-08-25T11:57:26,web
4ac5c2a9-68d2-441c-a400-d9bede93a4a3,9b0df31cee537af4d8c2067aececcfc5,data_processing,2026-05-20T15:38:44,whatsapp
79b86ba0-0906-4aa9-8d98-930e80d0ee2b,b8ba11d6f93ae71e1a75c851cc399b1e,scan_history_opt_in,2026-08-19T13:06:27,whatsapp
f1183546-b941-4257-bf7f-f6e9f34bf6b0,6e0dfc50dd42ca853f27fd2f521c9c99,scan_history_opt_in,2026-07-20T15:45:09,whatsapp
37e908f8-d2bf-4809-b97e-8044ff86e03a,fac32cf636dabeb3d130d11e4495d3ca,scan_history_opt_in,2026-09-09T14:30:26,whatsapp
857d0137-5bab-4f2f-b8db-9a9ab1e832b1,2aeda81096b7d386a789dbf5e199dd97,scan_history_opt_in,2026-06-01T08:32:29,whatsapp
8d354e5e-a8bd-44b2-8d6a-71d148712645,99fe2b0c30af9e18ce02f94e4ce05a1d,scan_history_opt_in,2026-06-07T11:47:32,web
e4556d27-4bd4-447b-8c8f-7512dbd511dc,0483cb9e72c7db63fe56aa9bddede66c,data_processing,2026-03-24T11:46:05,whatsapp
9035df73-e07a-40a4-90b1-da78115cd8b6,5e61ae1be8fc729c11dbe83cfecd7083,location_opt_in,2026-03-24T09:27:08,web
bef2eef4-33bf-4fda-9976-a47a70990925,157a45a9a68de460185e43a7499460d2,data_processing,2026-03-24T19:57:11,whatsapp
cee87273-99c2-40fe-824a-2b205c69179a,462af632c41b576abcb1b654ef130050,data_processing,2026-06-20T18:42:10,web
b1c49625-5860-4b29-b1f6-60e77fdfa630,483622ee6f819e8c7763628a6904eab4,scan_history_opt_in,2026-05-28T06:42:39,whatsapp
1f495289-150f-4e12-9a65-725cd46b4f4e,908b6da31bddbf99118552fc1eb5ae52,location_opt_in,2026-05-13T12:59:37,whatsapp
7151ce43-845e-4034-8ec0-4cd5ac95b9a4,40d056b6e94c62be782266cbb424786a,data_processing,2026-06-30T02:19:49,whatsapp
fb77b779-d734-4109-9d28-da86f07395df,8346d887a0ef8d0c646225938a653c51,scan_history_opt_in,2026-08-29T09:18:53,web
18fdf5dc-afe6-41f8-8875-0788f409fe32,fa1e671d5d93c8ffbd1239c205d01d7f,data_processing,2026-04-20T00:13:01,web
ae38a198-2302-42dc-84bc-2a40c77c252e,91dd68490b675992937c3ea5b9f0df17,data_processing,2026-03-24T10:00:39,whatsapp
437f038c-ca7b-4335-b144-3cc9e7a08bef,34cdb39b0aedb8a91802b99b6e89750b,data_processing,2026-04-01T13:13:08,whatsapp
523903b2-6340-4731-83b2-19da3c4ff0a0,5490ce79aef80924bfc04a111804ea9b,scan_history_opt_in,2026-06-12T17:04:37,whatsapp
a410683c-fc8d-495a-9b2f-6d4b28dd9121,65d941a45d8ed102506d6f687517a24b,data_processing,2026-06-29T00:49:47,web
a56a535f-a6ae-45e7-8438-d65321dd5156,7cf90616b56cdab53595f5c346262281,data_processing,2026-06-08T11:37:17,whatsapp
62c5a7d9-ac61-4c72-91f6-db31a0d0af7f,82eccaf55391b3673e58b4feb297a1ec,data_processing,2026-05-28T10:33:06,web
f241ac04-5163-4f33-942c-26a1c1d6d3b4,1c1913863b4dc116ac621878c74df9c2,data_processing,2026-05-02T16:24:22,web
23ad63be-1ee6-4a89-afeb-eb18573488f1,b193abbe84d4690ebdbd4b66e8a0898d,scan_history_opt_in,2026-09-12T05:22:58,whatsapp
e633590f-72b3-42d0-a000-b854e20f69c4,d23c6bd8c12d1ebaa286d19680cc4f76,scan_history_opt_in,2026-08-16T12:19:47,web
46635dc5-ed6b-45f7-aeca-ff1cdffd8cc9,4b2821cb7f2f623fb9797d46c6b22770,data_processing,2026-08-12T21:53:15,whatsapp
0f61c0e3-8300-407f-9a2a-efdcf14cb8a6,7be177c7f14383bcc64310c783a565b6,scan_history_opt_in,2026-08-27T18:07:40,web
58cc98df-6065-4427-a3a3-f087a78aba50,7e2af74d80aaaf998a9fa2b80c523904,location_opt_in,2026-08-12T11:41:03,whatsapp
f7bbbd98-ba92-4c7a-9783-1b4a0fbffeaa,4863cff32b87eeab859fa3b298b48729,scan_history_opt_in,2026-04-11T07:31:32,whatsapp
59cd6aff-9a81-4956-9c4b-152f0592a264,16252ad45c48a523ff128a110a503175,data_processing,2026-05-09T15:50:38,whatsapp
8a6bd477-0e5d-468a-9f43-b3d846f4c4d1,77ea324466466e71d277cee13c22bad4,data_processing,2026-04-06T16:06:11,whatsapp
ed3d02b1-7e28-4996-84c9-5cf2e27454cd,54a24eb0f4ff4797d6baa66a4022bf2d,scan_history_opt_in,2026-04-07T14:54:34,whatsapp
c5d223e6-7041-4627-89ac-c054c6308a80,1845939bc85fa846a5bb52751c749375,scan_history_opt_in,2026-06-03T09:28:26,whatsapp
4bb1683b-0246-4b33-a8f4-046f4f6c4b99,32afb8631d47d27da747cafcce08ae02,location_opt_in,2026-05-26T15:43:05,whatsapp
29aa0dae-35fb-4829-91c1-0c1d1fe3f06f,5ba56a24d28ad1eeb28b91587c0edd55,data_processing,2026-04-03T16:27:18,whatsapp
d63d364e-9f61-4815-a453-0f0f273bd28a,b2a624489235d008c5cec2dea41fe75b,scan_history_opt_in,2026-06-30T12:14:09,whatsapp
3b769f03-b609-44bd-a661-fc8369b004a1,e760e371bf857350b572e58a3c136e2c,data_processing,2026-06-15T16:49:58,whatsapp
d8875aad-3852-4745-9e95-a32e690f09fe,04bf35d80f632dcdb2474a915f1b9eb2,location_opt_in,2026-05-16T15:47:58,whatsapp
c8d4311a-0760-47fd-9db0-2e41b709b5f7,de413d7b65822b86e2e7a31169b1f826,location_opt_in,2026-09-17T15:19:04,web
a3f3e631-10f2-4c5e-8559-019cf48392b9,2dfe9075bd9b10bdcce982cb937a95c0,scan_history_opt_in,2026-05-22T14:53:09,whatsapp
a396e5b6-7b0b-421a-9299-52468fa805f8,7afd61b9dc535d5d3ad9582b4c17fa74,data_processing,2026-05-30T12:03:13,web
d6d52ab0-f251-4a8a-be56-91ce6d72c633,f4ccd7cea3179ed238611cf7f0cf477d,data_processing,2026-04-16T17:03:02,whatsapp
58e213d0-b414-406e-ba12-f100e0319038,39f12e5a85cb1d9de43542f22bf882b0,data_processing,2026-05-01T17:51:52,whatsapp
464b790d-cf8f-4d3a-81b7-3c0d4dd089ba,b1b0e288dc5a6d2ec813ce22759f4c7b,data_processing,2026-09-05T18:27:55,web
37cce8dc-10ba-4e14-a86f-fba8e81e997b,3da179459d69375987fed6340372eca2,data_processing,2026-09-16T16:01:58,whatsapp
cb64fafa-3180-4ee7-bfab-70f60bcffc64,d818ca542acf9ad60ab778d76c55113f,data_processing,2026-09-12T14:33:55,web
8ddae768-50b2-4e06-8749-5371070cb02a,949ccced550f5bbe65f5cbca4d1e5210,data_processing,2026-05-18T16:14:59,web
cd1935a0-8dc1-471a-96ba-1087e26c16eb,62bab6f4a749fb551d5d071a9221df30,data_processing,2026-04-08T17:11:30,web
da933453-49ca-4371-b0b3-dc10a772887b,fa51014f904525e1c4a444c4004ad2ac,location_opt_in,2026-06-22T19:19:59,whatsapp
d4d497b6-c205-48dd-84d2-4b8b3b0b132b,6b6abd5bc8f438b38f2b2be1b564be3a,data_processing,2026-04-21T09:49:27,whatsapp
193253c4-0edd-44d4-af31-266be734fd01,3ae1dd4ec273bb700f1b682c1a28ba9e,location_opt_in,2026-06-10T10:44:38,whatsapp
dd435696-a4ae-45a3-9831-b9d21187523a,29a6aeceab4f21122ee4b683baa86c00,scan_history_opt_in,2026-04-05T15:00:47,web
c484f7bd-30c6-413a-ad93-42d65d08dd3b,3c35adaedb31087ea86630eb60c9795e,location_opt_in,2026-03-29T09:22:07,web
fcae6c0e-3801-4d60-a1b1-ba7f4ebd2bee,eb979364220239a113b7d5bfeb04b4b3,scan_history_opt_in,2026-07-26T20:30:47,whatsapp
002bb6dc-bd7d-4663-8e9d-7bfc916d7d9b,1c6bd8689f024cccd50ab8cafbbac05f,data_processing,2026-03-30T08:21:23,web
c79faf70-3974-49a3-b57b-adbb993c3adc,d08c7b2725e3d6b0cc6cab45fa61cee3,scan_history_opt_in,2026-09-15T08:46:21,whatsapp
a7f604b9-45fb-4760-881f-35ab847d95ab,ac0d81e492dc39d2234dd8a9a66d1991,scan_history_opt_in,2026-03-23T17:33:28,whatsapp
afec1b3c-0e57-4b9c-9dde-5af2c249b205,61e72917bc7b65216314a9525c2fa262,data_processing,2026-03-28T19:53:03,web
0a500ce8-adae-47d8-be83-46c4ebcc1565,240c9e5009b9e9f64d2f64686513cf18,data_processing,2026-09-09T12:18:38,whatsapp
98443e54-a518-45ba-8569-94d2c09e55b7,0241c4cd6f8ba41c0e5a62210fd64563,data_processing,2026-04-04T11:38:03,web
d16d4628-98ec-4108-98b3-be82952f4e45,ecb5e37a2caa5d6ab7da092bed0dc1eb,location_opt_in,2026-07-11T09:52:06,whatsapp
929a5fea-da2c-4dda-b84d-7f72fc479a57,b7c1f17ea3e9f7a75f21dae9577144af,data_processing,2026-08-15T10:17:33,web
8999dc7d-93b9-452d-9575-cd66901165b4,c9c9d456fcf3473d6d4349e5f5fe8a36,data_processing,2026-08-09T14:22:11,web
31b5d74d-1e6d-4f7d-8e84-b3827d7bf88d,61fb18a7f143aea65c76d71ecd962008,data_processing,2026-04-08T15:23:36,web
9d86dcf3-350b-4283-9350-5eafbb854270,0b047ccab86f5baf73c188fd41ba606a,location_opt_in,2026-09-05T05:39:15,web
6c19f4a3-b9e0-4937-9c43-883be04aa3e4,b49e5ecc855dcc64529195cb77bd24fe,scan_history_opt_in,2026-06-20T16:05:08,whatsapp
4765bb18-6d04-43e9-bf26-68911ab60e5e,3fbee9e76a079e483979fae2d3e868b5,data_processing,2026-07-21T15:06:05,whatsapp
a28eeff6-c987-4f17-896b-ed8bd6819053,fe17dcebb76c9f73ec6e5d7a8a2543a6,location_opt_in,2026-05-11T13:26:53,whatsapp
a725bb33-2aa4-4b4a-b874-fc8977e9ac02,b3482de29effe7664b54d269bbf5bce5,scan_history_opt_in,2026-07-31T22:56:28,whatsapp
e2a45f13-f6cb-4ef4-9fa1-a9e105ec75fa,d3909eb779349b6eb0e398c0493a65be,location_opt_in,2026-09-15T11:51:51,web
8d7880f2-75f1-4193-883b-45b4633ee9d8,ed41c01b277a44b044763460667d35dc,data_processing,2026-07-02T17:29:55,whatsapp
e2e82771-2553-4703-834e-0de4b0ddc1f8,85a9c272709d253dbcfbaa7133a119d4,scan_history_opt_in,2026-08-15T11:37:29,web
60c5c402-83a8-4c17-b537-ee4066342a2f,0fd63effb46a83462725961bc407dfea,data_processing,2026-06-06T09:47:16,whatsapp
e284d769-68e3-4fe9-bb01-744813f22116,d0c09c200454c7aec609aea76a8b79b2,scan_history_opt_in,2026-04-15T17:26:46,whatsapp
a8d9d377-579a-4aa4-bea4-e534e6c3bb13,9f60129044196f59959e89d33c6e02b6,data_processing,2026-06-29T14:06:13,whatsapp
8361dab6-0bd4-4c9d-9c14-32225cfbaaee,186d78c0ada5120a5f87f53c14510537,scan_history_opt_in,2026-03-27T18:08:40,whatsapp
73b78abd-da1e-475d-acf3-5337a76f2752,e760e371bf857350b572e58a3c136e2c,data_processing,2026-03-31T23:12:38,whatsapp
c8c1e278-a9d8-424c-b889-ce0cbbc311ff,cfb0fafcdbc9766b8b37afd2d04cc631,scan_history_opt_in,2026-09-01T17:16:42,whatsapp
dc832b2c-c86b-4607-b17e-8651e686e362,8169e784ed08c5ddf167dee200881fad,data_processing,2026-08-17T20:46:07,web
d92d1a5b-fcbd-4d94-bb9f-79255a425344,22e1f4fb57e81e9f08a2b666fc3dfa5c,data_processing,2026-06-23T11:42:45,web
189b2446-1996-4dc6-a73b-2caf84cdb116,abe159f481875b2d3f6c7c01f93c4d16,data_processing,2026-08-28T18:21:32,whatsapp
b794c13a-ae18-4ae7-8970-a7290c337191,2b7e0fa784497dc5c79aaa527d3f0251,data_processing,2026-05-28T10:10:04,whatsapp
892627a2-505f-4617-a58e-816b33d0fc91,994caaafe1b2c71dad8bc020adc4e676,data_processing,2026-08-27T09:46:32,whatsapp
3c2ee97b-7da6-4aa0-a858-7766ca9d20f4,a7810851c25d9f45e7f60836023daecf,data_processing,2026-03-27T11:08:12,whatsapp
0953e205-ad8a-48e8-9716-3b3c1d5a5f9a,392b1652d1903b1613f78fa9c2572595,scan_history_opt_in,2026-05-13T21:49:42,whatsapp
253a7756-9161-41a7-a156-4787d9a9870c,fb2c28c417fbedfa5b530cf67aac16f6,scan_history_opt_in,2026-07-28T19:39:11,whatsapp
e8614c5f-f00d-472c-93d0-2c48cae1f11e,d4607e4fb742b22ef464cd56036754e7,scan_history_opt_in,2026-08-23T20:41:01,web
4902fc34-957d-4b52-b0a5-2ef45d9ad05d,37d79e674f858bf66ff520f524c87ca0,data_processing,2026-09-06T18:08:18,web
9336fa61-580e-4d83-88f0-7c564140e914,1594ea7631b1bb753462e9bd21ec1a21,scan_history_opt_in,2026-03-24T12:51:30,web
e6364d8a-5f1c-422e-b65d-335adcbf5232,6a9fbab990e74e24e7b1fb05453651eb,data_processing,2026-05-27T15:18:20,whatsapp
14ff99fa-bb60-4d9d-92e3-d590b838a025,1a8cefc94b425587e6dd0e51c92a5394,data_processing,2026-03-26T12:32:41,whatsapp
31483021-4b54-40ff-9647-acddb34196ff,d23c6bd8c12d1ebaa286d19680cc4f76,data_processing,2026-03-24T16:34:08,whatsapp
3b89a610-7fbf-46d1-82a2-13fff2a1e756,31f978bd460eac3fa3cab2d712c4be15,location_opt_in,2026-05-17T14:54:27,whatsapp
6e5c3e91-f554-4e5c-a1cf-554b350b5f74,113e49659651f6dc4e6c431d0ec62500,data_processing,2026-03-30T11:47:09,whatsapp
3d02a279-e5ae-45c8-8560-cb0a29607abe,7187d84eb47f5d50e560b7c312e39e30,data_processing,2026-07-01T15:27:42,whatsapp
c58035b2-3ba7-4ce5-b5bb-059d4fc77b2b,b25bc15a6c7c98cab0c6568c000f442e,data_processing,2026-07-19T11:28:51,whatsapp
828c0630-84b0-4d34-b700-3561f50a3237,29a6aeceab4f21122ee4b683baa86c00,location_opt_in,2026-08-15T16:26:59,web
a90e757d-4866-4741-ae1d-a77208137887,e2948eae13ff2a085e7cf49396d94065,location_opt_in,2026-06-23T18:49:35,whatsapp
706ec925-80cc-4dee-b027-11bf16e07222,b799dbdb73106f8607a8894981477a50,scan_history_opt_in,2026-09-15T10:00:25,web
d72d4cd5-6607-45c9-972d-1ef6e1ff9cc5,17025158743298835fc29a66b8eb2a9f,scan_history_opt_in,2026-08-07T09:51:04,web
5ae797f6-48e3-4a33-9c2a-84073cd41382,23f562c4e81ca216278e0b82a02c1044,data_processing,2026-05-10T12:01:01,web
aba91390-59ef-4257-be6b-6256ec543fe1,14d04584460d513f4bcec9a4b7ce089e,scan_history_opt_in,2026-05-14T16:18:18,whatsapp
73bdb501-661e-4c19-8b48-096453296409,5ba56a24d28ad1eeb28b91587c0edd55,data_processing,2026-05-06T07:15:13,whatsapp
de3d4941-a68b-4c88-a420-1fb852bc4e32,31b01a471cbad16d7bd1e554359616af,scan_history_opt_in,2026-08-20T17:49:30,web
1cb876a8-49af-4f76-a89a-f3ca1f6abbbf,19fd641fc3cc964aab475b1c4fbded11,scan_history_opt_in,2026-05-29T10:40:18,whatsapp
f7ac3ad2-3258-422a-a782-27d23b8dc911,74b71d58c4acfc8f0b877a75865da2e2,data_processing,2026-07-10T13:11:35,whatsapp
2f22b51e-7788-4f27-93e5-b04ef55115e8,10314881e318cd1901d3807608ca7d36,scan_history_opt_in,2026-04-26T18:29:48,web
de9dbbc1-b194-419e-8c33-727296e434e9,b3482de29effe7664b54d269bbf5bce5,data_processing,2026-06-16T23:57:08,web
47b33a65-7ca6-4608-b6fc-3829156dcba9,82207dabad9c6d84d6c4a91f97bdcb08,scan_history_opt_in,2026-04-07T09:00:39,whatsapp
d8f03f0e-917f-4ab0-abf9-1c7ec40ab9de,7b96a4b316f8b719d096631732c1557a,data_processing,2026-08-31T19:18:32,whatsapp
b9b85c78-0264-4b90-99a4-79e987bb6b90,586ca100736246ff5f795ed770afe63e,location_opt_in,2026-08-22T11:07:59,web
6c3b1359-b8e5-4031-a73a-c832bdaac059,9b76aec511d995e99f56812ae4a02186,scan_history_opt_in,2026-04-16T07:43:33,web
94eca4b3-597d-435d-b9a0-7edca760affa,cec7eadcf6028bf6f00e10e68f3997a9,scan_history_opt_in,2026-04-30T17:59:29,web
5555cc8f-1f2d-403c-8791-81dd9c11fdac,2cec99df55cc9889d4ce2e77ceb1a30a,data_processing,2026-07-03T18:20:03,web
2c8db912-9ba1-4d93-9c60-2e4c1eb0f99a,bf705cb899c0e527888d2c78c6e5f5f2,scan_history_opt_in,2026-06-18T15:31:42,web
dc5ebb17-91a4-4e5b-aa4e-a6140b6bd695,a442497e1ccf246c64f351db5fc9227b,data_processing,2026-08-01T16:30:16,whatsapp
f350783f-51c6-4dc0-bda6-47d2254b5ca1,a54175666837a1dde81125731f3b520f,data_processing,2026-05-08T17:05:02,whatsapp
162b9ad6-32f5-45a7-9d80-6ed548d07845,1b0d52e5694bdef72c362b939ccb065d,data_processing,2026-06-15T18:50:35,whatsapp
7dbe77b0-eeed-4663-9ce8-29c70112a705,89b85af583efcb75251dfb2cac9a56f6,location_opt_in,2026-07-01T17:16:14,web
3fa36924-bb47-48af-8f76-973bde398cf3,ea160c30cc6bbb62a42f2a0e6a11e82a,scan_history_opt_in,2026-04-29T11:12:56,whatsapp
4c8e7833-15ae-4f9c-af7d-1ab63f5c3317,f993a056247e066e9d9c0f054219b3e9,scan_history_opt_in,2026-06-07T17:22:35,web
f26b0f87-818f-4b6c-83b6-bb422882f8c4,610bc80aed8e3b45b220d41d4a1f4e24,data_processing,2026-07-25T15:32:17,whatsapp
86070d57-e7c5-4579-a910-52ca013528e4,2a05bac554a819e50bbfd469e0f0e3a9,data_processing,2026-05-29T06:24:11,whatsapp
17f25766-747f-47d2-b101-3283f91d4e37,b4dfe251f9ce2516074084cafdcaeb46,scan_history_opt_in,2026-05-04T06:12:52,whatsapp
efdd1778-b527-4163-ab84-e5b124d91b85,3258f4356acb1582d19f8704fc6983ae,scan_history_opt_in,2026-06-27T19:37:57,whatsapp
5f7ffbfd-6170-488d-a326-d417eaa59ad6,1a6e064b6943d04950102e0ef5ea6186,data_processing,2026-05-04T14:38:41,web
aadf5ab5-448e-41be-9923-6e9b8a87a80e,d508869c6ad8d7cf1a5d8524ab0e19d8,data_processing,2026-07-29T07:16:34,whatsapp
f29d47f4-0225-45d8-b0b8-76a786a88bce,a0fdb2b0d6a3ccc14ed8cea5e31ac9c6,data_processing,2026-08-11T07:56:23,web
dd3b4a87-9856-4a89-9ae8-ad77c98c5e8c,22722a3ee3f58878e9295f1e0bbe95af,data_processing,2026-09-18T11:50:49,whatsapp
eb8f4f21-e839-468e-9ef1-f23d2630af8e,89cc3eeb5ed0c1b80cc0f7ada23b8b5c,scan_history_opt_in,2026-07-01T08:59:11,whatsapp
aa3e04d0-2762-4dc7-b073-4e6f7d77e16e,44700648e7fff9c598c807ffc4666bc0,data_processing,2026-07-01T13:21:43,whatsapp
59d7edd9-4f46-41e7-9048-4453ddb115a4,d7c7b39b82e258763087f9b37b7b3ed6,location_opt_in,2026-09-03T08:02:58,whatsapp
5d2d927a-45fd-4822-839d-96892b93885d,fc4bae7c7265f4a397d2737650325ec0,data_processing,2026-09-12T19:11:27,web
76a4fc76-4a28-4df1-9e14-393ee9c9e3cf,22e1f4fb57e81e9f08a2b666fc3dfa5c,data_processing,2026-06-10T11:21:49,whatsapp
da578861-986f-4dff-a655-187dc69e9593,224e97e86efbfd570ce27fff3250c789,data_processing,2026-05-19T06:58:24,whatsapp
d82fc175-6635-498f-8b10-d04a2ac12ae5,da982b4e7734e5ff29403e7bfa096ee4,scan_history_opt_in,2026-04-29T22:02:07,whatsapp
d6d5e800-0e5f-4c8c-9b89-93ff94cc6e20,9cca73b0b9c62557ceb3065b5ca1a478,data_processing,2026-06-18T10:24:04,whatsapp
f62d2dad-9a2c-4d34-9c0d-240b50beb5fa,238e2290480e0fb4f11cdbe9daec0475,data_processing,2026-05-30T14:42:04,whatsapp
75e2c293-96a9-4340-a341-8afa75a80a56,fa3ab4df44d4cba5afb5b50679b863e9,data_processing,2026-03-31T17:33:34,whatsapp
0fe500d5-cbcf-4360-9f69-b03e7eab73c9,c6136a70d91e7de46b190e694eabc2c3,data_processing,2026-09-16T20:49:38,whatsapp
ec0428a7-0056-4055-b635-91066d065344,3304b1c0a3831b62697cacc6746e4936,data_processing,2026-07-04T12:51:47,whatsapp
9577101b-3101-4312-9d4e-bf3d2e421375,f0685b69d8e319c2d990862ea3fac4db,scan_history_opt_in,2026-05-21T13:13:30,whatsapp
f1e703d0-f32b-4441-8ef0-abd51b04cf16,03e3e0f8edd763acdfbb8c8b2a121604,data_processing,2026-08-05T22:38:37,whatsapp
c4f08723-d49e-464d-acc9-3314d2b928ca,72b7aea84873e87d1c8a377b540ea97e,scan_history_opt_in,2026-08-25T12:55:05,web
596aacbb-1712-485b-8e09-87dceb8e76c2,c40cdc625a028102336ef0a97e24c66a,data_processing,2026-06-07T13:58:30,whatsapp
fd6564fa-1cd7-44e0-aa62-0e6ee4445cfc,83c449d42fb3001ba215cb4a845a6a80,data_processing,2026-07-10T12:01:42,web
c8a979d6-785c-455a-b2b3-fe06218df2d5,91b9ae02a3b353e13591de7813e3986e,scan_history_opt_in,2026-04-19T09:41:40,whatsapp
8609d10d-c5d3-4ae1-b8c4-288618857bd6,36584deb4075c3dc06d9bc97e18a8046,data_processing,2026-07-12T03:01:04,whatsapp
736a1519-6727-4c8a-82e6-2933e3478cb0,3ea99ba0ef2a73fe51ef8d943d16d546,data_processing,2026-09-03T16:47:50,web
72a092d9-2603-48e8-a2be-31eaade2f8fa,d9932925d41126329071b06a64e2e124,data_processing,2026-08-04T16:00:04,web
2a9a365c-f381-49cf-9bbf-bb2bdbd5e9b7,549f3dac7ca32a668957500f60f8b01e,data_processing,2026-03-29T17:14:31,whatsapp
cce0425a-85ef-4b4a-8b31-dcca9a9db639,b82a639d503abc14376c53cf149142c7,data_processing,2026-05-17T04:39:39,web
c8390c0e-f400-40ae-ace6-9b1df8a27878,5c72178a93f946de4bbdcd7cac8e1def,data_processing,2026-06-27T19:10:50,whatsapp
33b1dbce-d1fc-48f1-8c71-44569728327d,abeaf2f79c3c9303d2f0068d2fc7aff8,data_processing,2026-04-19T19:01:07,web
4b3f7759-cd41-4025-8293-672ff629296a,6c12f4f38e4345a672e70b0ad2ff24dd,location_opt_in,2026-09-03T13:12:26,whatsapp
654f77cd-761e-43a5-adc1-4422ba7cb9d7,e0898db25dbdc1ce96632f8562fcdad5,data_processing,2026-09-16T07:21:18,whatsapp
13a2b59d-7045-40b5-afac-b73a48af2b7f,e06cedf6bee57050591b5e0b532cb90f,scan_history_opt_in,2026-07-14T14:07:09,whatsapp
a94efee7-d454-4380-9582-f6e9453e3084,7b0250165b4f4f45c735ec00c6b2268b,data_processing,2026-09-18T10:06:10,web
6f065f4a-4c27-4c94-b95e-de128af75ee8,3fbee9e76a079e483979fae2d3e868b5,data_processing,2026-03-25T19:33:11,whatsapp
5f47b482-0089-44b7-8212-699e992fd67a,fe17dcebb76c9f73ec6e5d7a8a2543a6,data_processing,2026-09-05T18:58:15,web
2e86e801-5615-4978-b2a2-0734f2bc8b02,d37d4a1e602b74af5f8fc0b31c82b5ae,data_processing,2026-04-06T02:49:27,whatsapp
ac4e3d79-e783-4c9c-b124-310f78f6f49b,fc4b7d78bfaa13e0d53f009be3f868e7,data_processing,2026-06-24T14:03:22,whatsapp
ff7e36ba-2305-4f5a-be4f-f632a4d8da90,f85c082673c51b8f4efa235854d69ff5,scan_history_opt_in,2026-07-31T11:45:12,web
f78f937c-7668-414d-9e22-5d27516f4cce,44fc6b04f1a2b0fbd80d741bd2522b93,data_processing,2026-08-24T08:43:46,web
40e34f3b-29bf-4c05-b402-f15ea785214c,0a611ccf0f22dd6cee607657e549fe1e,data_processing,2026-06-17T07:39:23,whatsapp
6088b2aa-5732-4e19-a692-de8b444c32a1,13cb8b8539b0395964d8b0df7c91f489,data_processing,2026-06-22T15:24:38,whatsapp
83da6eb4-a61d-4d75-b344-1ec0545dc6b2,9ebb4cbbfd315ef7ac697b314fe859a2,data_processing,2026-05-04T11:44:45,web
12ac9a9c-98e8-462a-99ee-e3a83d2ce5de,bf227d364194121f1608ceb29a82bd93,scan_history_opt_in,2026-05-01T16:40:38,whatsapp
96c048b8-8f31-4a53-99ee-7ae6629e4469,5cb1e3b36b58f656c478b7b03417223a,data_processing,2026-09-10T14:26:06,web
7295e57b-1385-47d5-ab66-e2eb3e458ad6,9391d0b154f45721b95ea3653302253f,data_processing,2026-08-09T16:22:32,web
73393a07-b237-4526-b120-b591b93100a0,3bf552a78e5065407a530d828e76c098,scan_history_opt_in,2026-09-03T12:57:08,whatsapp
9167ca4d-533e-4199-82b8-47e7f59f8993,91f0096b764e346f3a47ce71d568c771,scan_history_opt_in,2026-04-08T21:33:10,whatsapp
3f6a5b0b-7e26-4e5a-91dd-5012c1760e8a,79319c435eb408cb33a00d2b69ccb31d,data_processing,2026-09-02T17:25:35,web
0c096c2c-fca4-4929-bd51-e815385bb871,e2a5a437498a55e965afb54039eeb38b,data_processing,2026-08-08T10:33:41,web
2478a00e-0279-417c-8c9d-e158271e6894,5c72178a93f946de4bbdcd7cac8e1def,scan_history_opt_in,2026-09-12T14:30:27,whatsapp
77a23cb0-30d9-4ace-a639-c8276e3b78ef,7be177c7f14383bcc64310c783a565b6,scan_history_opt_in,2026-07-29T16:29:06,whatsapp
9e41dfec-49df-4fba-90ef-5008c18597f5,1caf8abd025b9be9f5cb599840df7fd8,scan_history_opt_in,2026-07-04T04:14:08,whatsapp
a4044fd3-a197-4ed4-8c42-ee0e8d46e82a,459d3ebe992e59493c81b007ca7e454f,data_processing,2026-07-06T09:39:38,web
02be470c-2fd0-4420-a937-cbd514767a67,298bfde6c01faba6b77bc14c0747eaf4,scan_history_opt_in,2026-08-16T17:03:18,whatsapp
a89b6b0f-0ab9-4595-89c2-e8c9228ddbda,9e3d41ec4af650dd232dd96ecb677404,location_opt_in,2026-07-22T22:01:01,web
3d1fe47f-034a-45da-8030-c906b95119f4,6d123eed17826a118a30324980ded0a6,scan_history_opt_in,2026-03-22T12:39:27,web
41704b43-52d7-445e-bd6f-c64df3ee78cc,e37f4ae6a39bea046baa6ff71f5ef6b8,data_processing,2026-04-28T17:22:34,whatsapp
4b63e97b-d70a-498e-9d52-965935d30055,b761718c3d661fc41490a9fa9e616fb5,data_processing,2026-08-24T10:00:08,whatsapp
ed909644-749c-4d1d-838e-fbe1476e083b,f1ed99ee41be35838f618fb31fe3aca8,data_processing,2026-09-04T15:32:56,web
215cb8cd-2b24-406c-b83a-c0a30c98c7cf,e90b0a0351cced8bacfdb51951c67895,data_processing,2026-08-06T12:33:54,web
e2b07e2d-5839-42bc-9a57-8f869d1a6a65,d4918b28f55161f582fcf03342020118,data_processing,2026-07-10T10:06:13,web
96a4df6a-2942-4f4b-8ead-5e0443ff38ff,c898496a9f9e07581414ec1ed327c68c,location_opt_in,2026-09-12T09:16:11,web
69dbb5cc-c0bb-4b94-932b-7ace8cfcad30,e9f42cbd5603c1cf32851de8ed933c1b,location_opt_in,2026-07-02T10:45:01,whatsapp
b18e7549-fc94-4a7b-8035-427c177ed637,ebcac0cd8c7b43870c4bcefabcb59aea,data_processing,2026-08-21T07:18:35,whatsapp
3f94f6d3-600c-450c-a729-19fe8b85e5d6,1c695117f7c96aaf6078dadff02115f9,scan_history_opt_in,2026-06-18T18:45:09,web
adb2e37c-154a-43c0-81fc-5323dca44b55,b1ef10494e100a89cf489304ba66e57f,scan_history_opt_in,2026-09-10T16:14:38,web
3e2863ac-2b16-468f-92cd-ffeadd71ef3c,e90b0a0351cced8bacfdb51951c67895,data_processing,2026-03-23T14:14:48,web
8e6bb4b2-4264-45fc-b9f0-0a1de50cd86b,54dff64107cdd5afeab1cc593097897d,scan_history_opt_in,2026-08-23T13:13:27,web
cb2e8859-808e-4a95-8c5d-427ac630c420,23fbef1f8c1a25f9c1590478509db936,scan_history_opt_in,2026-04-25T13:42:41,web
d4acd21d-6c1f-4dd0-aa22-6171f089a3d0,12f165920e7d63e532fe924c9453f3eb,data_processing,2026-07-20T15:36:27,web
1cf52a7d-52f3-47d3-b794-c5e61271fb03,02ad964ef49ace88a179ebdf40224b54,data_processing,2026-06-12T14:07:51,whatsapp
38faf1a4-bebc-4fce-a9a9-d19b41a91518,54dff64107cdd5afeab1cc593097897d,data_processing,2026-09-06T17:11:52,whatsapp
4160774f-7a8c-45c5-8e28-8ec46743bd08,4863cff32b87eeab859fa3b298b48729,location_opt_in,2026-04-25T14:57:52,whatsapp
e70ac982-eb8a-4c61-a9b9-8825c2a62009,2ccdbd9e8df2acb5963ffd49016dfb89,scan_history_opt_in,2026-07-31T09:39:14,whatsapp
5d532258-7f04-4fe5-8248-fd56c04a689f,0415307c9b472fd75fdc31e1ec5c9aaa,scan_history_opt_in,2026-08-19T11:32:11,whatsapp
0de3955c-cdac-4b63-98b3-f830b1bf64da,1cbe513403ca6eb390d2b3c8dcacacd3,data_processing,2026-08-04T18:09:53,web
530aed5a-ae3f-4f9a-a31c-8091d16af915,d508869c6ad8d7cf1a5d8524ab0e19d8,data_processing,2026-04-12T10:42:16,whatsapp
d130c1e1-3abf-4a56-b87b-8db0e81c96f7,b17eb18b56b3e7410fc734243383a8fa,scan_history_opt_in,2026-07-11T12:43:45,whatsapp
8e86ea6a-547c-4634-ad58-c81056e19379,99fe2b0c30af9e18ce02f94e4ce05a1d,data_processing,2026-08-07T11:03:39,web
f56554f1-4506-4e4e-b3a1-d7afcbb2d927,2cb12e008cf79168c46832f1b39c2915,data_processing,2026-04-23T21:04:36,web
f0b3d478-accb-4d09-83b1-f7c972098b41,051e75712c8f911fde6c2461aa7def6e,scan_history_opt_in,2026-04-30T15:39:08,whatsapp
8eedfc00-c260-48c3-9509-bf0722c76ded,3d9fe8d96bf83ed42dbfae390cc9ebef,scan_history_opt_in,2026-03-23T17:08:26,web
40faffef-9f13-46f5-8f01-36e51d69267f,4863cff32b87eeab859fa3b298b48729,data_processing,2026-04-27T20:23:49,whatsapp
93d2aefc-eb27-49f1-9050-7b62e5eeaa7c,3bf552a78e5065407a530d828e76c098,scan_history_opt_in,2026-08-08T00:47:09,whatsapp
3f62e0c0-09d5-469b-8031-e2aec38354d4,5f7ad61fbc5c2a25ffd6799ed91c81b5,scan_history_opt_in,2026-03-22T12:56:44,whatsapp
deeb031b-f29a-4de9-8d1a-ca6d0edb8b63,46f050407b3ccdb770072b7d9d85fcbe,location_opt_in,2026-05-16T17:43:33,web
99f87d7e-5e55-4b67-86f1-3339a074b01b,a1c52ea90fe0e5f68507453466008e33,data_processing,2026-06-04T17:08:56,web
037c0932-c92c-4e9a-8c83-41fc5fe95893,34cdb39b0aedb8a91802b99b6e89750b,scan_history_opt_in,2026-05-14T17:14:20,web
894c3456-218a-44b1-b99d-6562722c7463,0b047ccab86f5baf73c188fd41ba606a,data_processing,2026-08-18T16:17:49,web
c78182b0-e4f5-4281-b40c-5935314c8cf4,9d073b8df27f8804112c2f01d4fac738,scan_history_opt_in,2026-06-13T16:08:19,web
808839fc-5bf6-4683-8b9d-8a7809b39ab7,32496cf30db2ca423a7f954d40fb4b50,data_processing,2026-06-17T12:14:44,whatsapp
5233e81e-5e70-476c-bc0a-91a32297e7b0,b7c1f17ea3e9f7a75f21dae9577144af,data_processing,2026-05-03T13:23:15,whatsapp
10956f13-5132-4bfa-b6c8-ee878bc94b3b,f1278304b1a4cebff53019a4ef7a15bb,data_processing,2026-07-15T12:51:15,whatsapp
e59d4d20-4a99-43d3-a2b9-d71f7e9e6ee0,197f4e819ff21c67b0f668f563155e35,location_opt_in,2026-08-29T18:50:02,web
27046142-52c4-4f0c-a70e-0a42d485ae59,fa3ab4df44d4cba5afb5b50679b863e9,location_opt_in,2026-05-11T00:51:30,web
862b25c6-6a94-42a7-aaea-7b53778a6284,48c3169b9b11dd91440f3fcb41781f47,data_processing,2026-09-12T08:56:17,whatsapp
0762bab3-3605-40e7-ab5c-2b74019c7151,3304b1c0a3831b62697cacc6746e4936,location_opt_in,2026-09-14T18:34:43,whatsapp
4b741182-db2e-405c-9648-8d8602ecaaf8,a4052c36d740422a581e65c668755a75,location_opt_in,2026-05-13T00:10:04,web
cdf74d6d-eadb-4b28-8c88-9355c6dd2e27,3aa11a4679bf191bf6e26f2e98a95762,data_processing,2026-08-13T21:36:14,web
e03c00fc-25f5-4031-8d33-c5bf4d55501e,032b037e60645cb353b271af0bd24c17,data_processing,2026-05-10T07:11:33,whatsapp
d7ba2f34-bb9f-4c95-9884-bdd8c1f9d4e4,f649172920bef871ac066851704cf49e,data_processing,2026-09-18T11:05:52,web
168d65b4-612c-4b41-8d35-6e5cfa353361,62bab6f4a749fb551d5d071a9221df30,data_processing,2026-07-07T19:33:12,whatsapp
26b1523c-5bfd-42e2-b883-9fa761f006ec,a19526f8117e6ea4489302d19feeba1f,scan_history_opt_in,2026-09-02T15:54:28,whatsapp
e0b9cc6a-2d52-44ca-8485-fbd4fa8cfbfd,bf9a3f544cbff62c617a4864f1991aff,data_processing,2026-07-20T12:28:37,web
e3675642-d674-4292-a41c-543630242ece,8e0f10bd4e85da4819de4872291eb992,data_processing,2026-06-15T10:16:06,web
f3d4f1a9-3e75-44ac-9d61-1849f19ef174,cb4caf139c2bb59bf38baeeb008a9b82,scan_history_opt_in,2026-07-29T09:07:54,whatsapp
8e488bed-414b-441a-80b4-be0f7c870499,6c1fa113a2d1dfa33c3225968b55571b,scan_history_opt_in,2026-05-15T18:44:23,whatsapp
b5f4e88b-642f-488c-a7ed-be54fefe2f6f,98856b87d86cd1e4d52971b5efaa87d4,scan_history_opt_in,2026-08-12T15:09:03,whatsapp
69150278-612d-4d3c-a263-f8bf2d61eb6f,392b1652d1903b1613f78fa9c2572595,scan_history_opt_in,2026-07-01T03:19:04,whatsapp
