id,scan_id,signal_type,status,evidence_text,source_type,source_reference,confidence,created_at
cd2a9c06-183c-47ea-8778-fade47109975,70c030ef-792f-4556-94cd-c2c8c1af5eed,code_validity,Pass,DataMatrix decodes correctly; all required fields present,decoded_code,Decoded from scanned code,structured,2025-06-24T16:45:40
bb714f35-20e3-4975-913f-3980991e6294,70c030ef-792f-4556-94cd-c2c8c1af5eed,label_consistency,Pass,"Printed manufacturer matches encoded manufacturer (fuzzy match, 0.97 confidence)",ocr_reading,OCR vs decoded payload,high,2025-06-24T16:45:40
ebafea7a-8a04-4feb-a853-770d4b885404,70c030ef-792f-4556-94cd-c2c8c1af5eed,expiry_status,Pass,Expiry 03/2028 -- not yet expired,decoded_code,Decoded payload,structured,2025-06-24T16:45:40
c0e5900e-cd43-4d61-8662-0f1e98d9f3d9,70c030ef-792f-4556-94cd-c2c8c1af5eed,nsq_status,FAIL,Batch listed Not of Standard Quality (dissolution failure),government_record,"CDSCO NSQ list, March 2026, Central Labs",high,2025-06-24T16:45:40
47b71a24-5f92-4221-836e-4733699a1e88,70c030ef-792f-4556-94cd-c2c8c1af5eed,replay_pattern,Inconclusive,[Preview] No live scan-log infrastructure in this build,user_photo,Synthetic demo data only,low,2025-06-24T16:45:40
3d8c316d-e3e1-4f2e-97ac-feb0ee14dabe,70c030ef-792f-4556-94cd-c2c8c1af5eed,visual_heuristic,Pass,"No blur, crop, or missing print fields detected",user_photo,Uploaded package photo,medium,2025-06-24T16:45:40
533dc601-3086-49ac-aa21-62978eee012d,70c030ef-792f-4556-94cd-c2c8c1af5eed,community_reports,None (regulator view only),No confirmed reports filed for this batch,community_report,"User-submitted, unverified",low,2025-06-24T16:45:40
8a8bdc68-14f8-4ce1-96dd-05c31d34134c,d129a5e2-02ed-496d-9829-a03cff14e37a,code_validity,FAIL,Decoded payload is malformed / missing required product-code field,decoded_code,Decoded from scanned code,high,2026-03-28T12:03:56
9397f769-c9e2-419f-9578-993f310da1af,d129a5e2-02ed-496d-9829-a03cff14e37a,label_consistency,FAIL,"Printed manufacturer does not match encoded manufacturer (fuzzy match, 0.34 confidence)",ocr_reading,OCR vs decoded payload,high,2026-03-28T12:03:56
35afd3bc-cc84-4ae2-a62e-57d7e2cadaec,d129a5e2-02ed-496d-9829-a03cff14e37a,expiry_status,Pass,Expiry date not yet reached,decoded_code,Decoded payload,structured,2026-03-28T12:03:56
34f709f3-d5ab-47bd-b8d9-a35af86078cb,d129a5e2-02ed-496d-9829-a03cff14e37a,nsq_status,Pass,No match found in current CDSCO alerts,government_record,CDSCO NSQ/spurious database,structured,2026-03-28T12:03:56
3e79b967-e01a-489a-b823-9dbcf3ca05a9,d129a5e2-02ed-496d-9829-a03cff14e37a,replay_pattern,Inconclusive,[Preview] Not enough synthetic scan history for this batch,user_photo,Synthetic demo data only,low,2026-03-28T12:03:56
65eaa96a-b137-420e-b051-7670f4673b14,d129a5e2-02ed-496d-9829-a03cff14e37a,visual_heuristic,Pass,No blur or crop detected,user_photo,Uploaded package photo,medium,2026-03-28T12:03:56
91437715-6aa3-46c1-87a7-9f3650c05ee5,d129a5e2-02ed-496d-9829-a03cff14e37a,community_reports,None (regulator view only),No confirmed reports filed for this batch,community_report,"User-submitted, unverified",low,2026-03-28T12:03:56
22dd18f5-9dad-4f29-b16e-6c17170dfc29,d155f123-6112-4b61-883d-64f0fc1f2533,code_validity,Pass,Decodes correctly; all required fields present,decoded_code,Decoded from scanned code,structured,2026-06-21T13:02:10
e4a4bfe7-4017-4d64-864f-4856185b05f5,d155f123-6112-4b61-883d-64f0fc1f2533,label_consistency,FAIL,"Printed manufacturer does not match encoded manufacturer (fuzzy match, 0.41 confidence)",ocr_reading,OCR vs decoded payload,high,2026-06-21T13:02:10
5658b03d-47c2-496e-a2e5-295dbf936737,d155f123-6112-4b61-883d-64f0fc1f2533,expiry_status,Pass,Not yet expired,decoded_code,Decoded payload,structured,2026-06-21T13:02:10
9cf59735-33ef-4609-a210-338f489eb9d8,d155f123-6112-4b61-883d-64f0fc1f2533,nsq_status,Pass,No match found in current CDSCO alerts,government_record,CDSCO NSQ/spurious database,structured,2026-06-21T13:02:10
9cfd5d97-85b2-4ee3-b60a-649e1bcdab07,d155f123-6112-4b61-883d-64f0fc1f2533,replay_pattern,Inconclusive,"[Preview] Same serial recorded in two locations >1,000km apart within 24 hours",user_photo,Synthetic demo scan-log data only,medium,2026-06-21T13:02:10
0ec347a6-6246-43d4-9d5c-bffe4000cb48,d155f123-6112-4b61-883d-64f0fc1f2533,visual_heuristic,Pass,No blur or crop detected,user_photo,Uploaded package photo,medium,2026-06-21T13:02:10
8d1a32c7-b9fe-4d89-9b44-a01d96abb863,d155f123-6112-4b61-883d-64f0fc1f2533,community_reports,None (regulator view only),No confirmed reports filed for this batch,community_report,"User-submitted, unverified",low,2026-06-21T13:02:10
3e8362b5-409a-426b-b38f-49989813efce,4a5a9d64-d0ca-42ff-9359-44803f2684fb,code_validity,FAIL,Decoded payload missing required expiry field,decoded_code,Decoded from scanned code,high,2026-04-17T18:07:41
6c956ea0-919c-48b1-9ff2-bfce46b8a8e3,4a5a9d64-d0ca-42ff-9359-44803f2684fb,label_consistency,Pass,"Printed manufacturer matches encoded manufacturer (fuzzy match, 0.93 confidence)",ocr_reading,OCR vs decoded payload,high,2026-04-17T18:07:41
323610b6-6f06-47ed-82fc-20e0844d36b8,4a5a9d64-d0ca-42ff-9359-44803f2684fb,expiry_status,Pass,Not yet expired (from OCR fallback),ocr_reading,OCR reading,medium,2026-04-17T18:07:41
9c0db463-291f-4318-ac9d-914475e2f5d5,4a5a9d64-d0ca-42ff-9359-44803f2684fb,nsq_status,Pass,No match found in current CDSCO alerts,government_record,CDSCO NSQ/spurious database,structured,2026-04-17T18:07:41
ea7bc9b2-33a4-4017-8d3e-935e915c5da1,4a5a9d64-d0ca-42ff-9359-44803f2684fb,replay_pattern,Inconclusive,[Preview] Synthetic demo data only,user_photo,Synthetic demo data only,low,2026-04-17T18:07:41
2a89102b-9eaf-40aa-b5fb-cad557409c82,4a5a9d64-d0ca-42ff-9359-44803f2684fb,visual_heuristic,FAIL,Uploaded photo shows a blurred/cropped batch line and inconsistent print alignment,user_photo,Uploaded package photo,medium,2026-04-17T18:07:41
4f50c77d-b3dd-4f4d-aef5-05543142a933,4a5a9d64-d0ca-42ff-9359-44803f2684fb,community_reports,None (regulator view only),No confirmed reports filed for this batch,community_report,"User-submitted, unverified",low,2026-04-17T18:07:41
7434f6b6-931b-43bd-8e92-1b11c1a8019c,f457c2a9-8530-4ffd-9877-8d2bca2ad655,code_validity,Pass,Decodes correctly,decoded_code,Decoded from scanned code,structured,2025-10-12T07:12:58
1a82ab1a-7cc4-43e6-a641-8b49800d7bfb,f457c2a9-8530-4ffd-9877-8d2bca2ad655,label_consistency,Pass,Fields match,ocr_reading,OCR vs decoded payload,high,2025-10-12T07:12:58
dde8acbf-22a8-4ea8-9aed-49538eff869e,f457c2a9-8530-4ffd-9877-8d2bca2ad655,expiry_status,FAIL -- Expired,Expiry date has passed,decoded_code,Decoded payload,structured,2025-10-12T07:12:58
232ab154-9393-4105-81fe-f281d0e6eb30,f457c2a9-8530-4ffd-9877-8d2bca2ad655,nsq_status,Pass,No match found in current CDSCO alerts,government_record,CDSCO NSQ/spurious database,structured,2025-10-12T07:12:58
83553c83-e1af-48bb-92cd-7955a71d74ea,f457c2a9-8530-4ffd-9877-8d2bca2ad655,replay_pattern,Inconclusive,[Preview] Synthetic demo data only,user_photo,Synthetic demo data only,low,2025-10-12T07:12:58
ecee5e38-cfd8-4ee8-ae31-091741ee2dbd,f457c2a9-8530-4ffd-9877-8d2bca2ad655,visual_heuristic,Pass,"No blur, crop, or missing print fields detected",user_photo,Uploaded package photo,medium,2025-10-12T07:12:58
9c055f88-c59a-4bff-abba-00c2497d8162,6255322c-a1c0-4a44-86ab-03f42501021a,code_validity,Pass,Decodes correctly,decoded_code,Decoded from scanned code,structured,2025-10-03T18:28:03
66a0da29-b201-4c19-9607-ebdae19f84fa,6255322c-a1c0-4a44-86ab-03f42501021a,label_consistency,Pass,Fields match,ocr_reading,OCR vs decoded payload,high,2025-10-03T18:28:03
1009238b-3222-4bf9-a4f1-d217fc1aa1e4,6255322c-a1c0-4a44-86ab-03f42501021a,expiry_status,FAIL -- Expired,Expiry date has passed,decoded_code,Decoded payload,structured,2025-10-03T18:28:03
02095d2b-2f7c-49d1-bc11-278a8b97bf56,6255322c-a1c0-4a44-86ab-03f42501021a,nsq_status,FAIL,Batch listed Not of Standard Quality,government_record,"CDSCO NSQ list, January 2026, State Labs",high,2025-10-03T18:28:03
aa7a648f-41d9-46bf-8929-cfc02045cec2,6255322c-a1c0-4a44-86ab-03f42501021a,replay_pattern,Inconclusive,[Preview] Synthetic demo data only,user_photo,Synthetic demo data only,low,2025-10-03T18:28:03
20dbd334-880b-4a51-b23c-00bcb1512545,6255322c-a1c0-4a44-86ab-03f42501021a,visual_heuristic,Pass,"No blur, crop, or missing print fields detected",user_photo,Uploaded package photo,medium,2025-10-03T18:28:03
f3b62ea6-83a6-4597-b660-cb14175cfe0b,b444121f-e699-4761-b240-eb3efdc84b2f,code_validity,Pass,Decodes correctly,decoded_code,Decoded from scanned code,structured,2026-08-07T21:15:44
867bf9c3-f06d-4a1a-91ab-f9de3ff4b602,b444121f-e699-4761-b240-eb3efdc84b2f,label_consistency,FAIL,"Printed manufacturer differs from encoded manufacturer (fuzzy match, 0.58 confidence)",ocr_reading,OCR vs decoded payload,medium,2026-08-07T21:15:44
4da1357b-c97a-4531-b9f5-5b32c3ff6ea9,b444121f-e699-4761-b240-eb3efdc84b2f,expiry_status,Pass,Not yet expired,decoded_code,Decoded payload,structured,2026-08-07T21:15:44
578356a1-dcfb-4c07-9c3c-b5624eca88f6,b444121f-e699-4761-b240-eb3efdc84b2f,nsq_status,Pass,No match found in current CDSCO alerts,government_record,CDSCO NSQ/spurious database,structured,2026-08-07T21:15:44
74e41bb0-abba-4523-aadc-6e3197f5205d,b444121f-e699-4761-b240-eb3efdc84b2f,replay_pattern,Inconclusive,[Preview] Synthetic demo data only,user_photo,Synthetic demo data only,low,2026-08-07T21:15:44
cf997bc0-5320-43d5-862b-7f251b569e86,b444121f-e699-4761-b240-eb3efdc84b2f,visual_heuristic,Pass,No blur or crop detected,user_photo,Uploaded package photo,medium,2026-08-07T21:15:44
a5d10fe0-2588-4fae-ae47-52abcae7c28a,0c619398-6fac-4b53-a3fb-30c598dc1ee4,code_validity,Pass,Decodes correctly,decoded_code,Decoded from scanned code,structured,2026-05-18T02:13:22
fa7c7e9f-6df8-47ce-af17-40014220e3a2,0c619398-6fac-4b53-a3fb-30c598dc1ee4,label_consistency,Pass,Fields match,ocr_reading,OCR vs decoded payload,high,2026-05-18T02:13:22
9b8e6bee-796e-41cf-bec4-45c82a74cb36,0c619398-6fac-4b53-a3fb-30c598dc1ee4,expiry_status,Pass,Not yet expired,decoded_code,Decoded payload,structured,2026-05-18T02:13:22
1a33c1ee-73c9-4c05-92bf-743fe85581a1,0c619398-6fac-4b53-a3fb-30c598dc1ee4,nsq_status,Pass,No match found in current CDSCO alerts,government_record,CDSCO NSQ/spurious database,structured,2026-05-18T02:13:22
3c7153f6-086c-4d05-a11e-7225b9897f81,0c619398-6fac-4b53-a3fb-30c598dc1ee4,replay_pattern,Inconclusive,"[Preview] Same serial recorded in two locations >1,000km apart within 24 hours",user_photo,Synthetic demo scan-log data only,medium,2026-05-18T02:13:22
7e48b9c6-54c7-4667-b012-adb3ce558c46,0c619398-6fac-4b53-a3fb-30c598dc1ee4,visual_heuristic,Pass,No blur or crop detected,user_photo,Uploaded package photo,medium,2026-05-18T02:13:22
f7421f75-5e77-452f-a813-84ca494ca73c,d30af8e0-9381-4421-9ca5-633e9ea59cb4,code_validity,Pass,Decodes correctly,decoded_code,Decoded from scanned code,structured,2026-02-20T19:45:04
18c9b023-63ef-4143-a5e0-dcb8a05ed89f,d30af8e0-9381-4421-9ca5-633e9ea59cb4,label_consistency,Pass,Fields match,ocr_reading,OCR vs decoded payload,high,2026-02-20T19:45:04
ceaf6a64-d0c3-41e3-b611-47d2e9d13190,d30af8e0-9381-4421-9ca5-633e9ea59cb4,expiry_status,Pass,Not yet expired,decoded_code,Decoded payload,structured,2026-02-20T19:45:04
2c4c1876-824b-4a65-a4c5-2810dbd0cb0f,d30af8e0-9381-4421-9ca5-633e9ea59cb4,nsq_status,Pass,No match found in current CDSCO alerts,government_record,CDSCO NSQ/spurious database,structured,2026-02-20T19:45:04
173803c9-8caa-4349-b29b-90f74931dbd0,d30af8e0-9381-4421-9ca5-633e9ea59cb4,replay_pattern,Inconclusive,[Preview] Synthetic demo data only,user_photo,Synthetic demo data only,low,2026-02-20T19:45:04
86d84dd0-5118-4178-ad91-fe7d29e0c309,d30af8e0-9381-4421-9ca5-633e9ea59cb4,visual_heuristic,FAIL,Uploaded photo is blurred and a print field is partially cropped out of frame,user_photo,Uploaded package photo,medium,2026-02-20T19:45:04
41006dad-28d9-4ee5-989a-5b238c3e89ce,d0ab5358-7bbe-4d07-bf41-53e4850196c0,code_validity,Pass,Decodes correctly,decoded_code,Decoded from scanned code,structured,2025-10-10T12:33:41
4bcd9723-c04a-49f8-8246-5f05753c67f2,d0ab5358-7bbe-4d07-bf41-53e4850196c0,label_consistency,Pass,"Fields match (fuzzy match, 0.99 confidence)",ocr_reading,OCR vs decoded payload,high,2025-10-10T12:33:41
06a83dba-5a1b-4621-a828-702780151e22,d0ab5358-7bbe-4d07-bf41-53e4850196c0,expiry_status,Pass,Not yet expired,decoded_code,Decoded payload,structured,2025-10-10T12:33:41
974579ed-b48f-4c37-ab8b-ea5789985436,d0ab5358-7bbe-4d07-bf41-53e4850196c0,nsq_status,Pass,No match found in current CDSCO alerts,government_record,CDSCO NSQ/spurious database,structured,2025-10-10T12:33:41
1b4ca262-c2d3-456e-9f61-bdd086c06e84,d0ab5358-7bbe-4d07-bf41-53e4850196c0,replay_pattern,Inconclusive,[Preview] Synthetic demo data only,user_photo,Synthetic demo data only,low,2025-10-10T12:33:41
bdb38d86-94a8-4195-b27d-e79de4b9ffc3,d0ab5358-7bbe-4d07-bf41-53e4850196c0,visual_heuristic,Pass,"No blur, crop, or missing print fields detected",user_photo,Uploaded package photo,medium,2025-10-10T12:33:41
2a9868c1-309f-4426-948a-086417e821b8,1325893f-1d6b-4fc1-b297-3fea5bae566b,code_validity,Pass,Decodes correctly,decoded_code,Decoded from scanned code,structured,2025-11-10T15:13:28
3ad4e858-6b1c-461f-b130-55a548b9b9bb,1325893f-1d6b-4fc1-b297-3fea5bae566b,label_consistency,Pass,Fields match,ocr_reading,OCR vs decoded payload,high,2025-11-10T15:13:28
fd02d0b8-9303-4665-8f40-9aa57e7cbf5a,1325893f-1d6b-4fc1-b297-3fea5bae566b,expiry_status,Pass,Not yet expired,decoded_code,Decoded payload,structured,2025-11-10T15:13:28
c6c1e263-ab42-4cb2-a919-65599af30089,1325893f-1d6b-4fc1-b297-3fea5bae566b,nsq_status,Pass,No match found in current CDSCO alerts,government_record,CDSCO NSQ/spurious database,structured,2025-11-10T15:13:28
1a187025-10ef-4016-b409-7ddbab6efd1a,1325893f-1d6b-4fc1-b297-3fea5bae566b,replay_pattern,Inconclusive,[Preview] Batch is in early distribution; too few scans to assess pattern,user_photo,Synthetic demo data only,low,2025-11-10T15:13:28
6a6be4cd-4bb0-49e5-9b89-9245e6d9cfda,1325893f-1d6b-4fc1-b297-3fea5bae566b,visual_heuristic,Pass,No blur or crop detected,user_photo,Uploaded package photo,medium,2025-11-10T15:13:28
d799dec5-c641-434c-af62-3a38f6e90628,75ddf327-4198-4691-9ae0-18ef8eec6dd6,code_validity,Pass,Decodes correctly,decoded_code,Decoded from scanned code,structured,2026-07-06T13:38:22
b280be6d-c063-49ec-9e91-4d8667b55a4e,75ddf327-4198-4691-9ae0-18ef8eec6dd6,label_consistency,Pass,Fields match,ocr_reading,OCR vs decoded payload,high,2026-07-06T13:38:22
594cf13d-7f49-446c-a923-cb6a6192cf06,75ddf327-4198-4691-9ae0-18ef8eec6dd6,expiry_status,Pass,Not yet expired,decoded_code,Decoded payload,structured,2026-07-06T13:38:22
46080778-662d-4670-9277-0fcf1f103231,75ddf327-4198-4691-9ae0-18ef8eec6dd6,nsq_status,FAIL,Batch listed Not of Standard Quality (pH out of range) -- an open dispute against this finding is under review,government_record,"CDSCO NSQ list, May 2026, State Labs",medium,2026-07-06T13:38:22
2bec74fe-8ea3-4848-9877-5f8f22bd43c0,75ddf327-4198-4691-9ae0-18ef8eec6dd6,replay_pattern,Inconclusive,[Preview] Synthetic demo data only,user_photo,Synthetic demo data only,low,2026-07-06T13:38:22
908e8d3a-112a-424d-8d71-993db3bb489e,75ddf327-4198-4691-9ae0-18ef8eec6dd6,visual_heuristic,Pass,No blur or crop detected,user_photo,Uploaded package photo,medium,2026-07-06T13:38:22
fbad80d2-7765-4484-8182-94637d1ba046,5d38f16b-b2e7-4b69-8ec9-183c79b32249,code_validity,Pass,Decodes correctly,decoded_code,Decoded from scanned code,structured,2025-08-26T13:55:49
b638341c-abeb-4821-9bcc-d96901f7ec7c,5d38f16b-b2e7-4b69-8ec9-183c79b32249,label_consistency,Pass,Fields match,ocr_reading,OCR vs decoded payload,high,2025-08-26T13:55:49
485511bd-5cfe-41ce-b69c-730459a6ccd1,5d38f16b-b2e7-4b69-8ec9-183c79b32249,expiry_status,Pass,Not yet expired,decoded_code,Decoded payload,structured,2025-08-26T13:55:49
039940d2-163a-474d-9e11-65383015df6b,5d38f16b-b2e7-4b69-8ec9-183c79b32249,nsq_status,Pass,No currently active NSQ match. A prior alert against this batch number was corrected (transcription error) -- see Batch Timeline for full history,government_record,"CDSCO NSQ Correction Notice, Dec 2025",high,2025-08-26T13:55:49
22b2e77a-e735-49b6-abf3-f6c4ad15d814,5d38f16b-b2e7-4b69-8ec9-183c79b32249,replay_pattern,Inconclusive,[Preview] Synthetic demo data only,user_photo,Synthetic demo data only,low,2025-08-26T13:55:49
02ca9081-a6bc-4646-9a03-87f1d7d03084,5d38f16b-b2e7-4b69-8ec9-183c79b32249,visual_heuristic,Pass,No blur or crop detected,user_photo,Uploaded package photo,medium,2025-08-26T13:55:49
1c559409-e238-400c-886c-4e7841d22031,dbf355ac-c747-4187-bc28-ebb4b620b2e6,code_validity,Pass,Decodes correctly,decoded_code,Decoded from scanned code,structured,2025-07-10T19:07:27
e4e7bd8e-77ba-4f54-872c-983dd104d5fa,dbf355ac-c747-4187-bc28-ebb4b620b2e6,label_consistency,Pass,Fields match,ocr_reading,OCR vs decoded payload,high,2025-07-10T19:07:27
e00b4565-b1e2-47d4-b4fa-fcb7b5675933,dbf355ac-c747-4187-bc28-ebb4b620b2e6,expiry_status,Pass,Not yet expired,decoded_code,Decoded payload,structured,2025-07-10T19:07:27
cee31f0f-7c6b-4ed4-a199-4babcdee3e5a,dbf355ac-c747-4187-bc28-ebb4b620b2e6,nsq_status,Pass,Original NSQ finding was overturned on dispute review -- see Batch Timeline for full history,government_record,"Dispute resolution record, resolved_overturned",high,2025-07-10T19:07:27
a8429172-f09d-4c57-9e0d-be0b9f082e20,dbf355ac-c747-4187-bc28-ebb4b620b2e6,replay_pattern,Inconclusive,[Preview] Synthetic demo data only,user_photo,Synthetic demo data only,low,2025-07-10T19:07:27
32712c17-f494-4aed-82bf-531347131c61,dbf355ac-c747-4187-bc28-ebb4b620b2e6,visual_heuristic,Pass,No blur or crop detected,user_photo,Uploaded package photo,medium,2025-07-10T19:07:27
0e1224a7-cd60-499f-bf19-13689ba770e4,fa3c0431-aa94-4d44-b565-491c3bec1863,code_validity,Pass,Decodes correctly,decoded_code,Decoded from scanned code,structured,2025-08-22T18:50:41
9cfb545e-be1e-44ff-9d53-daadffd7e1ce,fa3c0431-aa94-4d44-b565-491c3bec1863,label_consistency,Pass,Fields match,ocr_reading,OCR vs decoded payload,high,2025-08-22T18:50:41
10c1992e-2426-49b4-bf45-99dde1b257f2,fa3c0431-aa94-4d44-b565-491c3bec1863,expiry_status,Pass,Not yet expired,decoded_code,Decoded payload,structured,2025-08-22T18:50:41
126819f9-ed2f-4344-b7e6-63a09b43f51e,fa3c0431-aa94-4d44-b565-491c3bec1863,nsq_status,FAIL,Batch listed Not of Standard Quality (disintegration failure). Manufacturer's dispute was reviewed and the original finding was upheld,government_record,"CDSCO NSQ list, April 2026, Central Labs",high,2025-08-22T18:50:41
8f8fb4b6-aca9-492e-ad82-b2027aee7f6b,fa3c0431-aa94-4d44-b565-491c3bec1863,replay_pattern,Inconclusive,[Preview] Synthetic demo data only,user_photo,Synthetic demo data only,low,2025-08-22T18:50:41
46732fe6-7c77-486c-a164-30e0f6f290b3,fa3c0431-aa94-4d44-b565-491c3bec1863,visual_heuristic,Pass,No blur or crop detected,user_photo,Uploaded package photo,medium,2025-08-22T18:50:41
22874421-e818-4cde-8007-2fbb9d5029ff,1bcba5fe-ca92-4c4c-81f9-f365259f81f7,code_validity,Pass,Decodes correctly,decoded_code,Decoded from scanned code,structured,2025-12-27T17:51:24
08fb0712-b8f7-4127-8fe3-408b0c5f8c46,1bcba5fe-ca92-4c4c-81f9-f365259f81f7,label_consistency,Pass,Printed manufacturer matches encoded manufacturer,ocr_reading,OCR vs decoded payload,high,2025-12-27T17:51:24
8530e5dc-6fb1-49e6-9ed6-683609ef35c8,1bcba5fe-ca92-4c4c-81f9-f365259f81f7,expiry_status,Pass,Not yet expired,decoded_code,Decoded payload,structured,2025-12-27T17:51:24
2411debf-f3bf-4b21-9ea0-282316e8f6f4,1bcba5fe-ca92-4c4c-81f9-f365259f81f7,nsq_status,FAIL,Batch listed Not of Standard Quality,government_record,CDSCO NSQ/spurious database,high,2025-12-27T17:51:24
79eb3c7e-8bcb-45cf-8a12-0374b0043d16,1bcba5fe-ca92-4c4c-81f9-f365259f81f7,replay_pattern,Inconclusive,[Preview] Synthetic demo data only,user_photo,Synthetic demo data only,low,2025-12-27T17:51:24
c028b14f-a06d-4ce2-beb2-49d84ce2199a,1bcba5fe-ca92-4c4c-81f9-f365259f81f7,visual_heuristic,Pass,No blur or crop detected,user_photo,Uploaded package photo,medium,2025-12-27T17:51:24
4c360495-e210-4973-9ca0-4fcbcdcce28d,00f77458-0e64-429a-8bc4-95d0a0a93503,code_validity,Pass,Decodes correctly,decoded_code,Decoded from scanned code,structured,2025-07-27T09:24:54
5b4ff6ad-653f-46ee-b026-9da5fe2fc2cf,00f77458-0e64-429a-8bc4-95d0a0a93503,label_consistency,Pass,Printed manufacturer matches encoded manufacturer,ocr_reading,OCR vs decoded payload,high,2025-07-27T09:24:54
54466069-56a2-4508-92b6-36089898659e,00f77458-0e64-429a-8bc4-95d0a0a93503,expiry_status,Pass,Not yet expired,decoded_code,Decoded payload,structured,2025-07-27T09:24:54
1c819363-f1fd-492f-9c1b-39d39a420837,00f77458-0e64-429a-8bc4-95d0a0a93503,nsq_status,FAIL,Batch listed Not of Standard Quality,government_record,CDSCO NSQ/spurious database,high,2025-07-27T09:24:54
069cafcb-be1b-46fd-a9a7-767238f6b4d1,00f77458-0e64-429a-8bc4-95d0a0a93503,replay_pattern,Inconclusive,[Preview] Synthetic demo data only,user_photo,Synthetic demo data only,low,2025-07-27T09:24:54
e174fb70-899e-426c-beda-881b82f0efd6,00f77458-0e64-429a-8bc4-95d0a0a93503,visual_heuristic,Pass,No blur or crop detected,user_photo,Uploaded package photo,medium,2025-07-27T09:24:54
407c92c5-5899-44bc-ad90-29e63fe5c17e,92881cf8-7f43-4c2f-89ae-8fb97a3270c1,code_validity,Pass,Decodes correctly,decoded_code,Decoded from scanned code,structured,2026-08-27T03:13:27
55d6e6ff-e42d-429b-bc7a-c2f7f61d8fbe,92881cf8-7f43-4c2f-89ae-8fb97a3270c1,label_consistency,Pass,Printed manufacturer matches encoded manufacturer,ocr_reading,OCR vs decoded payload,high,2026-08-27T03:13:27
27a24f60-c9ee-48ed-be89-ccab0c048647,92881cf8-7f43-4c2f-89ae-8fb97a3270c1,expiry_status,Pass,Not yet expired,decoded_code,Decoded payload,structured,2026-08-27T03:13:27
12ec52b4-b595-439d-903f-d828f6026701,92881cf8-7f43-4c2f-89ae-8fb97a3270c1,nsq_status,FAIL,Batch listed Not of Standard Quality,government_record,CDSCO NSQ/spurious database,high,2026-08-27T03:13:27
b66dff67-42dc-43df-b9f6-0300b0b5082f,92881cf8-7f43-4c2f-89ae-8fb97a3270c1,replay_pattern,Inconclusive,[Preview] Synthetic demo data only,user_photo,Synthetic demo data only,low,2026-08-27T03:13:27
1a866baf-38e6-4b2b-9315-0f0bc3f9f0f9,92881cf8-7f43-4c2f-89ae-8fb97a3270c1,visual_heuristic,Pass,No blur or crop detected,user_photo,Uploaded package photo,medium,2026-08-27T03:13:27
6936b142-1db1-4033-9ec3-f70c03460083,372e462b-a96f-4471-a716-3e2ce3288123,code_validity,Pass,Decodes correctly,decoded_code,Decoded from scanned code,structured,2025-11-13T10:04:28
77113f9c-bc7f-47c7-9a41-d8a8af554222,372e462b-a96f-4471-a716-3e2ce3288123,label_consistency,Pass,Printed manufacturer matches encoded manufacturer,ocr_reading,OCR vs decoded payload,high,2025-11-13T10:04:28
e73b313c-7e7f-4246-a843-144edb10fb75,372e462b-a96f-4471-a716-3e2ce3288123,expiry_status,Pass,Not yet expired,decoded_code,Decoded payload,structured,2025-11-13T10:04:28
224b583c-acc1-4a4b-802d-ca111081d886,372e462b-a96f-4471-a716-3e2ce3288123,nsq_status,FAIL,Batch listed Not of Standard Quality,government_record,CDSCO NSQ/spurious database,high,2025-11-13T10:04:28
cac61885-98f7-4604-a81e-e0d71d728f10,372e462b-a96f-4471-a716-3e2ce3288123,replay_pattern,Inconclusive,[Preview] Synthetic demo data only,user_photo,Synthetic demo data only,low,2025-11-13T10:04:28
8109c717-a69d-493d-9d59-8c4c1015af71,372e462b-a96f-4471-a716-3e2ce3288123,visual_heuristic,Pass,No blur or crop detected,user_photo,Uploaded package photo,medium,2025-11-13T10:04:28
dfe792f4-d67c-4065-9b76-be75b995993f,03fc9225-6fb2-44e9-af76-3dced211e3a7,code_validity,Pass,Decodes correctly,decoded_code,Decoded from scanned code,structured,2025-09-09T15:54:53
0daf64a7-18a8-425e-b2f2-ef7ae06ef259,03fc9225-6fb2-44e9-af76-3dced211e3a7,label_consistency,Pass,Printed manufacturer matches encoded manufacturer,ocr_reading,OCR vs decoded payload,high,2025-09-09T15:54:53
dd4c96c3-90d6-4d43-ad88-4fd88e893ac7,03fc9225-6fb2-44e9-af76-3dced211e3a7,expiry_status,Pass,Not yet expired,decoded_code,Decoded payload,structured,2025-09-09T15:54:53
fb36df17-fd98-4567-96eb-a1eae5cd57f4,03fc9225-6fb2-44e9-af76-3dced211e3a7,nsq_status,FAIL,Batch listed Not of Standard Quality,government_record,CDSCO NSQ/spurious database,high,2025-09-09T15:54:53
5623001a-693c-4b03-a3c0-6b118adcf77e,03fc9225-6fb2-44e9-af76-3dced211e3a7,replay_pattern,Inconclusive,[Preview] Synthetic demo data only,user_photo,Synthetic demo data only,low,2025-09-09T15:54:53
912cc541-e28b-43b1-8983-124c0acf63bb,03fc9225-6fb2-44e9-af76-3dced211e3a7,visual_heuristic,Pass,No blur or crop detected,user_photo,Uploaded package photo,medium,2025-09-09T15:54:53
c6c0be28-0967-4ce4-ab54-b338004f9c45,f366d25b-bdf2-444c-9585-0b205ef3b6c0,code_validity,Pass,Decodes correctly,decoded_code,Decoded from scanned code,structured,2025-12-18T09:24:02
360805a2-5c84-46a6-a533-ffd8331151c5,f366d25b-bdf2-444c-9585-0b205ef3b6c0,label_consistency,Pass,Printed manufacturer matches encoded manufacturer,ocr_reading,OCR vs decoded payload,high,2025-12-18T09:24:02
3ab7beb1-0a4e-4d1e-9e7c-4a17cca1ca93,f366d25b-bdf2-444c-9585-0b205ef3b6c0,expiry_status,Pass,Not yet expired,decoded_code,Decoded payload,structured,2025-12-18T09:24:02
6ccb1665-1f19-4344-925b-4894f56a38be,f366d25b-bdf2-444c-9585-0b205ef3b6c0,nsq_status,FAIL,Batch listed Not of Standard Quality,government_record,CDSCO NSQ/spurious database,high,2025-12-18T09:24:02
3629d7c8-ee5e-4d35-abec-6a80a8d65a28,f366d25b-bdf2-444c-9585-0b205ef3b6c0,replay_pattern,Inconclusive,[Preview] Synthetic demo data only,user_photo,Synthetic demo data only,low,2025-12-18T09:24:02
0caa7a81-dd0e-4a34-98e5-832e111f4b34,f366d25b-bdf2-444c-9585-0b205ef3b6c0,visual_heuristic,Pass,No blur or crop detected,user_photo,Uploaded package photo,medium,2025-12-18T09:24:02
784341d1-26b4-4235-9bff-aff8768b3340,90c80010-d09c-419d-a13e-b5f47a7ddd80,code_validity,Pass,Decodes correctly,decoded_code,Decoded from scanned code,structured,2025-10-10T23:28:21
e9271351-cef5-4e08-bca5-506a94e573fe,90c80010-d09c-419d-a13e-b5f47a7ddd80,label_consistency,Pass,Printed manufacturer matches encoded manufacturer,ocr_reading,OCR vs decoded payload,high,2025-10-10T23:28:21
5e223740-4b1f-4f2c-97d1-85995bd238ed,90c80010-d09c-419d-a13e-b5f47a7ddd80,expiry_status,Pass,Not yet expired,decoded_code,Decoded payload,structured,2025-10-10T23:28:21
55c505d2-3b70-48ff-86dc-dc2796a32341,90c80010-d09c-419d-a13e-b5f47a7ddd80,nsq_status,FAIL,Batch listed Not of Standard Quality,government_record,CDSCO NSQ/spurious database,high,2025-10-10T23:28:21
4821738a-19d6-42e4-a210-8a568149faaf,90c80010-d09c-419d-a13e-b5f47a7ddd80,replay_pattern,Inconclusive,[Preview] Synthetic demo data only,user_photo,Synthetic demo data only,low,2025-10-10T23:28:21
31989b50-a9b5-418d-ba24-f4d8f78d3378,90c80010-d09c-419d-a13e-b5f47a7ddd80,visual_heuristic,Pass,No blur or crop detected,user_photo,Uploaded package photo,medium,2025-10-10T23:28:21
963a3479-d1a3-41c9-a13b-76f172190840,0863a02b-a522-4efb-bb4c-cd709c318384,code_validity,Pass,Decodes correctly,decoded_code,Decoded from scanned code,structured,2026-09-13T14:19:03
85815ea7-0051-4baa-a6ba-a09b40448d0c,0863a02b-a522-4efb-bb4c-cd709c318384,label_consistency,Pass,Printed manufacturer matches encoded manufacturer,ocr_reading,OCR vs decoded payload,high,2026-09-13T14:19:03
9f22eb08-98cc-4833-bd4f-8061172d65e9,0863a02b-a522-4efb-bb4c-cd709c318384,expiry_status,Pass,Not yet expired,decoded_code,Decoded payload,structured,2026-09-13T14:19:03
2312c123-f8d7-4721-ad36-eb409691e789,0863a02b-a522-4efb-bb4c-cd709c318384,nsq_status,FAIL,Batch listed Not of Standard Quality,government_record,CDSCO NSQ/spurious database,high,2026-09-13T14:19:03
24587a8d-bcb6-4d09-a36c-2c37267dc372,0863a02b-a522-4efb-bb4c-cd709c318384,replay_pattern,Inconclusive,[Preview] Synthetic demo data only,user_photo,Synthetic demo data only,low,2026-09-13T14:19:03
761cb73e-9762-4180-a169-af9f5fb4aa34,0863a02b-a522-4efb-bb4c-cd709c318384,visual_heuristic,Pass,No blur or crop detected,user_photo,Uploaded package photo,medium,2026-09-13T14:19:03
c3eac421-598c-4935-904f-617a8e94c64a,8efcb352-244f-44c0-ac8e-7b45df6eaa11,code_validity,Pass,Decodes correctly,decoded_code,Decoded from scanned code,structured,2025-04-11T09:12:07
5f15a9e6-0846-4168-b730-cbbb32140932,8efcb352-244f-44c0-ac8e-7b45df6eaa11,label_consistency,Pass,Printed manufacturer matches encoded manufacturer,ocr_reading,OCR vs decoded payload,high,2025-04-11T09:12:07
cc36fb76-c49a-4b80-915d-0d6051f5b746,8efcb352-244f-44c0-ac8e-7b45df6eaa11,expiry_status,Pass,Not yet expired,decoded_code,Decoded payload,structured,2025-04-11T09:12:07
46a253c3-0541-41b3-88ce-1591eb837d3a,8efcb352-244f-44c0-ac8e-7b45df6eaa11,nsq_status,FAIL,Batch listed Not of Standard Quality,government_record,CDSCO NSQ/spurious database,high,2025-04-11T09:12:07
9e6832c1-1a23-4851-b890-8bc1ff985dc6,8efcb352-244f-44c0-ac8e-7b45df6eaa11,replay_pattern,Inconclusive,[Preview] Synthetic demo data only,user_photo,Synthetic demo data only,low,2025-04-11T09:12:07
c3350f83-4e76-401f-a2ba-317a49fc58c7,8efcb352-244f-44c0-ac8e-7b45df6eaa11,visual_heuristic,Pass,No blur or crop detected,user_photo,Uploaded package photo,medium,2025-04-11T09:12:07
60357b90-0810-4c56-a517-0de94d23e484,ce6a97ff-22a6-46a7-a815-16188002a59d,code_validity,Pass,Decodes correctly,decoded_code,Decoded from scanned code,structured,2025-08-03T10:06:28
d3a706dd-3965-4660-86be-f0972a2b854f,ce6a97ff-22a6-46a7-a815-16188002a59d,label_consistency,Pass,Printed manufacturer matches encoded manufacturer,ocr_reading,OCR vs decoded payload,high,2025-08-03T10:06:28
fc58ef8d-0447-41b8-97ef-38315f3b8220,ce6a97ff-22a6-46a7-a815-16188002a59d,expiry_status,Pass,Not yet expired,decoded_code,Decoded payload,structured,2025-08-03T10:06:28
029af8f7-1ab9-418e-8ca3-b2bf11a09e9c,ce6a97ff-22a6-46a7-a815-16188002a59d,nsq_status,FAIL,Batch listed Not of Standard Quality,government_record,CDSCO NSQ/spurious database,high,2025-08-03T10:06:28
4629889e-90b9-4a79-b32e-4be870e280d6,ce6a97ff-22a6-46a7-a815-16188002a59d,replay_pattern,Inconclusive,[Preview] Synthetic demo data only,user_photo,Synthetic demo data only,low,2025-08-03T10:06:28
82540dd9-618f-4a6f-bca9-f0a4965de0c7,ce6a97ff-22a6-46a7-a815-16188002a59d,visual_heuristic,Pass,No blur or crop detected,user_photo,Uploaded package photo,medium,2025-08-03T10:06:28
ecfb565d-43d4-4008-81b5-d6b15134ad8d,b5567fac-a35d-42d2-b859-ba364214bd98,code_validity,Pass,Decodes correctly,decoded_code,Decoded from scanned code,structured,2025-04-30T11:37:20
e4e9d9e9-c5b9-4970-86e0-88ef8e875d47,b5567fac-a35d-42d2-b859-ba364214bd98,label_consistency,Pass,Printed manufacturer matches encoded manufacturer,ocr_reading,OCR vs decoded payload,high,2025-04-30T11:37:20
02a8dc82-2327-4078-b6c2-eb7547f78072,b5567fac-a35d-42d2-b859-ba364214bd98,expiry_status,Pass,Not yet expired,decoded_code,Decoded payload,structured,2025-04-30T11:37:20
be221f1f-47c4-4b5b-8cbe-096b079252fb,b5567fac-a35d-42d2-b859-ba364214bd98,nsq_status,FAIL,Batch listed Not of Standard Quality,government_record,CDSCO NSQ/spurious database,high,2025-04-30T11:37:20
305f56d6-b549-4c8e-bdbc-3523d58d2b06,b5567fac-a35d-42d2-b859-ba364214bd98,replay_pattern,Inconclusive,[Preview] Synthetic demo data only,user_photo,Synthetic demo data only,low,2025-04-30T11:37:20
7f2d6761-285d-46b8-b776-795e3d5264c0,b5567fac-a35d-42d2-b859-ba364214bd98,visual_heuristic,Pass,No blur or crop detected,user_photo,Uploaded package photo,medium,2025-04-30T11:37:20
d374621a-98b3-4bc1-8ff9-bf17f238f870,8bc86118-04b8-4540-9d3e-3f9e4981778f,code_validity,Pass,Decodes correctly,decoded_code,Decoded from scanned code,structured,2025-07-30T16:32:55
5fe6a2d3-1cd9-4495-b96b-f12e830e447f,8bc86118-04b8-4540-9d3e-3f9e4981778f,label_consistency,Pass,Printed manufacturer matches encoded manufacturer,ocr_reading,OCR vs decoded payload,high,2025-07-30T16:32:55
ddff26ca-cf6a-49f3-9c71-70a267835510,8bc86118-04b8-4540-9d3e-3f9e4981778f,expiry_status,Pass,Not yet expired,decoded_code,Decoded payload,structured,2025-07-30T16:32:55
0e8da143-4b15-4976-87f1-091c6efec74a,8bc86118-04b8-4540-9d3e-3f9e4981778f,nsq_status,FAIL,Batch listed Not of Standard Quality,government_record,CDSCO NSQ/spurious database,high,2025-07-30T16:32:55
9c8b2469-915e-481a-8c34-6ca3fe1c9cbf,8bc86118-04b8-4540-9d3e-3f9e4981778f,replay_pattern,Inconclusive,[Preview] Synthetic demo data only,user_photo,Synthetic demo data only,low,2025-07-30T16:32:55
93e6ce3d-c8df-4bce-82d0-a947a35f27d5,8bc86118-04b8-4540-9d3e-3f9e4981778f,visual_heuristic,Pass,No blur or crop detected,user_photo,Uploaded package photo,medium,2025-07-30T16:32:55
7354899a-1206-4e3a-b33e-e1d271dd59a2,fe32a617-fa39-4585-b182-a8853b092c7d,code_validity,Pass,Decodes correctly,decoded_code,Decoded from scanned code,structured,2026-07-13T12:04:38
d4fde4f1-29ba-4703-bb48-f448f2c2ed1a,fe32a617-fa39-4585-b182-a8853b092c7d,label_consistency,Pass,Printed manufacturer matches encoded manufacturer,ocr_reading,OCR vs decoded payload,high,2026-07-13T12:04:38
4de4cd10-aa4c-427a-854c-ff928a82ca74,fe32a617-fa39-4585-b182-a8853b092c7d,expiry_status,Pass,Not yet expired,decoded_code,Decoded payload,structured,2026-07-13T12:04:38
e7fe8555-3d74-4a1d-8544-5ad214c020b5,fe32a617-fa39-4585-b182-a8853b092c7d,nsq_status,FAIL,Batch listed Not of Standard Quality,government_record,CDSCO NSQ/spurious database,high,2026-07-13T12:04:38
105f2cc8-f7ca-47e6-9e81-b20f6b543058,fe32a617-fa39-4585-b182-a8853b092c7d,replay_pattern,Inconclusive,[Preview] Synthetic demo data only,user_photo,Synthetic demo data only,low,2026-07-13T12:04:38
abc81561-4f04-4ba2-ab4f-d2966b041787,fe32a617-fa39-4585-b182-a8853b092c7d,visual_heuristic,Pass,No blur or crop detected,user_photo,Uploaded package photo,medium,2026-07-13T12:04:38
68669be0-6f27-4e74-a21f-9fce214f7ee7,fc43f2ff-e57b-4869-b405-16b81c705e01,code_validity,Pass,Decodes correctly,decoded_code,Decoded from scanned code,structured,2026-05-08T20:40:19
50203463-967f-4d85-adc6-0a15249de54d,fc43f2ff-e57b-4869-b405-16b81c705e01,label_consistency,Pass,Printed manufacturer matches encoded manufacturer,ocr_reading,OCR vs decoded payload,high,2026-05-08T20:40:19
2c049963-d124-4598-817d-2bb3449d147b,fc43f2ff-e57b-4869-b405-16b81c705e01,expiry_status,Pass,Not yet expired,decoded_code,Decoded payload,structured,2026-05-08T20:40:19
a28171fe-1c37-4b53-83c6-86a33609b3bd,fc43f2ff-e57b-4869-b405-16b81c705e01,nsq_status,FAIL,Batch listed Not of Standard Quality,government_record,CDSCO NSQ/spurious database,high,2026-05-08T20:40:19
37e9e737-0d60-458b-9923-083f6f4ab469,fc43f2ff-e57b-4869-b405-16b81c705e01,replay_pattern,Inconclusive,[Preview] Synthetic demo data only,user_photo,Synthetic demo data only,low,2026-05-08T20:40:19
64c98b7c-7016-47f0-beb5-01cdef134b04,fc43f2ff-e57b-4869-b405-16b81c705e01,visual_heuristic,Pass,No blur or crop detected,user_photo,Uploaded package photo,medium,2026-05-08T20:40:19
61f91783-96e3-4464-aca6-b0702cf0a955,4a567dd0-ebb5-4784-a9af-ea9b5b2ee11a,code_validity,Pass,Decodes correctly,decoded_code,Decoded from scanned code,structured,2025-11-08T19:05:15
af1df758-4d0a-422d-9fdf-de10265e6bfe,4a567dd0-ebb5-4784-a9af-ea9b5b2ee11a,label_consistency,Pass,Printed manufacturer matches encoded manufacturer,ocr_reading,OCR vs decoded payload,high,2025-11-08T19:05:15
f51acf0f-b2b4-4090-a3a3-f9a91c015897,4a567dd0-ebb5-4784-a9af-ea9b5b2ee11a,expiry_status,Pass,Not yet expired,decoded_code,Decoded payload,structured,2025-11-08T19:05:15
d41ad821-1701-49fb-9e9b-2487122a4091,4a567dd0-ebb5-4784-a9af-ea9b5b2ee11a,nsq_status,FAIL,Batch listed Not of Standard Quality,government_record,CDSCO NSQ/spurious database,high,2025-11-08T19:05:15
8dd8fd94-70f0-47d1-8a3b-ef9515fdaa1b,4a567dd0-ebb5-4784-a9af-ea9b5b2ee11a,replay_pattern,Inconclusive,[Preview] Synthetic demo data only,user_photo,Synthetic demo data only,low,2025-11-08T19:05:15
8f0fd443-8808-41ac-8fa2-ee4f7d13d68e,4a567dd0-ebb5-4784-a9af-ea9b5b2ee11a,visual_heuristic,Pass,No blur or crop detected,user_photo,Uploaded package photo,medium,2025-11-08T19:05:15
6977c602-f4aa-4ff6-9485-b6fe4794b794,2905313d-9a2c-4811-bdd5-1ba670331a0e,code_validity,Pass,Decodes correctly,decoded_code,Decoded from scanned code,structured,2025-07-09T09:17:49
769981bc-7712-4bf7-a208-95d2aeca3645,2905313d-9a2c-4811-bdd5-1ba670331a0e,label_consistency,Pass,Printed manufacturer matches encoded manufacturer,ocr_reading,OCR vs decoded payload,high,2025-07-09T09:17:49
828d8d32-888f-46c3-8c9d-d98c93727e9e,2905313d-9a2c-4811-bdd5-1ba670331a0e,expiry_status,Pass,Not yet expired,decoded_code,Decoded payload,structured,2025-07-09T09:17:49
43f3f31a-dc3b-46a5-bdc9-4f85ebb79267,2905313d-9a2c-4811-bdd5-1ba670331a0e,nsq_status,FAIL,Batch listed Not of Standard Quality,government_record,CDSCO NSQ/spurious database,high,2025-07-09T09:17:49
d7ed50de-f3fa-4567-b474-f44790b2263a,2905313d-9a2c-4811-bdd5-1ba670331a0e,replay_pattern,Inconclusive,[Preview] Synthetic demo data only,user_photo,Synthetic demo data only,low,2025-07-09T09:17:49
8640ee65-6c10-4017-ad83-b04fb94848e0,2905313d-9a2c-4811-bdd5-1ba670331a0e,visual_heuristic,Pass,No blur or crop detected,user_photo,Uploaded package photo,medium,2025-07-09T09:17:49
b8ce9d42-1502-4a89-a691-2d966404ef4f,16cd4251-1f70-4fe8-b7c6-be2d63cd1f2c,code_validity,Pass,Decodes correctly,decoded_code,Decoded from scanned code,structured,2026-08-29T11:50:10
b79e7a7a-2c7f-4ce4-9b29-fb66fbb6d4b7,16cd4251-1f70-4fe8-b7c6-be2d63cd1f2c,label_consistency,Pass,Printed manufacturer matches encoded manufacturer,ocr_reading,OCR vs decoded payload,high,2026-08-29T11:50:10
40bc3ff3-8812-4828-bd57-ee3ccf624e75,16cd4251-1f70-4fe8-b7c6-be2d63cd1f2c,expiry_status,Pass,Not yet expired,decoded_code,Decoded payload,structured,2026-08-29T11:50:10
329eaa60-ba18-4e38-bdd5-d58da49d654f,16cd4251-1f70-4fe8-b7c6-be2d63cd1f2c,nsq_status,FAIL,Batch listed Not of Standard Quality,government_record,CDSCO NSQ/spurious database,high,2026-08-29T11:50:10
a94e11ff-7a1e-4918-8857-f7358bbef0f9,16cd4251-1f70-4fe8-b7c6-be2d63cd1f2c,replay_pattern,Inconclusive,[Preview] Synthetic demo data only,user_photo,Synthetic demo data only,low,2026-08-29T11:50:10
cee0e7bc-342e-493a-977b-93ecc891dc5c,16cd4251-1f70-4fe8-b7c6-be2d63cd1f2c,visual_heuristic,Pass,No blur or crop detected,user_photo,Uploaded package photo,medium,2026-08-29T11:50:10
24cca3e4-287c-41d3-b542-d8b9d061c4d1,dbae6c33-ec87-4d8f-9a13-cafacd5f17a5,code_validity,Pass,Decodes correctly,decoded_code,Decoded from scanned code,structured,2026-03-03T13:39:02
551afaff-0fa7-40e0-8e8e-a4091a5cb9ee,dbae6c33-ec87-4d8f-9a13-cafacd5f17a5,label_consistency,Pass,Printed manufacturer matches encoded manufacturer,ocr_reading,OCR vs decoded payload,high,2026-03-03T13:39:02
da0ed00d-e821-4cee-a180-ea3b218473ff,dbae6c33-ec87-4d8f-9a13-cafacd5f17a5,expiry_status,Pass,Not yet expired,decoded_code,Decoded payload,structured,2026-03-03T13:39:02
89ac6f04-cab2-4d6f-973b-6e8e20b4be5a,dbae6c33-ec87-4d8f-9a13-cafacd5f17a5,nsq_status,FAIL,Batch listed Not of Standard Quality,government_record,CDSCO NSQ/spurious database,high,2026-03-03T13:39:02
7a33c5a3-6a29-4d4a-b379-01870fde15bf,dbae6c33-ec87-4d8f-9a13-cafacd5f17a5,replay_pattern,Inconclusive,[Preview] Synthetic demo data only,user_photo,Synthetic demo data only,low,2026-03-03T13:39:02
93d3599c-5157-4383-b3f0-ff57ad7107a6,dbae6c33-ec87-4d8f-9a13-cafacd5f17a5,visual_heuristic,Pass,No blur or crop detected,user_photo,Uploaded package photo,medium,2026-03-03T13:39:02
f12b4d87-95c7-4ca1-8024-cd7484145c45,422f96a1-2e35-4182-8795-6af12900a30f,code_validity,Pass,Decodes correctly,decoded_code,Decoded from scanned code,structured,2025-05-23T09:22:49
e35548bd-6c0e-45bc-aaec-fa3a63bf3b24,422f96a1-2e35-4182-8795-6af12900a30f,label_consistency,Pass,Printed manufacturer matches encoded manufacturer,ocr_reading,OCR vs decoded payload,high,2025-05-23T09:22:49
2d5577cf-55bb-444f-9eb5-890d84fc0ff5,422f96a1-2e35-4182-8795-6af12900a30f,expiry_status,Pass,Not yet expired,decoded_code,Decoded payload,structured,2025-05-23T09:22:49
df6e11e6-6067-4cb0-9275-4c8b432c1aa5,422f96a1-2e35-4182-8795-6af12900a30f,nsq_status,FAIL,Batch listed Not of Standard Quality,government_record,CDSCO NSQ/spurious database,high,2025-05-23T09:22:49
bb620d34-5e88-4fee-95d3-90e9ec2499a9,422f96a1-2e35-4182-8795-6af12900a30f,replay_pattern,Inconclusive,[Preview] Synthetic demo data only,user_photo,Synthetic demo data only,low,2025-05-23T09:22:49
9f85eff2-9c3c-4a40-96f1-36536418b809,422f96a1-2e35-4182-8795-6af12900a30f,visual_heuristic,Pass,No blur or crop detected,user_photo,Uploaded package photo,medium,2025-05-23T09:22:49
fb2f0fc8-c003-47e0-8484-6cfa05b412c4,1e0e4771-3506-417e-9e1e-30af718f74f5,code_validity,Pass,Decodes correctly,decoded_code,Decoded from scanned code,structured,2025-09-08T04:06:00
d19ab6e3-e55b-4a15-b414-a86b8a2cdb03,1e0e4771-3506-417e-9e1e-30af718f74f5,label_consistency,Pass,Printed manufacturer matches encoded manufacturer,ocr_reading,OCR vs decoded payload,high,2025-09-08T04:06:00
404b0050-94ca-4090-8bb3-943f270b8b11,1e0e4771-3506-417e-9e1e-30af718f74f5,expiry_status,Pass,Not yet expired,decoded_code,Decoded payload,structured,2025-09-08T04:06:00
839abea9-58e9-4529-b6e3-97dccd2fcf6b,1e0e4771-3506-417e-9e1e-30af718f74f5,nsq_status,FAIL,Batch listed Not of Standard Quality,government_record,CDSCO NSQ/spurious database,high,2025-09-08T04:06:00
84b38675-7ba4-493c-9e36-6bba14376226,1e0e4771-3506-417e-9e1e-30af718f74f5,replay_pattern,Inconclusive,[Preview] Synthetic demo data only,user_photo,Synthetic demo data only,low,2025-09-08T04:06:00
9680a785-8dc8-4d30-9529-155ccc0ca7cb,1e0e4771-3506-417e-9e1e-30af718f74f5,visual_heuristic,Pass,No blur or crop detected,user_photo,Uploaded package photo,medium,2025-09-08T04:06:00
bfce4e8e-751a-44f6-95e6-be3c49b8eeb0,a855d519-6cb6-44e9-a951-924eef654f7a,code_validity,Pass,Decodes correctly,decoded_code,Decoded from scanned code,structured,2026-03-18T09:27:30
93706653-cc28-4f2f-9ccf-4e4433ef3737,a855d519-6cb6-44e9-a951-924eef654f7a,label_consistency,Pass,Printed manufacturer matches encoded manufacturer,ocr_reading,OCR vs decoded payload,high,2026-03-18T09:27:30
ed431252-c967-4c0b-907e-7762b784576d,a855d519-6cb6-44e9-a951-924eef654f7a,expiry_status,Pass,Not yet expired,decoded_code,Decoded payload,structured,2026-03-18T09:27:30
280e211c-b9c6-4283-b2ed-840042e19882,a855d519-6cb6-44e9-a951-924eef654f7a,nsq_status,FAIL,Batch listed Not of Standard Quality,government_record,CDSCO NSQ/spurious database,high,2026-03-18T09:27:30
684ba541-36af-4eb3-b154-b6d9830d9796,a855d519-6cb6-44e9-a951-924eef654f7a,replay_pattern,Inconclusive,[Preview] Synthetic demo data only,user_photo,Synthetic demo data only,low,2026-03-18T09:27:30
74351b40-e0d5-495a-90f2-5db42f9f4ddb,a855d519-6cb6-44e9-a951-924eef654f7a,visual_heuristic,Pass,No blur or crop detected,user_photo,Uploaded package photo,medium,2026-03-18T09:27:30
fb01e041-af1b-4336-884a-c0708141eda1,16c1a58d-8645-4872-8709-514017c90581,code_validity,Pass,Decodes correctly,decoded_code,Decoded from scanned code,structured,2026-05-10T11:21:34
df25d99b-4efb-455e-aa02-06a7900008f8,16c1a58d-8645-4872-8709-514017c90581,label_consistency,Pass,Printed manufacturer matches encoded manufacturer,ocr_reading,OCR vs decoded payload,high,2026-05-10T11:21:34
f5aca1a8-c48d-4b98-8555-efb5825db031,16c1a58d-8645-4872-8709-514017c90581,expiry_status,Pass,Not yet expired,decoded_code,Decoded payload,structured,2026-05-10T11:21:34
19f61aab-ab36-4b01-881a-30de29971798,16c1a58d-8645-4872-8709-514017c90581,nsq_status,FAIL,Batch listed Not of Standard Quality,government_record,CDSCO NSQ/spurious database,high,2026-05-10T11:21:34
4f24c306-21a8-4576-b290-b794420e76b2,16c1a58d-8645-4872-8709-514017c90581,replay_pattern,Inconclusive,[Preview] Synthetic demo data only,user_photo,Synthetic demo data only,low,2026-05-10T11:21:34
36c598e3-7a25-419c-88ee-dd8cb2de6bc6,16c1a58d-8645-4872-8709-514017c90581,visual_heuristic,Pass,No blur or crop detected,user_photo,Uploaded package photo,medium,2026-05-10T11:21:34
5f0f7818-703b-4254-9913-9c9912fc0bc3,959125ff-37ca-4ea1-b79f-db563943f2ea,code_validity,Pass,Decodes correctly,decoded_code,Decoded from scanned code,structured,2026-09-16T14:28:36
d10f687b-1bfb-4477-99c0-59cd429f5769,959125ff-37ca-4ea1-b79f-db563943f2ea,label_consistency,Pass,Printed manufacturer matches encoded manufacturer,ocr_reading,OCR vs decoded payload,high,2026-09-16T14:28:36
d58320c1-c4fc-4e53-8108-e939b48f8335,959125ff-37ca-4ea1-b79f-db563943f2ea,expiry_status,Pass,Not yet expired,decoded_code,Decoded payload,structured,2026-09-16T14:28:36
872a4b16-fdb8-4d5e-88af-83656ca597fd,959125ff-37ca-4ea1-b79f-db563943f2ea,nsq_status,FAIL,Batch listed Not of Standard Quality,government_record,CDSCO NSQ/spurious database,high,2026-09-16T14:28:36
f35c16a9-3d87-45a2-a039-493fa31174a4,959125ff-37ca-4ea1-b79f-db563943f2ea,replay_pattern,Inconclusive,[Preview] Synthetic demo data only,user_photo,Synthetic demo data only,low,2026-09-16T14:28:36
2b62e60a-6f69-45d1-a4be-6d9053b242d7,959125ff-37ca-4ea1-b79f-db563943f2ea,visual_heuristic,Pass,No blur or crop detected,user_photo,Uploaded package photo,medium,2026-09-16T14:28:36
2d6ae04a-5ab6-4736-af31-8adf44959814,068fb224-4053-4d69-a84a-94db50db5e50,code_validity,Pass,Decodes correctly,decoded_code,Decoded from scanned code,structured,2026-05-27T17:36:39
94ed304d-680c-4384-b372-a1b6ea1f0592,068fb224-4053-4d69-a84a-94db50db5e50,label_consistency,Pass,Printed manufacturer matches encoded manufacturer,ocr_reading,OCR vs decoded payload,high,2026-05-27T17:36:39
ec89f1d1-9da9-4e92-8935-96c7ff2ab466,068fb224-4053-4d69-a84a-94db50db5e50,expiry_status,Pass,Not yet expired,decoded_code,Decoded payload,structured,2026-05-27T17:36:39
59abe10d-299a-4287-b40c-c1eaeae65f43,068fb224-4053-4d69-a84a-94db50db5e50,nsq_status,FAIL,Batch listed Not of Standard Quality,government_record,CDSCO NSQ/spurious database,high,2026-05-27T17:36:39
eb4d01a4-3c07-4c9b-8c20-d87c3047bf9b,068fb224-4053-4d69-a84a-94db50db5e50,replay_pattern,Inconclusive,[Preview] Synthetic demo data only,user_photo,Synthetic demo data only,low,2026-05-27T17:36:39
bcd3d1e4-b866-40e9-8b9b-6672c54079f5,068fb224-4053-4d69-a84a-94db50db5e50,visual_heuristic,Pass,No blur or crop detected,user_photo,Uploaded package photo,medium,2026-05-27T17:36:39
a86fa400-8f70-451f-b3f4-2dac75cd2fbc,ddc4e8e5-aa5b-4417-8851-faf80e8ae312,code_validity,Pass,Decodes correctly,decoded_code,Decoded from scanned code,structured,2026-02-17T19:37:31
b5635923-16fe-4bdf-b743-cd7ddd60012b,ddc4e8e5-aa5b-4417-8851-faf80e8ae312,label_consistency,Pass,Printed manufacturer matches encoded manufacturer,ocr_reading,OCR vs decoded payload,high,2026-02-17T19:37:31
baebc2f8-27ec-425b-9cae-15fb500da699,ddc4e8e5-aa5b-4417-8851-faf80e8ae312,expiry_status,Pass,Not yet expired,decoded_code,Decoded payload,structured,2026-02-17T19:37:31
7b0cc51b-41a0-441c-89ed-f41aacf22ec8,ddc4e8e5-aa5b-4417-8851-faf80e8ae312,nsq_status,FAIL,Batch listed Not of Standard Quality,government_record,CDSCO NSQ/spurious database,high,2026-02-17T19:37:31
2a78e9ff-d19f-419c-8665-55c64c16870b,ddc4e8e5-aa5b-4417-8851-faf80e8ae312,replay_pattern,Inconclusive,[Preview] Synthetic demo data only,user_photo,Synthetic demo data only,low,2026-02-17T19:37:31
2a07ae11-6c58-4cf7-867b-0f8afbea8c6c,ddc4e8e5-aa5b-4417-8851-faf80e8ae312,visual_heuristic,Pass,No blur or crop detected,user_photo,Uploaded package photo,medium,2026-02-17T19:37:31
d6042619-438d-4a40-904f-c8b723224e5a,89c44d36-d89f-4d4e-9764-9069b184cfec,code_validity,Pass,Decodes correctly,decoded_code,Decoded from scanned code,structured,2025-04-12T12:28:20
6a46f305-7423-4207-8cc1-3f5ad19b8a9e,89c44d36-d89f-4d4e-9764-9069b184cfec,label_consistency,Pass,Printed manufacturer matches encoded manufacturer,ocr_reading,OCR vs decoded payload,high,2025-04-12T12:28:20
96877337-de5f-4718-aafa-e650af172085,89c44d36-d89f-4d4e-9764-9069b184cfec,expiry_status,Pass,Not yet expired,decoded_code,Decoded payload,structured,2025-04-12T12:28:20
9ec642f7-480c-4fc2-bada-2c752b2f8cea,89c44d36-d89f-4d4e-9764-9069b184cfec,nsq_status,FAIL,Batch listed Not of Standard Quality,government_record,CDSCO NSQ/spurious database,high,2025-04-12T12:28:20
66abc40a-61a7-4a8e-bf3d-7ed724a8dcbf,89c44d36-d89f-4d4e-9764-9069b184cfec,replay_pattern,Inconclusive,[Preview] Synthetic demo data only,user_photo,Synthetic demo data only,low,2025-04-12T12:28:20
85b7902a-02cf-4324-b6b3-a6f16fe1050f,89c44d36-d89f-4d4e-9764-9069b184cfec,visual_heuristic,Pass,No blur or crop detected,user_photo,Uploaded package photo,medium,2025-04-12T12:28:20
a342e598-69a4-411c-ad53-dbd04770ed39,50016bfd-00ba-44ef-a9a1-b14b73b1a613,code_validity,Pass,Decodes correctly,decoded_code,Decoded from scanned code,structured,2025-04-26T19:53:23
d6f8236b-9eba-490b-9298-ebfe33c53f0f,50016bfd-00ba-44ef-a9a1-b14b73b1a613,label_consistency,Pass,Printed manufacturer matches encoded manufacturer,ocr_reading,OCR vs decoded payload,high,2025-04-26T19:53:23
4a8863b7-879b-4cab-aa52-32024ed1a354,50016bfd-00ba-44ef-a9a1-b14b73b1a613,expiry_status,Pass,Not yet expired,decoded_code,Decoded payload,structured,2025-04-26T19:53:23
d3ceeeeb-acb1-4132-a88d-741d797785ff,50016bfd-00ba-44ef-a9a1-b14b73b1a613,nsq_status,FAIL,Batch listed Not of Standard Quality,government_record,CDSCO NSQ/spurious database,high,2025-04-26T19:53:23
8a8e71a2-e407-4723-8695-906c549a7dbb,50016bfd-00ba-44ef-a9a1-b14b73b1a613,replay_pattern,Inconclusive,[Preview] Synthetic demo data only,user_photo,Synthetic demo data only,low,2025-04-26T19:53:23
50a0217a-662e-4884-add0-6163155aa4a0,50016bfd-00ba-44ef-a9a1-b14b73b1a613,visual_heuristic,Pass,No blur or crop detected,user_photo,Uploaded package photo,medium,2025-04-26T19:53:23
03355919-5fd1-4518-9528-26dadab3d7f3,bc9be950-b162-4045-927e-f72fea57b639,code_validity,Pass,Decodes correctly,decoded_code,Decoded from scanned code,structured,2026-05-26T13:14:36
8b0c87e2-6142-44d5-aec7-f7e2550c473e,bc9be950-b162-4045-927e-f72fea57b639,label_consistency,Pass,Printed manufacturer matches encoded manufacturer,ocr_reading,OCR vs decoded payload,high,2026-05-26T13:14:36
cd8cd1cf-e320-4975-be34-31bfc3cbd49d,bc9be950-b162-4045-927e-f72fea57b639,expiry_status,Pass,Not yet expired,decoded_code,Decoded payload,structured,2026-05-26T13:14:36
6a26d77f-0061-4020-9431-8e6078215d28,bc9be950-b162-4045-927e-f72fea57b639,nsq_status,FAIL,Batch listed Not of Standard Quality,government_record,CDSCO NSQ/spurious database,high,2026-05-26T13:14:36
6e13f750-81eb-43ce-855c-2b627c33b0d3,bc9be950-b162-4045-927e-f72fea57b639,replay_pattern,Inconclusive,[Preview] Synthetic demo data only,user_photo,Synthetic demo data only,low,2026-05-26T13:14:36
ddd99809-435c-466e-8871-d3b0318f52ca,bc9be950-b162-4045-927e-f72fea57b639,visual_heuristic,Pass,No blur or crop detected,user_photo,Uploaded package photo,medium,2026-05-26T13:14:36
6e27d655-a913-461a-9ff0-9bcc3eb8b1a6,fae1e27d-6b3c-443e-91de-7e0336dc7583,code_validity,Pass,Decodes correctly,decoded_code,Decoded from scanned code,structured,2025-08-05T15:59:24
94728e0d-f28b-4a4c-86f2-d87424a2fb4f,fae1e27d-6b3c-443e-91de-7e0336dc7583,label_consistency,Pass,Printed manufacturer matches encoded manufacturer,ocr_reading,OCR vs decoded payload,high,2025-08-05T15:59:24
ed3d11eb-e27c-4859-85b7-1c63e08a75f4,fae1e27d-6b3c-443e-91de-7e0336dc7583,expiry_status,Pass,Not yet expired,decoded_code,Decoded payload,structured,2025-08-05T15:59:24
83f7feb7-ec95-4a10-bf1b-06709951584e,fae1e27d-6b3c-443e-91de-7e0336dc7583,nsq_status,FAIL,Batch listed Not of Standard Quality,government_record,CDSCO NSQ/spurious database,high,2025-08-05T15:59:24
44cece87-578a-4c99-ae51-670039b59f8e,fae1e27d-6b3c-443e-91de-7e0336dc7583,replay_pattern,Inconclusive,[Preview] Synthetic demo data only,user_photo,Synthetic demo data only,low,2025-08-05T15:59:24
828291a7-f038-4a7e-8e3b-7fcdd73cbdcb,fae1e27d-6b3c-443e-91de-7e0336dc7583,visual_heuristic,Pass,No blur or crop detected,user_photo,Uploaded package photo,medium,2025-08-05T15:59:24
08b58a25-f621-476a-a4f0-5a50c82170c2,ec21464f-5709-482b-9fe4-95467a193a82,code_validity,Pass,Decodes correctly,decoded_code,Decoded from scanned code,structured,2026-06-14T17:49:57
e0b2b9e2-f00b-4d5b-9e6e-1d6166a5b8cb,ec21464f-5709-482b-9fe4-95467a193a82,label_consistency,Pass,Printed manufacturer matches encoded manufacturer,ocr_reading,OCR vs decoded payload,high,2026-06-14T17:49:57
d1b511d8-2d76-4e72-8eed-eae298e18c7d,ec21464f-5709-482b-9fe4-95467a193a82,expiry_status,Pass,Not yet expired,decoded_code,Decoded payload,structured,2026-06-14T17:49:57
77cdb3dd-7235-43f0-b240-24a3053e6df3,ec21464f-5709-482b-9fe4-95467a193a82,nsq_status,FAIL,Batch listed Not of Standard Quality,government_record,CDSCO NSQ/spurious database,high,2026-06-14T17:49:57
6da21334-2645-4a53-b822-68b7ee2f1078,ec21464f-5709-482b-9fe4-95467a193a82,replay_pattern,Inconclusive,[Preview] Synthetic demo data only,user_photo,Synthetic demo data only,low,2026-06-14T17:49:57
920d847e-50db-45db-8f86-b2784f8b42b6,ec21464f-5709-482b-9fe4-95467a193a82,visual_heuristic,Pass,No blur or crop detected,user_photo,Uploaded package photo,medium,2026-06-14T17:49:57
90255461-d15d-4c2b-b5fe-1b41c2806935,dadc1f34-6258-47fd-a2a0-21aa4a2183a5,code_validity,Pass,Decodes correctly,decoded_code,Decoded from scanned code,structured,2026-08-19T12:41:32
00f7c539-b998-4a45-aa9b-961a79dc95d6,dadc1f34-6258-47fd-a2a0-21aa4a2183a5,label_consistency,Pass,Printed manufacturer matches encoded manufacturer,ocr_reading,OCR vs decoded payload,high,2026-08-19T12:41:32
0824a1bd-c549-42ab-969c-4f6b2a333ac3,dadc1f34-6258-47fd-a2a0-21aa4a2183a5,expiry_status,Pass,Not yet expired,decoded_code,Decoded payload,structured,2026-08-19T12:41:32
6c0d8044-63e7-47e0-8fb3-a3f7cfbd64c2,dadc1f34-6258-47fd-a2a0-21aa4a2183a5,nsq_status,FAIL,Batch listed Not of Standard Quality,government_record,CDSCO NSQ/spurious database,high,2026-08-19T12:41:32
71909528-1dfc-43a0-bf64-cecffe8575f7,dadc1f34-6258-47fd-a2a0-21aa4a2183a5,replay_pattern,Inconclusive,[Preview] Synthetic demo data only,user_photo,Synthetic demo data only,low,2026-08-19T12:41:32
ef993e07-cc99-4def-94a4-30904e4b3f12,dadc1f34-6258-47fd-a2a0-21aa4a2183a5,visual_heuristic,Pass,No blur or crop detected,user_photo,Uploaded package photo,medium,2026-08-19T12:41:32
837afd77-e54e-4b59-84cc-6f9d10b7cf0e,84310eb9-ed1a-4444-982e-36b90fc7ed71,code_validity,Pass,Decodes correctly,decoded_code,Decoded from scanned code,structured,2025-11-12T09:47:39
4e8e7ea7-8c9e-4f0d-a192-d6a472e160c5,84310eb9-ed1a-4444-982e-36b90fc7ed71,label_consistency,Pass,Printed manufacturer matches encoded manufacturer,ocr_reading,OCR vs decoded payload,high,2025-11-12T09:47:39
58b0c60b-4598-40ec-a6a5-28ca0cde8961,84310eb9-ed1a-4444-982e-36b90fc7ed71,expiry_status,Pass,Not yet expired,decoded_code,Decoded payload,structured,2025-11-12T09:47:39
c3fb1e86-0621-4627-9550-a3ad4f6c9ee7,84310eb9-ed1a-4444-982e-36b90fc7ed71,nsq_status,FAIL,Batch listed Not of Standard Quality,government_record,CDSCO NSQ/spurious database,high,2025-11-12T09:47:39
8e4c7c73-8462-4f89-a567-a039f558faf9,84310eb9-ed1a-4444-982e-36b90fc7ed71,replay_pattern,Inconclusive,[Preview] Synthetic demo data only,user_photo,Synthetic demo data only,low,2025-11-12T09:47:39
02a84135-5a43-4a8b-bd6d-18cad79b2d7b,84310eb9-ed1a-4444-982e-36b90fc7ed71,visual_heuristic,Pass,No blur or crop detected,user_photo,Uploaded package photo,medium,2025-11-12T09:47:39
cf718b79-ec00-441f-8d32-d78126efd737,dd19ff83-9b97-4738-99a8-bdc3dc42fcdb,code_validity,Pass,Decodes correctly,decoded_code,Decoded from scanned code,structured,2026-08-08T18:40:22
d8496fc5-78a9-4f1c-b0b9-951a64146f98,dd19ff83-9b97-4738-99a8-bdc3dc42fcdb,label_consistency,Pass,Printed manufacturer matches encoded manufacturer,ocr_reading,OCR vs decoded payload,high,2026-08-08T18:40:22
e6958224-6428-4671-9b1e-14acb799a45f,dd19ff83-9b97-4738-99a8-bdc3dc42fcdb,expiry_status,Pass,Not yet expired,decoded_code,Decoded payload,structured,2026-08-08T18:40:22
2b927142-4db1-4b6b-8555-68dc78557d78,dd19ff83-9b97-4738-99a8-bdc3dc42fcdb,nsq_status,FAIL,Batch listed Not of Standard Quality,government_record,CDSCO NSQ/spurious database,high,2026-08-08T18:40:22
af498185-3cee-439a-8928-d013bc2b1475,dd19ff83-9b97-4738-99a8-bdc3dc42fcdb,replay_pattern,Inconclusive,[Preview] Synthetic demo data only,user_photo,Synthetic demo data only,low,2026-08-08T18:40:22
968ba6f0-d1c6-4ef7-9ee3-b2e019f5d889,dd19ff83-9b97-4738-99a8-bdc3dc42fcdb,visual_heuristic,Pass,No blur or crop detected,user_photo,Uploaded package photo,medium,2026-08-08T18:40:22
ab5e1fed-659b-4346-a938-4497f36f47ec,2077f663-ffa6-4aa4-9e6b-d516bbe4d446,code_validity,Pass,Decodes correctly,decoded_code,Decoded from scanned code,structured,2026-05-19T12:55:37
3f0a9396-48d5-4a5e-8f48-5aca2e915286,2077f663-ffa6-4aa4-9e6b-d516bbe4d446,label_consistency,Pass,Printed manufacturer matches encoded manufacturer,ocr_reading,OCR vs decoded payload,high,2026-05-19T12:55:37
aeeac885-969e-4dc8-9106-fa2da33db6a3,2077f663-ffa6-4aa4-9e6b-d516bbe4d446,expiry_status,Pass,Not yet expired,decoded_code,Decoded payload,structured,2026-05-19T12:55:37
8b378a3c-0346-4062-89ad-8ee5974017dc,2077f663-ffa6-4aa4-9e6b-d516bbe4d446,nsq_status,FAIL,Batch listed Not of Standard Quality,government_record,CDSCO NSQ/spurious database,high,2026-05-19T12:55:37
f96d0e79-993e-4aac-988e-292e895be0bc,2077f663-ffa6-4aa4-9e6b-d516bbe4d446,replay_pattern,Inconclusive,[Preview] Synthetic demo data only,user_photo,Synthetic demo data only,low,2026-05-19T12:55:37
66ba56ed-8d15-49b8-b68b-febf77a1f594,2077f663-ffa6-4aa4-9e6b-d516bbe4d446,visual_heuristic,Pass,No blur or crop detected,user_photo,Uploaded package photo,medium,2026-05-19T12:55:37
fc4b774f-8080-4792-ba9e-9caf7253b1ad,4fb5b814-d2e6-4fab-8237-e3b4a9b342b9,code_validity,Pass,Decodes correctly,decoded_code,Decoded from scanned code,structured,2026-07-06T10:06:22
616d3679-04da-4ea6-bf0e-fa5468060432,4fb5b814-d2e6-4fab-8237-e3b4a9b342b9,label_consistency,Pass,Printed manufacturer matches encoded manufacturer,ocr_reading,OCR vs decoded payload,high,2026-07-06T10:06:22
ca0b62c4-41e1-4694-8aff-c1f01fc7651a,4fb5b814-d2e6-4fab-8237-e3b4a9b342b9,expiry_status,Pass,Not yet expired,decoded_code,Decoded payload,structured,2026-07-06T10:06:22
f0ab8d84-c452-415e-b941-33650826d2a4,4fb5b814-d2e6-4fab-8237-e3b4a9b342b9,nsq_status,FAIL,Batch listed Not of Standard Quality,government_record,CDSCO NSQ/spurious database,high,2026-07-06T10:06:22
16b5067e-f0d1-43da-a44f-017a037885b9,4fb5b814-d2e6-4fab-8237-e3b4a9b342b9,replay_pattern,Inconclusive,[Preview] Synthetic demo data only,user_photo,Synthetic demo data only,low,2026-07-06T10:06:22
31047941-7c31-4442-82cb-e8d0717e0cf4,4fb5b814-d2e6-4fab-8237-e3b4a9b342b9,visual_heuristic,Pass,No blur or crop detected,user_photo,Uploaded package photo,medium,2026-07-06T10:06:22
031741b2-6c31-4f48-847a-85e3ad0b0897,a9e17174-c092-4d8b-a2ca-4abafacc0c6c,code_validity,Pass,Decodes correctly,decoded_code,Decoded from scanned code,structured,2026-04-20T09:56:12
fc637e8f-73d0-4412-98e8-544bed943933,a9e17174-c092-4d8b-a2ca-4abafacc0c6c,label_consistency,Pass,Printed manufacturer matches encoded manufacturer,ocr_reading,OCR vs decoded payload,high,2026-04-20T09:56:12
09fe8d5c-abbf-47f1-ba5e-95568b02d9c0,a9e17174-c092-4d8b-a2ca-4abafacc0c6c,expiry_status,Pass,Not yet expired,decoded_code,Decoded payload,structured,2026-04-20T09:56:12
3ad714e5-cf0a-4ae2-8b48-dd9141ea307b,a9e17174-c092-4d8b-a2ca-4abafacc0c6c,nsq_status,FAIL,Batch listed Not of Standard Quality,government_record,CDSCO NSQ/spurious database,high,2026-04-20T09:56:12
71c5fc83-03d5-4a9d-87fa-381986f4c500,a9e17174-c092-4d8b-a2ca-4abafacc0c6c,replay_pattern,Inconclusive,[Preview] Synthetic demo data only,user_photo,Synthetic demo data only,low,2026-04-20T09:56:12
1f5714a4-64bf-4a7b-b89e-d996abaa8edb,a9e17174-c092-4d8b-a2ca-4abafacc0c6c,visual_heuristic,Pass,No blur or crop detected,user_photo,Uploaded package photo,medium,2026-04-20T09:56:12
4bb613c0-8409-4480-8425-3288ad3e5706,8f0d0f85-3873-4fe7-aedd-e9a9013fe5fe,code_validity,Pass,Decodes correctly,decoded_code,Decoded from scanned code,structured,2026-04-09T12:15:34
f4ac7ef5-af22-4c39-a410-a7b3bcfcfbc5,8f0d0f85-3873-4fe7-aedd-e9a9013fe5fe,label_consistency,Pass,Printed manufacturer matches encoded manufacturer,ocr_reading,OCR vs decoded payload,high,2026-04-09T12:15:34
60efbaaf-2c0c-4df6-89d9-4279bcb09714,8f0d0f85-3873-4fe7-aedd-e9a9013fe5fe,expiry_status,Pass,Not yet expired,decoded_code,Decoded payload,structured,2026-04-09T12:15:34
70ab7365-5f27-4af3-8d8d-4937a571a57d,8f0d0f85-3873-4fe7-aedd-e9a9013fe5fe,nsq_status,FAIL,Batch listed Not of Standard Quality,government_record,CDSCO NSQ/spurious database,high,2026-04-09T12:15:34
6a538d91-9f62-46fa-973d-1a5c7a7fdc57,8f0d0f85-3873-4fe7-aedd-e9a9013fe5fe,replay_pattern,Inconclusive,[Preview] Synthetic demo data only,user_photo,Synthetic demo data only,low,2026-04-09T12:15:34
77dda4e4-8806-4213-b4c5-e22deaf3aadb,8f0d0f85-3873-4fe7-aedd-e9a9013fe5fe,visual_heuristic,Pass,No blur or crop detected,user_photo,Uploaded package photo,medium,2026-04-09T12:15:34
57c00e58-c579-4209-8235-8cf94d9a27a0,1c44647a-d84a-40f3-b44a-1f118a48b750,code_validity,Pass,Decodes correctly,decoded_code,Decoded from scanned code,structured,2025-04-20T14:21:51
59263534-0ce8-4a08-8447-0d6c93878ca1,1c44647a-d84a-40f3-b44a-1f118a48b750,label_consistency,Pass,Printed manufacturer matches encoded manufacturer,ocr_reading,OCR vs decoded payload,high,2025-04-20T14:21:51
605ef506-020a-4ec1-9ee1-5949c5027632,1c44647a-d84a-40f3-b44a-1f118a48b750,expiry_status,Pass,Not yet expired,decoded_code,Decoded payload,structured,2025-04-20T14:21:51
956ac7bc-70ee-4936-9fa2-a23c88f8f233,1c44647a-d84a-40f3-b44a-1f118a48b750,nsq_status,FAIL,Batch listed Not of Standard Quality,government_record,CDSCO NSQ/spurious database,high,2025-04-20T14:21:51
74cf5aaf-e7ae-452b-a9e1-3f95b6b189e8,1c44647a-d84a-40f3-b44a-1f118a48b750,replay_pattern,Inconclusive,[Preview] Synthetic demo data only,user_photo,Synthetic demo data only,low,2025-04-20T14:21:51
091fa745-a7ef-4b66-8725-f161eb883a24,1c44647a-d84a-40f3-b44a-1f118a48b750,visual_heuristic,Pass,No blur or crop detected,user_photo,Uploaded package photo,medium,2025-04-20T14:21:51
27804035-1dc0-4c03-bcd6-28342670be3b,a4b40047-2055-4970-b1e0-294e287a3fda,code_validity,Pass,Decodes correctly,decoded_code,Decoded from scanned code,structured,2025-04-01T17:33:04
b784dfb1-0a87-42a6-96d5-982c44800754,a4b40047-2055-4970-b1e0-294e287a3fda,label_consistency,Pass,Printed manufacturer matches encoded manufacturer,ocr_reading,OCR vs decoded payload,high,2025-04-01T17:33:04
4fbeccb9-aed7-4cc7-8ffc-d8d6f6b043e4,a4b40047-2055-4970-b1e0-294e287a3fda,expiry_status,Pass,Not yet expired,decoded_code,Decoded payload,structured,2025-04-01T17:33:04
e9ed1f5c-dae5-4e79-9d77-841adaa9fac5,a4b40047-2055-4970-b1e0-294e287a3fda,nsq_status,FAIL,Batch listed Not of Standard Quality,government_record,CDSCO NSQ/spurious database,high,2025-04-01T17:33:04
e1ed6547-03b4-42a6-8acc-0ce103bac0f0,a4b40047-2055-4970-b1e0-294e287a3fda,replay_pattern,Inconclusive,[Preview] Synthetic demo data only,user_photo,Synthetic demo data only,low,2025-04-01T17:33:04
fc6a5060-6968-4470-a2ed-264ddca614b9,a4b40047-2055-4970-b1e0-294e287a3fda,visual_heuristic,Pass,No blur or crop detected,user_photo,Uploaded package photo,medium,2025-04-01T17:33:04
e4064171-9219-4060-bffa-5bde977727d8,ecbf9750-a532-4aeb-bdc8-b88079d07b97,code_validity,Pass,Decodes correctly,decoded_code,Decoded from scanned code,structured,2026-05-04T09:26:38
043d318a-9df1-4929-bcaa-9cd4521b93e0,ecbf9750-a532-4aeb-bdc8-b88079d07b97,label_consistency,Pass,Printed manufacturer matches encoded manufacturer,ocr_reading,OCR vs decoded payload,high,2026-05-04T09:26:38
a05fab48-8aeb-4de0-90f8-dfa2556e9e4f,ecbf9750-a532-4aeb-bdc8-b88079d07b97,expiry_status,Pass,Not yet expired,decoded_code,Decoded payload,structured,2026-05-04T09:26:38
c34155c3-c912-4907-98a7-6a3ca616d912,ecbf9750-a532-4aeb-bdc8-b88079d07b97,nsq_status,FAIL,Batch listed Not of Standard Quality,government_record,CDSCO NSQ/spurious database,high,2026-05-04T09:26:38
968e5133-d264-4d15-a1a6-1b1c40a19971,ecbf9750-a532-4aeb-bdc8-b88079d07b97,replay_pattern,Inconclusive,[Preview] Synthetic demo data only,user_photo,Synthetic demo data only,low,2026-05-04T09:26:38
36bf8f33-4d9c-4039-844c-0d805956c383,ecbf9750-a532-4aeb-bdc8-b88079d07b97,visual_heuristic,Pass,No blur or crop detected,user_photo,Uploaded package photo,medium,2026-05-04T09:26:38
d096161c-777e-4973-b66a-b7104c37a45c,fc1502fd-91a0-4fc5-9d9f-bbf78ab42f26,code_validity,Pass,Decodes correctly,decoded_code,Decoded from scanned code,structured,2026-01-11T18:23:03
2d073eb8-acfe-4c05-8efe-8a8fd90c248e,fc1502fd-91a0-4fc5-9d9f-bbf78ab42f26,label_consistency,Pass,Printed manufacturer matches encoded manufacturer,ocr_reading,OCR vs decoded payload,high,2026-01-11T18:23:03
e3f4e894-a231-4554-85c5-161ea575e86a,fc1502fd-91a0-4fc5-9d9f-bbf78ab42f26,expiry_status,Pass,Not yet expired,decoded_code,Decoded payload,structured,2026-01-11T18:23:03
097098db-cf10-4aab-9d35-734f302284bd,fc1502fd-91a0-4fc5-9d9f-bbf78ab42f26,nsq_status,FAIL,Batch listed Not of Standard Quality,government_record,CDSCO NSQ/spurious database,high,2026-01-11T18:23:03
b8ac4e67-124b-4688-853f-46e7018e8ab1,fc1502fd-91a0-4fc5-9d9f-bbf78ab42f26,replay_pattern,Inconclusive,[Preview] Synthetic demo data only,user_photo,Synthetic demo data only,low,2026-01-11T18:23:03
05e32ede-d7d5-4496-8678-03e5a7eb590e,fc1502fd-91a0-4fc5-9d9f-bbf78ab42f26,visual_heuristic,Pass,No blur or crop detected,user_photo,Uploaded package photo,medium,2026-01-11T18:23:03
5cefa224-5723-4292-9a6c-0c31d9cd04dd,b3debd5c-2eb0-4fd0-b1fe-3cd71400a77d,code_validity,Pass,Decodes correctly,decoded_code,Decoded from scanned code,structured,2025-12-09T08:53:16
af0f3925-486f-4d40-9491-e2756983ca70,b3debd5c-2eb0-4fd0-b1fe-3cd71400a77d,label_consistency,Pass,Printed manufacturer matches encoded manufacturer,ocr_reading,OCR vs decoded payload,high,2025-12-09T08:53:16
179c68f0-a9b0-4b81-864c-d7dcdf7669c8,b3debd5c-2eb0-4fd0-b1fe-3cd71400a77d,expiry_status,Pass,Not yet expired,decoded_code,Decoded payload,structured,2025-12-09T08:53:16
0e129c5c-dd8f-4ac0-911e-b23a738e32b5,b3debd5c-2eb0-4fd0-b1fe-3cd71400a77d,nsq_status,FAIL,Batch listed Not of Standard Quality,government_record,CDSCO NSQ/spurious database,high,2025-12-09T08:53:16
e679aac5-2fa1-445d-90f3-23448adfa846,b3debd5c-2eb0-4fd0-b1fe-3cd71400a77d,replay_pattern,Inconclusive,[Preview] Synthetic demo data only,user_photo,Synthetic demo data only,low,2025-12-09T08:53:16
a532bb2f-0610-42dc-a6dc-55b82b9c8b41,b3debd5c-2eb0-4fd0-b1fe-3cd71400a77d,visual_heuristic,Pass,No blur or crop detected,user_photo,Uploaded package photo,medium,2025-12-09T08:53:16
a8488a44-845a-4ab5-a93d-c562ba147845,6c8830bc-90cb-4e1e-a8a0-4d16f1c871c6,code_validity,Pass,Decodes correctly,decoded_code,Decoded from scanned code,structured,2026-04-29T15:45:41
344c8218-4413-47b1-aaf2-b8778128e21a,6c8830bc-90cb-4e1e-a8a0-4d16f1c871c6,label_consistency,Pass,Printed manufacturer matches encoded manufacturer,ocr_reading,OCR vs decoded payload,high,2026-04-29T15:45:41
12e8f0d6-7a67-434e-9df1-da139ef35ec6,6c8830bc-90cb-4e1e-a8a0-4d16f1c871c6,expiry_status,Pass,Not yet expired,decoded_code,Decoded payload,structured,2026-04-29T15:45:41
59557a51-b8c9-49dd-9b63-058209ae64aa,6c8830bc-90cb-4e1e-a8a0-4d16f1c871c6,nsq_status,FAIL,Batch listed Not of Standard Quality,government_record,CDSCO NSQ/spurious database,high,2026-04-29T15:45:41
8f36c531-0e66-46c0-92ae-ebc7765a9a34,6c8830bc-90cb-4e1e-a8a0-4d16f1c871c6,replay_pattern,Inconclusive,[Preview] Synthetic demo data only,user_photo,Synthetic demo data only,low,2026-04-29T15:45:41
5c11635c-0917-4d5b-a205-4f8583df8b4d,6c8830bc-90cb-4e1e-a8a0-4d16f1c871c6,visual_heuristic,Pass,No blur or crop detected,user_photo,Uploaded package photo,medium,2026-04-29T15:45:41
773fd79f-d5b8-4c69-97c7-78d5a76683ac,c5070ef4-fdbb-4194-ab72-19f9771dd0c7,code_validity,Pass,Decodes correctly,decoded_code,Decoded from scanned code,structured,2026-03-25T12:33:04
f405ffed-f075-485f-b2b5-3cc70d3f1ccc,c5070ef4-fdbb-4194-ab72-19f9771dd0c7,label_consistency,Pass,Printed manufacturer matches encoded manufacturer,ocr_reading,OCR vs decoded payload,high,2026-03-25T12:33:04
70e68924-2355-47f7-9ada-c4ff8b7832be,c5070ef4-fdbb-4194-ab72-19f9771dd0c7,expiry_status,Pass,Not yet expired,decoded_code,Decoded payload,structured,2026-03-25T12:33:04
75eadb9e-a811-4b5c-9e6d-1199bc542ce4,c5070ef4-fdbb-4194-ab72-19f9771dd0c7,nsq_status,FAIL,Batch listed Not of Standard Quality,government_record,CDSCO NSQ/spurious database,high,2026-03-25T12:33:04
ec0c91b6-f3cb-41f1-af5c-d51da336a74e,c5070ef4-fdbb-4194-ab72-19f9771dd0c7,replay_pattern,Inconclusive,[Preview] Synthetic demo data only,user_photo,Synthetic demo data only,low,2026-03-25T12:33:04
ab9f4642-3eac-4555-944c-5b49972569d0,c5070ef4-fdbb-4194-ab72-19f9771dd0c7,visual_heuristic,Pass,No blur or crop detected,user_photo,Uploaded package photo,medium,2026-03-25T12:33:04
acf743e2-ce8c-4b6c-8efd-967b68f9bba4,667d3017-1152-4708-a671-cd0772a678ce,code_validity,Pass,Decodes correctly,decoded_code,Decoded from scanned code,structured,2026-01-13T09:23:37
18b420f4-8b6b-474b-a4a7-608ae508dc54,667d3017-1152-4708-a671-cd0772a678ce,label_consistency,Pass,Printed manufacturer matches encoded manufacturer,ocr_reading,OCR vs decoded payload,high,2026-01-13T09:23:37
34c27e75-fd47-4b89-a9ad-9835c98dd4b3,667d3017-1152-4708-a671-cd0772a678ce,expiry_status,Pass,Not yet expired,decoded_code,Decoded payload,structured,2026-01-13T09:23:37
b0fc92d7-6286-4db4-a4ac-3a2ceac83af0,667d3017-1152-4708-a671-cd0772a678ce,nsq_status,FAIL,Batch listed Not of Standard Quality,government_record,CDSCO NSQ/spurious database,high,2026-01-13T09:23:37
0c0bffcb-f0d7-4c03-be47-7724d1948815,667d3017-1152-4708-a671-cd0772a678ce,replay_pattern,Inconclusive,[Preview] Synthetic demo data only,user_photo,Synthetic demo data only,low,2026-01-13T09:23:37
11cf9d67-e673-4ec2-b9d7-5a909455c1dc,667d3017-1152-4708-a671-cd0772a678ce,visual_heuristic,Pass,No blur or crop detected,user_photo,Uploaded package photo,medium,2026-01-13T09:23:37
fafe9602-020b-405f-b37f-7d9bc6b12c72,339901ac-5f24-4eac-9888-20f583b1926b,code_validity,Pass,Decodes correctly,decoded_code,Decoded from scanned code,structured,2026-08-21T18:05:27
a1936466-cea7-4bb4-bd7d-be605d7f46eb,339901ac-5f24-4eac-9888-20f583b1926b,label_consistency,Pass,Printed manufacturer matches encoded manufacturer,ocr_reading,OCR vs decoded payload,high,2026-08-21T18:05:27
a295714f-6176-4c73-b7f9-c64aa32cbb02,339901ac-5f24-4eac-9888-20f583b1926b,expiry_status,Pass,Not yet expired,decoded_code,Decoded payload,structured,2026-08-21T18:05:27
d12ddc39-0586-4de1-b890-df466613ebfc,339901ac-5f24-4eac-9888-20f583b1926b,nsq_status,FAIL,Batch listed Not of Standard Quality,government_record,CDSCO NSQ/spurious database,high,2026-08-21T18:05:27
18e038bd-499e-4e5b-ae84-4443c716b5ac,339901ac-5f24-4eac-9888-20f583b1926b,replay_pattern,Inconclusive,[Preview] Synthetic demo data only,user_photo,Synthetic demo data only,low,2026-08-21T18:05:27
fcb4db9a-ebe6-4499-b25d-18d6f64f57df,339901ac-5f24-4eac-9888-20f583b1926b,visual_heuristic,Pass,No blur or crop detected,user_photo,Uploaded package photo,medium,2026-08-21T18:05:27
5b5eb7f3-a469-4c8b-9d8a-b2a823c09dee,5f38c5bb-85ce-42e5-a099-70d658d5be55,code_validity,Pass,Decodes correctly,decoded_code,Decoded from scanned code,structured,2025-11-21T09:59:11
7a6a2670-ddc7-4c3f-9506-2e85197087fa,5f38c5bb-85ce-42e5-a099-70d658d5be55,label_consistency,FAIL,"Printed manufacturer differs from encoded manufacturer (fuzzy match, 0.6 confidence)",ocr_reading,OCR vs decoded payload,medium,2025-11-21T09:59:11
baa3385f-9eff-4313-96de-dddb1f02aec9,5f38c5bb-85ce-42e5-a099-70d658d5be55,expiry_status,Pass,Not yet expired,decoded_code,Decoded payload,structured,2025-11-21T09:59:11
f9f24550-314b-4a88-bd59-37f59fb8caec,5f38c5bb-85ce-42e5-a099-70d658d5be55,nsq_status,Pass,No match found in current CDSCO alerts,government_record,CDSCO NSQ/spurious database,structured,2025-11-21T09:59:11
9e2eb3c6-d0e7-493d-acc1-9185be601131,5f38c5bb-85ce-42e5-a099-70d658d5be55,replay_pattern,Inconclusive,[Preview] Synthetic demo data only,user_photo,Synthetic demo data only,low,2025-11-21T09:59:11
e2a2d45a-fa13-4cf1-bc7c-fe54cd15f802,5f38c5bb-85ce-42e5-a099-70d658d5be55,visual_heuristic,Pass,No blur or crop detected,user_photo,Uploaded package photo,medium,2025-11-21T09:59:11
29ac70dd-5e68-4712-8b65-43765e03f10c,2c01ede0-4e50-4b74-a51a-2a16faac9967,code_validity,Pass,Decodes correctly,decoded_code,Decoded from scanned code,structured,2025-08-11T07:21:27
db83cefe-74b4-4d1d-bedb-563708057b6e,2c01ede0-4e50-4b74-a51a-2a16faac9967,label_consistency,Pass,Fields match,ocr_reading,OCR vs decoded payload,high,2025-08-11T07:21:27
583bd70d-f505-488a-bbd7-1a2b4064a15c,2c01ede0-4e50-4b74-a51a-2a16faac9967,expiry_status,Pass,Not yet expired,decoded_code,Decoded payload,structured,2025-08-11T07:21:27
32a3272e-5935-47db-ad3a-8c1ad0104bb9,2c01ede0-4e50-4b74-a51a-2a16faac9967,nsq_status,Pass,No match found in current CDSCO alerts,government_record,CDSCO NSQ/spurious database,structured,2025-08-11T07:21:27
8ea5cf51-377d-43f0-ad84-2c356b540f05,2c01ede0-4e50-4b74-a51a-2a16faac9967,replay_pattern,Inconclusive,[Preview] Unusual scan cadence flagged for review,user_photo,Synthetic demo scan-log data only,medium,2025-08-11T07:21:27
929966da-f3e7-4069-827a-7216568b0bb1,2c01ede0-4e50-4b74-a51a-2a16faac9967,visual_heuristic,Pass,No blur or crop detected,user_photo,Uploaded package photo,medium,2025-08-11T07:21:27
7c1579da-ff04-42b7-a559-2ab393106062,40d7ca01-0a86-4574-907d-dafb314a6d39,code_validity,Pass,Decodes correctly,decoded_code,Decoded from scanned code,structured,2026-06-15T11:23:32
d24efa96-5d11-4907-ae69-7bc53f4d3115,40d7ca01-0a86-4574-907d-dafb314a6d39,label_consistency,FAIL,"Printed manufacturer differs from encoded manufacturer (fuzzy match, 0.6 confidence)",ocr_reading,OCR vs decoded payload,medium,2026-06-15T11:23:32
49b61d63-4d89-4939-a93d-ca13737d0116,40d7ca01-0a86-4574-907d-dafb314a6d39,expiry_status,Pass,Not yet expired,decoded_code,Decoded payload,structured,2026-06-15T11:23:32
c914aa94-f582-479b-8633-8933fb54fd95,40d7ca01-0a86-4574-907d-dafb314a6d39,nsq_status,Pass,No match found in current CDSCO alerts,government_record,CDSCO NSQ/spurious database,structured,2026-06-15T11:23:32
e2352605-f110-43f7-8faa-bbcdb479ce0a,40d7ca01-0a86-4574-907d-dafb314a6d39,replay_pattern,Inconclusive,[Preview] Synthetic demo data only,user_photo,Synthetic demo data only,low,2026-06-15T11:23:32
f4c11bbe-9fc4-4aa1-a894-a4f846d7baeb,40d7ca01-0a86-4574-907d-dafb314a6d39,visual_heuristic,Pass,No blur or crop detected,user_photo,Uploaded package photo,medium,2026-06-15T11:23:32
7f3ecc55-3bb2-41c1-9dda-824ed348d788,580c599f-d971-415b-a0d9-5368cbd37554,code_validity,Pass,Decodes correctly,decoded_code,Decoded from scanned code,structured,2026-08-24T20:57:07
1d9efa5a-5169-45bd-89e0-e8375d8011cc,580c599f-d971-415b-a0d9-5368cbd37554,label_consistency,FAIL,"Printed manufacturer differs from encoded manufacturer (fuzzy match, 0.6 confidence)",ocr_reading,OCR vs decoded payload,medium,2026-08-24T20:57:07
137f95a9-99ed-4bbd-8f97-2b9a91f7ba49,580c599f-d971-415b-a0d9-5368cbd37554,expiry_status,Pass,Not yet expired,decoded_code,Decoded payload,structured,2026-08-24T20:57:07
f502e68c-024a-4a80-bc73-1c823e94bf2d,580c599f-d971-415b-a0d9-5368cbd37554,nsq_status,Pass,No match found in current CDSCO alerts,government_record,CDSCO NSQ/spurious database,structured,2026-08-24T20:57:07
51aae1ea-28b0-4e7f-bc46-1f9652ccbf45,580c599f-d971-415b-a0d9-5368cbd37554,replay_pattern,Inconclusive,[Preview] Synthetic demo data only,user_photo,Synthetic demo data only,low,2026-08-24T20:57:07
f6cc098f-4574-4b63-aa08-b53d11519150,580c599f-d971-415b-a0d9-5368cbd37554,visual_heuristic,Pass,No blur or crop detected,user_photo,Uploaded package photo,medium,2026-08-24T20:57:07
0740f88d-5965-41f0-a312-ed7670ccf3e9,a79b6ed0-0060-41a4-970e-ccd972e36f02,code_validity,Pass,Decodes correctly,decoded_code,Decoded from scanned code,structured,2025-05-30T16:48:19
b9cdbdb9-e138-48ec-89b4-a4ad9d2f7848,a79b6ed0-0060-41a4-970e-ccd972e36f02,label_consistency,Pass,Fields match,ocr_reading,OCR vs decoded payload,high,2025-05-30T16:48:19
9ce718dc-efd3-4585-a3c2-669df105a5b5,a79b6ed0-0060-41a4-970e-ccd972e36f02,expiry_status,Pass,Not yet expired,decoded_code,Decoded payload,structured,2025-05-30T16:48:19
d9f1c999-6527-4183-a131-006e502b906c,a79b6ed0-0060-41a4-970e-ccd972e36f02,nsq_status,Pass,No match found in current CDSCO alerts,government_record,CDSCO NSQ/spurious database,structured,2025-05-30T16:48:19
df00669b-af55-40b8-88c2-b3a522d75c4b,a79b6ed0-0060-41a4-970e-ccd972e36f02,replay_pattern,Inconclusive,[Preview] Unusual scan cadence flagged for review,user_photo,Synthetic demo scan-log data only,medium,2025-05-30T16:48:19
3cff3502-a5c7-43f3-90dc-3a61de24815a,a79b6ed0-0060-41a4-970e-ccd972e36f02,visual_heuristic,Pass,No blur or crop detected,user_photo,Uploaded package photo,medium,2025-05-30T16:48:19
9bead4ab-d7cc-49b5-b1cb-4e49f51962c5,2be0f253-6faf-414a-a6ed-006b0fac665e,code_validity,Pass,Decodes correctly,decoded_code,Decoded from scanned code,structured,2026-07-30T13:17:44
bad3a6c5-d9d7-486d-a1ea-f53c3c20247b,2be0f253-6faf-414a-a6ed-006b0fac665e,label_consistency,FAIL,"Printed manufacturer differs from encoded manufacturer (fuzzy match, 0.6 confidence)",ocr_reading,OCR vs decoded payload,medium,2026-07-30T13:17:44
7208ee4a-1d3d-455a-ab24-c1df62721310,2be0f253-6faf-414a-a6ed-006b0fac665e,expiry_status,Pass,Not yet expired,decoded_code,Decoded payload,structured,2026-07-30T13:17:44
4ae30457-0963-42b7-a43d-9865d4041528,2be0f253-6faf-414a-a6ed-006b0fac665e,nsq_status,Pass,No match found in current CDSCO alerts,government_record,CDSCO NSQ/spurious database,structured,2026-07-30T13:17:44
9505e7d5-6847-44a1-a834-7307c3de95d9,2be0f253-6faf-414a-a6ed-006b0fac665e,replay_pattern,Inconclusive,[Preview] Synthetic demo data only,user_photo,Synthetic demo data only,low,2026-07-30T13:17:44
bec6647f-bf97-4b19-9767-c090db289b3a,2be0f253-6faf-414a-a6ed-006b0fac665e,visual_heuristic,Pass,No blur or crop detected,user_photo,Uploaded package photo,medium,2026-07-30T13:17:44
23cbd618-42c3-4384-9d2c-750ca7805bb5,5128b118-30a9-4998-b320-5f1ef3515600,code_validity,Pass,Decodes correctly,decoded_code,Decoded from scanned code,structured,2026-01-27T12:48:35
9b8c820d-2d56-4773-8bf7-0789bfc83452,5128b118-30a9-4998-b320-5f1ef3515600,label_consistency,Pass,Fields match,ocr_reading,OCR vs decoded payload,high,2026-01-27T12:48:35
111d7b19-f4a3-47ee-bc8b-71701ef82463,5128b118-30a9-4998-b320-5f1ef3515600,expiry_status,Pass,Not yet expired,decoded_code,Decoded payload,structured,2026-01-27T12:48:35
00d021fd-3723-470b-8921-1bd007c66869,5128b118-30a9-4998-b320-5f1ef3515600,nsq_status,Pass,No match found in current CDSCO alerts,government_record,CDSCO NSQ/spurious database,structured,2026-01-27T12:48:35
0c4905dc-f3ec-48e9-9eeb-13ea6e05ff94,5128b118-30a9-4998-b320-5f1ef3515600,replay_pattern,Inconclusive,[Preview] Synthetic demo data only,user_photo,Synthetic demo data only,low,2026-01-27T12:48:35
b5f0bb5a-2669-482f-a7c2-4ef6d6f65413,5128b118-30a9-4998-b320-5f1ef3515600,visual_heuristic,FAIL,Uploaded photo shows partial blur near the batch line,user_photo,Uploaded package photo,medium,2026-01-27T12:48:35
5e6cd220-953b-461a-9f8e-08d3201e51e0,fa9d8abf-3811-44fa-b52f-e8f033529623,code_validity,Pass,Decodes correctly,decoded_code,Decoded from scanned code,structured,2026-04-09T18:55:00
9691aa4b-35e8-4c22-9a9f-bfcdf54abd85,fa9d8abf-3811-44fa-b52f-e8f033529623,label_consistency,Pass,Fields match,ocr_reading,OCR vs decoded payload,high,2026-04-09T18:55:00
0eacc0b3-ffe5-4401-b9ce-8b004fc04d19,fa9d8abf-3811-44fa-b52f-e8f033529623,expiry_status,Pass,Not yet expired,decoded_code,Decoded payload,structured,2026-04-09T18:55:00
c314441d-b861-4ce3-bf75-c7cd9b6210b2,fa9d8abf-3811-44fa-b52f-e8f033529623,nsq_status,Pass,No match found in current CDSCO alerts,government_record,CDSCO NSQ/spurious database,structured,2026-04-09T18:55:00
0d60bfd8-c5d8-4d23-9b78-fe2112f457ec,fa9d8abf-3811-44fa-b52f-e8f033529623,replay_pattern,Inconclusive,[Preview] Unusual scan cadence flagged for review,user_photo,Synthetic demo scan-log data only,medium,2026-04-09T18:55:00
3c6468a4-f285-40b3-aeb7-998ef1c89fa6,fa9d8abf-3811-44fa-b52f-e8f033529623,visual_heuristic,Pass,No blur or crop detected,user_photo,Uploaded package photo,medium,2026-04-09T18:55:00
72b5b7e4-b019-413d-9df8-e4affec67c82,e11ad348-af94-4fca-8a03-565c19ed96fb,code_validity,Pass,Decodes correctly,decoded_code,Decoded from scanned code,structured,2026-07-30T11:13:07
e2c3bc1e-94ee-4142-92c2-d0e18a634ca8,e11ad348-af94-4fca-8a03-565c19ed96fb,label_consistency,Pass,Fields match,ocr_reading,OCR vs decoded payload,high,2026-07-30T11:13:07
6b77c87f-73ae-43aa-9f06-7f909bec1ebe,e11ad348-af94-4fca-8a03-565c19ed96fb,expiry_status,Pass,Not yet expired,decoded_code,Decoded payload,structured,2026-07-30T11:13:07
42cbf2fa-6465-4290-b02e-35160f763c99,e11ad348-af94-4fca-8a03-565c19ed96fb,nsq_status,Pass,No match found in current CDSCO alerts,government_record,CDSCO NSQ/spurious database,structured,2026-07-30T11:13:07
cc269b72-e663-497a-bfff-be9c87e7f36e,e11ad348-af94-4fca-8a03-565c19ed96fb,replay_pattern,Inconclusive,[Preview] Synthetic demo data only,user_photo,Synthetic demo data only,low,2026-07-30T11:13:07
ee2718d8-6686-4184-a3ac-43f91745d873,e11ad348-af94-4fca-8a03-565c19ed96fb,visual_heuristic,FAIL,Uploaded photo shows partial blur near the batch line,user_photo,Uploaded package photo,medium,2026-07-30T11:13:07
cca95403-b56e-4973-8d57-1c8e147d95c7,c9b8440e-afe7-4ac5-b28f-d434e98bf006,code_validity,Pass,Decodes correctly,decoded_code,Decoded from scanned code,structured,2025-12-11T11:57:15
6c731914-b341-4ddc-8ea7-de29c1ff62d6,c9b8440e-afe7-4ac5-b28f-d434e98bf006,label_consistency,FAIL,"Printed manufacturer differs from encoded manufacturer (fuzzy match, 0.6 confidence)",ocr_reading,OCR vs decoded payload,medium,2025-12-11T11:57:15
69aa317a-d990-461c-a723-368655b184cd,c9b8440e-afe7-4ac5-b28f-d434e98bf006,expiry_status,Pass,Not yet expired,decoded_code,Decoded payload,structured,2025-12-11T11:57:15
c2aed0b6-a2a3-4af1-9643-69cd458cc13b,c9b8440e-afe7-4ac5-b28f-d434e98bf006,nsq_status,Pass,No match found in current CDSCO alerts,government_record,CDSCO NSQ/spurious database,structured,2025-12-11T11:57:15
27beb5ff-5534-424f-affe-3e5bf728006b,c9b8440e-afe7-4ac5-b28f-d434e98bf006,replay_pattern,Inconclusive,[Preview] Synthetic demo data only,user_photo,Synthetic demo data only,low,2025-12-11T11:57:15
a6f1d8b5-fe5f-4b2e-9ce5-085932b867b4,c9b8440e-afe7-4ac5-b28f-d434e98bf006,visual_heuristic,Pass,No blur or crop detected,user_photo,Uploaded package photo,medium,2025-12-11T11:57:15
a0b19b61-6c5b-4e23-8efc-d1565d5e0d9c,82f5bafd-7e31-47d3-9187-683d2ff87b79,code_validity,Pass,Decodes correctly,decoded_code,Decoded from scanned code,structured,2025-05-04T11:39:14
a25c780b-8ff0-4e24-b2c9-34902f2c5d81,82f5bafd-7e31-47d3-9187-683d2ff87b79,label_consistency,FAIL,"Printed manufacturer differs from encoded manufacturer (fuzzy match, 0.6 confidence)",ocr_reading,OCR vs decoded payload,medium,2025-05-04T11:39:14
5f3ec915-b63c-43ef-a26b-fd1603a4313e,82f5bafd-7e31-47d3-9187-683d2ff87b79,expiry_status,Pass,Not yet expired,decoded_code,Decoded payload,structured,2025-05-04T11:39:14
3800d55b-8960-463f-ba91-263d3bfce6c3,82f5bafd-7e31-47d3-9187-683d2ff87b79,nsq_status,Pass,No match found in current CDSCO alerts,government_record,CDSCO NSQ/spurious database,structured,2025-05-04T11:39:14
ee7aa4b4-11ab-49e7-b86e-5c45481a8a93,82f5bafd-7e31-47d3-9187-683d2ff87b79,replay_pattern,Inconclusive,[Preview] Synthetic demo data only,user_photo,Synthetic demo data only,low,2025-05-04T11:39:14
4c8c270b-574c-41e4-889c-98c090205d5c,82f5bafd-7e31-47d3-9187-683d2ff87b79,visual_heuristic,Pass,No blur or crop detected,user_photo,Uploaded package photo,medium,2025-05-04T11:39:14
c364cfb1-380a-4efc-b3e0-2b71f6c2ab92,967478b5-2792-4860-ad77-625951549c83,code_validity,Pass,Decodes correctly,decoded_code,Decoded from scanned code,structured,2025-08-12T14:09:27
bbc89ade-b67b-4cb1-902e-cc72f924abe6,967478b5-2792-4860-ad77-625951549c83,label_consistency,FAIL,"Printed manufacturer differs from encoded manufacturer (fuzzy match, 0.6 confidence)",ocr_reading,OCR vs decoded payload,medium,2025-08-12T14:09:27
195ae6c0-ebe0-4dc1-ab0a-eb10751f171e,967478b5-2792-4860-ad77-625951549c83,expiry_status,Pass,Not yet expired,decoded_code,Decoded payload,structured,2025-08-12T14:09:27
bb409c10-4ff7-4b07-8a03-1a7e01a7a6e1,967478b5-2792-4860-ad77-625951549c83,nsq_status,Pass,No match found in current CDSCO alerts,government_record,CDSCO NSQ/spurious database,structured,2025-08-12T14:09:27
017ea2cf-1ed4-48a0-bfa4-0e81d0d21df1,967478b5-2792-4860-ad77-625951549c83,replay_pattern,Inconclusive,[Preview] Synthetic demo data only,user_photo,Synthetic demo data only,low,2025-08-12T14:09:27
842ea2ef-3d82-4cca-a7ac-e2150c43b904,967478b5-2792-4860-ad77-625951549c83,visual_heuristic,Pass,No blur or crop detected,user_photo,Uploaded package photo,medium,2025-08-12T14:09:27
9899a319-b797-4447-98cd-3f25818ab80d,7d3302cf-509d-4678-95fe-664eb2ff8225,code_validity,Pass,Decodes correctly,decoded_code,Decoded from scanned code,structured,2025-09-07T18:56:59
58eb5ef4-9e05-4cf0-8d93-05566a1f2820,7d3302cf-509d-4678-95fe-664eb2ff8225,label_consistency,Pass,Fields match,ocr_reading,OCR vs decoded payload,high,2025-09-07T18:56:59
7825cd4f-5da5-4a6a-bfd3-456a0cc40c51,7d3302cf-509d-4678-95fe-664eb2ff8225,expiry_status,Pass,Not yet expired,decoded_code,Decoded payload,structured,2025-09-07T18:56:59
5660c2e3-5de7-4a30-a037-7c45c3a6e342,7d3302cf-509d-4678-95fe-664eb2ff8225,nsq_status,Pass,No match found in current CDSCO alerts,government_record,CDSCO NSQ/spurious database,structured,2025-09-07T18:56:59
5bdfbf04-36cf-49ec-a507-8df32298a6bf,7d3302cf-509d-4678-95fe-664eb2ff8225,replay_pattern,Inconclusive,[Preview] Unusual scan cadence flagged for review,user_photo,Synthetic demo scan-log data only,medium,2025-09-07T18:56:59
68ae2f77-1824-4c96-b36a-2e69a281e0ba,7d3302cf-509d-4678-95fe-664eb2ff8225,visual_heuristic,Pass,No blur or crop detected,user_photo,Uploaded package photo,medium,2025-09-07T18:56:59
afb6bc6b-1acc-4d83-ba18-8fe8988f6daa,c97d139b-dd14-468a-9b91-4cf1b233b20a,code_validity,Pass,Decodes correctly,decoded_code,Decoded from scanned code,structured,2025-07-24T17:20:58
8d49538f-7d70-43f8-bfc5-1f7c4683d9f5,c97d139b-dd14-468a-9b91-4cf1b233b20a,label_consistency,Pass,Fields match,ocr_reading,OCR vs decoded payload,high,2025-07-24T17:20:58
689f4415-7428-4c14-a270-ba58e695328f,c97d139b-dd14-468a-9b91-4cf1b233b20a,expiry_status,Pass,Not yet expired,decoded_code,Decoded payload,structured,2025-07-24T17:20:58
d4a1ba2b-acc0-43c9-a11f-347bd9715a77,c97d139b-dd14-468a-9b91-4cf1b233b20a,nsq_status,Pass,No match found in current CDSCO alerts,government_record,CDSCO NSQ/spurious database,structured,2025-07-24T17:20:58
78c4a7ab-432b-4b1e-8521-4bba2bc76471,c97d139b-dd14-468a-9b91-4cf1b233b20a,replay_pattern,Inconclusive,[Preview] Unusual scan cadence flagged for review,user_photo,Synthetic demo scan-log data only,medium,2025-07-24T17:20:58
1ce30e7d-e983-4f4e-8c14-20fca45b06c3,c97d139b-dd14-468a-9b91-4cf1b233b20a,visual_heuristic,Pass,No blur or crop detected,user_photo,Uploaded package photo,medium,2025-07-24T17:20:58
0fd4ae9b-df03-4490-b8b5-e9cc2927e236,70bac636-4464-4298-b936-229ab4336cb2,code_validity,Pass,Decodes correctly,decoded_code,Decoded from scanned code,structured,2026-07-31T16:42:36
55d762dc-6d46-4d39-84e7-3726199445e2,70bac636-4464-4298-b936-229ab4336cb2,label_consistency,FAIL,"Printed manufacturer differs from encoded manufacturer (fuzzy match, 0.6 confidence)",ocr_reading,OCR vs decoded payload,medium,2026-07-31T16:42:36
c515a0b2-a1b9-40a3-bc49-695065d1ec67,70bac636-4464-4298-b936-229ab4336cb2,expiry_status,Pass,Not yet expired,decoded_code,Decoded payload,structured,2026-07-31T16:42:36
056b0adf-5364-4fb3-a539-00d1d5dcf07f,70bac636-4464-4298-b936-229ab4336cb2,nsq_status,Pass,No match found in current CDSCO alerts,government_record,CDSCO NSQ/spurious database,structured,2026-07-31T16:42:36
0e499d2b-550e-41fb-bc33-4ca89de7b69c,70bac636-4464-4298-b936-229ab4336cb2,replay_pattern,Inconclusive,[Preview] Synthetic demo data only,user_photo,Synthetic demo data only,low,2026-07-31T16:42:36
d21cc352-4638-42f7-86d0-8348aae6c348,70bac636-4464-4298-b936-229ab4336cb2,visual_heuristic,Pass,No blur or crop detected,user_photo,Uploaded package photo,medium,2026-07-31T16:42:36
25092725-3260-4d6e-8e8f-ec30c3815f09,16e2ba2b-705b-4c0e-a614-717a387ef530,code_validity,Pass,Decodes correctly,decoded_code,Decoded from scanned code,structured,2025-12-16T09:11:30
1280b587-017b-49cf-b904-020729f451e6,16e2ba2b-705b-4c0e-a614-717a387ef530,label_consistency,Pass,Fields match,ocr_reading,OCR vs decoded payload,high,2025-12-16T09:11:30
4bb4e324-6faf-496c-9c6b-dc46e7f051b6,16e2ba2b-705b-4c0e-a614-717a387ef530,expiry_status,Pass,Not yet expired,decoded_code,Decoded payload,structured,2025-12-16T09:11:30
de8a48c9-fe6d-481a-bb11-0156afa82f2e,16e2ba2b-705b-4c0e-a614-717a387ef530,nsq_status,Pass,No match found in current CDSCO alerts,government_record,CDSCO NSQ/spurious database,structured,2025-12-16T09:11:30
0460122a-55fc-4ea4-94d2-0a2fefdc95f3,16e2ba2b-705b-4c0e-a614-717a387ef530,replay_pattern,Inconclusive,[Preview] Synthetic demo data only,user_photo,Synthetic demo data only,low,2025-12-16T09:11:30
6194b6b9-b0ba-4e5a-bb05-650ec9e041e2,16e2ba2b-705b-4c0e-a614-717a387ef530,visual_heuristic,FAIL,Uploaded photo shows partial blur near the batch line,user_photo,Uploaded package photo,medium,2025-12-16T09:11:30
1951c4d3-6cc2-4714-8c97-fa13a39002b3,031c828f-ea07-4572-82d3-acc1fa7f21eb,code_validity,Pass,Decodes correctly,decoded_code,Decoded from scanned code,structured,2025-12-30T08:48:50
e88df23e-5d35-44df-863b-1d2aaea92746,031c828f-ea07-4572-82d3-acc1fa7f21eb,label_consistency,Pass,Fields match,ocr_reading,OCR vs decoded payload,high,2025-12-30T08:48:50
3ffcabf6-50e5-46b6-a952-b7a6b7296dee,031c828f-ea07-4572-82d3-acc1fa7f21eb,expiry_status,Pass,Not yet expired,decoded_code,Decoded payload,structured,2025-12-30T08:48:50
39338952-8e57-47e6-ba7a-36de91c49929,031c828f-ea07-4572-82d3-acc1fa7f21eb,nsq_status,Pass,No match found in current CDSCO alerts,government_record,CDSCO NSQ/spurious database,structured,2025-12-30T08:48:50
b258baf7-5d72-4730-81b4-2091d38a1911,031c828f-ea07-4572-82d3-acc1fa7f21eb,replay_pattern,Inconclusive,[Preview] Unusual scan cadence flagged for review,user_photo,Synthetic demo scan-log data only,medium,2025-12-30T08:48:50
fb60f08e-2d5d-45ec-a2a5-679dc58c1804,031c828f-ea07-4572-82d3-acc1fa7f21eb,visual_heuristic,Pass,No blur or crop detected,user_photo,Uploaded package photo,medium,2025-12-30T08:48:50
baae6b45-08e3-4909-a7fa-6abbd2ae3959,de0bde18-e0b4-440b-8b10-0ed11d15e7db,code_validity,Pass,Decodes correctly,decoded_code,Decoded from scanned code,structured,2025-04-08T10:45:04
d80bca88-fef0-455e-a50d-be261a8e2cce,de0bde18-e0b4-440b-8b10-0ed11d15e7db,label_consistency,Pass,Fields match,ocr_reading,OCR vs decoded payload,high,2025-04-08T10:45:04
61a4564a-446f-453a-ab73-f93fe7acdd43,de0bde18-e0b4-440b-8b10-0ed11d15e7db,expiry_status,Pass,Not yet expired,decoded_code,Decoded payload,structured,2025-04-08T10:45:04
3ba3ade9-3b80-440f-a1c7-a5c21157eaed,de0bde18-e0b4-440b-8b10-0ed11d15e7db,nsq_status,Pass,No match found in current CDSCO alerts,government_record,CDSCO NSQ/spurious database,structured,2025-04-08T10:45:04
4e98fd0d-674a-4822-ac90-4db45796bde9,de0bde18-e0b4-440b-8b10-0ed11d15e7db,replay_pattern,Inconclusive,[Preview] Synthetic demo data only,user_photo,Synthetic demo data only,low,2025-04-08T10:45:04
61d31ee7-ad92-488d-844a-e3bbbd213bba,de0bde18-e0b4-440b-8b10-0ed11d15e7db,visual_heuristic,FAIL,Uploaded photo shows partial blur near the batch line,user_photo,Uploaded package photo,medium,2025-04-08T10:45:04
e86525c8-e058-4c91-a186-b64c5f0a1752,f5b6f080-ea5d-4847-8b5e-916e7b3dfffb,code_validity,Pass,Decodes correctly,decoded_code,Decoded from scanned code,structured,2026-06-19T10:51:44
44c5c7ed-9c80-40ea-8339-2c187f49a38d,f5b6f080-ea5d-4847-8b5e-916e7b3dfffb,label_consistency,FAIL,"Printed manufacturer differs from encoded manufacturer (fuzzy match, 0.6 confidence)",ocr_reading,OCR vs decoded payload,medium,2026-06-19T10:51:44
78ee2331-1def-4fcd-bb38-c3594a404577,f5b6f080-ea5d-4847-8b5e-916e7b3dfffb,expiry_status,Pass,Not yet expired,decoded_code,Decoded payload,structured,2026-06-19T10:51:44
03adcac5-cb2a-45a8-a8bd-027bb7e920f1,f5b6f080-ea5d-4847-8b5e-916e7b3dfffb,nsq_status,Pass,No match found in current CDSCO alerts,government_record,CDSCO NSQ/spurious database,structured,2026-06-19T10:51:44
da466fa2-8205-4634-8073-87dd982f2a6c,f5b6f080-ea5d-4847-8b5e-916e7b3dfffb,replay_pattern,Inconclusive,[Preview] Synthetic demo data only,user_photo,Synthetic demo data only,low,2026-06-19T10:51:44
186ecd22-14c9-4753-86bf-2310dbccd2c7,f5b6f080-ea5d-4847-8b5e-916e7b3dfffb,visual_heuristic,Pass,No blur or crop detected,user_photo,Uploaded package photo,medium,2026-06-19T10:51:44
afcbb027-9c4f-481d-9e63-e47284fb7cd0,48a0f24a-8674-405b-b703-9f6d407a8994,code_validity,Pass,Decodes correctly,decoded_code,Decoded from scanned code,structured,2026-09-18T19:19:04
8e50625a-80e7-45bd-b67d-468eda47f6e9,48a0f24a-8674-405b-b703-9f6d407a8994,label_consistency,Pass,Fields match,ocr_reading,OCR vs decoded payload,high,2026-09-18T19:19:04
abe62224-8efc-4700-bebb-c563fd92844b,48a0f24a-8674-405b-b703-9f6d407a8994,expiry_status,Pass,Not yet expired,decoded_code,Decoded payload,structured,2026-09-18T19:19:04
e4f2b669-e365-4b71-8f11-2a44c6525fe7,48a0f24a-8674-405b-b703-9f6d407a8994,nsq_status,Pass,No match found in current CDSCO alerts,government_record,CDSCO NSQ/spurious database,structured,2026-09-18T19:19:04
fbe33bb9-92e1-47d5-8588-8046be0685bd,48a0f24a-8674-405b-b703-9f6d407a8994,replay_pattern,Inconclusive,[Preview] Synthetic demo data only,user_photo,Synthetic demo data only,low,2026-09-18T19:19:04
2830cc6c-6ac6-45b4-a0f5-09cf77b705aa,48a0f24a-8674-405b-b703-9f6d407a8994,visual_heuristic,FAIL,Uploaded photo shows partial blur near the batch line,user_photo,Uploaded package photo,medium,2026-09-18T19:19:04
21eedd72-b63e-4e47-b0fe-9130d98210c3,b133f259-a955-459b-ae16-d56cd4546b09,code_validity,Pass,Decodes correctly,decoded_code,Decoded from scanned code,structured,2026-08-10T18:49:15
7f332a3c-e59d-45f9-a51d-c6c09672df76,b133f259-a955-459b-ae16-d56cd4546b09,label_consistency,FAIL,"Printed manufacturer differs from encoded manufacturer (fuzzy match, 0.6 confidence)",ocr_reading,OCR vs decoded payload,medium,2026-08-10T18:49:15
72218cd4-18bc-4a0d-97af-c8aba620363c,b133f259-a955-459b-ae16-d56cd4546b09,expiry_status,Pass,Not yet expired,decoded_code,Decoded payload,structured,2026-08-10T18:49:15
c9ea7b98-3f92-48c3-96f3-185f4d2a08d9,b133f259-a955-459b-ae16-d56cd4546b09,nsq_status,Pass,No match found in current CDSCO alerts,government_record,CDSCO NSQ/spurious database,structured,2026-08-10T18:49:15
50c1a7a3-e4c0-41a3-9b5d-10419ad454b4,b133f259-a955-459b-ae16-d56cd4546b09,replay_pattern,Inconclusive,[Preview] Synthetic demo data only,user_photo,Synthetic demo data only,low,2026-08-10T18:49:15
e085ec30-426c-4582-a8b4-94372a365099,b133f259-a955-459b-ae16-d56cd4546b09,visual_heuristic,Pass,No blur or crop detected,user_photo,Uploaded package photo,medium,2026-08-10T18:49:15
444eb7a5-24a7-4085-802f-b174eb863ab1,9bd0eccc-1c1c-4ae9-abba-281f82f03517,code_validity,Pass,Decodes correctly,decoded_code,Decoded from scanned code,structured,2026-07-22T14:30:44
10124cae-ad57-427e-9f72-fdc3b9bc4623,9bd0eccc-1c1c-4ae9-abba-281f82f03517,label_consistency,FAIL,"Printed manufacturer differs from encoded manufacturer (fuzzy match, 0.6 confidence)",ocr_reading,OCR vs decoded payload,medium,2026-07-22T14:30:44
da3a6c47-2234-4267-b3a9-2a7f3000f48c,9bd0eccc-1c1c-4ae9-abba-281f82f03517,expiry_status,Pass,Not yet expired,decoded_code,Decoded payload,structured,2026-07-22T14:30:44
31f13c57-5e62-4d1c-9f32-62f46d2de48c,9bd0eccc-1c1c-4ae9-abba-281f82f03517,nsq_status,Pass,No match found in current CDSCO alerts,government_record,CDSCO NSQ/spurious database,structured,2026-07-22T14:30:44
77c3c396-2fcc-4899-9d4e-da8c1b06dc69,9bd0eccc-1c1c-4ae9-abba-281f82f03517,replay_pattern,Inconclusive,[Preview] Synthetic demo data only,user_photo,Synthetic demo data only,low,2026-07-22T14:30:44
615f1ca6-d202-441a-97d9-e7353ca91ced,9bd0eccc-1c1c-4ae9-abba-281f82f03517,visual_heuristic,Pass,No blur or crop detected,user_photo,Uploaded package photo,medium,2026-07-22T14:30:44
31699ee7-971a-4bfc-8715-6de9e572b490,ac2f0f4e-f7ea-4f92-a431-ee0e3d2cda43,code_validity,Pass,Decodes correctly,decoded_code,Decoded from scanned code,structured,2026-01-04T10:31:08
6a326c17-a0c9-4f82-85c0-4bf22019d5cd,ac2f0f4e-f7ea-4f92-a431-ee0e3d2cda43,label_consistency,Pass,Fields match,ocr_reading,OCR vs decoded payload,high,2026-01-04T10:31:08
43eb078d-e2f1-4ded-abf3-34513cdc8591,ac2f0f4e-f7ea-4f92-a431-ee0e3d2cda43,expiry_status,Pass,Not yet expired,decoded_code,Decoded payload,structured,2026-01-04T10:31:08
9e27985f-bb72-4400-a8fc-ff46eef9a295,ac2f0f4e-f7ea-4f92-a431-ee0e3d2cda43,nsq_status,Pass,No match found in current CDSCO alerts,government_record,CDSCO NSQ/spurious database,structured,2026-01-04T10:31:08
438030fe-b184-47f0-bbfe-42a788bdbf43,ac2f0f4e-f7ea-4f92-a431-ee0e3d2cda43,replay_pattern,Inconclusive,[Preview] Synthetic demo data only,user_photo,Synthetic demo data only,low,2026-01-04T10:31:08
02ad20d8-bbe4-484c-9cfb-df941f4f21ed,ac2f0f4e-f7ea-4f92-a431-ee0e3d2cda43,visual_heuristic,FAIL,Uploaded photo shows partial blur near the batch line,user_photo,Uploaded package photo,medium,2026-01-04T10:31:08
edec8cb1-0633-48b5-8ded-0683dde8137c,eff9445c-ea87-4843-88f5-286170ecb58a,code_validity,Pass,Decodes correctly,decoded_code,Decoded from scanned code,structured,2025-11-21T12:33:13
bac8af90-5e58-47df-8203-83c58bb9b8ca,eff9445c-ea87-4843-88f5-286170ecb58a,label_consistency,Pass,Fields match,ocr_reading,OCR vs decoded payload,high,2025-11-21T12:33:13
9b116299-8ef9-4776-8893-fa66d32c9bab,eff9445c-ea87-4843-88f5-286170ecb58a,expiry_status,Pass,Not yet expired,decoded_code,Decoded payload,structured,2025-11-21T12:33:13
21c97ae2-0fad-48c2-b42d-820506dc2deb,eff9445c-ea87-4843-88f5-286170ecb58a,nsq_status,Pass,No match found in current CDSCO alerts,government_record,CDSCO NSQ/spurious database,structured,2025-11-21T12:33:13
985a6dfc-a8fc-44d2-a2cc-24dad19a2423,eff9445c-ea87-4843-88f5-286170ecb58a,replay_pattern,Inconclusive,[Preview] Synthetic demo data only,user_photo,Synthetic demo data only,low,2025-11-21T12:33:13
0b635b5f-3d69-4b04-adc5-6f3b0afdf71c,eff9445c-ea87-4843-88f5-286170ecb58a,visual_heuristic,FAIL,Uploaded photo shows partial blur near the batch line,user_photo,Uploaded package photo,medium,2025-11-21T12:33:13
2749a4d1-a0f2-4979-8280-8850fe269ad4,28a5cb47-887d-4e7a-b82d-b1c5a509545b,code_validity,Pass,Decodes correctly,decoded_code,Decoded from scanned code,structured,2026-03-30T12:12:06
beeae5f4-36e6-4dd9-9637-1f4ab176ea58,28a5cb47-887d-4e7a-b82d-b1c5a509545b,label_consistency,Pass,Fields match,ocr_reading,OCR vs decoded payload,high,2026-03-30T12:12:06
8bcaeed7-ddd9-491a-be51-5be3a2b751bc,28a5cb47-887d-4e7a-b82d-b1c5a509545b,expiry_status,Pass,Not yet expired,decoded_code,Decoded payload,structured,2026-03-30T12:12:06
4c1d9d08-8c84-4b80-8965-e3695062bd6e,28a5cb47-887d-4e7a-b82d-b1c5a509545b,nsq_status,Pass,No match found in current CDSCO alerts,government_record,CDSCO NSQ/spurious database,structured,2026-03-30T12:12:06
a4e18a27-f086-4627-a9a6-3b354ccaf55d,28a5cb47-887d-4e7a-b82d-b1c5a509545b,replay_pattern,Inconclusive,[Preview] Unusual scan cadence flagged for review,user_photo,Synthetic demo scan-log data only,medium,2026-03-30T12:12:06
c7e58cca-93f4-4f34-9cb5-c18d36ce9285,28a5cb47-887d-4e7a-b82d-b1c5a509545b,visual_heuristic,Pass,No blur or crop detected,user_photo,Uploaded package photo,medium,2026-03-30T12:12:06
50a5c0a4-54bf-4250-af48-b103aa8166cb,feff1386-f2cd-4ef1-a23e-e4ca5521e965,code_validity,Pass,Decodes correctly,decoded_code,Decoded from scanned code,structured,2026-03-05T08:01:01
91ad748a-06e3-40b3-9382-b564f9127c62,feff1386-f2cd-4ef1-a23e-e4ca5521e965,label_consistency,Pass,Fields match,ocr_reading,OCR vs decoded payload,high,2026-03-05T08:01:01
103297d1-5b0f-45b4-88b9-ddc4a102a20f,feff1386-f2cd-4ef1-a23e-e4ca5521e965,expiry_status,Pass,Not yet expired,decoded_code,Decoded payload,structured,2026-03-05T08:01:01
af012491-d4fd-4998-b011-2373ee79ffc8,feff1386-f2cd-4ef1-a23e-e4ca5521e965,nsq_status,Pass,No match found in current CDSCO alerts,government_record,CDSCO NSQ/spurious database,structured,2026-03-05T08:01:01
2279de0b-e9d6-4382-84bf-93bd5353a789,feff1386-f2cd-4ef1-a23e-e4ca5521e965,replay_pattern,Inconclusive,[Preview] Synthetic demo data only,user_photo,Synthetic demo data only,low,2026-03-05T08:01:01
f979a2c6-665a-4b79-be7f-9b9b809a7e01,feff1386-f2cd-4ef1-a23e-e4ca5521e965,visual_heuristic,FAIL,Uploaded photo shows partial blur near the batch line,user_photo,Uploaded package photo,medium,2026-03-05T08:01:01
e299949f-eb2b-4c26-9cef-5d79c87ed3ce,aef967c7-d32a-49c4-9e5a-506a192ffa4e,code_validity,Pass,Decodes correctly,decoded_code,Decoded from scanned code,structured,2025-12-20T15:05:13
c4072150-5bee-422e-8142-a8b1d2869de4,aef967c7-d32a-49c4-9e5a-506a192ffa4e,label_consistency,Pass,Fields match,ocr_reading,OCR vs decoded payload,high,2025-12-20T15:05:13
3cc62bfe-d4d4-400b-8d48-9c8ecdce13d2,aef967c7-d32a-49c4-9e5a-506a192ffa4e,expiry_status,Pass,Not yet expired,decoded_code,Decoded payload,structured,2025-12-20T15:05:13
645dc617-4002-4327-98b5-315a16b60496,aef967c7-d32a-49c4-9e5a-506a192ffa4e,nsq_status,Pass,No match found in current CDSCO alerts,government_record,CDSCO NSQ/spurious database,structured,2025-12-20T15:05:13
70fc2403-9ae4-474e-9d6f-e4a42a07f51a,aef967c7-d32a-49c4-9e5a-506a192ffa4e,replay_pattern,Inconclusive,[Preview] Synthetic demo data only,user_photo,Synthetic demo data only,low,2025-12-20T15:05:13
509f2e04-6df7-4aac-bf48-9ae52f0ccb50,aef967c7-d32a-49c4-9e5a-506a192ffa4e,visual_heuristic,FAIL,Uploaded photo shows partial blur near the batch line,user_photo,Uploaded package photo,medium,2025-12-20T15:05:13
2c748daa-8235-49a2-9ba4-d5ea5c6fd9e8,0e93f6ba-6a18-4357-8748-6e98ca1a776d,code_validity,Pass,Decodes correctly,decoded_code,Decoded from scanned code,structured,2026-05-29T19:43:56
d9da9c58-15f5-4901-8326-ffb01846861a,0e93f6ba-6a18-4357-8748-6e98ca1a776d,label_consistency,Pass,Fields match,ocr_reading,OCR vs decoded payload,high,2026-05-29T19:43:56
d0e8629a-9cae-43b8-9ff9-2cdbb0b8e7fc,0e93f6ba-6a18-4357-8748-6e98ca1a776d,expiry_status,Pass,Not yet expired,decoded_code,Decoded payload,structured,2026-05-29T19:43:56
cdaf5c5b-6952-452f-8ed9-360918a37b95,0e93f6ba-6a18-4357-8748-6e98ca1a776d,nsq_status,Pass,No match found in current CDSCO alerts,government_record,CDSCO NSQ/spurious database,structured,2026-05-29T19:43:56
6e979a71-380e-4d0d-9fd2-b39e3cec1b48,0e93f6ba-6a18-4357-8748-6e98ca1a776d,replay_pattern,Inconclusive,[Preview] Unusual scan cadence flagged for review,user_photo,Synthetic demo scan-log data only,medium,2026-05-29T19:43:56
8cdba2bf-4f1c-471c-8ccd-75cf0af1102c,0e93f6ba-6a18-4357-8748-6e98ca1a776d,visual_heuristic,Pass,No blur or crop detected,user_photo,Uploaded package photo,medium,2026-05-29T19:43:56
ba787088-57ec-4c0a-a2c4-0a59c3230c84,dab3a6b8-34b1-46eb-aba3-140e82d22aab,code_validity,Pass,Decodes correctly,decoded_code,Decoded from scanned code,structured,2025-12-06T16:15:21
28e53d67-20d8-4342-8fb6-e115ebae4ca7,dab3a6b8-34b1-46eb-aba3-140e82d22aab,label_consistency,FAIL,"Printed manufacturer differs from encoded manufacturer (fuzzy match, 0.6 confidence)",ocr_reading,OCR vs decoded payload,medium,2025-12-06T16:15:21
4531f6fb-6a5f-42e3-b8f4-d2a7664061a9,dab3a6b8-34b1-46eb-aba3-140e82d22aab,expiry_status,Pass,Not yet expired,decoded_code,Decoded payload,structured,2025-12-06T16:15:21
8cdc3993-a963-4ae3-a381-5cf2683a3271,dab3a6b8-34b1-46eb-aba3-140e82d22aab,nsq_status,Pass,No match found in current CDSCO alerts,government_record,CDSCO NSQ/spurious database,structured,2025-12-06T16:15:21
a086236e-189b-48ee-8f26-aa484af5213d,dab3a6b8-34b1-46eb-aba3-140e82d22aab,replay_pattern,Inconclusive,[Preview] Synthetic demo data only,user_photo,Synthetic demo data only,low,2025-12-06T16:15:21
8fcc5444-41f3-40ac-a171-0c94b9bd8968,dab3a6b8-34b1-46eb-aba3-140e82d22aab,visual_heuristic,Pass,No blur or crop detected,user_photo,Uploaded package photo,medium,2025-12-06T16:15:21
40ff9378-55da-4049-be6e-3fff4c26de85,2e6c7f9e-f5f9-4aa2-bce1-035d53fec5c5,code_validity,Pass,Decodes correctly,decoded_code,Decoded from scanned code,structured,2026-01-23T19:18:36
78d995c8-a70c-444f-a38c-b76e87e6e2eb,2e6c7f9e-f5f9-4aa2-bce1-035d53fec5c5,label_consistency,Pass,Fields match,ocr_reading,OCR vs decoded payload,high,2026-01-23T19:18:36
1c81b5b0-f5ac-4b9f-bca7-47f16e17ac37,2e6c7f9e-f5f9-4aa2-bce1-035d53fec5c5,expiry_status,Pass,Not yet expired,decoded_code,Decoded payload,structured,2026-01-23T19:18:36
b1749173-2e6b-4ccc-a6bf-eb91d4843fa3,2e6c7f9e-f5f9-4aa2-bce1-035d53fec5c5,nsq_status,Pass,No match found in current CDSCO alerts,government_record,CDSCO NSQ/spurious database,structured,2026-01-23T19:18:36
946be1ab-76e6-4825-a981-9542e68630f2,2e6c7f9e-f5f9-4aa2-bce1-035d53fec5c5,replay_pattern,Inconclusive,[Preview] Synthetic demo data only,user_photo,Synthetic demo data only,low,2026-01-23T19:18:36
65cc9a4e-786d-43c1-a3a1-170810027148,2e6c7f9e-f5f9-4aa2-bce1-035d53fec5c5,visual_heuristic,FAIL,Uploaded photo shows partial blur near the batch line,user_photo,Uploaded package photo,medium,2026-01-23T19:18:36
f903aed6-c63e-4dce-975c-d43393d21c89,fb13080f-aefe-4c66-a165-468565cace2e,code_validity,Pass,Decodes correctly,decoded_code,Decoded from scanned code,structured,2025-12-17T10:23:58
b4c1a288-daec-49c4-bf72-b0d6d690ca08,fb13080f-aefe-4c66-a165-468565cace2e,label_consistency,FAIL,"Printed manufacturer differs from encoded manufacturer (fuzzy match, 0.6 confidence)",ocr_reading,OCR vs decoded payload,medium,2025-12-17T10:23:58
36eb42a2-a696-40dd-85c2-2b5d1fc28a85,fb13080f-aefe-4c66-a165-468565cace2e,expiry_status,Pass,Not yet expired,decoded_code,Decoded payload,structured,2025-12-17T10:23:58
dbd9b9bf-0e69-454b-8467-550fb55a142d,fb13080f-aefe-4c66-a165-468565cace2e,nsq_status,Pass,No match found in current CDSCO alerts,government_record,CDSCO NSQ/spurious database,structured,2025-12-17T10:23:58
2d21e47f-63b3-438b-b351-82d96a0e9e00,fb13080f-aefe-4c66-a165-468565cace2e,replay_pattern,Inconclusive,[Preview] Synthetic demo data only,user_photo,Synthetic demo data only,low,2025-12-17T10:23:58
b56c87b4-b3f0-49a2-a53a-265b9635bd5e,fb13080f-aefe-4c66-a165-468565cace2e,visual_heuristic,Pass,No blur or crop detected,user_photo,Uploaded package photo,medium,2025-12-17T10:23:58
3e912a37-8f31-466a-ab88-4a644ba53287,f744cf91-2576-4b7a-92b3-82fbee95871e,code_validity,Pass,Decodes correctly,decoded_code,Decoded from scanned code,structured,2026-07-01T07:14:31
2d51102c-c152-48ff-8a95-e46a6821611d,f744cf91-2576-4b7a-92b3-82fbee95871e,label_consistency,Pass,Fields match,ocr_reading,OCR vs decoded payload,high,2026-07-01T07:14:31
052b346b-b572-4743-8797-e36b3f2d1e39,f744cf91-2576-4b7a-92b3-82fbee95871e,expiry_status,Pass,Not yet expired,decoded_code,Decoded payload,structured,2026-07-01T07:14:31
64ecc158-5d0d-470a-be2d-9cd5e686b72b,f744cf91-2576-4b7a-92b3-82fbee95871e,nsq_status,Pass,No match found in current CDSCO alerts,government_record,CDSCO NSQ/spurious database,structured,2026-07-01T07:14:31
f2ea8086-ee36-4a5c-9324-f1cca2ab386a,f744cf91-2576-4b7a-92b3-82fbee95871e,replay_pattern,Inconclusive,[Preview] Synthetic demo data only,user_photo,Synthetic demo data only,low,2026-07-01T07:14:31
6b4c6806-5eab-4810-9fd0-e55e4200306b,f744cf91-2576-4b7a-92b3-82fbee95871e,visual_heuristic,FAIL,Uploaded photo shows partial blur near the batch line,user_photo,Uploaded package photo,medium,2026-07-01T07:14:31
eb114319-97c4-4551-b5de-f2df15a600e1,7d7d381c-d34d-4e35-b62a-eab7c11f693f,code_validity,Pass,Decodes correctly,decoded_code,Decoded from scanned code,structured,2026-01-12T15:54:25
59c7c87b-243c-416e-84f6-acbd59c6c62f,7d7d381c-d34d-4e35-b62a-eab7c11f693f,label_consistency,Pass,Fields match,ocr_reading,OCR vs decoded payload,high,2026-01-12T15:54:25
70d66bae-fa4c-4eb5-bb10-c819c24c52ae,7d7d381c-d34d-4e35-b62a-eab7c11f693f,expiry_status,Pass,Not yet expired,decoded_code,Decoded payload,structured,2026-01-12T15:54:25
202222b9-c8fe-4a23-90bb-b252aabb62cc,7d7d381c-d34d-4e35-b62a-eab7c11f693f,nsq_status,Pass,No match found in current CDSCO alerts,government_record,CDSCO NSQ/spurious database,structured,2026-01-12T15:54:25
dfa6d069-79fa-4a2d-88f0-9f3386e3fda8,7d7d381c-d34d-4e35-b62a-eab7c11f693f,replay_pattern,Inconclusive,[Preview] Unusual scan cadence flagged for review,user_photo,Synthetic demo scan-log data only,medium,2026-01-12T15:54:25
21daec61-92d7-463d-bb18-2a5537a05995,7d7d381c-d34d-4e35-b62a-eab7c11f693f,visual_heuristic,Pass,No blur or crop detected,user_photo,Uploaded package photo,medium,2026-01-12T15:54:25
dbaaee1e-2aae-4811-8afc-0e159295e87c,395e890b-e774-48cd-80ac-1498c0045cbb,code_validity,Pass,Decodes correctly,decoded_code,Decoded from scanned code,structured,2025-04-19T14:02:20
742b02bf-e2c7-47cf-8b84-711209575275,395e890b-e774-48cd-80ac-1498c0045cbb,label_consistency,Pass,Fields match,ocr_reading,OCR vs decoded payload,high,2025-04-19T14:02:20
6a500cca-7a95-4bb3-9c7d-dcaebaab7548,395e890b-e774-48cd-80ac-1498c0045cbb,expiry_status,Pass,Not yet expired,decoded_code,Decoded payload,structured,2025-04-19T14:02:20
51d6e03c-2490-4846-813a-387103432b5a,395e890b-e774-48cd-80ac-1498c0045cbb,nsq_status,Pass,No match found in current CDSCO alerts,government_record,CDSCO NSQ/spurious database,structured,2025-04-19T14:02:20
98c24a43-80bd-4283-aa00-5720d629896e,395e890b-e774-48cd-80ac-1498c0045cbb,replay_pattern,Inconclusive,[Preview] Synthetic demo data only,user_photo,Synthetic demo data only,low,2025-04-19T14:02:20
c16a5fac-88d3-4437-9a52-914cdeed9758,395e890b-e774-48cd-80ac-1498c0045cbb,visual_heuristic,FAIL,Uploaded photo shows partial blur near the batch line,user_photo,Uploaded package photo,medium,2025-04-19T14:02:20
7f714ab4-9f46-4348-b19e-ae557f0a5b9c,d6334752-0914-4437-b4e7-75f25a74a8c5,code_validity,Pass,Decodes correctly,decoded_code,Decoded from scanned code,structured,2025-08-22T16:39:39
9c17781f-5bc8-4097-a09b-0800e124ad44,d6334752-0914-4437-b4e7-75f25a74a8c5,label_consistency,Pass,Fields match,ocr_reading,OCR vs decoded payload,high,2025-08-22T16:39:39
54fd49c8-c73f-44a8-b4c3-7ae640fed01e,d6334752-0914-4437-b4e7-75f25a74a8c5,expiry_status,Pass,Not yet expired,decoded_code,Decoded payload,structured,2025-08-22T16:39:39
84405256-a5b7-4224-b5f8-0750642bfb5e,d6334752-0914-4437-b4e7-75f25a74a8c5,nsq_status,Pass,No match found in current CDSCO alerts,government_record,CDSCO NSQ/spurious database,structured,2025-08-22T16:39:39
eb080f60-8a7a-4d75-b2fa-53b211033e08,d6334752-0914-4437-b4e7-75f25a74a8c5,replay_pattern,Inconclusive,[Preview] Synthetic demo data only,user_photo,Synthetic demo data only,low,2025-08-22T16:39:39
36fd9c88-1e44-486d-9336-32f94af331d5,d6334752-0914-4437-b4e7-75f25a74a8c5,visual_heuristic,FAIL,Uploaded photo shows partial blur near the batch line,user_photo,Uploaded package photo,medium,2025-08-22T16:39:39
c89c29f7-21ed-4f3c-89d2-08f647e32f57,0f53fc4b-cfbf-4a63-96b0-9d9139ab6eeb,code_validity,Pass,Decodes correctly,decoded_code,Decoded from scanned code,structured,2026-02-08T13:18:52
e91e0357-a2e0-49ce-88f4-4c1c5c8f2f66,0f53fc4b-cfbf-4a63-96b0-9d9139ab6eeb,label_consistency,Pass,Fields match,ocr_reading,OCR vs decoded payload,high,2026-02-08T13:18:52
ac3ebf48-9369-439a-ac73-432c00fcf49a,0f53fc4b-cfbf-4a63-96b0-9d9139ab6eeb,expiry_status,Pass,Not yet expired,decoded_code,Decoded payload,structured,2026-02-08T13:18:52
a8d449e8-e62d-4031-85d8-9994382e41be,0f53fc4b-cfbf-4a63-96b0-9d9139ab6eeb,nsq_status,Pass,No match found in current CDSCO alerts,government_record,CDSCO NSQ/spurious database,structured,2026-02-08T13:18:52
cfbdf625-0258-4aaa-b659-5fe51bd6a7d6,0f53fc4b-cfbf-4a63-96b0-9d9139ab6eeb,replay_pattern,Inconclusive,[Preview] Unusual scan cadence flagged for review,user_photo,Synthetic demo scan-log data only,medium,2026-02-08T13:18:52
2a222f36-9c82-480d-9f58-6ab4b9b29155,0f53fc4b-cfbf-4a63-96b0-9d9139ab6eeb,visual_heuristic,Pass,No blur or crop detected,user_photo,Uploaded package photo,medium,2026-02-08T13:18:52
bbb16042-f6d1-411a-83e2-046e08c1f6e9,8257ef17-d318-40bd-9032-9117dc7dc12e,code_validity,Pass,Decodes correctly,decoded_code,Decoded from scanned code,structured,2026-03-31T11:12:47
3adb3a29-6111-46e1-bcc5-08de8b32024c,8257ef17-d318-40bd-9032-9117dc7dc12e,label_consistency,Pass,Fields match,ocr_reading,OCR vs decoded payload,high,2026-03-31T11:12:47
8150d561-f8cb-4fa4-9790-c44813dc9205,8257ef17-d318-40bd-9032-9117dc7dc12e,expiry_status,Pass,Not yet expired,decoded_code,Decoded payload,structured,2026-03-31T11:12:47
259b685b-9ebb-4b5b-96db-7c17ea4910f0,8257ef17-d318-40bd-9032-9117dc7dc12e,nsq_status,Pass,No match found in current CDSCO alerts,government_record,CDSCO NSQ/spurious database,structured,2026-03-31T11:12:47
36616c7d-db92-47d7-9103-c4fe953cb705,8257ef17-d318-40bd-9032-9117dc7dc12e,replay_pattern,Inconclusive,[Preview] Unusual scan cadence flagged for review,user_photo,Synthetic demo scan-log data only,medium,2026-03-31T11:12:47
cae1accc-c756-446f-9ee1-89355c75ac83,8257ef17-d318-40bd-9032-9117dc7dc12e,visual_heuristic,Pass,No blur or crop detected,user_photo,Uploaded package photo,medium,2026-03-31T11:12:47
8615033a-4f56-441e-a9ec-303464855f0a,2c0e744a-76f6-469f-bcf4-f73cdcc86c63,code_validity,Pass,Decodes correctly,decoded_code,Decoded from scanned code,structured,2025-09-10T13:57:15
9074538d-c398-4ebc-bd76-49529ad11e1d,2c0e744a-76f6-469f-bcf4-f73cdcc86c63,label_consistency,Pass,Fields match,ocr_reading,OCR vs decoded payload,high,2025-09-10T13:57:15
0fbe6432-85dc-47c5-ab47-b33587e5c385,2c0e744a-76f6-469f-bcf4-f73cdcc86c63,expiry_status,Pass,Not yet expired,decoded_code,Decoded payload,structured,2025-09-10T13:57:15
55d5572a-c357-4c25-b920-01a159325d34,2c0e744a-76f6-469f-bcf4-f73cdcc86c63,nsq_status,Pass,No match found in current CDSCO alerts,government_record,CDSCO NSQ/spurious database,structured,2025-09-10T13:57:15
68957711-ddc9-465b-96c5-81bf2cee408d,2c0e744a-76f6-469f-bcf4-f73cdcc86c63,replay_pattern,Inconclusive,[Preview] Unusual scan cadence flagged for review,user_photo,Synthetic demo scan-log data only,medium,2025-09-10T13:57:15
7150a1cc-5464-4bc1-bbc2-b033f58c2af8,2c0e744a-76f6-469f-bcf4-f73cdcc86c63,visual_heuristic,Pass,No blur or crop detected,user_photo,Uploaded package photo,medium,2025-09-10T13:57:15
3d030fea-7352-4e7b-85b8-b844e23db89b,374761ee-b632-4b37-83d5-439cc89b9bf0,code_validity,Pass,Decodes correctly,decoded_code,Decoded from scanned code,structured,2026-01-25T13:48:24
1653826d-be69-4270-9b90-726ab0b148b4,374761ee-b632-4b37-83d5-439cc89b9bf0,label_consistency,Pass,Fields match,ocr_reading,OCR vs decoded payload,high,2026-01-25T13:48:24
2b88a68a-bf95-4537-8b67-1d5fe1faf17d,374761ee-b632-4b37-83d5-439cc89b9bf0,expiry_status,FAIL -- Expired,Expiry date has passed,decoded_code,Decoded payload,structured,2026-01-25T13:48:24
af224d64-e9a0-48f7-a4fc-708b929d093a,374761ee-b632-4b37-83d5-439cc89b9bf0,nsq_status,Pass,No match found in current CDSCO alerts,government_record,CDSCO NSQ/spurious database,structured,2026-01-25T13:48:24
6edb1096-6e4a-4c70-ac54-28647ca45f11,374761ee-b632-4b37-83d5-439cc89b9bf0,replay_pattern,Inconclusive,[Preview] Synthetic demo data only,user_photo,Synthetic demo data only,low,2026-01-25T13:48:24
ca5b1341-ddd7-463b-8e1b-a82d3be25563,374761ee-b632-4b37-83d5-439cc89b9bf0,visual_heuristic,Pass,No blur or crop detected,user_photo,Uploaded package photo,medium,2026-01-25T13:48:24
77f6adca-f255-4082-afcf-d8c19f114a79,cc1cbc61-1523-4d90-b272-417dadf1cc17,code_validity,Pass,Decodes correctly,decoded_code,Decoded from scanned code,structured,2026-06-25T07:52:22
4e34abcc-885a-4eb6-ab0e-f84ebea35817,cc1cbc61-1523-4d90-b272-417dadf1cc17,label_consistency,Pass,Fields match,ocr_reading,OCR vs decoded payload,high,2026-06-25T07:52:22
cfa3c069-74d8-4558-9159-68270f3189b7,cc1cbc61-1523-4d90-b272-417dadf1cc17,expiry_status,FAIL -- Expired,Expiry date has passed,decoded_code,Decoded payload,structured,2026-06-25T07:52:22
c71bbd77-ce97-4f7c-b3a6-b4b6049e4825,cc1cbc61-1523-4d90-b272-417dadf1cc17,nsq_status,Pass,No match found in current CDSCO alerts,government_record,CDSCO NSQ/spurious database,structured,2026-06-25T07:52:22
dba854b5-d6ae-4988-a80a-619b8d974ffe,cc1cbc61-1523-4d90-b272-417dadf1cc17,replay_pattern,Inconclusive,[Preview] Synthetic demo data only,user_photo,Synthetic demo data only,low,2026-06-25T07:52:22
69c58e3e-32e3-4b3a-a081-d58c38e991ce,cc1cbc61-1523-4d90-b272-417dadf1cc17,visual_heuristic,Pass,No blur or crop detected,user_photo,Uploaded package photo,medium,2026-06-25T07:52:22
832426ca-7dcc-4fca-a359-5c7117dbb2d0,e9f93f11-5697-4d1c-ac3e-26db4ceffba8,code_validity,Pass,Decodes correctly,decoded_code,Decoded from scanned code,structured,2025-08-14T13:29:59
fab76bc5-3fff-45b9-a836-2b1f8f671f0e,e9f93f11-5697-4d1c-ac3e-26db4ceffba8,label_consistency,Pass,Fields match,ocr_reading,OCR vs decoded payload,high,2025-08-14T13:29:59
a10c1dbb-ae55-41aa-9e78-f993217d58b0,e9f93f11-5697-4d1c-ac3e-26db4ceffba8,expiry_status,FAIL -- Expired,Expiry date has passed,decoded_code,Decoded payload,structured,2025-08-14T13:29:59
9bbf0b8f-1c79-4639-b0be-2421e6b366ef,e9f93f11-5697-4d1c-ac3e-26db4ceffba8,nsq_status,Pass,No match found in current CDSCO alerts,government_record,CDSCO NSQ/spurious database,structured,2025-08-14T13:29:59
cf7d8c51-211c-443e-a101-1f24f82d4dc7,e9f93f11-5697-4d1c-ac3e-26db4ceffba8,replay_pattern,Inconclusive,[Preview] Synthetic demo data only,user_photo,Synthetic demo data only,low,2025-08-14T13:29:59
a33d9a6b-fd8e-48b4-bc8d-6cc3416c6dcc,e9f93f11-5697-4d1c-ac3e-26db4ceffba8,visual_heuristic,Pass,No blur or crop detected,user_photo,Uploaded package photo,medium,2025-08-14T13:29:59
ee2c266c-70cb-4c3b-bf58-e6dd18ed80f8,c4e25247-f804-4f82-ab13-704609b7fd0e,code_validity,Pass,Decodes correctly,decoded_code,Decoded from scanned code,structured,2025-07-21T10:53:06
aa95d2fb-559c-4454-9013-a653f4f4b8db,c4e25247-f804-4f82-ab13-704609b7fd0e,label_consistency,Pass,Fields match,ocr_reading,OCR vs decoded payload,high,2025-07-21T10:53:06
1dadc6b4-2635-434a-967e-db92f8dc4a37,c4e25247-f804-4f82-ab13-704609b7fd0e,expiry_status,FAIL -- Expired,Expiry date has passed,decoded_code,Decoded payload,structured,2025-07-21T10:53:06
068adfc0-dc07-45f6-9fc5-269029e028af,c4e25247-f804-4f82-ab13-704609b7fd0e,nsq_status,Pass,No match found in current CDSCO alerts,government_record,CDSCO NSQ/spurious database,structured,2025-07-21T10:53:06
956b95b4-4732-4903-8063-72d109dd1022,c4e25247-f804-4f82-ab13-704609b7fd0e,replay_pattern,Inconclusive,[Preview] Synthetic demo data only,user_photo,Synthetic demo data only,low,2025-07-21T10:53:06
3e3117e3-2048-419b-bb4b-01e4c5383f8c,c4e25247-f804-4f82-ab13-704609b7fd0e,visual_heuristic,Pass,No blur or crop detected,user_photo,Uploaded package photo,medium,2025-07-21T10:53:06
e1c42d61-5aad-4df9-bd05-720fcd192e83,8896bbbc-4fe5-42d5-b436-36fcad5bc2f7,code_validity,Pass,Decodes correctly,decoded_code,Decoded from scanned code,structured,2025-06-11T09:30:10
9fec8604-6b78-4ff3-9003-6e1e17b31588,8896bbbc-4fe5-42d5-b436-36fcad5bc2f7,label_consistency,Pass,Fields match,ocr_reading,OCR vs decoded payload,high,2025-06-11T09:30:10
7e06787d-a592-4b42-a686-3c7c4912b9c7,8896bbbc-4fe5-42d5-b436-36fcad5bc2f7,expiry_status,FAIL -- Expired,Expiry date has passed,decoded_code,Decoded payload,structured,2025-06-11T09:30:10
0bb90218-1f1e-4b13-bc62-6bf3ad45da26,8896bbbc-4fe5-42d5-b436-36fcad5bc2f7,nsq_status,Pass,No match found in current CDSCO alerts,government_record,CDSCO NSQ/spurious database,structured,2025-06-11T09:30:10
d26b13b7-b160-4f93-a69e-6bb60809b50e,8896bbbc-4fe5-42d5-b436-36fcad5bc2f7,replay_pattern,Inconclusive,[Preview] Synthetic demo data only,user_photo,Synthetic demo data only,low,2025-06-11T09:30:10
78f208d9-a80e-4fd4-95ce-5147d8fcfd71,8896bbbc-4fe5-42d5-b436-36fcad5bc2f7,visual_heuristic,Pass,No blur or crop detected,user_photo,Uploaded package photo,medium,2025-06-11T09:30:10
ca538234-4873-43df-9208-fd2b9e37a777,eb7fc59a-33c5-4912-be5b-37bd7a5f4aa1,code_validity,Pass,Decodes correctly,decoded_code,Decoded from scanned code,structured,2026-01-18T12:54:48
87b0ded4-0ccb-41fa-8a12-a736af217095,eb7fc59a-33c5-4912-be5b-37bd7a5f4aa1,label_consistency,Pass,Fields match,ocr_reading,OCR vs decoded payload,high,2026-01-18T12:54:48
56e82acc-145b-46ee-8721-45db5cd4e138,eb7fc59a-33c5-4912-be5b-37bd7a5f4aa1,expiry_status,FAIL -- Expired,Expiry date has passed,decoded_code,Decoded payload,structured,2026-01-18T12:54:48
60c16b76-14b6-44b6-883b-45d577366137,eb7fc59a-33c5-4912-be5b-37bd7a5f4aa1,nsq_status,Pass,No match found in current CDSCO alerts,government_record,CDSCO NSQ/spurious database,structured,2026-01-18T12:54:48
02a94618-6a7a-4d1c-995d-0afd91e6e088,eb7fc59a-33c5-4912-be5b-37bd7a5f4aa1,replay_pattern,Inconclusive,[Preview] Synthetic demo data only,user_photo,Synthetic demo data only,low,2026-01-18T12:54:48
0a6c9912-c757-4063-81f8-5cbf46a2b473,eb7fc59a-33c5-4912-be5b-37bd7a5f4aa1,visual_heuristic,Pass,No blur or crop detected,user_photo,Uploaded package photo,medium,2026-01-18T12:54:48
1982ac3e-4886-48fa-97f4-93361b581121,2ad78b59-6d91-4f53-bdde-ef54903fc924,code_validity,Pass,Decodes correctly,decoded_code,Decoded from scanned code,structured,2026-03-10T18:29:44
3a45126b-e5f9-4f79-b105-e626959f809d,2ad78b59-6d91-4f53-bdde-ef54903fc924,label_consistency,Pass,Fields match,ocr_reading,OCR vs decoded payload,high,2026-03-10T18:29:44
cc45afa6-366e-4993-8ad9-c4f49168ef4b,2ad78b59-6d91-4f53-bdde-ef54903fc924,expiry_status,FAIL -- Expired,Expiry date has passed,decoded_code,Decoded payload,structured,2026-03-10T18:29:44
cad664b6-9d2e-4142-8bcf-0e4a4867cae6,2ad78b59-6d91-4f53-bdde-ef54903fc924,nsq_status,Pass,No match found in current CDSCO alerts,government_record,CDSCO NSQ/spurious database,structured,2026-03-10T18:29:44
def1f0ca-76f3-46e7-9931-a21f7bc0df93,2ad78b59-6d91-4f53-bdde-ef54903fc924,replay_pattern,Inconclusive,[Preview] Synthetic demo data only,user_photo,Synthetic demo data only,low,2026-03-10T18:29:44
83283c43-b839-4ffa-b326-9797e1a4096d,2ad78b59-6d91-4f53-bdde-ef54903fc924,visual_heuristic,Pass,No blur or crop detected,user_photo,Uploaded package photo,medium,2026-03-10T18:29:44
86d5268b-bf26-42d0-bbcd-ee4ff600f133,74c0b27a-a17c-43fe-b2ef-256c2e26c39a,code_validity,Pass,Decodes correctly,decoded_code,Decoded from scanned code,structured,2026-02-22T13:50:18
d9b31733-dd9d-441c-b39f-c63b1c910ced,74c0b27a-a17c-43fe-b2ef-256c2e26c39a,label_consistency,Pass,Fields match,ocr_reading,OCR vs decoded payload,high,2026-02-22T13:50:18
5c999e37-24f0-49fc-bd44-df8c135e58ac,74c0b27a-a17c-43fe-b2ef-256c2e26c39a,expiry_status,FAIL -- Expired,Expiry date has passed,decoded_code,Decoded payload,structured,2026-02-22T13:50:18
44d16cd0-0807-4cf5-85e6-ad2b79732c63,74c0b27a-a17c-43fe-b2ef-256c2e26c39a,nsq_status,Pass,No match found in current CDSCO alerts,government_record,CDSCO NSQ/spurious database,structured,2026-02-22T13:50:18
f7257fc5-29b9-4727-a024-5122acc75cf5,74c0b27a-a17c-43fe-b2ef-256c2e26c39a,replay_pattern,Inconclusive,[Preview] Synthetic demo data only,user_photo,Synthetic demo data only,low,2026-02-22T13:50:18
ac983e25-ed1d-4f8a-8496-ab9a2caf4e90,74c0b27a-a17c-43fe-b2ef-256c2e26c39a,visual_heuristic,Pass,No blur or crop detected,user_photo,Uploaded package photo,medium,2026-02-22T13:50:18
dc72b5b5-8137-46e6-842f-f3b32451c23a,fc84d4ff-735e-4c84-b03f-a4ce2039290e,code_validity,Pass,Decodes correctly,decoded_code,Decoded from scanned code,structured,2025-09-26T12:56:55
2a5868d6-a926-4f5c-a8bb-301554833bc6,fc84d4ff-735e-4c84-b03f-a4ce2039290e,label_consistency,Pass,Fields match,ocr_reading,OCR vs decoded payload,high,2025-09-26T12:56:55
9a3067fe-2156-4111-a5bb-d42012fb28d2,fc84d4ff-735e-4c84-b03f-a4ce2039290e,expiry_status,FAIL -- Expired,Expiry date has passed,decoded_code,Decoded payload,structured,2025-09-26T12:56:55
3b99c9f0-e835-4dd2-b83b-f04c38bdf06d,fc84d4ff-735e-4c84-b03f-a4ce2039290e,nsq_status,Pass,No match found in current CDSCO alerts,government_record,CDSCO NSQ/spurious database,structured,2025-09-26T12:56:55
fa1b1f56-54eb-4353-847b-39510f63355b,fc84d4ff-735e-4c84-b03f-a4ce2039290e,replay_pattern,Inconclusive,[Preview] Synthetic demo data only,user_photo,Synthetic demo data only,low,2025-09-26T12:56:55
b01e43b9-1348-4694-9e25-c500c2fb3c97,fc84d4ff-735e-4c84-b03f-a4ce2039290e,visual_heuristic,Pass,No blur or crop detected,user_photo,Uploaded package photo,medium,2025-09-26T12:56:55
3cb9cc73-f831-4621-a96c-d3e7d2c244f3,c15f3295-6d96-4b94-ab54-54c8ef2ebb54,code_validity,Pass,Decodes correctly,decoded_code,Decoded from scanned code,structured,2025-05-18T08:10:02
116afe2d-529c-4f4f-800c-1ee82d1cf668,c15f3295-6d96-4b94-ab54-54c8ef2ebb54,label_consistency,Pass,Fields match,ocr_reading,OCR vs decoded payload,high,2025-05-18T08:10:02
4c152aa7-25de-4b32-a149-668c83c25818,c15f3295-6d96-4b94-ab54-54c8ef2ebb54,expiry_status,FAIL -- Expired,Expiry date has passed,decoded_code,Decoded payload,structured,2025-05-18T08:10:02
3e658f4e-799c-4328-9f6f-00a6f3bf5f38,c15f3295-6d96-4b94-ab54-54c8ef2ebb54,nsq_status,Pass,No match found in current CDSCO alerts,government_record,CDSCO NSQ/spurious database,structured,2025-05-18T08:10:02
e2c4b35b-5b4e-4047-8334-44513bb7eef8,c15f3295-6d96-4b94-ab54-54c8ef2ebb54,replay_pattern,Inconclusive,[Preview] Synthetic demo data only,user_photo,Synthetic demo data only,low,2025-05-18T08:10:02
0c47ef4c-2455-42f1-a081-5f7c97044d46,c15f3295-6d96-4b94-ab54-54c8ef2ebb54,visual_heuristic,Pass,No blur or crop detected,user_photo,Uploaded package photo,medium,2025-05-18T08:10:02
69800750-e4e0-45a1-87ac-a4b91d64db6c,295a2807-f30b-4f24-8719-8351bcd4f291,code_validity,Pass,Decodes correctly,decoded_code,Decoded from scanned code,structured,2026-09-14T13:10:09
c5b88a0d-1074-44bb-8993-14ca4297ea76,295a2807-f30b-4f24-8719-8351bcd4f291,label_consistency,Pass,Fields match,ocr_reading,OCR vs decoded payload,high,2026-09-14T13:10:09
3cc540c2-4c72-4035-b399-594e294a0db1,295a2807-f30b-4f24-8719-8351bcd4f291,expiry_status,FAIL -- Expired,Expiry date has passed,decoded_code,Decoded payload,structured,2026-09-14T13:10:09
015230e8-e286-4203-9b90-395b1870481b,295a2807-f30b-4f24-8719-8351bcd4f291,nsq_status,Pass,No match found in current CDSCO alerts,government_record,CDSCO NSQ/spurious database,structured,2026-09-14T13:10:09
e3384446-ea6f-4798-957e-c888dd3bd1fd,295a2807-f30b-4f24-8719-8351bcd4f291,replay_pattern,Inconclusive,[Preview] Synthetic demo data only,user_photo,Synthetic demo data only,low,2026-09-14T13:10:09
feb5b017-3577-49cb-806b-bd44f800de61,295a2807-f30b-4f24-8719-8351bcd4f291,visual_heuristic,Pass,No blur or crop detected,user_photo,Uploaded package photo,medium,2026-09-14T13:10:09
88e20090-597b-4153-a7c8-ebd6619f9f59,01a9c55e-5c07-4ba3-973b-ee4fc004532c,code_validity,Pass,Decodes correctly,decoded_code,Decoded from scanned code,structured,2025-09-23T10:28:55
fb33c4d4-1a77-43fc-b2ef-5ebe813dc3b9,01a9c55e-5c07-4ba3-973b-ee4fc004532c,label_consistency,Pass,Fields match,ocr_reading,OCR vs decoded payload,high,2025-09-23T10:28:55
8435d8fd-04f3-4bdf-ada9-7d03b198f1f0,01a9c55e-5c07-4ba3-973b-ee4fc004532c,expiry_status,FAIL -- Expired,Expiry date has passed,decoded_code,Decoded payload,structured,2025-09-23T10:28:55
337abbe1-af0c-4328-83e1-51477813cbba,01a9c55e-5c07-4ba3-973b-ee4fc004532c,nsq_status,Pass,No match found in current CDSCO alerts,government_record,CDSCO NSQ/spurious database,structured,2025-09-23T10:28:55
463cabdf-4abc-44e1-8a66-7c71d7e67f47,01a9c55e-5c07-4ba3-973b-ee4fc004532c,replay_pattern,Inconclusive,[Preview] Synthetic demo data only,user_photo,Synthetic demo data only,low,2025-09-23T10:28:55
4c297cff-a823-4f39-9d8f-9dd6923ee835,01a9c55e-5c07-4ba3-973b-ee4fc004532c,visual_heuristic,Pass,No blur or crop detected,user_photo,Uploaded package photo,medium,2025-09-23T10:28:55
edcb1413-cc22-4404-80de-0ad5f31e9f96,bfa9660c-d1f4-452c-8156-38508e1c5b1c,code_validity,Pass,Decodes correctly,decoded_code,Decoded from scanned code,structured,2026-08-16T16:43:43
b20f6e6f-572e-4250-93ac-807ed3b838b9,bfa9660c-d1f4-452c-8156-38508e1c5b1c,label_consistency,Pass,Fields match,ocr_reading,OCR vs decoded payload,high,2026-08-16T16:43:43
de8b18bd-c17a-4d97-ac95-7092985e1826,bfa9660c-d1f4-452c-8156-38508e1c5b1c,expiry_status,FAIL -- Expired,Expiry date has passed,decoded_code,Decoded payload,structured,2026-08-16T16:43:43
cec16085-f442-49c2-9c04-7990f4cbd041,bfa9660c-d1f4-452c-8156-38508e1c5b1c,nsq_status,Pass,No match found in current CDSCO alerts,government_record,CDSCO NSQ/spurious database,structured,2026-08-16T16:43:43
9000f42a-a6d0-44fa-b14b-04c1ea3698fc,bfa9660c-d1f4-452c-8156-38508e1c5b1c,replay_pattern,Inconclusive,[Preview] Synthetic demo data only,user_photo,Synthetic demo data only,low,2026-08-16T16:43:43
7e630a80-590b-4762-b9ab-a595bef83f93,bfa9660c-d1f4-452c-8156-38508e1c5b1c,visual_heuristic,Pass,No blur or crop detected,user_photo,Uploaded package photo,medium,2026-08-16T16:43:43
6110c8b0-56e7-4667-87ab-e9d8d4b53265,baf4a748-75ea-4e5c-a374-cd4f5d33466a,code_validity,Pass,Decodes correctly,decoded_code,Decoded from scanned code,structured,2025-10-02T16:19:31
81214c54-4771-4afe-94ff-c697def2f351,baf4a748-75ea-4e5c-a374-cd4f5d33466a,label_consistency,Pass,Fields match,ocr_reading,OCR vs decoded payload,high,2025-10-02T16:19:31
cc239d99-fd2d-48e7-8093-f4d95cf5bd27,baf4a748-75ea-4e5c-a374-cd4f5d33466a,expiry_status,FAIL -- Expired,Expiry date has passed,decoded_code,Decoded payload,structured,2025-10-02T16:19:31
8f081486-4e11-46bb-aaef-55b237820aab,baf4a748-75ea-4e5c-a374-cd4f5d33466a,nsq_status,Pass,No match found in current CDSCO alerts,government_record,CDSCO NSQ/spurious database,structured,2025-10-02T16:19:31
a1069b5b-f473-4c73-828e-c0a40b175695,baf4a748-75ea-4e5c-a374-cd4f5d33466a,replay_pattern,Inconclusive,[Preview] Synthetic demo data only,user_photo,Synthetic demo data only,low,2025-10-02T16:19:31
ab82fc1e-bfb6-4cdd-8b45-9c796bb8eb8a,baf4a748-75ea-4e5c-a374-cd4f5d33466a,visual_heuristic,Pass,No blur or crop detected,user_photo,Uploaded package photo,medium,2025-10-02T16:19:31
4d3cc63b-c834-4dd0-805b-76a5bc7cf0c9,9b10e469-ef49-4394-b071-600249e7b0ea,code_validity,Pass,Decodes correctly,decoded_code,Decoded from scanned code,structured,2026-07-09T09:24:39
619fe4a1-7656-4640-acee-acfdb91c16cb,9b10e469-ef49-4394-b071-600249e7b0ea,label_consistency,Pass,Fields match,ocr_reading,OCR vs decoded payload,high,2026-07-09T09:24:39
6585a956-1c65-4c12-a8aa-b4d6c063fb7d,9b10e469-ef49-4394-b071-600249e7b0ea,expiry_status,FAIL -- Expired,Expiry date has passed,decoded_code,Decoded payload,structured,2026-07-09T09:24:39
4da78011-95a5-4d0e-bd49-57238413fd14,9b10e469-ef49-4394-b071-600249e7b0ea,nsq_status,Pass,No match found in current CDSCO alerts,government_record,CDSCO NSQ/spurious database,structured,2026-07-09T09:24:39
bc0ccfc4-e55b-4728-9c1f-65a15a106100,9b10e469-ef49-4394-b071-600249e7b0ea,replay_pattern,Inconclusive,[Preview] Synthetic demo data only,user_photo,Synthetic demo data only,low,2026-07-09T09:24:39
5d1ae4e3-c7c7-4620-aba6-eccbb94ba8ab,9b10e469-ef49-4394-b071-600249e7b0ea,visual_heuristic,Pass,No blur or crop detected,user_photo,Uploaded package photo,medium,2026-07-09T09:24:39
04a57f2e-ec8b-4b0b-bcb2-ace03d2b5884,4b6fc29e-30bb-48c5-a44a-bf1f6d0b441b,code_validity,Pass,Decodes correctly,decoded_code,Decoded from scanned code,structured,2026-01-17T07:57:27
a5a8f023-4a74-41c2-80be-101bfd1abc3c,4b6fc29e-30bb-48c5-a44a-bf1f6d0b441b,label_consistency,Pass,Fields match,ocr_reading,OCR vs decoded payload,high,2026-01-17T07:57:27
84dacdc4-45fd-4cc4-80da-023197586cf2,4b6fc29e-30bb-48c5-a44a-bf1f6d0b441b,expiry_status,FAIL -- Expired,Expiry date has passed,decoded_code,Decoded payload,structured,2026-01-17T07:57:27
d5bcc719-1492-4f45-ae42-12cbb037b795,4b6fc29e-30bb-48c5-a44a-bf1f6d0b441b,nsq_status,Pass,No match found in current CDSCO alerts,government_record,CDSCO NSQ/spurious database,structured,2026-01-17T07:57:27
bf10b98e-442b-48dc-83f8-2959cd5f5c70,4b6fc29e-30bb-48c5-a44a-bf1f6d0b441b,replay_pattern,Inconclusive,[Preview] Synthetic demo data only,user_photo,Synthetic demo data only,low,2026-01-17T07:57:27
9560c87c-97ad-4143-b227-1704160e2fa1,4b6fc29e-30bb-48c5-a44a-bf1f6d0b441b,visual_heuristic,Pass,No blur or crop detected,user_photo,Uploaded package photo,medium,2026-01-17T07:57:27
0803e0b5-7d28-4c22-8f80-4427b591a408,46f42839-08a7-4708-a461-52282c9b478c,code_validity,Pass,Decodes correctly,decoded_code,Decoded from scanned code,structured,2025-08-26T02:02:09
637747d9-fcb5-45a5-b6a3-439e8a4e5e4c,46f42839-08a7-4708-a461-52282c9b478c,label_consistency,Pass,Fields match,ocr_reading,OCR vs decoded payload,high,2025-08-26T02:02:09
19911714-4445-47ec-93c8-233c1876a11f,46f42839-08a7-4708-a461-52282c9b478c,expiry_status,FAIL -- Expired,Expiry date has passed,decoded_code,Decoded payload,structured,2025-08-26T02:02:09
a6a9a93d-adc4-4ba0-8cd8-a4f0c4e1f88b,46f42839-08a7-4708-a461-52282c9b478c,nsq_status,Pass,No match found in current CDSCO alerts,government_record,CDSCO NSQ/spurious database,structured,2025-08-26T02:02:09
336d2a38-eb74-49fc-85ac-9ad4293ef2b2,46f42839-08a7-4708-a461-52282c9b478c,replay_pattern,Inconclusive,[Preview] Synthetic demo data only,user_photo,Synthetic demo data only,low,2025-08-26T02:02:09
30ea1516-b0c2-47f7-baac-544f7619ff6c,46f42839-08a7-4708-a461-52282c9b478c,visual_heuristic,Pass,No blur or crop detected,user_photo,Uploaded package photo,medium,2025-08-26T02:02:09
226ab1cd-fb8d-414d-a52c-4497a7006e3f,14c6a8a9-1d93-4f40-9cb1-4562cdfa293a,code_validity,Pass,Decodes correctly,decoded_code,Decoded from scanned code,structured,2025-09-21T10:56:27
7c2085c8-c403-4a44-8573-e2cd1938a3bb,14c6a8a9-1d93-4f40-9cb1-4562cdfa293a,label_consistency,Pass,Fields match,ocr_reading,OCR vs decoded payload,high,2025-09-21T10:56:27
92da8b04-5979-42ec-951a-f7d336212134,14c6a8a9-1d93-4f40-9cb1-4562cdfa293a,expiry_status,FAIL -- Expired,Expiry date has passed,decoded_code,Decoded payload,structured,2025-09-21T10:56:27
142fdbfb-3312-41dc-8886-a0ad3761e6bc,14c6a8a9-1d93-4f40-9cb1-4562cdfa293a,nsq_status,Pass,No match found in current CDSCO alerts,government_record,CDSCO NSQ/spurious database,structured,2025-09-21T10:56:27
949b7733-0f6d-44ef-8ef3-e6eddb7851af,14c6a8a9-1d93-4f40-9cb1-4562cdfa293a,replay_pattern,Inconclusive,[Preview] Synthetic demo data only,user_photo,Synthetic demo data only,low,2025-09-21T10:56:27
24b6ede3-9822-49bc-b09d-a01213c071d4,14c6a8a9-1d93-4f40-9cb1-4562cdfa293a,visual_heuristic,Pass,No blur or crop detected,user_photo,Uploaded package photo,medium,2025-09-21T10:56:27
c22efd67-2715-4f26-852b-2f2496d852ae,1bd90d88-e986-41fb-a962-3f7d58ae6a6b,code_validity,Pass,Decodes correctly,decoded_code,Decoded from scanned code,structured,2025-06-26T00:55:09
255e4d25-dcf9-4f34-886c-44c7aed066db,1bd90d88-e986-41fb-a962-3f7d58ae6a6b,label_consistency,Pass,Fields match,ocr_reading,OCR vs decoded payload,high,2025-06-26T00:55:09
1fc64123-3685-4dca-96c2-53eaadde248c,1bd90d88-e986-41fb-a962-3f7d58ae6a6b,expiry_status,FAIL -- Expired,Expiry date has passed,decoded_code,Decoded payload,structured,2025-06-26T00:55:09
7de7420d-8537-4a8b-b161-8ecef7e98f7b,1bd90d88-e986-41fb-a962-3f7d58ae6a6b,nsq_status,Pass,No match found in current CDSCO alerts,government_record,CDSCO NSQ/spurious database,structured,2025-06-26T00:55:09
07963235-4f50-45e5-b521-84f7db271791,1bd90d88-e986-41fb-a962-3f7d58ae6a6b,replay_pattern,Inconclusive,[Preview] Synthetic demo data only,user_photo,Synthetic demo data only,low,2025-06-26T00:55:09
709f60c5-d67e-459f-87bc-3a963b6e482a,1bd90d88-e986-41fb-a962-3f7d58ae6a6b,visual_heuristic,Pass,No blur or crop detected,user_photo,Uploaded package photo,medium,2025-06-26T00:55:09
ccd29a44-face-49ff-b8d2-1138828eaa17,2ad59663-f249-45f4-82cd-95f55d6fe0ee,code_validity,Pass,Decodes correctly,decoded_code,Decoded from scanned code,structured,2025-10-14T19:37:21
af1b1403-1b28-4783-8892-99af24ad009b,2ad59663-f249-45f4-82cd-95f55d6fe0ee,label_consistency,Pass,Fields match,ocr_reading,OCR vs decoded payload,high,2025-10-14T19:37:21
8e0da418-4004-46d0-9edd-a0c9ec4f1f30,2ad59663-f249-45f4-82cd-95f55d6fe0ee,expiry_status,FAIL -- Expired,Expiry date has passed,decoded_code,Decoded payload,structured,2025-10-14T19:37:21
5557a74d-fc7e-4b5c-9d09-7354166017f0,2ad59663-f249-45f4-82cd-95f55d6fe0ee,nsq_status,Pass,No match found in current CDSCO alerts,government_record,CDSCO NSQ/spurious database,structured,2025-10-14T19:37:21
e286d577-2aae-45bc-a9f4-09689060b784,2ad59663-f249-45f4-82cd-95f55d6fe0ee,replay_pattern,Inconclusive,[Preview] Synthetic demo data only,user_photo,Synthetic demo data only,low,2025-10-14T19:37:21
a948a52b-5736-4152-9cdb-0357790500d7,2ad59663-f249-45f4-82cd-95f55d6fe0ee,visual_heuristic,Pass,No blur or crop detected,user_photo,Uploaded package photo,medium,2025-10-14T19:37:21
af487ea9-e0a4-4709-bb78-c087ffdad15e,3129cc54-ebd3-4930-b000-388d97fbfb31,code_validity,Pass,Decodes correctly,decoded_code,Decoded from scanned code,structured,2025-09-27T17:24:37
5943e9dd-7b8a-43d8-9965-dfa882e55f08,3129cc54-ebd3-4930-b000-388d97fbfb31,label_consistency,Pass,Fields match,ocr_reading,OCR vs decoded payload,high,2025-09-27T17:24:37
82eda04b-6d7b-46d9-8bd0-9939a19c8626,3129cc54-ebd3-4930-b000-388d97fbfb31,expiry_status,FAIL -- Expired,Expiry date has passed,decoded_code,Decoded payload,structured,2025-09-27T17:24:37
8449a3a4-52af-4ba8-9039-7a8ef28a4378,3129cc54-ebd3-4930-b000-388d97fbfb31,nsq_status,Pass,No match found in current CDSCO alerts,government_record,CDSCO NSQ/spurious database,structured,2025-09-27T17:24:37
30ff45f3-f356-4db1-a665-db40fb39f622,3129cc54-ebd3-4930-b000-388d97fbfb31,replay_pattern,Inconclusive,[Preview] Synthetic demo data only,user_photo,Synthetic demo data only,low,2025-09-27T17:24:37
0e91812e-b89a-4dd6-8870-5bcb197da1b0,3129cc54-ebd3-4930-b000-388d97fbfb31,visual_heuristic,Pass,No blur or crop detected,user_photo,Uploaded package photo,medium,2025-09-27T17:24:37
0e85cb99-9b21-49b4-943e-6249328fa20c,1482ca37-2b58-487f-b515-3e5d3737b0cd,code_validity,Pass,Decodes correctly,decoded_code,Decoded from scanned code,structured,2025-04-02T14:37:59
2e592b2f-f2f3-4cfd-b3c1-b1596d63d422,1482ca37-2b58-487f-b515-3e5d3737b0cd,label_consistency,Pass,Fields match,ocr_reading,OCR vs decoded payload,high,2025-04-02T14:37:59
2e1fcada-a886-4fca-8a19-dc190d9ef9e1,1482ca37-2b58-487f-b515-3e5d3737b0cd,expiry_status,FAIL -- Expired,Expiry date has passed,decoded_code,Decoded payload,structured,2025-04-02T14:37:59
f7afbcb3-5159-4318-ae5a-70f7f8402af6,1482ca37-2b58-487f-b515-3e5d3737b0cd,nsq_status,Pass,No match found in current CDSCO alerts,government_record,CDSCO NSQ/spurious database,structured,2025-04-02T14:37:59
95d06ad2-9a50-42f7-ae84-a7e58dd7eeb7,1482ca37-2b58-487f-b515-3e5d3737b0cd,replay_pattern,Inconclusive,[Preview] Synthetic demo data only,user_photo,Synthetic demo data only,low,2025-04-02T14:37:59
9b5c3c72-8797-473c-9db4-fcc969b9ba6b,1482ca37-2b58-487f-b515-3e5d3737b0cd,visual_heuristic,Pass,No blur or crop detected,user_photo,Uploaded package photo,medium,2025-04-02T14:37:59
39ac0e04-f76a-4e83-b1c2-de81303c6350,4dbd0c30-0ff2-44b1-a087-8ec6f60a2906,code_validity,Pass,Decodes correctly,decoded_code,Decoded from scanned code,structured,2026-04-06T03:39:10
fe03c876-a419-42f8-87ab-ad0a49e2a7b1,4dbd0c30-0ff2-44b1-a087-8ec6f60a2906,label_consistency,Pass,Fields match,ocr_reading,OCR vs decoded payload,high,2026-04-06T03:39:10
187547af-3ba1-4b3a-a0a6-8fff8b512b77,4dbd0c30-0ff2-44b1-a087-8ec6f60a2906,expiry_status,FAIL -- Expired,Expiry date has passed,decoded_code,Decoded payload,structured,2026-04-06T03:39:10
93038336-5234-43e9-bab7-3b386bcefa2c,4dbd0c30-0ff2-44b1-a087-8ec6f60a2906,nsq_status,Pass,No match found in current CDSCO alerts,government_record,CDSCO NSQ/spurious database,structured,2026-04-06T03:39:10
8e98c3b3-6f21-4611-8ba0-ab478dd8ac00,4dbd0c30-0ff2-44b1-a087-8ec6f60a2906,replay_pattern,Inconclusive,[Preview] Synthetic demo data only,user_photo,Synthetic demo data only,low,2026-04-06T03:39:10
f1661846-38ed-4099-9bf9-c0d775bee6ca,4dbd0c30-0ff2-44b1-a087-8ec6f60a2906,visual_heuristic,Pass,No blur or crop detected,user_photo,Uploaded package photo,medium,2026-04-06T03:39:10
cabf89fe-81a3-467b-aa80-98c518aa2d18,cc33ce2c-e5d5-41cf-b63c-b7f5be5bc973,code_validity,Pass,Decodes correctly,decoded_code,Decoded from scanned code,structured,2026-01-03T16:47:35
9b9ebed1-57b6-4ce6-9df5-df5377dff7ca,cc33ce2c-e5d5-41cf-b63c-b7f5be5bc973,label_consistency,Pass,Fields match,ocr_reading,OCR vs decoded payload,high,2026-01-03T16:47:35
af2ceadc-db26-4b1f-ba97-667f34023ab0,cc33ce2c-e5d5-41cf-b63c-b7f5be5bc973,expiry_status,FAIL -- Expired,Expiry date has passed,decoded_code,Decoded payload,structured,2026-01-03T16:47:35
cff936d5-86b1-452b-97c8-3ffe7cd6f7d6,cc33ce2c-e5d5-41cf-b63c-b7f5be5bc973,nsq_status,Pass,No match found in current CDSCO alerts,government_record,CDSCO NSQ/spurious database,structured,2026-01-03T16:47:35
e786f6c2-fad4-4483-aff2-53de448d20b6,cc33ce2c-e5d5-41cf-b63c-b7f5be5bc973,replay_pattern,Inconclusive,[Preview] Synthetic demo data only,user_photo,Synthetic demo data only,low,2026-01-03T16:47:35
cc15b82a-06db-4ec9-a2e0-0866f41c7439,cc33ce2c-e5d5-41cf-b63c-b7f5be5bc973,visual_heuristic,Pass,No blur or crop detected,user_photo,Uploaded package photo,medium,2026-01-03T16:47:35
89a724a0-0498-4be6-8d4c-d16aa567c730,c9cbfdd5-1254-4d4f-98fe-b829c2a70bf7,code_validity,Pass,Decodes correctly,decoded_code,Decoded from scanned code,structured,2026-09-18T08:29:37
3ab57980-f1c2-42c0-9518-650e939034f2,c9cbfdd5-1254-4d4f-98fe-b829c2a70bf7,label_consistency,Pass,Fields match,ocr_reading,OCR vs decoded payload,high,2026-09-18T08:29:37
94299204-0983-4fe7-9468-5ef3304cfab9,c9cbfdd5-1254-4d4f-98fe-b829c2a70bf7,expiry_status,FAIL -- Expired,Expiry date has passed,decoded_code,Decoded payload,structured,2026-09-18T08:29:37
f2ecbb7f-10ac-473f-82cd-850b95d8c878,c9cbfdd5-1254-4d4f-98fe-b829c2a70bf7,nsq_status,Pass,No match found in current CDSCO alerts,government_record,CDSCO NSQ/spurious database,structured,2026-09-18T08:29:37
26a46b65-bd04-4274-a71c-6ef881b42d36,c9cbfdd5-1254-4d4f-98fe-b829c2a70bf7,replay_pattern,Inconclusive,[Preview] Synthetic demo data only,user_photo,Synthetic demo data only,low,2026-09-18T08:29:37
5791e0d6-c5c4-477b-a27d-349f992983f9,c9cbfdd5-1254-4d4f-98fe-b829c2a70bf7,visual_heuristic,Pass,No blur or crop detected,user_photo,Uploaded package photo,medium,2026-09-18T08:29:37
86b47c7e-eaf2-410b-a55d-d59e59e8543e,9bb92906-9722-4a2f-bc8b-0d2d847f74f6,code_validity,Pass,Decodes correctly,decoded_code,Decoded from scanned code,structured,2026-01-03T14:33:11
4ff080aa-dd4d-4c41-9f5e-7411dc9397e4,9bb92906-9722-4a2f-bc8b-0d2d847f74f6,label_consistency,Pass,Fields match,ocr_reading,OCR vs decoded payload,high,2026-01-03T14:33:11
fd167e76-41a2-40f7-a738-07d1f1780684,9bb92906-9722-4a2f-bc8b-0d2d847f74f6,expiry_status,FAIL -- Expired,Expiry date has passed,decoded_code,Decoded payload,structured,2026-01-03T14:33:11
a0507ce0-9d67-47a6-a920-e7e05401f452,9bb92906-9722-4a2f-bc8b-0d2d847f74f6,nsq_status,Pass,No match found in current CDSCO alerts,government_record,CDSCO NSQ/spurious database,structured,2026-01-03T14:33:11
f687e259-db6e-47f5-91f6-f484ac75c5f2,9bb92906-9722-4a2f-bc8b-0d2d847f74f6,replay_pattern,Inconclusive,[Preview] Synthetic demo data only,user_photo,Synthetic demo data only,low,2026-01-03T14:33:11
0da719a7-fcab-40dc-bfd3-a2be67d32661,9bb92906-9722-4a2f-bc8b-0d2d847f74f6,visual_heuristic,Pass,No blur or crop detected,user_photo,Uploaded package photo,medium,2026-01-03T14:33:11
d5898bf9-96bb-48ad-a346-c2ce22e6bed3,8d81b542-27b4-420a-bfbf-6d50d997ba37,code_validity,Pass,Decodes correctly,decoded_code,Decoded from scanned code,structured,2025-12-14T16:29:35
05d089fd-50fe-40a1-bd64-79670a258014,8d81b542-27b4-420a-bfbf-6d50d997ba37,label_consistency,Pass,Fields match,ocr_reading,OCR vs decoded payload,high,2025-12-14T16:29:35
2889a146-a17f-4dd3-89f8-f463dc3e719a,8d81b542-27b4-420a-bfbf-6d50d997ba37,expiry_status,FAIL -- Expired,Expiry date has passed,decoded_code,Decoded payload,structured,2025-12-14T16:29:35
f592da6a-aad3-4514-a490-d1f6978d0241,8d81b542-27b4-420a-bfbf-6d50d997ba37,nsq_status,Pass,No match found in current CDSCO alerts,government_record,CDSCO NSQ/spurious database,structured,2025-12-14T16:29:35
d0928bd6-63f2-416d-ac8c-d9752b2fd356,8d81b542-27b4-420a-bfbf-6d50d997ba37,replay_pattern,Inconclusive,[Preview] Synthetic demo data only,user_photo,Synthetic demo data only,low,2025-12-14T16:29:35
eaa0eae5-cf7d-408c-aefc-a2b54db0af07,8d81b542-27b4-420a-bfbf-6d50d997ba37,visual_heuristic,Pass,No blur or crop detected,user_photo,Uploaded package photo,medium,2025-12-14T16:29:35
150f521f-7844-455b-a7e2-201624509dab,c34b1bee-bcbf-4f9e-bbde-6cf9e3685c7a,code_validity,Pass,Decodes correctly,decoded_code,Decoded from scanned code,structured,2025-03-29T11:17:36
5bc02195-2ac2-48e3-bc0e-947ccc50556e,c34b1bee-bcbf-4f9e-bbde-6cf9e3685c7a,label_consistency,Pass,Fields match,ocr_reading,OCR vs decoded payload,high,2025-03-29T11:17:36
80992779-fc82-4fcf-a3e4-ec3cd30e3416,c34b1bee-bcbf-4f9e-bbde-6cf9e3685c7a,expiry_status,FAIL -- Expired,Expiry date has passed,decoded_code,Decoded payload,structured,2025-03-29T11:17:36
0c0eb1ec-442c-4497-8e52-27f3bd0c34de,c34b1bee-bcbf-4f9e-bbde-6cf9e3685c7a,nsq_status,Pass,No match found in current CDSCO alerts,government_record,CDSCO NSQ/spurious database,structured,2025-03-29T11:17:36
c35eeb7c-e1ea-4867-81c0-8dd5b3dd336e,c34b1bee-bcbf-4f9e-bbde-6cf9e3685c7a,replay_pattern,Inconclusive,[Preview] Synthetic demo data only,user_photo,Synthetic demo data only,low,2025-03-29T11:17:36
4bf53559-f583-4e3b-89a4-f0c6f3d43566,c34b1bee-bcbf-4f9e-bbde-6cf9e3685c7a,visual_heuristic,Pass,No blur or crop detected,user_photo,Uploaded package photo,medium,2025-03-29T11:17:36
9c99e45d-9645-470a-a232-72405dc4d1af,201d60fd-4e34-471d-94b7-b3f803133518,code_validity,Pass,Decodes correctly,decoded_code,Decoded from scanned code,structured,2025-08-22T15:06:45
c698480b-eee2-4907-8ec2-a798dd067d85,201d60fd-4e34-471d-94b7-b3f803133518,label_consistency,Pass,Fields match,ocr_reading,OCR vs decoded payload,high,2025-08-22T15:06:45
2640e8ea-6603-497b-808f-7c1f4dca1331,201d60fd-4e34-471d-94b7-b3f803133518,expiry_status,FAIL -- Expired,Expiry date has passed,decoded_code,Decoded payload,structured,2025-08-22T15:06:45
4f33b845-6989-4353-a5d0-527fa1c89b03,201d60fd-4e34-471d-94b7-b3f803133518,nsq_status,Pass,No match found in current CDSCO alerts,government_record,CDSCO NSQ/spurious database,structured,2025-08-22T15:06:45
5d57e570-d442-4162-9eda-d9f681b39d18,201d60fd-4e34-471d-94b7-b3f803133518,replay_pattern,Inconclusive,[Preview] Synthetic demo data only,user_photo,Synthetic demo data only,low,2025-08-22T15:06:45
bffeb525-f4a8-401e-a157-55f0173c4a87,201d60fd-4e34-471d-94b7-b3f803133518,visual_heuristic,Pass,No blur or crop detected,user_photo,Uploaded package photo,medium,2025-08-22T15:06:45
d411a3e7-bed7-42bc-8e22-606f2358c074,6598e9cb-0457-49bd-9981-d370b7a4152b,code_validity,Pass,Decodes correctly,decoded_code,Decoded from scanned code,structured,2025-08-16T13:41:20
31e534b5-7788-40f7-b43b-e032aaeaf685,6598e9cb-0457-49bd-9981-d370b7a4152b,label_consistency,Pass,Fields match,ocr_reading,OCR vs decoded payload,high,2025-08-16T13:41:20
cbdb17ea-f2c3-4b84-bb0a-230d9f04c89f,6598e9cb-0457-49bd-9981-d370b7a4152b,expiry_status,FAIL -- Expired,Expiry date has passed,decoded_code,Decoded payload,structured,2025-08-16T13:41:20
d58fd9d6-e85e-4287-a3d8-ed8d7e2144ab,6598e9cb-0457-49bd-9981-d370b7a4152b,nsq_status,Pass,No match found in current CDSCO alerts,government_record,CDSCO NSQ/spurious database,structured,2025-08-16T13:41:20
b5d24e6a-b6e1-4676-8568-263f53b75202,6598e9cb-0457-49bd-9981-d370b7a4152b,replay_pattern,Inconclusive,[Preview] Synthetic demo data only,user_photo,Synthetic demo data only,low,2025-08-16T13:41:20
168512ca-64e6-4a34-8266-b22e9c13889f,6598e9cb-0457-49bd-9981-d370b7a4152b,visual_heuristic,Pass,No blur or crop detected,user_photo,Uploaded package photo,medium,2025-08-16T13:41:20
01e64cc6-eacb-4f3a-96a4-0c1e6ecdce0a,344f5848-9bac-444d-81f7-39326bf44222,code_validity,Pass,Decodes correctly,decoded_code,Decoded from scanned code,structured,2025-04-11T15:14:03
1cb5e89c-ecb5-4cf8-883f-85cbaac8e1b5,344f5848-9bac-444d-81f7-39326bf44222,label_consistency,Pass,Fields match,ocr_reading,OCR vs decoded payload,high,2025-04-11T15:14:03
7f1f2002-77bb-4230-8cc8-a687a6d220c0,344f5848-9bac-444d-81f7-39326bf44222,expiry_status,FAIL -- Expired,Expiry date has passed,decoded_code,Decoded payload,structured,2025-04-11T15:14:03
8b3df2a1-3b0f-41e3-8bcb-e1d9f0404635,344f5848-9bac-444d-81f7-39326bf44222,nsq_status,Pass,No match found in current CDSCO alerts,government_record,CDSCO NSQ/spurious database,structured,2025-04-11T15:14:03
ded6694b-6d48-4b8c-992f-903f817537a7,344f5848-9bac-444d-81f7-39326bf44222,replay_pattern,Inconclusive,[Preview] Synthetic demo data only,user_photo,Synthetic demo data only,low,2025-04-11T15:14:03
2a1ca4f2-4a0c-40c5-ad9a-0b728a3c2eec,344f5848-9bac-444d-81f7-39326bf44222,visual_heuristic,Pass,No blur or crop detected,user_photo,Uploaded package photo,medium,2025-04-11T15:14:03
bf210caf-4f1b-45d8-a449-d160b4be095b,3f28eaa3-27d5-48e2-b1d6-dc211d2afef9,code_validity,Pass,Decodes correctly,decoded_code,Decoded from scanned code,structured,2025-07-02T14:44:10
c2392bb4-a56f-460f-a351-60681ea9d5fa,3f28eaa3-27d5-48e2-b1d6-dc211d2afef9,label_consistency,Pass,Fields match,ocr_reading,OCR vs decoded payload,high,2025-07-02T14:44:10
2606a60e-b9fa-42bb-9c2f-b0fffd373bf5,3f28eaa3-27d5-48e2-b1d6-dc211d2afef9,expiry_status,FAIL -- Expired,Expiry date has passed,decoded_code,Decoded payload,structured,2025-07-02T14:44:10
91449197-9e60-4dbd-a58a-53781c10cf85,3f28eaa3-27d5-48e2-b1d6-dc211d2afef9,nsq_status,Pass,No match found in current CDSCO alerts,government_record,CDSCO NSQ/spurious database,structured,2025-07-02T14:44:10
d322c159-27fd-44ec-b654-1269a9371b63,3f28eaa3-27d5-48e2-b1d6-dc211d2afef9,replay_pattern,Inconclusive,[Preview] Synthetic demo data only,user_photo,Synthetic demo data only,low,2025-07-02T14:44:10
40d515ac-db6f-4d2d-a4f0-43e99cbaf379,3f28eaa3-27d5-48e2-b1d6-dc211d2afef9,visual_heuristic,Pass,No blur or crop detected,user_photo,Uploaded package photo,medium,2025-07-02T14:44:10
6ee96ce2-3a9b-4e09-a081-8b56ad9ee6c4,e340df11-e1c9-42d6-91c8-97c8f6754da6,code_validity,Pass,Decodes correctly,decoded_code,Decoded from scanned code,structured,2026-04-03T17:29:49
731a1ee5-8247-4b0c-bbb8-9d6dc66f1222,e340df11-e1c9-42d6-91c8-97c8f6754da6,label_consistency,Pass,Fields match,ocr_reading,OCR vs decoded payload,high,2026-04-03T17:29:49
f65f4f72-b2ab-45cf-a63a-cdcda2281f58,e340df11-e1c9-42d6-91c8-97c8f6754da6,expiry_status,FAIL -- Expired,Expiry date has passed,decoded_code,Decoded payload,structured,2026-04-03T17:29:49
734686ef-fe8c-443d-b89a-4f44f29b718e,e340df11-e1c9-42d6-91c8-97c8f6754da6,nsq_status,Pass,No match found in current CDSCO alerts,government_record,CDSCO NSQ/spurious database,structured,2026-04-03T17:29:49
88bd5aac-4aab-4f34-b7ed-7fa2d87b30ac,e340df11-e1c9-42d6-91c8-97c8f6754da6,replay_pattern,Inconclusive,[Preview] Synthetic demo data only,user_photo,Synthetic demo data only,low,2026-04-03T17:29:49
c7264f80-3c12-4a7f-a146-9e3fa4f6ffe8,e340df11-e1c9-42d6-91c8-97c8f6754da6,visual_heuristic,Pass,No blur or crop detected,user_photo,Uploaded package photo,medium,2026-04-03T17:29:49
44a99676-9eec-4133-9b7f-f2b8e521c76f,b165425a-d423-4259-8ad9-ba4119ae5020,code_validity,Pass,Decodes correctly,decoded_code,Decoded from scanned code,structured,2025-11-14T18:55:12
1299ea66-3b38-4981-9f07-b71314777f4c,b165425a-d423-4259-8ad9-ba4119ae5020,label_consistency,Pass,Fields match,ocr_reading,OCR vs decoded payload,high,2025-11-14T18:55:12
593ae9ca-7b40-4477-a470-95598288344d,b165425a-d423-4259-8ad9-ba4119ae5020,expiry_status,FAIL -- Expired,Expiry date has passed,decoded_code,Decoded payload,structured,2025-11-14T18:55:12
8af216d7-082d-46fc-8df3-e93a35a1fda2,b165425a-d423-4259-8ad9-ba4119ae5020,nsq_status,Pass,No match found in current CDSCO alerts,government_record,CDSCO NSQ/spurious database,structured,2025-11-14T18:55:12
b8096457-0a84-4804-9aba-772729a26003,b165425a-d423-4259-8ad9-ba4119ae5020,replay_pattern,Inconclusive,[Preview] Synthetic demo data only,user_photo,Synthetic demo data only,low,2025-11-14T18:55:12
96c9d01d-080a-4e62-aba3-749761b8cd87,b165425a-d423-4259-8ad9-ba4119ae5020,visual_heuristic,Pass,No blur or crop detected,user_photo,Uploaded package photo,medium,2025-11-14T18:55:12
7e5b835c-543f-4372-9ae6-5fdaa11be65b,bd5d4ddc-febb-461d-9dbe-9146d40a9169,code_validity,Pass,Decodes correctly,decoded_code,Decoded from scanned code,structured,2026-09-07T13:42:16
96168f44-a12d-49a1-90de-4e6fa63c343e,bd5d4ddc-febb-461d-9dbe-9146d40a9169,label_consistency,Pass,Fields match,ocr_reading,OCR vs decoded payload,high,2026-09-07T13:42:16
b0533b9c-1730-4557-a11b-c6ae56b49a0a,bd5d4ddc-febb-461d-9dbe-9146d40a9169,expiry_status,FAIL -- Expired,Expiry date has passed,decoded_code,Decoded payload,structured,2026-09-07T13:42:16
7a472373-2777-457d-9428-9a4758db0c28,bd5d4ddc-febb-461d-9dbe-9146d40a9169,nsq_status,Pass,No match found in current CDSCO alerts,government_record,CDSCO NSQ/spurious database,structured,2026-09-07T13:42:16
1909b0da-3f85-4c94-8423-bfcfaf05d9fc,bd5d4ddc-febb-461d-9dbe-9146d40a9169,replay_pattern,Inconclusive,[Preview] Synthetic demo data only,user_photo,Synthetic demo data only,low,2026-09-07T13:42:16
b0a337b6-f5cb-4096-96d2-be7477443e71,bd5d4ddc-febb-461d-9dbe-9146d40a9169,visual_heuristic,Pass,No blur or crop detected,user_photo,Uploaded package photo,medium,2026-09-07T13:42:16
c112771e-6e4b-4c17-b7d7-2115825e5a67,af0b0575-633b-4197-95d4-a74c9d69ad93,code_validity,Pass,Decodes correctly,decoded_code,Decoded from scanned code,structured,2025-05-03T16:30:55
14db4e27-2df2-4d2c-bd10-a364c63b758f,af0b0575-633b-4197-95d4-a74c9d69ad93,label_consistency,Pass,Fields match,ocr_reading,OCR vs decoded payload,high,2025-05-03T16:30:55
69d7aedf-b4e7-414b-ad9e-746a19fdeba1,af0b0575-633b-4197-95d4-a74c9d69ad93,expiry_status,FAIL -- Expired,Expiry date has passed,decoded_code,Decoded payload,structured,2025-05-03T16:30:55
ddf46c66-1351-44f1-9b7b-454ebb018821,af0b0575-633b-4197-95d4-a74c9d69ad93,nsq_status,Pass,No match found in current CDSCO alerts,government_record,CDSCO NSQ/spurious database,structured,2025-05-03T16:30:55
8d1cd0e9-0b69-49dc-8897-6be273ad8d36,af0b0575-633b-4197-95d4-a74c9d69ad93,replay_pattern,Inconclusive,[Preview] Synthetic demo data only,user_photo,Synthetic demo data only,low,2025-05-03T16:30:55
68176691-817b-42a4-bef7-f417dc18a787,af0b0575-633b-4197-95d4-a74c9d69ad93,visual_heuristic,Pass,No blur or crop detected,user_photo,Uploaded package photo,medium,2025-05-03T16:30:55
bfaf75cb-917f-42a4-93ca-4417785e0af2,144a156c-2384-47ff-89fc-a5bec80c4e1d,code_validity,Pass,Decodes correctly,decoded_code,Decoded from scanned code,structured,2026-01-31T16:15:47
b3f032e6-7a01-45f5-9325-11cd3eb62eb2,144a156c-2384-47ff-89fc-a5bec80c4e1d,label_consistency,Pass,Fields match,ocr_reading,OCR vs decoded payload,high,2026-01-31T16:15:47
70983b92-f940-48f5-9cbb-d5c251b9fbad,144a156c-2384-47ff-89fc-a5bec80c4e1d,expiry_status,FAIL -- Expired,Expiry date has passed,decoded_code,Decoded payload,structured,2026-01-31T16:15:47
b2d1f6d8-04bd-43bd-ac21-f80f4c48daba,144a156c-2384-47ff-89fc-a5bec80c4e1d,nsq_status,Pass,No match found in current CDSCO alerts,government_record,CDSCO NSQ/spurious database,structured,2026-01-31T16:15:47
6a86e5f9-0e99-4275-b970-ff4dca1a7b32,144a156c-2384-47ff-89fc-a5bec80c4e1d,replay_pattern,Inconclusive,[Preview] Synthetic demo data only,user_photo,Synthetic demo data only,low,2026-01-31T16:15:47
7a453bd8-5296-48a0-8fb5-17dad20deae4,144a156c-2384-47ff-89fc-a5bec80c4e1d,visual_heuristic,Pass,No blur or crop detected,user_photo,Uploaded package photo,medium,2026-01-31T16:15:47
f1f1f43c-039e-49db-8a61-5d826fd6147d,2026e0ce-0ed9-48bb-994c-9959a41e9444,code_validity,Pass,Decodes correctly,decoded_code,Decoded from scanned code,structured,2025-12-05T17:05:53
9eda7ba9-f44b-4b77-85e5-f52dc30f0cdb,2026e0ce-0ed9-48bb-994c-9959a41e9444,label_consistency,Pass,Fields match,ocr_reading,OCR vs decoded payload,high,2025-12-05T17:05:53
88657be2-c777-4875-82db-c2240a59377d,2026e0ce-0ed9-48bb-994c-9959a41e9444,expiry_status,FAIL -- Expired,Expiry date has passed,decoded_code,Decoded payload,structured,2025-12-05T17:05:53
a825576c-eb97-493f-930e-99e2ab3701f6,2026e0ce-0ed9-48bb-994c-9959a41e9444,nsq_status,Pass,No match found in current CDSCO alerts,government_record,CDSCO NSQ/spurious database,structured,2025-12-05T17:05:53
7c6a858d-9129-4087-978e-0a91d212904b,2026e0ce-0ed9-48bb-994c-9959a41e9444,replay_pattern,Inconclusive,[Preview] Synthetic demo data only,user_photo,Synthetic demo data only,low,2025-12-05T17:05:53
6ec052ea-66dc-4403-a825-712e30f4b0d8,2026e0ce-0ed9-48bb-994c-9959a41e9444,visual_heuristic,Pass,No blur or crop detected,user_photo,Uploaded package photo,medium,2025-12-05T17:05:53
8e95a1fe-cdb9-4caf-acd1-de58e49ecff3,3161e55d-6720-46dc-9d75-c54ae0d83387,code_validity,Pass,Decodes correctly,decoded_code,Decoded from scanned code,structured,2026-09-08T12:22:22
ba0cf70d-36bd-44a2-aa74-984a595b83a3,3161e55d-6720-46dc-9d75-c54ae0d83387,label_consistency,Pass,"Fields match (fuzzy match, 0.98 confidence)",ocr_reading,OCR vs decoded payload,high,2026-09-08T12:22:22
0b6d743c-51cf-420f-a7eb-0fa83565b40f,3161e55d-6720-46dc-9d75-c54ae0d83387,expiry_status,Pass,Not yet expired,decoded_code,Decoded payload,structured,2026-09-08T12:22:22
5daf3c2b-b6a5-4c6f-b2bb-f9faf6b00550,3161e55d-6720-46dc-9d75-c54ae0d83387,nsq_status,Pass,No match found in current CDSCO alerts,government_record,CDSCO NSQ/spurious database,structured,2026-09-08T12:22:22
7c2eb783-1b98-4301-b4ff-a514a5696730,3161e55d-6720-46dc-9d75-c54ae0d83387,replay_pattern,Inconclusive,[Preview] Synthetic demo data only,user_photo,Synthetic demo data only,low,2026-09-08T12:22:22
bcd4fb9c-3789-4eeb-96d4-c62ba57ef5d4,3161e55d-6720-46dc-9d75-c54ae0d83387,visual_heuristic,Pass,No blur or crop detected,user_photo,Uploaded package photo,medium,2026-09-08T12:22:22
63d5fcd2-b0ce-4df0-8731-10fbb1fbe7cb,b175bd35-00fe-4285-8787-f4374e87e87d,code_validity,Pass,Decodes correctly,decoded_code,Decoded from scanned code,structured,2025-06-24T02:20:22
98038a54-98ff-4c71-923f-4b759bc31258,b175bd35-00fe-4285-8787-f4374e87e87d,label_consistency,Pass,"Fields match (fuzzy match, 0.98 confidence)",ocr_reading,OCR vs decoded payload,high,2025-06-24T02:20:22
9954c6c6-0354-4665-9f01-7fd006a8de7f,b175bd35-00fe-4285-8787-f4374e87e87d,expiry_status,Pass,Not yet expired,decoded_code,Decoded payload,structured,2025-06-24T02:20:22
2b06369d-e573-4d27-91a8-87a85d47fdab,b175bd35-00fe-4285-8787-f4374e87e87d,nsq_status,Pass,No match found in current CDSCO alerts,government_record,CDSCO NSQ/spurious database,structured,2025-06-24T02:20:22
f0717a94-f158-4c9f-894f-cc38c3452ba8,b175bd35-00fe-4285-8787-f4374e87e87d,replay_pattern,Inconclusive,[Preview] Synthetic demo data only,user_photo,Synthetic demo data only,low,2025-06-24T02:20:22
195cd411-0d21-4641-8726-5ad761884aca,b175bd35-00fe-4285-8787-f4374e87e87d,visual_heuristic,Pass,No blur or crop detected,user_photo,Uploaded package photo,medium,2025-06-24T02:20:22
82dc4591-753c-4fa2-babb-3bc7344ad898,73679af7-68e5-400f-ba1a-f0a2c7e1df4a,code_validity,Pass,Decodes correctly,decoded_code,Decoded from scanned code,structured,2026-04-30T11:19:47
3818f189-1183-4404-9f3a-504554fba88f,73679af7-68e5-400f-ba1a-f0a2c7e1df4a,label_consistency,Pass,"Fields match (fuzzy match, 0.98 confidence)",ocr_reading,OCR vs decoded payload,high,2026-04-30T11:19:47
9afa1e93-d3f6-494c-b861-c5c152144bd2,73679af7-68e5-400f-ba1a-f0a2c7e1df4a,expiry_status,Pass,Not yet expired,decoded_code,Decoded payload,structured,2026-04-30T11:19:47
c0d61854-84a3-4986-a7ea-3f3fb30386a1,73679af7-68e5-400f-ba1a-f0a2c7e1df4a,nsq_status,Pass,No match found in current CDSCO alerts,government_record,CDSCO NSQ/spurious database,structured,2026-04-30T11:19:47
f33f0590-5bce-4e55-bc57-72452340bdcb,73679af7-68e5-400f-ba1a-f0a2c7e1df4a,replay_pattern,Inconclusive,[Preview] Synthetic demo data only,user_photo,Synthetic demo data only,low,2026-04-30T11:19:47
4b213149-90cb-4ae6-94be-2320069f6772,73679af7-68e5-400f-ba1a-f0a2c7e1df4a,visual_heuristic,Pass,No blur or crop detected,user_photo,Uploaded package photo,medium,2026-04-30T11:19:47
483b91bd-2a35-4446-8674-297f39325962,f4d2d154-45da-4497-ae1b-3b7a2aca2808,code_validity,Pass,Decodes correctly,decoded_code,Decoded from scanned code,structured,2026-02-20T09:20:00
8d4f5761-6d2c-4868-be84-b27f83f4808c,f4d2d154-45da-4497-ae1b-3b7a2aca2808,label_consistency,Pass,"Fields match (fuzzy match, 0.98 confidence)",ocr_reading,OCR vs decoded payload,high,2026-02-20T09:20:00
7dba73be-85ac-4c21-bea3-a316f15dd51f,f4d2d154-45da-4497-ae1b-3b7a2aca2808,expiry_status,Pass,Not yet expired,decoded_code,Decoded payload,structured,2026-02-20T09:20:00
112dc781-bfc0-442d-88c9-ba2e12c187a3,f4d2d154-45da-4497-ae1b-3b7a2aca2808,nsq_status,Pass,No match found in current CDSCO alerts,government_record,CDSCO NSQ/spurious database,structured,2026-02-20T09:20:00
f446faea-f57f-40b6-8803-7fd9a988e377,f4d2d154-45da-4497-ae1b-3b7a2aca2808,replay_pattern,Inconclusive,[Preview] Synthetic demo data only,user_photo,Synthetic demo data only,low,2026-02-20T09:20:00
3e867bf4-cf13-46a6-bdee-06296049afb8,f4d2d154-45da-4497-ae1b-3b7a2aca2808,visual_heuristic,Pass,No blur or crop detected,user_photo,Uploaded package photo,medium,2026-02-20T09:20:00
766894e0-e566-4a84-94c0-67b71e3039c7,15ba376f-d12c-404a-b967-fe7d8226cc07,code_validity,Pass,Decodes correctly,decoded_code,Decoded from scanned code,structured,2026-04-29T08:34:32
fcf2c0c1-fe01-4478-a8d8-cf3592f38101,15ba376f-d12c-404a-b967-fe7d8226cc07,label_consistency,Pass,"Fields match (fuzzy match, 0.98 confidence)",ocr_reading,OCR vs decoded payload,high,2026-04-29T08:34:32
5f3212e1-0ff8-4474-8d6e-a5056567269e,15ba376f-d12c-404a-b967-fe7d8226cc07,expiry_status,Pass,Not yet expired,decoded_code,Decoded payload,structured,2026-04-29T08:34:32
ded95d26-2d5b-4738-910c-9fc5cf84b4a9,15ba376f-d12c-404a-b967-fe7d8226cc07,nsq_status,Pass,No match found in current CDSCO alerts,government_record,CDSCO NSQ/spurious database,structured,2026-04-29T08:34:32
3c24c9e0-6598-4f5c-ad64-55e0b23c2bfd,15ba376f-d12c-404a-b967-fe7d8226cc07,replay_pattern,Inconclusive,[Preview] Synthetic demo data only,user_photo,Synthetic demo data only,low,2026-04-29T08:34:32
c9bdb476-6d82-4b60-a7ec-22c7d7ced1ee,15ba376f-d12c-404a-b967-fe7d8226cc07,visual_heuristic,Pass,No blur or crop detected,user_photo,Uploaded package photo,medium,2026-04-29T08:34:32
c29c6b46-aaf8-40ac-848c-498c7b8ddb3d,96f3c8c2-f934-4bb7-a622-e047aa52810f,code_validity,Pass,Decodes correctly,decoded_code,Decoded from scanned code,structured,2026-06-19T16:59:36
397a68e4-49a4-447e-9779-92dc19d039c3,96f3c8c2-f934-4bb7-a622-e047aa52810f,label_consistency,Pass,"Fields match (fuzzy match, 0.98 confidence)",ocr_reading,OCR vs decoded payload,high,2026-06-19T16:59:36
873c9419-7d99-49f6-9989-823415f7f2e1,96f3c8c2-f934-4bb7-a622-e047aa52810f,expiry_status,Pass,Not yet expired,decoded_code,Decoded payload,structured,2026-06-19T16:59:36
fd0f6c43-fb0e-4124-a37f-cfd59e29f66c,96f3c8c2-f934-4bb7-a622-e047aa52810f,nsq_status,Pass,No match found in current CDSCO alerts,government_record,CDSCO NSQ/spurious database,structured,2026-06-19T16:59:36
5c460273-7d67-4bea-8c5e-04e2fd7e2a96,96f3c8c2-f934-4bb7-a622-e047aa52810f,replay_pattern,Inconclusive,[Preview] Synthetic demo data only,user_photo,Synthetic demo data only,low,2026-06-19T16:59:36
f4e0df3f-1444-448d-af18-84f50609a1db,96f3c8c2-f934-4bb7-a622-e047aa52810f,visual_heuristic,Pass,No blur or crop detected,user_photo,Uploaded package photo,medium,2026-06-19T16:59:36
a8678088-2675-40d4-b286-8dafeef3b450,5ae29300-3ebd-4a79-a15c-692563988c70,code_validity,Pass,Decodes correctly,decoded_code,Decoded from scanned code,structured,2025-04-07T06:07:08
70fcb033-1c91-4074-a2ac-93247c54805d,5ae29300-3ebd-4a79-a15c-692563988c70,label_consistency,Pass,"Fields match (fuzzy match, 0.98 confidence)",ocr_reading,OCR vs decoded payload,high,2025-04-07T06:07:08
28dd2a9d-71df-4ff6-a178-18b7ba339808,5ae29300-3ebd-4a79-a15c-692563988c70,expiry_status,Pass,Not yet expired,decoded_code,Decoded payload,structured,2025-04-07T06:07:08
09652ea5-a529-472f-b3dd-cfe1c8585212,5ae29300-3ebd-4a79-a15c-692563988c70,nsq_status,Pass,No match found in current CDSCO alerts,government_record,CDSCO NSQ/spurious database,structured,2025-04-07T06:07:08
824610af-dce4-492b-8bd6-47298931c8ab,5ae29300-3ebd-4a79-a15c-692563988c70,replay_pattern,Inconclusive,[Preview] Synthetic demo data only,user_photo,Synthetic demo data only,low,2025-04-07T06:07:08
28698efa-5b51-4c7e-8c74-c8affd3ce532,5ae29300-3ebd-4a79-a15c-692563988c70,visual_heuristic,Pass,No blur or crop detected,user_photo,Uploaded package photo,medium,2025-04-07T06:07:08
60e22b8d-ae99-487d-bb79-672c885f3ee7,fae72e28-5fb1-4da8-be29-9f2d2feed9a2,code_validity,Pass,Decodes correctly,decoded_code,Decoded from scanned code,structured,2026-09-13T16:59:01
fae58c5d-24a4-4add-ab3c-51fdee04798a,fae72e28-5fb1-4da8-be29-9f2d2feed9a2,label_consistency,Pass,"Fields match (fuzzy match, 0.98 confidence)",ocr_reading,OCR vs decoded payload,high,2026-09-13T16:59:01
3ba10d20-76c8-455b-ba35-f054c19ba424,fae72e28-5fb1-4da8-be29-9f2d2feed9a2,expiry_status,Pass,Not yet expired,decoded_code,Decoded payload,structured,2026-09-13T16:59:01
ad15ff0f-70f6-4982-856c-1d5812bfd8d3,fae72e28-5fb1-4da8-be29-9f2d2feed9a2,nsq_status,Pass,No match found in current CDSCO alerts,government_record,CDSCO NSQ/spurious database,structured,2026-09-13T16:59:01
6cfe3131-a4bf-497e-8322-7aa4198ca398,fae72e28-5fb1-4da8-be29-9f2d2feed9a2,replay_pattern,Inconclusive,[Preview] Synthetic demo data only,user_photo,Synthetic demo data only,low,2026-09-13T16:59:01
a569d60b-f2dd-4339-b362-35c7b9db2f13,fae72e28-5fb1-4da8-be29-9f2d2feed9a2,visual_heuristic,Pass,No blur or crop detected,user_photo,Uploaded package photo,medium,2026-09-13T16:59:01
cf2c1bb7-75f6-4dec-b02d-92caa04a87cc,1bb7948c-4085-4fff-8d05-4618546e5895,code_validity,Pass,Decodes correctly,decoded_code,Decoded from scanned code,structured,2025-11-06T17:56:23
8e0c407a-725e-4015-8b97-9b1240020608,1bb7948c-4085-4fff-8d05-4618546e5895,label_consistency,Pass,"Fields match (fuzzy match, 0.98 confidence)",ocr_reading,OCR vs decoded payload,high,2025-11-06T17:56:23
4f67e236-2569-4c28-ab36-d01f004e677a,1bb7948c-4085-4fff-8d05-4618546e5895,expiry_status,Pass,Not yet expired,decoded_code,Decoded payload,structured,2025-11-06T17:56:23
bc4d6af6-fa10-4427-b2db-5e2753469a7b,1bb7948c-4085-4fff-8d05-4618546e5895,nsq_status,Pass,No match found in current CDSCO alerts,government_record,CDSCO NSQ/spurious database,structured,2025-11-06T17:56:23
3d96a061-3ba7-4041-94b4-274c03a4e319,1bb7948c-4085-4fff-8d05-4618546e5895,replay_pattern,Inconclusive,[Preview] Synthetic demo data only,user_photo,Synthetic demo data only,low,2025-11-06T17:56:23
44190fdb-6816-4eb3-83ed-ac67d07465f0,1bb7948c-4085-4fff-8d05-4618546e5895,visual_heuristic,Pass,No blur or crop detected,user_photo,Uploaded package photo,medium,2025-11-06T17:56:23
07cb793d-500b-4b07-9066-987a05b69e43,956643aa-5d82-46ea-ad26-bb66539c4890,code_validity,Pass,Decodes correctly,decoded_code,Decoded from scanned code,structured,2025-07-07T11:52:24
82d5096f-228c-40a7-9fe6-0d0878f603a0,956643aa-5d82-46ea-ad26-bb66539c4890,label_consistency,Pass,"Fields match (fuzzy match, 0.98 confidence)",ocr_reading,OCR vs decoded payload,high,2025-07-07T11:52:24
ed281d40-964a-48e8-b212-5d9dae4bc111,956643aa-5d82-46ea-ad26-bb66539c4890,expiry_status,Pass,Not yet expired,decoded_code,Decoded payload,structured,2025-07-07T11:52:24
f1bdd55b-79be-4fa9-b512-b99b3b450771,956643aa-5d82-46ea-ad26-bb66539c4890,nsq_status,Pass,No match found in current CDSCO alerts,government_record,CDSCO NSQ/spurious database,structured,2025-07-07T11:52:24
c2c51ba1-ecb0-4e3d-b172-e86f03c9eb76,956643aa-5d82-46ea-ad26-bb66539c4890,replay_pattern,Inconclusive,[Preview] Synthetic demo data only,user_photo,Synthetic demo data only,low,2025-07-07T11:52:24
1b22b864-01a9-48a7-b5c9-38bf68f17042,956643aa-5d82-46ea-ad26-bb66539c4890,visual_heuristic,Pass,No blur or crop detected,user_photo,Uploaded package photo,medium,2025-07-07T11:52:24
f39e6c1e-9176-4ee9-9ef4-015585ed204e,805b9b56-b216-4be4-b6f9-53e945895d9e,code_validity,Pass,Decodes correctly,decoded_code,Decoded from scanned code,structured,2026-03-07T06:32:50
c8044b2f-2137-4d2d-a5e3-d0a7b852aa11,805b9b56-b216-4be4-b6f9-53e945895d9e,label_consistency,Pass,"Fields match (fuzzy match, 0.98 confidence)",ocr_reading,OCR vs decoded payload,high,2026-03-07T06:32:50
59d970ca-752f-4654-9bb6-e9fcf04d70bd,805b9b56-b216-4be4-b6f9-53e945895d9e,expiry_status,Pass,Not yet expired,decoded_code,Decoded payload,structured,2026-03-07T06:32:50
94edb561-0ea7-49dc-8b6d-8080b381ff9f,805b9b56-b216-4be4-b6f9-53e945895d9e,nsq_status,Pass,No match found in current CDSCO alerts,government_record,CDSCO NSQ/spurious database,structured,2026-03-07T06:32:50
c953e9a0-ff52-4c5c-a2b2-a0d4641ed341,805b9b56-b216-4be4-b6f9-53e945895d9e,replay_pattern,Inconclusive,[Preview] Synthetic demo data only,user_photo,Synthetic demo data only,low,2026-03-07T06:32:50
e8663b04-699c-43db-8446-522c4f54ce62,805b9b56-b216-4be4-b6f9-53e945895d9e,visual_heuristic,Pass,No blur or crop detected,user_photo,Uploaded package photo,medium,2026-03-07T06:32:50
5fe7507a-5326-47ca-b7bc-7420cd6e8805,de782c49-4c90-4e3c-a916-1265ce16991b,code_validity,Pass,Decodes correctly,decoded_code,Decoded from scanned code,structured,2026-05-04T03:01:05
47e2811c-ae77-4c1f-8b14-86639acecfc9,de782c49-4c90-4e3c-a916-1265ce16991b,label_consistency,Pass,"Fields match (fuzzy match, 0.98 confidence)",ocr_reading,OCR vs decoded payload,high,2026-05-04T03:01:05
f47b4d0a-45ce-40cc-a150-6f559692e981,de782c49-4c90-4e3c-a916-1265ce16991b,expiry_status,Pass,Not yet expired,decoded_code,Decoded payload,structured,2026-05-04T03:01:05
f10b3019-492c-4fa2-8ed0-d2f91ea15d44,de782c49-4c90-4e3c-a916-1265ce16991b,nsq_status,Pass,No match found in current CDSCO alerts,government_record,CDSCO NSQ/spurious database,structured,2026-05-04T03:01:05
73698691-9589-47b3-91a0-7b60df49bfb8,de782c49-4c90-4e3c-a916-1265ce16991b,replay_pattern,Inconclusive,[Preview] Synthetic demo data only,user_photo,Synthetic demo data only,low,2026-05-04T03:01:05
ccb3989e-fb9b-4183-8abd-907a97568ad3,de782c49-4c90-4e3c-a916-1265ce16991b,visual_heuristic,Pass,No blur or crop detected,user_photo,Uploaded package photo,medium,2026-05-04T03:01:05
104443aa-dc81-4f47-8a14-de8d9fc22b57,b622e8cf-4841-4a67-abb6-23f5871bad72,code_validity,Pass,Decodes correctly,decoded_code,Decoded from scanned code,structured,2025-06-07T16:07:18
4d4d3f93-df88-416d-a11b-5670c01af325,b622e8cf-4841-4a67-abb6-23f5871bad72,label_consistency,Pass,"Fields match (fuzzy match, 0.98 confidence)",ocr_reading,OCR vs decoded payload,high,2025-06-07T16:07:18
d550a919-b7ab-47e1-9283-6f90920668c5,b622e8cf-4841-4a67-abb6-23f5871bad72,expiry_status,Pass,Not yet expired,decoded_code,Decoded payload,structured,2025-06-07T16:07:18
337623ce-9e57-4031-99d1-1949a97c1fe2,b622e8cf-4841-4a67-abb6-23f5871bad72,nsq_status,Pass,No match found in current CDSCO alerts,government_record,CDSCO NSQ/spurious database,structured,2025-06-07T16:07:18
d03303ef-f5a4-4951-a935-b6f06d3ef7fe,b622e8cf-4841-4a67-abb6-23f5871bad72,replay_pattern,Inconclusive,[Preview] Synthetic demo data only,user_photo,Synthetic demo data only,low,2025-06-07T16:07:18
830d61a7-72f5-44de-8ede-1747d2596d1a,b622e8cf-4841-4a67-abb6-23f5871bad72,visual_heuristic,Pass,No blur or crop detected,user_photo,Uploaded package photo,medium,2025-06-07T16:07:18
a9a547a7-59a8-46f4-b566-1d02c93df3ba,d7e7dad7-0149-4a79-aa1c-2e3721c8db55,code_validity,Pass,Decodes correctly,decoded_code,Decoded from scanned code,structured,2025-06-24T10:05:56
f1294a69-af75-43fe-8d75-7cfad61e2b7c,d7e7dad7-0149-4a79-aa1c-2e3721c8db55,label_consistency,Pass,"Fields match (fuzzy match, 0.98 confidence)",ocr_reading,OCR vs decoded payload,high,2025-06-24T10:05:56
982c6fb1-d5cb-40ab-a763-83189bb5c730,d7e7dad7-0149-4a79-aa1c-2e3721c8db55,expiry_status,Pass,Not yet expired,decoded_code,Decoded payload,structured,2025-06-24T10:05:56
4285b759-5ff3-44b7-9de9-60fae05f338b,d7e7dad7-0149-4a79-aa1c-2e3721c8db55,nsq_status,Pass,No match found in current CDSCO alerts,government_record,CDSCO NSQ/spurious database,structured,2025-06-24T10:05:56
f1315cbe-16b4-4fe5-9511-fdbcfd2b9829,d7e7dad7-0149-4a79-aa1c-2e3721c8db55,replay_pattern,Inconclusive,[Preview] Synthetic demo data only,user_photo,Synthetic demo data only,low,2025-06-24T10:05:56
2bbe624a-f7cd-44db-846e-6f7fdf16a936,d7e7dad7-0149-4a79-aa1c-2e3721c8db55,visual_heuristic,Pass,No blur or crop detected,user_photo,Uploaded package photo,medium,2025-06-24T10:05:56
2e81cff4-2bc2-4fec-9949-9d43ba6272b8,12d51ca6-d2eb-43df-9ce7-2530f837ffdf,code_validity,Pass,Decodes correctly,decoded_code,Decoded from scanned code,structured,2026-07-20T11:47:45
d4b57377-df25-4e4c-ac3a-fd8f82b01bd3,12d51ca6-d2eb-43df-9ce7-2530f837ffdf,label_consistency,Pass,"Fields match (fuzzy match, 0.98 confidence)",ocr_reading,OCR vs decoded payload,high,2026-07-20T11:47:45
60d35190-bdf7-454d-bc3a-2d2df07ab9c8,12d51ca6-d2eb-43df-9ce7-2530f837ffdf,expiry_status,Pass,Not yet expired,decoded_code,Decoded payload,structured,2026-07-20T11:47:45
33ef7996-da49-431e-aaab-fd58e539fff2,12d51ca6-d2eb-43df-9ce7-2530f837ffdf,nsq_status,Pass,No match found in current CDSCO alerts,government_record,CDSCO NSQ/spurious database,structured,2026-07-20T11:47:45
17c34eb7-f549-4f6f-9633-7bfcc1712240,12d51ca6-d2eb-43df-9ce7-2530f837ffdf,replay_pattern,Inconclusive,[Preview] Synthetic demo data only,user_photo,Synthetic demo data only,low,2026-07-20T11:47:45
9313de28-b59b-4dc2-9bde-d3bc09865aaf,12d51ca6-d2eb-43df-9ce7-2530f837ffdf,visual_heuristic,Pass,No blur or crop detected,user_photo,Uploaded package photo,medium,2026-07-20T11:47:45
61e20915-6990-4a59-a4ac-74a32644fd17,2020b369-ae04-41b3-b96a-ffd7d41b0d05,code_validity,Pass,Decodes correctly,decoded_code,Decoded from scanned code,structured,2026-05-11T07:07:30
761e4d9b-fc8f-4900-9fda-614d1b33c2fe,2020b369-ae04-41b3-b96a-ffd7d41b0d05,label_consistency,Pass,"Fields match (fuzzy match, 0.98 confidence)",ocr_reading,OCR vs decoded payload,high,2026-05-11T07:07:30
d8cd3a5c-6cbe-4e5c-be36-1f274787ff7d,2020b369-ae04-41b3-b96a-ffd7d41b0d05,expiry_status,Pass,Not yet expired,decoded_code,Decoded payload,structured,2026-05-11T07:07:30
be599de6-871c-45da-be32-384c403175b7,2020b369-ae04-41b3-b96a-ffd7d41b0d05,nsq_status,Pass,No match found in current CDSCO alerts,government_record,CDSCO NSQ/spurious database,structured,2026-05-11T07:07:30
9f48719e-af67-4d2b-b96a-0cbbaa0c3369,2020b369-ae04-41b3-b96a-ffd7d41b0d05,replay_pattern,Inconclusive,[Preview] Synthetic demo data only,user_photo,Synthetic demo data only,low,2026-05-11T07:07:30
87f40873-90f9-4f61-bbe5-161f1836e959,2020b369-ae04-41b3-b96a-ffd7d41b0d05,visual_heuristic,Pass,No blur or crop detected,user_photo,Uploaded package photo,medium,2026-05-11T07:07:30
76ae98d1-cb6b-4959-ac96-9c474427b974,db61cbfc-2865-48b9-9dae-e51f886fea13,code_validity,Pass,Decodes correctly,decoded_code,Decoded from scanned code,structured,2025-08-11T07:40:39
3b501a24-d8dc-49d9-9828-7aa23b565f96,db61cbfc-2865-48b9-9dae-e51f886fea13,label_consistency,Pass,"Fields match (fuzzy match, 0.98 confidence)",ocr_reading,OCR vs decoded payload,high,2025-08-11T07:40:39
5a962571-194f-4d70-bd86-f7c8fd420137,db61cbfc-2865-48b9-9dae-e51f886fea13,expiry_status,Pass,Not yet expired,decoded_code,Decoded payload,structured,2025-08-11T07:40:39
1417a458-efe8-4478-89db-8f012732e5b1,db61cbfc-2865-48b9-9dae-e51f886fea13,nsq_status,Pass,No match found in current CDSCO alerts,government_record,CDSCO NSQ/spurious database,structured,2025-08-11T07:40:39
33c27935-e2d9-436d-a78a-eb2841e5d214,db61cbfc-2865-48b9-9dae-e51f886fea13,replay_pattern,Inconclusive,[Preview] Synthetic demo data only,user_photo,Synthetic demo data only,low,2025-08-11T07:40:39
cb515d35-b737-4c66-a507-d30ad2e1e2d8,db61cbfc-2865-48b9-9dae-e51f886fea13,visual_heuristic,Pass,No blur or crop detected,user_photo,Uploaded package photo,medium,2025-08-11T07:40:39
1329a17f-e6c2-4d42-be6e-7f9cc7cd2170,b525ac25-1136-451c-9e69-a708f996a9be,code_validity,Pass,Decodes correctly,decoded_code,Decoded from scanned code,structured,2026-07-02T09:52:20
6771d4e8-ca02-4c2d-a778-b4f832fd1727,b525ac25-1136-451c-9e69-a708f996a9be,label_consistency,Pass,"Fields match (fuzzy match, 0.98 confidence)",ocr_reading,OCR vs decoded payload,high,2026-07-02T09:52:20
f59969fb-75ad-43f0-9f7e-8aad13298937,b525ac25-1136-451c-9e69-a708f996a9be,expiry_status,Pass,Not yet expired,decoded_code,Decoded payload,structured,2026-07-02T09:52:20
e8e55f26-6df7-440d-9a88-5d8830dff664,b525ac25-1136-451c-9e69-a708f996a9be,nsq_status,Pass,No match found in current CDSCO alerts,government_record,CDSCO NSQ/spurious database,structured,2026-07-02T09:52:20
2d96e9ac-cc57-4b56-a029-34ba4e3d1742,b525ac25-1136-451c-9e69-a708f996a9be,replay_pattern,Inconclusive,[Preview] Synthetic demo data only,user_photo,Synthetic demo data only,low,2026-07-02T09:52:20
d953e8cd-8879-4ac3-806d-6b3ac35a197c,b525ac25-1136-451c-9e69-a708f996a9be,visual_heuristic,Pass,No blur or crop detected,user_photo,Uploaded package photo,medium,2026-07-02T09:52:20
bb9f5a33-14b8-453d-a543-19148d7819de,15921291-5321-453b-aef4-8d2c2e6d4860,code_validity,Pass,Decodes correctly,decoded_code,Decoded from scanned code,structured,2025-08-07T13:30:14
57cdd1f1-63e8-46fb-9a74-23116dc2bb0d,15921291-5321-453b-aef4-8d2c2e6d4860,label_consistency,Pass,"Fields match (fuzzy match, 0.98 confidence)",ocr_reading,OCR vs decoded payload,high,2025-08-07T13:30:14
eb6fd748-266d-411a-97e9-e2050ee3885c,15921291-5321-453b-aef4-8d2c2e6d4860,expiry_status,Pass,Not yet expired,decoded_code,Decoded payload,structured,2025-08-07T13:30:14
b6a28d1b-6d8f-4924-8369-d4587fcb889a,15921291-5321-453b-aef4-8d2c2e6d4860,nsq_status,Pass,No match found in current CDSCO alerts,government_record,CDSCO NSQ/spurious database,structured,2025-08-07T13:30:14
571292f0-235b-4015-a152-31a4605f0407,15921291-5321-453b-aef4-8d2c2e6d4860,replay_pattern,Inconclusive,[Preview] Synthetic demo data only,user_photo,Synthetic demo data only,low,2025-08-07T13:30:14
db658a6b-8407-45f8-949c-42af66523684,15921291-5321-453b-aef4-8d2c2e6d4860,visual_heuristic,Pass,No blur or crop detected,user_photo,Uploaded package photo,medium,2025-08-07T13:30:14
de120400-8cdb-492b-9329-1ef411ad30f3,27f1b858-c0d5-43a1-ae2e-b4eea94e7036,code_validity,Pass,Decodes correctly,decoded_code,Decoded from scanned code,structured,2025-09-24T10:13:49
c4399986-762c-401c-a523-edfae9719fda,27f1b858-c0d5-43a1-ae2e-b4eea94e7036,label_consistency,Pass,"Fields match (fuzzy match, 0.98 confidence)",ocr_reading,OCR vs decoded payload,high,2025-09-24T10:13:49
51afc79c-63cc-410e-b2d2-71dcd864fba2,27f1b858-c0d5-43a1-ae2e-b4eea94e7036,expiry_status,Pass,Not yet expired,decoded_code,Decoded payload,structured,2025-09-24T10:13:49
34cc86ae-d0c6-43f7-9fe8-cd4d6de98be4,27f1b858-c0d5-43a1-ae2e-b4eea94e7036,nsq_status,Pass,No match found in current CDSCO alerts,government_record,CDSCO NSQ/spurious database,structured,2025-09-24T10:13:49
895c1094-5f64-457d-8ad5-6d8de1fb774d,27f1b858-c0d5-43a1-ae2e-b4eea94e7036,replay_pattern,Inconclusive,[Preview] Synthetic demo data only,user_photo,Synthetic demo data only,low,2025-09-24T10:13:49
a3505ddb-2af5-40b1-82f9-fce8c3653983,27f1b858-c0d5-43a1-ae2e-b4eea94e7036,visual_heuristic,Pass,No blur or crop detected,user_photo,Uploaded package photo,medium,2025-09-24T10:13:49
4935dfbb-4922-48d6-b33e-1a2ce46bf9eb,ea848588-fb15-4fdc-b20a-394e91c8e068,code_validity,Pass,Decodes correctly,decoded_code,Decoded from scanned code,structured,2025-06-19T16:52:38
66f01410-ebbc-419a-ac10-73ee0daa7cb4,ea848588-fb15-4fdc-b20a-394e91c8e068,label_consistency,Pass,"Fields match (fuzzy match, 0.98 confidence)",ocr_reading,OCR vs decoded payload,high,2025-06-19T16:52:38
7bf386c1-9ac4-44d3-b8af-1ba49d061132,ea848588-fb15-4fdc-b20a-394e91c8e068,expiry_status,Pass,Not yet expired,decoded_code,Decoded payload,structured,2025-06-19T16:52:38
e5d17578-d5f1-4a08-8060-3cb8db67bb01,ea848588-fb15-4fdc-b20a-394e91c8e068,nsq_status,Pass,No match found in current CDSCO alerts,government_record,CDSCO NSQ/spurious database,structured,2025-06-19T16:52:38
687093e1-70cd-4127-9002-e844edc07dea,ea848588-fb15-4fdc-b20a-394e91c8e068,replay_pattern,Inconclusive,[Preview] Synthetic demo data only,user_photo,Synthetic demo data only,low,2025-06-19T16:52:38
ddeaa676-f26f-4c07-a241-59f2fa5decbf,ea848588-fb15-4fdc-b20a-394e91c8e068,visual_heuristic,Pass,No blur or crop detected,user_photo,Uploaded package photo,medium,2025-06-19T16:52:38
3a96bb86-e2e2-4cc2-af28-d1f24441796a,8cef02fa-eaef-4765-99c8-0055d2e2ce38,code_validity,Pass,Decodes correctly,decoded_code,Decoded from scanned code,structured,2026-02-28T11:52:33
e2114d5d-3861-44b3-990b-c62c85058092,8cef02fa-eaef-4765-99c8-0055d2e2ce38,label_consistency,Pass,"Fields match (fuzzy match, 0.98 confidence)",ocr_reading,OCR vs decoded payload,high,2026-02-28T11:52:33
35b4b277-c9fa-4154-a261-cc7db7d8236e,8cef02fa-eaef-4765-99c8-0055d2e2ce38,expiry_status,Pass,Not yet expired,decoded_code,Decoded payload,structured,2026-02-28T11:52:33
84183d8d-8b80-40f4-bf31-b6f073133a34,8cef02fa-eaef-4765-99c8-0055d2e2ce38,nsq_status,Pass,No match found in current CDSCO alerts,government_record,CDSCO NSQ/spurious database,structured,2026-02-28T11:52:33
891d302a-c357-4acb-a430-b51e41915fa8,8cef02fa-eaef-4765-99c8-0055d2e2ce38,replay_pattern,Inconclusive,[Preview] Synthetic demo data only,user_photo,Synthetic demo data only,low,2026-02-28T11:52:33
f71c2c03-3b21-4d54-b0f6-7b95ad4869ef,8cef02fa-eaef-4765-99c8-0055d2e2ce38,visual_heuristic,Pass,No blur or crop detected,user_photo,Uploaded package photo,medium,2026-02-28T11:52:33
ea5ebc0a-d594-464a-9bfd-7cdf8424f6eb,89618537-a837-41a5-81b0-5f645c22bc78,code_validity,Pass,Decodes correctly,decoded_code,Decoded from scanned code,structured,2025-11-20T00:17:55
f1fae49c-86d7-43fb-b89c-2c3304655a54,89618537-a837-41a5-81b0-5f645c22bc78,label_consistency,Pass,"Fields match (fuzzy match, 0.98 confidence)",ocr_reading,OCR vs decoded payload,high,2025-11-20T00:17:55
47629df2-5071-471b-ac39-a1f5f4728ce9,89618537-a837-41a5-81b0-5f645c22bc78,expiry_status,Pass,Not yet expired,decoded_code,Decoded payload,structured,2025-11-20T00:17:55
851d6abf-e92c-486e-953d-3edafbd8bce9,89618537-a837-41a5-81b0-5f645c22bc78,nsq_status,Pass,No match found in current CDSCO alerts,government_record,CDSCO NSQ/spurious database,structured,2025-11-20T00:17:55
5f73974a-563a-4046-b733-3ca567a3a563,89618537-a837-41a5-81b0-5f645c22bc78,replay_pattern,Inconclusive,[Preview] Synthetic demo data only,user_photo,Synthetic demo data only,low,2025-11-20T00:17:55
4f5ff4eb-a724-4915-97e7-0793bf6bafc8,89618537-a837-41a5-81b0-5f645c22bc78,visual_heuristic,Pass,No blur or crop detected,user_photo,Uploaded package photo,medium,2025-11-20T00:17:55
0b2f9350-decc-4e36-ac0f-5c460c17e9a4,85a851be-66a1-4ea9-ada5-d57deba9f522,code_validity,Pass,Decodes correctly,decoded_code,Decoded from scanned code,structured,2026-04-12T10:31:22
3a97903e-8fa3-447d-8bda-794583b6d8eb,85a851be-66a1-4ea9-ada5-d57deba9f522,label_consistency,Pass,"Fields match (fuzzy match, 0.98 confidence)",ocr_reading,OCR vs decoded payload,high,2026-04-12T10:31:22
f15f8650-7e79-4688-995d-a5b194ba2ef8,85a851be-66a1-4ea9-ada5-d57deba9f522,expiry_status,Pass,Not yet expired,decoded_code,Decoded payload,structured,2026-04-12T10:31:22
e6323a2f-cd0b-4a01-9301-712d74bbc38e,85a851be-66a1-4ea9-ada5-d57deba9f522,nsq_status,Pass,No match found in current CDSCO alerts,government_record,CDSCO NSQ/spurious database,structured,2026-04-12T10:31:22
171152de-66ab-4b17-ae48-ddd75700cb6d,85a851be-66a1-4ea9-ada5-d57deba9f522,replay_pattern,Inconclusive,[Preview] Synthetic demo data only,user_photo,Synthetic demo data only,low,2026-04-12T10:31:22
7824b786-7cb8-4cd0-b49d-bc1bee3ed28b,85a851be-66a1-4ea9-ada5-d57deba9f522,visual_heuristic,Pass,No blur or crop detected,user_photo,Uploaded package photo,medium,2026-04-12T10:31:22
85d72010-b4b3-4457-b6f1-b6451a3ee44f,5b900b4e-2c34-4e0c-bbdd-f408fbd4c2a4,code_validity,Pass,Decodes correctly,decoded_code,Decoded from scanned code,structured,2025-05-03T12:09:34
952b550f-26da-4f23-9570-26b9a85c3867,5b900b4e-2c34-4e0c-bbdd-f408fbd4c2a4,label_consistency,Pass,"Fields match (fuzzy match, 0.98 confidence)",ocr_reading,OCR vs decoded payload,high,2025-05-03T12:09:34
e1f17f6f-3f6c-4324-b831-f6b978dcd1ef,5b900b4e-2c34-4e0c-bbdd-f408fbd4c2a4,expiry_status,Pass,Not yet expired,decoded_code,Decoded payload,structured,2025-05-03T12:09:34
9685ed3e-f3e1-4480-bd76-235d05574f1d,5b900b4e-2c34-4e0c-bbdd-f408fbd4c2a4,nsq_status,Pass,No match found in current CDSCO alerts,government_record,CDSCO NSQ/spurious database,structured,2025-05-03T12:09:34
d4cc5dfe-6977-4dd7-9376-b6ee70e6dde0,5b900b4e-2c34-4e0c-bbdd-f408fbd4c2a4,replay_pattern,Inconclusive,[Preview] Synthetic demo data only,user_photo,Synthetic demo data only,low,2025-05-03T12:09:34
71d12287-3d5d-4c67-99d9-7d089373aad5,5b900b4e-2c34-4e0c-bbdd-f408fbd4c2a4,visual_heuristic,Pass,No blur or crop detected,user_photo,Uploaded package photo,medium,2025-05-03T12:09:34
fd6dfa08-52f0-41c9-8225-e7e5721fd7fc,36b4ee17-8d77-4901-afc0-ae01cae9a3f6,code_validity,Pass,Decodes correctly,decoded_code,Decoded from scanned code,structured,2026-03-22T09:04:15
dec1380f-b28f-4038-b321-6b98a47a1abe,36b4ee17-8d77-4901-afc0-ae01cae9a3f6,label_consistency,Pass,"Fields match (fuzzy match, 0.98 confidence)",ocr_reading,OCR vs decoded payload,high,2026-03-22T09:04:15
a478b2f2-da06-4846-8453-01a8a48ebd69,36b4ee17-8d77-4901-afc0-ae01cae9a3f6,expiry_status,Pass,Not yet expired,decoded_code,Decoded payload,structured,2026-03-22T09:04:15
7e263417-234d-4b0a-b347-c64490c0cf4a,36b4ee17-8d77-4901-afc0-ae01cae9a3f6,nsq_status,Pass,No match found in current CDSCO alerts,government_record,CDSCO NSQ/spurious database,structured,2026-03-22T09:04:15
0ce4655c-3b10-4d67-a11d-5db3f1848ce0,36b4ee17-8d77-4901-afc0-ae01cae9a3f6,replay_pattern,Inconclusive,[Preview] Synthetic demo data only,user_photo,Synthetic demo data only,low,2026-03-22T09:04:15
c44f777a-29b6-47c1-b84c-3154cf0fc427,36b4ee17-8d77-4901-afc0-ae01cae9a3f6,visual_heuristic,Pass,No blur or crop detected,user_photo,Uploaded package photo,medium,2026-03-22T09:04:15
ce3c9599-132b-4da0-9c9a-3360ed5a9c6f,65ba1cc6-e96d-4275-8ebc-b63686078463,code_validity,Pass,Decodes correctly,decoded_code,Decoded from scanned code,structured,2026-06-18T13:19:27
fae8d6b8-60d4-46da-806c-f279da9db727,65ba1cc6-e96d-4275-8ebc-b63686078463,label_consistency,Pass,"Fields match (fuzzy match, 0.98 confidence)",ocr_reading,OCR vs decoded payload,high,2026-06-18T13:19:27
5fd0ac70-cdc7-42e2-88a1-b48516d4fa9d,65ba1cc6-e96d-4275-8ebc-b63686078463,expiry_status,Pass,Not yet expired,decoded_code,Decoded payload,structured,2026-06-18T13:19:27
f197da71-5dd9-44c8-a691-7a56930a9c43,65ba1cc6-e96d-4275-8ebc-b63686078463,nsq_status,Pass,No match found in current CDSCO alerts,government_record,CDSCO NSQ/spurious database,structured,2026-06-18T13:19:27
99dd6525-18e3-4afe-979c-c7b6402fe3ac,65ba1cc6-e96d-4275-8ebc-b63686078463,replay_pattern,Inconclusive,[Preview] Synthetic demo data only,user_photo,Synthetic demo data only,low,2026-06-18T13:19:27
14532a97-488d-4f09-b1a5-4cc3a4318d57,65ba1cc6-e96d-4275-8ebc-b63686078463,visual_heuristic,Pass,No blur or crop detected,user_photo,Uploaded package photo,medium,2026-06-18T13:19:27
887834a8-e427-4d57-b26f-63dc8addc1bf,f161a30c-c0c4-49b3-b796-4398cc0b4857,code_validity,Pass,Decodes correctly,decoded_code,Decoded from scanned code,structured,2025-09-29T14:50:49
bd03d1a4-5ad8-4105-bf32-56bdf7a46538,f161a30c-c0c4-49b3-b796-4398cc0b4857,label_consistency,Pass,"Fields match (fuzzy match, 0.98 confidence)",ocr_reading,OCR vs decoded payload,high,2025-09-29T14:50:49
c78c5051-a7cc-4afe-a982-40dc43d7ffbb,f161a30c-c0c4-49b3-b796-4398cc0b4857,expiry_status,Pass,Not yet expired,decoded_code,Decoded payload,structured,2025-09-29T14:50:49
6900f46e-9525-4c7f-b42a-21b3039a0349,f161a30c-c0c4-49b3-b796-4398cc0b4857,nsq_status,Pass,No match found in current CDSCO alerts,government_record,CDSCO NSQ/spurious database,structured,2025-09-29T14:50:49
9349c236-281d-425b-abd8-bef8dd4af08e,f161a30c-c0c4-49b3-b796-4398cc0b4857,replay_pattern,Inconclusive,[Preview] Synthetic demo data only,user_photo,Synthetic demo data only,low,2025-09-29T14:50:49
62761b37-5ee6-4138-9488-9229f81cec95,f161a30c-c0c4-49b3-b796-4398cc0b4857,visual_heuristic,Pass,No blur or crop detected,user_photo,Uploaded package photo,medium,2025-09-29T14:50:49
1a80e63b-84ef-4d44-8c8e-3be385069e7c,d2b9f499-509e-4bf7-86ab-f2ea81fd5eeb,code_validity,Pass,Decodes correctly,decoded_code,Decoded from scanned code,structured,2026-02-18T11:59:48
c1dc1f61-4a62-469e-8177-93ead00d6334,d2b9f499-509e-4bf7-86ab-f2ea81fd5eeb,label_consistency,Pass,"Fields match (fuzzy match, 0.98 confidence)",ocr_reading,OCR vs decoded payload,high,2026-02-18T11:59:48
027cda12-1681-4fc0-a948-169585c1f58f,d2b9f499-509e-4bf7-86ab-f2ea81fd5eeb,expiry_status,Pass,Not yet expired,decoded_code,Decoded payload,structured,2026-02-18T11:59:48
3ec7161f-3f4b-40aa-b265-e70726c3ab3f,d2b9f499-509e-4bf7-86ab-f2ea81fd5eeb,nsq_status,Pass,No match found in current CDSCO alerts,government_record,CDSCO NSQ/spurious database,structured,2026-02-18T11:59:48
83f02c3a-5384-45ed-9ba8-56d8fcc438cc,d2b9f499-509e-4bf7-86ab-f2ea81fd5eeb,replay_pattern,Inconclusive,[Preview] Synthetic demo data only,user_photo,Synthetic demo data only,low,2026-02-18T11:59:48
fa24d407-0e96-4763-afa3-207ccd2bf4db,d2b9f499-509e-4bf7-86ab-f2ea81fd5eeb,visual_heuristic,Pass,No blur or crop detected,user_photo,Uploaded package photo,medium,2026-02-18T11:59:48
174fa20c-18ba-457a-a662-320141a197a5,8cd6f0ea-1d4a-4039-b251-4d544bbd31d7,code_validity,Pass,Decodes correctly,decoded_code,Decoded from scanned code,structured,2025-09-16T19:25:13
49a81a4c-c20b-4599-a51b-f2e7057d2c6e,8cd6f0ea-1d4a-4039-b251-4d544bbd31d7,label_consistency,Pass,"Fields match (fuzzy match, 0.98 confidence)",ocr_reading,OCR vs decoded payload,high,2025-09-16T19:25:13
c677ded4-dbad-4772-97cd-5f86bdb54eaa,8cd6f0ea-1d4a-4039-b251-4d544bbd31d7,expiry_status,Pass,Not yet expired,decoded_code,Decoded payload,structured,2025-09-16T19:25:13
8aaf6192-5f43-464e-9312-852c210259cb,8cd6f0ea-1d4a-4039-b251-4d544bbd31d7,nsq_status,Pass,No match found in current CDSCO alerts,government_record,CDSCO NSQ/spurious database,structured,2025-09-16T19:25:13
70d3e05f-b164-4a3f-b768-55856a769e9f,8cd6f0ea-1d4a-4039-b251-4d544bbd31d7,replay_pattern,Inconclusive,[Preview] Synthetic demo data only,user_photo,Synthetic demo data only,low,2025-09-16T19:25:13
8db8779a-e703-467f-8aee-ff357c0bff30,8cd6f0ea-1d4a-4039-b251-4d544bbd31d7,visual_heuristic,Pass,No blur or crop detected,user_photo,Uploaded package photo,medium,2025-09-16T19:25:13
0306f080-fd2d-40e6-a16d-11dde9ef456e,c2529011-6a62-4e91-b25f-548eb6d9a435,code_validity,Pass,Decodes correctly,decoded_code,Decoded from scanned code,structured,2025-08-10T21:46:14
e1d843ce-bca2-4322-b1c7-2ffedf5cfc55,c2529011-6a62-4e91-b25f-548eb6d9a435,label_consistency,Pass,"Fields match (fuzzy match, 0.98 confidence)",ocr_reading,OCR vs decoded payload,high,2025-08-10T21:46:14
5a13bb92-aaf1-4d57-b7b4-a531d58026ad,c2529011-6a62-4e91-b25f-548eb6d9a435,expiry_status,Pass,Not yet expired,decoded_code,Decoded payload,structured,2025-08-10T21:46:14
46c00952-1d5a-4116-b307-893e4653941e,c2529011-6a62-4e91-b25f-548eb6d9a435,nsq_status,Pass,No match found in current CDSCO alerts,government_record,CDSCO NSQ/spurious database,structured,2025-08-10T21:46:14
b3f4e6ca-77d4-463b-b17e-63cdfd892fab,c2529011-6a62-4e91-b25f-548eb6d9a435,replay_pattern,Inconclusive,[Preview] Synthetic demo data only,user_photo,Synthetic demo data only,low,2025-08-10T21:46:14
4f170297-85a5-44c0-a42e-9aa3db7a7dc9,c2529011-6a62-4e91-b25f-548eb6d9a435,visual_heuristic,Pass,No blur or crop detected,user_photo,Uploaded package photo,medium,2025-08-10T21:46:14
9fc68a7f-a418-4973-bbfc-048f2344ba2c,4cf787c8-ab01-4a62-891f-10a5b43968a7,code_validity,Pass,Decodes correctly,decoded_code,Decoded from scanned code,structured,2026-03-02T04:37:28
407523d3-4379-460c-a48b-523595c7a70a,4cf787c8-ab01-4a62-891f-10a5b43968a7,label_consistency,Pass,"Fields match (fuzzy match, 0.98 confidence)",ocr_reading,OCR vs decoded payload,high,2026-03-02T04:37:28
bf13bf93-a7be-4c8a-8c37-60238fe08fac,4cf787c8-ab01-4a62-891f-10a5b43968a7,expiry_status,Pass,Not yet expired,decoded_code,Decoded payload,structured,2026-03-02T04:37:28
7128a258-04b4-42f9-9e3c-11258de46ec7,4cf787c8-ab01-4a62-891f-10a5b43968a7,nsq_status,Pass,No match found in current CDSCO alerts,government_record,CDSCO NSQ/spurious database,structured,2026-03-02T04:37:28
7f1d3040-b9c8-4d8f-95fe-fc09b4913a4c,4cf787c8-ab01-4a62-891f-10a5b43968a7,replay_pattern,Inconclusive,[Preview] Synthetic demo data only,user_photo,Synthetic demo data only,low,2026-03-02T04:37:28
224427d2-e934-409b-be18-5da7f23f26fa,4cf787c8-ab01-4a62-891f-10a5b43968a7,visual_heuristic,Pass,No blur or crop detected,user_photo,Uploaded package photo,medium,2026-03-02T04:37:28
29e58592-c0fc-4518-af60-f9e0f69a9ecc,a89692c4-e45f-49e3-859b-ecf580bdc794,code_validity,Pass,Decodes correctly,decoded_code,Decoded from scanned code,structured,2025-12-08T17:35:53
e19bcce9-aaae-40b3-9ef3-1ea5bdc00722,a89692c4-e45f-49e3-859b-ecf580bdc794,label_consistency,Pass,"Fields match (fuzzy match, 0.98 confidence)",ocr_reading,OCR vs decoded payload,high,2025-12-08T17:35:53
1239e8fe-4989-4fab-be2d-35540462bec1,a89692c4-e45f-49e3-859b-ecf580bdc794,expiry_status,Pass,Not yet expired,decoded_code,Decoded payload,structured,2025-12-08T17:35:53
840e559c-ac54-4f1d-bee4-807fb89325bd,a89692c4-e45f-49e3-859b-ecf580bdc794,nsq_status,Pass,No match found in current CDSCO alerts,government_record,CDSCO NSQ/spurious database,structured,2025-12-08T17:35:53
b6bb7ae5-880c-431e-a062-f65657e78f6b,a89692c4-e45f-49e3-859b-ecf580bdc794,replay_pattern,Inconclusive,[Preview] Synthetic demo data only,user_photo,Synthetic demo data only,low,2025-12-08T17:35:53
982270e9-a85f-4b51-bf93-be4f28dcada7,a89692c4-e45f-49e3-859b-ecf580bdc794,visual_heuristic,Pass,No blur or crop detected,user_photo,Uploaded package photo,medium,2025-12-08T17:35:53
3cfc2173-a7b6-40ce-bf6a-0f49d681821d,72f40a58-b8d2-4026-b74e-dbd450a2e99b,code_validity,Pass,Decodes correctly,decoded_code,Decoded from scanned code,structured,2025-04-30T17:44:33
947b48c4-2e5f-4d34-bbde-20dc77e88978,72f40a58-b8d2-4026-b74e-dbd450a2e99b,label_consistency,Pass,"Fields match (fuzzy match, 0.98 confidence)",ocr_reading,OCR vs decoded payload,high,2025-04-30T17:44:33
fdfe7ca4-867d-4430-aaf2-cc6127871466,72f40a58-b8d2-4026-b74e-dbd450a2e99b,expiry_status,Pass,Not yet expired,decoded_code,Decoded payload,structured,2025-04-30T17:44:33
59887ed4-fedf-4354-859a-1fb2d895a592,72f40a58-b8d2-4026-b74e-dbd450a2e99b,nsq_status,Pass,No match found in current CDSCO alerts,government_record,CDSCO NSQ/spurious database,structured,2025-04-30T17:44:33
dd57bcfc-f639-4d4b-928c-48d807d4b175,72f40a58-b8d2-4026-b74e-dbd450a2e99b,replay_pattern,Inconclusive,[Preview] Synthetic demo data only,user_photo,Synthetic demo data only,low,2025-04-30T17:44:33
7aa0cd99-af88-4b09-b518-aaf21b8fa96e,72f40a58-b8d2-4026-b74e-dbd450a2e99b,visual_heuristic,Pass,No blur or crop detected,user_photo,Uploaded package photo,medium,2025-04-30T17:44:33
7530ee9a-141e-40f6-8c44-f684f436cb88,bb1c4613-e460-4a4c-83f8-40ff0c8affe4,code_validity,Pass,Decodes correctly,decoded_code,Decoded from scanned code,structured,2026-03-18T12:41:23
5e02ecc8-39eb-4e49-bd53-169a2cd6f71b,bb1c4613-e460-4a4c-83f8-40ff0c8affe4,label_consistency,Pass,"Fields match (fuzzy match, 0.98 confidence)",ocr_reading,OCR vs decoded payload,high,2026-03-18T12:41:23
78ad2654-62fd-42e0-9c44-f33f5631b34f,bb1c4613-e460-4a4c-83f8-40ff0c8affe4,expiry_status,Pass,Not yet expired,decoded_code,Decoded payload,structured,2026-03-18T12:41:23
d3d07d6e-da19-4293-8992-b4326e554d1b,bb1c4613-e460-4a4c-83f8-40ff0c8affe4,nsq_status,Pass,No match found in current CDSCO alerts,government_record,CDSCO NSQ/spurious database,structured,2026-03-18T12:41:23
b70b9e0c-900d-4eec-a31c-b7570fa95f42,bb1c4613-e460-4a4c-83f8-40ff0c8affe4,replay_pattern,Inconclusive,[Preview] Synthetic demo data only,user_photo,Synthetic demo data only,low,2026-03-18T12:41:23
3ed149d2-24a2-4298-8f7e-600c2044f8e0,bb1c4613-e460-4a4c-83f8-40ff0c8affe4,visual_heuristic,Pass,No blur or crop detected,user_photo,Uploaded package photo,medium,2026-03-18T12:41:23
8c61028b-d106-47ed-a23a-f90d0b7c0690,a297ba72-c3ac-425f-bb33-cff67866d67c,code_validity,Pass,Decodes correctly,decoded_code,Decoded from scanned code,structured,2025-04-12T16:01:50
bae3619c-29df-4403-ad38-87c5c43d2fbb,a297ba72-c3ac-425f-bb33-cff67866d67c,label_consistency,Pass,"Fields match (fuzzy match, 0.98 confidence)",ocr_reading,OCR vs decoded payload,high,2025-04-12T16:01:50
864df987-5366-4937-8a2b-fd9fe23e35c9,a297ba72-c3ac-425f-bb33-cff67866d67c,expiry_status,Pass,Not yet expired,decoded_code,Decoded payload,structured,2025-04-12T16:01:50
5bbb917c-f6b8-42aa-9fea-63470693e7fb,a297ba72-c3ac-425f-bb33-cff67866d67c,nsq_status,Pass,No match found in current CDSCO alerts,government_record,CDSCO NSQ/spurious database,structured,2025-04-12T16:01:50
51a1bb2f-9091-4740-94ca-720035e0d0ff,a297ba72-c3ac-425f-bb33-cff67866d67c,replay_pattern,Inconclusive,[Preview] Synthetic demo data only,user_photo,Synthetic demo data only,low,2025-04-12T16:01:50
a587ccaa-70b9-488c-91e3-ea18b68229b0,a297ba72-c3ac-425f-bb33-cff67866d67c,visual_heuristic,Pass,No blur or crop detected,user_photo,Uploaded package photo,medium,2025-04-12T16:01:50
dbb6cae3-0df8-4446-8c32-08e56f76a799,7885245f-23fe-4f52-832c-a30eb2476b97,code_validity,Pass,Decodes correctly,decoded_code,Decoded from scanned code,structured,2026-02-14T08:01:34
b6bae1d3-98bf-43d0-bcc4-1b990fb2d663,7885245f-23fe-4f52-832c-a30eb2476b97,label_consistency,Pass,"Fields match (fuzzy match, 0.98 confidence)",ocr_reading,OCR vs decoded payload,high,2026-02-14T08:01:34
525a5412-a98d-4c4d-b9dc-53c9c4a75298,7885245f-23fe-4f52-832c-a30eb2476b97,expiry_status,Pass,Not yet expired,decoded_code,Decoded payload,structured,2026-02-14T08:01:34
7c70b0d7-ad5a-4a28-8ac1-b61c3a6c919b,7885245f-23fe-4f52-832c-a30eb2476b97,nsq_status,Pass,No match found in current CDSCO alerts,government_record,CDSCO NSQ/spurious database,structured,2026-02-14T08:01:34
08fc7a67-c99e-4054-8da6-303291983e94,7885245f-23fe-4f52-832c-a30eb2476b97,replay_pattern,Inconclusive,[Preview] Synthetic demo data only,user_photo,Synthetic demo data only,low,2026-02-14T08:01:34
a839b111-9f36-46fc-82d9-44b1a5eea9ae,7885245f-23fe-4f52-832c-a30eb2476b97,visual_heuristic,Pass,No blur or crop detected,user_photo,Uploaded package photo,medium,2026-02-14T08:01:34
a47a02d0-38b9-435f-a17a-f6ebb1506f8e,d3a2b6c3-da71-4008-80de-9406d5f964d7,code_validity,Pass,Decodes correctly,decoded_code,Decoded from scanned code,structured,2025-05-21T18:52:07
da8dc550-fc45-4946-a592-9584c6e9cea5,d3a2b6c3-da71-4008-80de-9406d5f964d7,label_consistency,Pass,"Fields match (fuzzy match, 0.98 confidence)",ocr_reading,OCR vs decoded payload,high,2025-05-21T18:52:07
00712121-ffc1-4499-a8f6-570f2e9e9997,d3a2b6c3-da71-4008-80de-9406d5f964d7,expiry_status,Pass,Not yet expired,decoded_code,Decoded payload,structured,2025-05-21T18:52:07
78f41430-ca4c-42e6-a590-f71357c71ef7,d3a2b6c3-da71-4008-80de-9406d5f964d7,nsq_status,Pass,No match found in current CDSCO alerts,government_record,CDSCO NSQ/spurious database,structured,2025-05-21T18:52:07
7d880e90-5fa8-48ca-b380-0732d40c8c20,d3a2b6c3-da71-4008-80de-9406d5f964d7,replay_pattern,Inconclusive,[Preview] Synthetic demo data only,user_photo,Synthetic demo data only,low,2025-05-21T18:52:07
5cea87ca-387e-459a-ba52-0837cb063da5,d3a2b6c3-da71-4008-80de-9406d5f964d7,visual_heuristic,Pass,No blur or crop detected,user_photo,Uploaded package photo,medium,2025-05-21T18:52:07
a038a188-9cf3-40ab-ab20-a897a76d1179,c67911d6-d0cb-4726-b790-f99d49d0de0d,code_validity,Pass,Decodes correctly,decoded_code,Decoded from scanned code,structured,2026-01-07T08:48:52
5ac53ecb-7bc4-4733-af56-a3ce4fed7560,c67911d6-d0cb-4726-b790-f99d49d0de0d,label_consistency,Pass,"Fields match (fuzzy match, 0.98 confidence)",ocr_reading,OCR vs decoded payload,high,2026-01-07T08:48:52
2a5ba492-7cd4-4770-a655-335daa74918d,c67911d6-d0cb-4726-b790-f99d49d0de0d,expiry_status,Pass,Not yet expired,decoded_code,Decoded payload,structured,2026-01-07T08:48:52
8c239873-32fe-4f8e-a104-7006639a43ec,c67911d6-d0cb-4726-b790-f99d49d0de0d,nsq_status,Pass,No match found in current CDSCO alerts,government_record,CDSCO NSQ/spurious database,structured,2026-01-07T08:48:52
0af7945a-b155-4111-99b2-8fcc22035877,c67911d6-d0cb-4726-b790-f99d49d0de0d,replay_pattern,Inconclusive,[Preview] Synthetic demo data only,user_photo,Synthetic demo data only,low,2026-01-07T08:48:52
0cadc07c-9445-4f34-9aab-e49b4484dcca,c67911d6-d0cb-4726-b790-f99d49d0de0d,visual_heuristic,Pass,No blur or crop detected,user_photo,Uploaded package photo,medium,2026-01-07T08:48:52
f8abca87-3955-4133-98bc-84fe736ae86d,0794b3fb-7618-471e-8fcf-ef3a100ad68c,code_validity,Pass,Decodes correctly,decoded_code,Decoded from scanned code,structured,2026-02-20T17:28:32
d2893301-c4f2-4bbb-abfb-bfcc61050658,0794b3fb-7618-471e-8fcf-ef3a100ad68c,label_consistency,Pass,"Fields match (fuzzy match, 0.98 confidence)",ocr_reading,OCR vs decoded payload,high,2026-02-20T17:28:32
adf5f2ad-1c71-4ce1-b444-eb7c14bee773,0794b3fb-7618-471e-8fcf-ef3a100ad68c,expiry_status,Pass,Not yet expired,decoded_code,Decoded payload,structured,2026-02-20T17:28:32
2dc74da6-f147-4957-9065-ca21de5aacb7,0794b3fb-7618-471e-8fcf-ef3a100ad68c,nsq_status,Pass,No match found in current CDSCO alerts,government_record,CDSCO NSQ/spurious database,structured,2026-02-20T17:28:32
87d7e869-a735-4e09-827d-e56b59ea08ee,0794b3fb-7618-471e-8fcf-ef3a100ad68c,replay_pattern,Inconclusive,[Preview] Synthetic demo data only,user_photo,Synthetic demo data only,low,2026-02-20T17:28:32
ed582bd7-874b-40b5-8e01-940216910dcf,0794b3fb-7618-471e-8fcf-ef3a100ad68c,visual_heuristic,Pass,No blur or crop detected,user_photo,Uploaded package photo,medium,2026-02-20T17:28:32
d898a82d-2d72-45e8-a015-eda7a9d9fbf9,003230fc-d4a0-4224-a5b1-d3fd3d7196be,code_validity,Pass,Decodes correctly,decoded_code,Decoded from scanned code,structured,2026-05-03T16:06:51
d604b0e9-b2a4-43ad-b28b-96a432751981,003230fc-d4a0-4224-a5b1-d3fd3d7196be,label_consistency,Pass,"Fields match (fuzzy match, 0.98 confidence)",ocr_reading,OCR vs decoded payload,high,2026-05-03T16:06:51
98a5944f-8155-4cd6-ac45-8027142f2f89,003230fc-d4a0-4224-a5b1-d3fd3d7196be,expiry_status,Pass,Not yet expired,decoded_code,Decoded payload,structured,2026-05-03T16:06:51
f615698f-f893-4fa2-908c-9e57ba141120,003230fc-d4a0-4224-a5b1-d3fd3d7196be,nsq_status,Pass,No match found in current CDSCO alerts,government_record,CDSCO NSQ/spurious database,structured,2026-05-03T16:06:51
d80431ce-fe78-46eb-8611-8a83ad9c2143,003230fc-d4a0-4224-a5b1-d3fd3d7196be,replay_pattern,Inconclusive,[Preview] Synthetic demo data only,user_photo,Synthetic demo data only,low,2026-05-03T16:06:51
74697c2f-ae95-4bcc-a345-17827fdf352f,003230fc-d4a0-4224-a5b1-d3fd3d7196be,visual_heuristic,Pass,No blur or crop detected,user_photo,Uploaded package photo,medium,2026-05-03T16:06:51
3be17e61-84ec-477b-8a3a-43a3b93647ba,6ced87f9-79e8-4411-9020-f3e1c933050f,code_validity,Pass,Decodes correctly,decoded_code,Decoded from scanned code,structured,2026-04-22T17:14:47
babf5fa0-f8aa-466d-9077-40b6fd905dd8,6ced87f9-79e8-4411-9020-f3e1c933050f,label_consistency,Pass,"Fields match (fuzzy match, 0.98 confidence)",ocr_reading,OCR vs decoded payload,high,2026-04-22T17:14:47
b9a9569b-0e3e-45d5-ad05-2cb9af4ddd4c,6ced87f9-79e8-4411-9020-f3e1c933050f,expiry_status,Pass,Not yet expired,decoded_code,Decoded payload,structured,2026-04-22T17:14:47
08c6b1cd-4fc7-4199-8e4e-4d84b1a239e6,6ced87f9-79e8-4411-9020-f3e1c933050f,nsq_status,Pass,No match found in current CDSCO alerts,government_record,CDSCO NSQ/spurious database,structured,2026-04-22T17:14:47
4bf8ead5-5dfa-4611-90f6-8cd0ac43fe44,6ced87f9-79e8-4411-9020-f3e1c933050f,replay_pattern,Inconclusive,[Preview] Synthetic demo data only,user_photo,Synthetic demo data only,low,2026-04-22T17:14:47
73d42fcd-7e27-4607-a590-2f3eb2f71180,6ced87f9-79e8-4411-9020-f3e1c933050f,visual_heuristic,Pass,No blur or crop detected,user_photo,Uploaded package photo,medium,2026-04-22T17:14:47
170c47c9-b62a-4d62-a92a-0c7d38876c5e,8bcca987-c9b8-41f8-a719-326d71ffe485,code_validity,Pass,Decodes correctly,decoded_code,Decoded from scanned code,structured,2025-06-27T13:15:09
2e54bcf0-3eff-43c1-ab3b-32b43d77691f,8bcca987-c9b8-41f8-a719-326d71ffe485,label_consistency,Pass,"Fields match (fuzzy match, 0.98 confidence)",ocr_reading,OCR vs decoded payload,high,2025-06-27T13:15:09
426dcd9e-43db-42b4-9fde-61f987fa306b,8bcca987-c9b8-41f8-a719-326d71ffe485,expiry_status,Pass,Not yet expired,decoded_code,Decoded payload,structured,2025-06-27T13:15:09
53bf4c30-8e44-44de-a42d-f8c6b2aa60f3,8bcca987-c9b8-41f8-a719-326d71ffe485,nsq_status,Pass,No match found in current CDSCO alerts,government_record,CDSCO NSQ/spurious database,structured,2025-06-27T13:15:09
a732d84b-a16f-4a87-8008-527498f82b17,8bcca987-c9b8-41f8-a719-326d71ffe485,replay_pattern,Inconclusive,[Preview] Synthetic demo data only,user_photo,Synthetic demo data only,low,2025-06-27T13:15:09
bb353fe7-54d9-446e-81e0-387dfaa70d70,8bcca987-c9b8-41f8-a719-326d71ffe485,visual_heuristic,Pass,No blur or crop detected,user_photo,Uploaded package photo,medium,2025-06-27T13:15:09
f36283ba-430e-4908-9d90-185f67b3eb66,3d0d3c71-a596-42a4-b990-253f30031798,code_validity,Pass,Decodes correctly,decoded_code,Decoded from scanned code,structured,2026-04-23T12:39:39
dd72a19f-aa43-45de-9c9c-cc2521729b19,3d0d3c71-a596-42a4-b990-253f30031798,label_consistency,Pass,"Fields match (fuzzy match, 0.98 confidence)",ocr_reading,OCR vs decoded payload,high,2026-04-23T12:39:39
e7c4cdf2-9fde-485a-8795-142b118b6cf2,3d0d3c71-a596-42a4-b990-253f30031798,expiry_status,Pass,Not yet expired,decoded_code,Decoded payload,structured,2026-04-23T12:39:39
2a8e708f-0d63-4161-9e94-fd31c87d258c,3d0d3c71-a596-42a4-b990-253f30031798,nsq_status,Pass,No match found in current CDSCO alerts,government_record,CDSCO NSQ/spurious database,structured,2026-04-23T12:39:39
6f780fac-2220-4432-ad59-f973fe390386,3d0d3c71-a596-42a4-b990-253f30031798,replay_pattern,Inconclusive,[Preview] Synthetic demo data only,user_photo,Synthetic demo data only,low,2026-04-23T12:39:39
dd56c601-95a5-4efa-89fe-3c8e5d6bc86e,3d0d3c71-a596-42a4-b990-253f30031798,visual_heuristic,Pass,No blur or crop detected,user_photo,Uploaded package photo,medium,2026-04-23T12:39:39
58effba9-623c-49e7-832f-3d0a3ac16336,01da312f-a4fe-4b87-b488-fd1730d66f78,code_validity,Pass,Decodes correctly,decoded_code,Decoded from scanned code,structured,2026-06-26T08:42:59
ff3f00fb-1df5-403d-a665-970747ba20c1,01da312f-a4fe-4b87-b488-fd1730d66f78,label_consistency,Pass,"Fields match (fuzzy match, 0.98 confidence)",ocr_reading,OCR vs decoded payload,high,2026-06-26T08:42:59
09076e8f-164a-4381-a7e8-6412b0334ae0,01da312f-a4fe-4b87-b488-fd1730d66f78,expiry_status,Pass,Not yet expired,decoded_code,Decoded payload,structured,2026-06-26T08:42:59
b4708671-8877-4c0a-841f-2a06f15195bd,01da312f-a4fe-4b87-b488-fd1730d66f78,nsq_status,Pass,No match found in current CDSCO alerts,government_record,CDSCO NSQ/spurious database,structured,2026-06-26T08:42:59
48d16e49-41ec-4830-990b-488f042b80b0,01da312f-a4fe-4b87-b488-fd1730d66f78,replay_pattern,Inconclusive,[Preview] Synthetic demo data only,user_photo,Synthetic demo data only,low,2026-06-26T08:42:59
0dbd15cc-92b2-4897-87d7-fd73397a8b60,01da312f-a4fe-4b87-b488-fd1730d66f78,visual_heuristic,Pass,No blur or crop detected,user_photo,Uploaded package photo,medium,2026-06-26T08:42:59
59f71131-1458-45d3-a574-30390735767a,9666d218-7d59-4f34-be96-119228c04d33,code_validity,Pass,Decodes correctly,decoded_code,Decoded from scanned code,structured,2025-11-02T14:14:29
db281e5c-821c-46d6-86e1-da9cf847ac36,9666d218-7d59-4f34-be96-119228c04d33,label_consistency,Pass,"Fields match (fuzzy match, 0.98 confidence)",ocr_reading,OCR vs decoded payload,high,2025-11-02T14:14:29
12ee0b11-613a-43c2-8eef-da490f04638c,9666d218-7d59-4f34-be96-119228c04d33,expiry_status,Pass,Not yet expired,decoded_code,Decoded payload,structured,2025-11-02T14:14:29
35ea17a5-4e9c-4aa8-b023-68fb5f18276f,9666d218-7d59-4f34-be96-119228c04d33,nsq_status,Pass,No match found in current CDSCO alerts,government_record,CDSCO NSQ/spurious database,structured,2025-11-02T14:14:29
75235449-8df2-4cec-ad33-0968567bec10,9666d218-7d59-4f34-be96-119228c04d33,replay_pattern,Inconclusive,[Preview] Synthetic demo data only,user_photo,Synthetic demo data only,low,2025-11-02T14:14:29
3d0cebea-b8c7-4feb-a06f-c48228a41e03,9666d218-7d59-4f34-be96-119228c04d33,visual_heuristic,Pass,No blur or crop detected,user_photo,Uploaded package photo,medium,2025-11-02T14:14:29
1386707f-20b0-4f18-97e8-99a957d0adb8,b16a44df-9df3-4742-b7c6-69667230acc9,code_validity,Pass,Decodes correctly,decoded_code,Decoded from scanned code,structured,2025-08-18T06:02:38
52fd654d-c088-4cae-b26e-b84ea918140c,b16a44df-9df3-4742-b7c6-69667230acc9,label_consistency,Pass,"Fields match (fuzzy match, 0.98 confidence)",ocr_reading,OCR vs decoded payload,high,2025-08-18T06:02:38
c9da56a6-6dff-4e2d-889a-c01d47bd118c,b16a44df-9df3-4742-b7c6-69667230acc9,expiry_status,Pass,Not yet expired,decoded_code,Decoded payload,structured,2025-08-18T06:02:38
d751ae68-38e1-4f23-8e2e-6818e729944d,b16a44df-9df3-4742-b7c6-69667230acc9,nsq_status,Pass,No match found in current CDSCO alerts,government_record,CDSCO NSQ/spurious database,structured,2025-08-18T06:02:38
2e12d7fe-76ef-4a22-95cd-756fb8753e33,b16a44df-9df3-4742-b7c6-69667230acc9,replay_pattern,Inconclusive,[Preview] Synthetic demo data only,user_photo,Synthetic demo data only,low,2025-08-18T06:02:38
09cbff90-0fcd-4321-89c9-2c5b4220a86c,b16a44df-9df3-4742-b7c6-69667230acc9,visual_heuristic,Pass,No blur or crop detected,user_photo,Uploaded package photo,medium,2025-08-18T06:02:38
b9ac589e-e309-430a-b483-c88da83cac8c,ab00a4e3-0f73-4141-ae47-7e888e6a7111,code_validity,Pass,Decodes correctly,decoded_code,Decoded from scanned code,structured,2026-06-13T22:28:24
9a1aff02-3318-49c8-9e58-82dcb53aa680,ab00a4e3-0f73-4141-ae47-7e888e6a7111,label_consistency,Pass,"Fields match (fuzzy match, 0.98 confidence)",ocr_reading,OCR vs decoded payload,high,2026-06-13T22:28:24
8505cd43-c340-4789-9594-23ee4894861d,ab00a4e3-0f73-4141-ae47-7e888e6a7111,expiry_status,Pass,Not yet expired,decoded_code,Decoded payload,structured,2026-06-13T22:28:24
dfccbee0-fb92-44ad-bed2-1bf412db85fa,ab00a4e3-0f73-4141-ae47-7e888e6a7111,nsq_status,Pass,No match found in current CDSCO alerts,government_record,CDSCO NSQ/spurious database,structured,2026-06-13T22:28:24
8f288090-cc5f-4a64-b0bc-059bace22b4b,ab00a4e3-0f73-4141-ae47-7e888e6a7111,replay_pattern,Inconclusive,[Preview] Synthetic demo data only,user_photo,Synthetic demo data only,low,2026-06-13T22:28:24
5c5d3aad-cf75-4fd1-81d1-9d8d3b8fb38b,ab00a4e3-0f73-4141-ae47-7e888e6a7111,visual_heuristic,Pass,No blur or crop detected,user_photo,Uploaded package photo,medium,2026-06-13T22:28:24
bdd318f6-05db-4344-8f09-cb44249c3924,18bf85df-7788-4923-98ec-b933cbf87660,code_validity,Pass,Decodes correctly,decoded_code,Decoded from scanned code,structured,2026-01-04T10:03:10
620d3aa5-b76d-42d3-b462-22157c03c28a,18bf85df-7788-4923-98ec-b933cbf87660,label_consistency,Pass,"Fields match (fuzzy match, 0.98 confidence)",ocr_reading,OCR vs decoded payload,high,2026-01-04T10:03:10
9b8e370d-bd63-4774-9f09-403f2f10ef7a,18bf85df-7788-4923-98ec-b933cbf87660,expiry_status,Pass,Not yet expired,decoded_code,Decoded payload,structured,2026-01-04T10:03:10
2b9b1760-5a55-490e-834e-d820a6fe916e,18bf85df-7788-4923-98ec-b933cbf87660,nsq_status,Pass,No match found in current CDSCO alerts,government_record,CDSCO NSQ/spurious database,structured,2026-01-04T10:03:10
962ce249-0eea-44f7-b62d-594e7203d437,18bf85df-7788-4923-98ec-b933cbf87660,replay_pattern,Inconclusive,[Preview] Synthetic demo data only,user_photo,Synthetic demo data only,low,2026-01-04T10:03:10
5706fecc-992d-4be9-acc8-c373501ad730,18bf85df-7788-4923-98ec-b933cbf87660,visual_heuristic,Pass,No blur or crop detected,user_photo,Uploaded package photo,medium,2026-01-04T10:03:10
d565a5e5-5036-4112-86ba-3d6dad435e5e,7eb8c4dc-df97-459f-bdd9-39ff1503eaad,code_validity,Pass,Decodes correctly,decoded_code,Decoded from scanned code,structured,2026-06-24T09:01:30
f6808448-256d-4de2-8d83-e6db6f4b13c1,7eb8c4dc-df97-459f-bdd9-39ff1503eaad,label_consistency,Pass,"Fields match (fuzzy match, 0.98 confidence)",ocr_reading,OCR vs decoded payload,high,2026-06-24T09:01:30
ff039972-11cb-4ffd-8d59-1aff4ab20caf,7eb8c4dc-df97-459f-bdd9-39ff1503eaad,expiry_status,Pass,Not yet expired,decoded_code,Decoded payload,structured,2026-06-24T09:01:30
469c8c4b-d461-444d-8671-6b6750261412,7eb8c4dc-df97-459f-bdd9-39ff1503eaad,nsq_status,Pass,No match found in current CDSCO alerts,government_record,CDSCO NSQ/spurious database,structured,2026-06-24T09:01:30
08bb4086-83b7-4507-a34c-f72ee8429e77,7eb8c4dc-df97-459f-bdd9-39ff1503eaad,replay_pattern,Inconclusive,[Preview] Synthetic demo data only,user_photo,Synthetic demo data only,low,2026-06-24T09:01:30
4b622942-d7f8-4965-bc44-5ac0529b9366,7eb8c4dc-df97-459f-bdd9-39ff1503eaad,visual_heuristic,Pass,No blur or crop detected,user_photo,Uploaded package photo,medium,2026-06-24T09:01:30
9061a844-5f46-4fa9-a5b0-0cc33990bc8f,b1d80bae-1171-42ee-815b-22af5038d8b7,code_validity,Pass,Decodes correctly,decoded_code,Decoded from scanned code,structured,2026-09-14T13:06:47
c2e35c57-2b0d-45d5-ae41-805d7e1e322c,b1d80bae-1171-42ee-815b-22af5038d8b7,label_consistency,Pass,"Fields match (fuzzy match, 0.98 confidence)",ocr_reading,OCR vs decoded payload,high,2026-09-14T13:06:47
9b270d66-f65d-4bc0-9338-003927e9c91f,b1d80bae-1171-42ee-815b-22af5038d8b7,expiry_status,Pass,Not yet expired,decoded_code,Decoded payload,structured,2026-09-14T13:06:47
abee4c2b-8afd-42a6-8d01-746e47fac083,b1d80bae-1171-42ee-815b-22af5038d8b7,nsq_status,Pass,No match found in current CDSCO alerts,government_record,CDSCO NSQ/spurious database,structured,2026-09-14T13:06:47
ee2c4463-03a6-4473-a984-dfb7c0deaea9,b1d80bae-1171-42ee-815b-22af5038d8b7,replay_pattern,Inconclusive,[Preview] Synthetic demo data only,user_photo,Synthetic demo data only,low,2026-09-14T13:06:47
5121d970-2148-4d43-986c-95233dec0298,b1d80bae-1171-42ee-815b-22af5038d8b7,visual_heuristic,Pass,No blur or crop detected,user_photo,Uploaded package photo,medium,2026-09-14T13:06:47
ae38682f-512d-4403-aba7-45930b3e9edf,421fd3e3-33ee-49bd-8ad3-70716a22933f,code_validity,Pass,Decodes correctly,decoded_code,Decoded from scanned code,structured,2025-05-21T21:04:05
505bc950-8b70-46c4-abdc-2d4c6f64ec52,421fd3e3-33ee-49bd-8ad3-70716a22933f,label_consistency,Pass,"Fields match (fuzzy match, 0.98 confidence)",ocr_reading,OCR vs decoded payload,high,2025-05-21T21:04:05
b3d3a5df-fc48-4e42-a8a2-b2ff350c6fe8,421fd3e3-33ee-49bd-8ad3-70716a22933f,expiry_status,Pass,Not yet expired,decoded_code,Decoded payload,structured,2025-05-21T21:04:05
41eec73d-22ff-4060-b491-3ff4b9e942b0,421fd3e3-33ee-49bd-8ad3-70716a22933f,nsq_status,Pass,No match found in current CDSCO alerts,government_record,CDSCO NSQ/spurious database,structured,2025-05-21T21:04:05
be64dae9-8135-4257-8366-9556d42d7b15,421fd3e3-33ee-49bd-8ad3-70716a22933f,replay_pattern,Inconclusive,[Preview] Synthetic demo data only,user_photo,Synthetic demo data only,low,2025-05-21T21:04:05
9917e023-2958-45d4-9272-e3a753ae7d88,421fd3e3-33ee-49bd-8ad3-70716a22933f,visual_heuristic,Pass,No blur or crop detected,user_photo,Uploaded package photo,medium,2025-05-21T21:04:05
9b4d1cfa-8b2c-4cc4-bae2-5529faa08a03,7e0bd161-ad6f-4b0a-b6c3-02cf73c2fa62,code_validity,Pass,Decodes correctly,decoded_code,Decoded from scanned code,structured,2025-05-01T19:31:35
9b3dda34-6441-45fe-a17c-5585a52afab9,7e0bd161-ad6f-4b0a-b6c3-02cf73c2fa62,label_consistency,Pass,"Fields match (fuzzy match, 0.98 confidence)",ocr_reading,OCR vs decoded payload,high,2025-05-01T19:31:35
9d939dcb-aa5d-4a95-b0c2-a83df98ca207,7e0bd161-ad6f-4b0a-b6c3-02cf73c2fa62,expiry_status,Pass,Not yet expired,decoded_code,Decoded payload,structured,2025-05-01T19:31:35
c075731b-c530-44cb-842d-b63ea1421a79,7e0bd161-ad6f-4b0a-b6c3-02cf73c2fa62,nsq_status,Pass,No match found in current CDSCO alerts,government_record,CDSCO NSQ/spurious database,structured,2025-05-01T19:31:35
6354c072-6c47-40c6-b23e-4b45e76553dd,7e0bd161-ad6f-4b0a-b6c3-02cf73c2fa62,replay_pattern,Inconclusive,[Preview] Synthetic demo data only,user_photo,Synthetic demo data only,low,2025-05-01T19:31:35
e94b6f9c-26f5-4979-877a-98ffec486b56,7e0bd161-ad6f-4b0a-b6c3-02cf73c2fa62,visual_heuristic,Pass,No blur or crop detected,user_photo,Uploaded package photo,medium,2025-05-01T19:31:35
81232dcb-0d40-4181-9530-b3866e8ec95f,939cd591-5210-45a3-8c28-58f7cea82eaa,code_validity,Pass,Decodes correctly,decoded_code,Decoded from scanned code,structured,2026-07-22T14:02:27
16e0f099-03d4-449a-9526-38b0cb169e23,939cd591-5210-45a3-8c28-58f7cea82eaa,label_consistency,Pass,"Fields match (fuzzy match, 0.98 confidence)",ocr_reading,OCR vs decoded payload,high,2026-07-22T14:02:27
1f04ca8c-e948-48c3-b6d2-97bae75c67b0,939cd591-5210-45a3-8c28-58f7cea82eaa,expiry_status,Pass,Not yet expired,decoded_code,Decoded payload,structured,2026-07-22T14:02:27
8efe446c-c95f-4001-b06e-3df1794ba846,939cd591-5210-45a3-8c28-58f7cea82eaa,nsq_status,Pass,No match found in current CDSCO alerts,government_record,CDSCO NSQ/spurious database,structured,2026-07-22T14:02:27
a8f57af2-e21e-4af7-8c0c-e810ce81543c,939cd591-5210-45a3-8c28-58f7cea82eaa,replay_pattern,Inconclusive,[Preview] Synthetic demo data only,user_photo,Synthetic demo data only,low,2026-07-22T14:02:27
01fe59b8-860b-4c0b-a82c-19e9f1b62868,939cd591-5210-45a3-8c28-58f7cea82eaa,visual_heuristic,Pass,No blur or crop detected,user_photo,Uploaded package photo,medium,2026-07-22T14:02:27
99fe8357-afca-425e-876c-220750c9d6e9,c1d84674-71ca-4261-82e0-84e2f6ea9888,code_validity,Pass,Decodes correctly,decoded_code,Decoded from scanned code,structured,2025-11-21T08:22:31
ed5f9af6-9437-4c8e-93a2-c373a3b03af5,c1d84674-71ca-4261-82e0-84e2f6ea9888,label_consistency,Pass,"Fields match (fuzzy match, 0.98 confidence)",ocr_reading,OCR vs decoded payload,high,2025-11-21T08:22:31
1bb7585a-42ef-477f-a2a2-08c77069f105,c1d84674-71ca-4261-82e0-84e2f6ea9888,expiry_status,Pass,Not yet expired,decoded_code,Decoded payload,structured,2025-11-21T08:22:31
1c3c065a-1b0d-4cf9-b3e7-90217f2461f8,c1d84674-71ca-4261-82e0-84e2f6ea9888,nsq_status,Pass,No match found in current CDSCO alerts,government_record,CDSCO NSQ/spurious database,structured,2025-11-21T08:22:31
6c27dea2-e10b-4a2e-8902-aebbc2598c04,c1d84674-71ca-4261-82e0-84e2f6ea9888,replay_pattern,Inconclusive,[Preview] Synthetic demo data only,user_photo,Synthetic demo data only,low,2025-11-21T08:22:31
8848fc01-be53-4671-8f2e-390ea93d5ab1,c1d84674-71ca-4261-82e0-84e2f6ea9888,visual_heuristic,Pass,No blur or crop detected,user_photo,Uploaded package photo,medium,2025-11-21T08:22:31
360899df-6edc-4fd1-9e47-7211ff8c025f,ab43133e-85d9-4336-9605-f8dffe83742b,code_validity,Pass,Decodes correctly,decoded_code,Decoded from scanned code,structured,2026-08-03T10:23:58
48a01341-7ae8-4922-a6e6-45eba7c63f02,ab43133e-85d9-4336-9605-f8dffe83742b,label_consistency,Pass,"Fields match (fuzzy match, 0.98 confidence)",ocr_reading,OCR vs decoded payload,high,2026-08-03T10:23:58
cb493043-642e-483c-9857-bd434d0a4e3c,ab43133e-85d9-4336-9605-f8dffe83742b,expiry_status,Pass,Not yet expired,decoded_code,Decoded payload,structured,2026-08-03T10:23:58
8404c2de-b146-477f-8063-8c3ca9346425,ab43133e-85d9-4336-9605-f8dffe83742b,nsq_status,Pass,No match found in current CDSCO alerts,government_record,CDSCO NSQ/spurious database,structured,2026-08-03T10:23:58
f519254a-8f72-489a-947a-1af21790e577,ab43133e-85d9-4336-9605-f8dffe83742b,replay_pattern,Inconclusive,[Preview] Synthetic demo data only,user_photo,Synthetic demo data only,low,2026-08-03T10:23:58
175f3630-ce64-4525-a671-3179a58c44f2,ab43133e-85d9-4336-9605-f8dffe83742b,visual_heuristic,Pass,No blur or crop detected,user_photo,Uploaded package photo,medium,2026-08-03T10:23:58
f6e1ac68-27e2-453d-ab71-88b2362e5bfb,06532cfb-107d-44dc-8320-af79ba5698d8,code_validity,Pass,Decodes correctly,decoded_code,Decoded from scanned code,structured,2025-11-16T12:18:56
6a46578e-335d-44e1-ad83-5ab1c0ce7dde,06532cfb-107d-44dc-8320-af79ba5698d8,label_consistency,Pass,"Fields match (fuzzy match, 0.98 confidence)",ocr_reading,OCR vs decoded payload,high,2025-11-16T12:18:56
68b7f598-e52b-4bdf-816c-569e22059278,06532cfb-107d-44dc-8320-af79ba5698d8,expiry_status,Pass,Not yet expired,decoded_code,Decoded payload,structured,2025-11-16T12:18:56
af72f957-5588-4bbe-b5a4-27ec92994672,06532cfb-107d-44dc-8320-af79ba5698d8,nsq_status,Pass,No match found in current CDSCO alerts,government_record,CDSCO NSQ/spurious database,structured,2025-11-16T12:18:56
4ab3002c-a2cf-434b-ab01-e1ace4e27a08,06532cfb-107d-44dc-8320-af79ba5698d8,replay_pattern,Inconclusive,[Preview] Synthetic demo data only,user_photo,Synthetic demo data only,low,2025-11-16T12:18:56
b06d361c-94c7-4c55-a3b7-222b3ea1a09d,06532cfb-107d-44dc-8320-af79ba5698d8,visual_heuristic,Pass,No blur or crop detected,user_photo,Uploaded package photo,medium,2025-11-16T12:18:56
91f2a551-2cff-4615-8196-40e6450c6121,daf73e97-c1ae-4f16-ac2c-e24344b2f0c3,code_validity,Pass,Decodes correctly,decoded_code,Decoded from scanned code,structured,2025-07-01T19:41:16
7963e3c1-2796-4d7f-8b03-df73758aaf2a,daf73e97-c1ae-4f16-ac2c-e24344b2f0c3,label_consistency,Pass,"Fields match (fuzzy match, 0.98 confidence)",ocr_reading,OCR vs decoded payload,high,2025-07-01T19:41:16
a435b3eb-1946-41c0-84d1-192c9916b54f,daf73e97-c1ae-4f16-ac2c-e24344b2f0c3,expiry_status,Pass,Not yet expired,decoded_code,Decoded payload,structured,2025-07-01T19:41:16
3d2d9781-3754-466b-81b2-9d920a927128,daf73e97-c1ae-4f16-ac2c-e24344b2f0c3,nsq_status,Pass,No match found in current CDSCO alerts,government_record,CDSCO NSQ/spurious database,structured,2025-07-01T19:41:16
8c15fcf8-733c-4166-8ec0-366d4b945e8d,daf73e97-c1ae-4f16-ac2c-e24344b2f0c3,replay_pattern,Inconclusive,[Preview] Synthetic demo data only,user_photo,Synthetic demo data only,low,2025-07-01T19:41:16
b96391c6-00ed-4662-ade1-c33e087db7c0,daf73e97-c1ae-4f16-ac2c-e24344b2f0c3,visual_heuristic,Pass,No blur or crop detected,user_photo,Uploaded package photo,medium,2025-07-01T19:41:16
d82b5922-73bd-4a5a-b168-a5d0e1298a0b,9c26b4b2-46e0-45b1-b8f7-9d081ad9d044,code_validity,Pass,Decodes correctly,decoded_code,Decoded from scanned code,structured,2025-07-20T12:40:41
0faa5b87-7565-465d-adf0-f828ff75dd0b,9c26b4b2-46e0-45b1-b8f7-9d081ad9d044,label_consistency,Pass,"Fields match (fuzzy match, 0.98 confidence)",ocr_reading,OCR vs decoded payload,high,2025-07-20T12:40:41
78df6115-9f2b-4ace-8dc6-4d76fa6f14d7,9c26b4b2-46e0-45b1-b8f7-9d081ad9d044,expiry_status,Pass,Not yet expired,decoded_code,Decoded payload,structured,2025-07-20T12:40:41
e62e91d9-d3d7-4c31-8e31-7ffca60dcdd7,9c26b4b2-46e0-45b1-b8f7-9d081ad9d044,nsq_status,Pass,No match found in current CDSCO alerts,government_record,CDSCO NSQ/spurious database,structured,2025-07-20T12:40:41
e356144e-cb47-43c4-b645-a1d254cf78c9,9c26b4b2-46e0-45b1-b8f7-9d081ad9d044,replay_pattern,Inconclusive,[Preview] Synthetic demo data only,user_photo,Synthetic demo data only,low,2025-07-20T12:40:41
4b706990-02a4-41d0-af28-113d8e3d537e,9c26b4b2-46e0-45b1-b8f7-9d081ad9d044,visual_heuristic,Pass,No blur or crop detected,user_photo,Uploaded package photo,medium,2025-07-20T12:40:41
d2a79ffb-969f-4a7a-a842-e2320fd9855f,008a70a3-9e9f-4b3a-a085-3ea4df014958,code_validity,Pass,Decodes correctly,decoded_code,Decoded from scanned code,structured,2025-08-01T11:07:02
32aa70e2-0082-44f1-8e9e-c1dd27d88a9b,008a70a3-9e9f-4b3a-a085-3ea4df014958,label_consistency,Pass,"Fields match (fuzzy match, 0.98 confidence)",ocr_reading,OCR vs decoded payload,high,2025-08-01T11:07:02
51c13871-6176-483a-b80c-f138d4450f41,008a70a3-9e9f-4b3a-a085-3ea4df014958,expiry_status,Pass,Not yet expired,decoded_code,Decoded payload,structured,2025-08-01T11:07:02
22d8caa6-076d-442e-828a-cc8587cd6727,008a70a3-9e9f-4b3a-a085-3ea4df014958,nsq_status,Pass,No match found in current CDSCO alerts,government_record,CDSCO NSQ/spurious database,structured,2025-08-01T11:07:02
bc49fe17-efa8-4699-a60b-0168abb1409c,008a70a3-9e9f-4b3a-a085-3ea4df014958,replay_pattern,Inconclusive,[Preview] Synthetic demo data only,user_photo,Synthetic demo data only,low,2025-08-01T11:07:02
2415c39f-290b-4801-a1fe-7b7ab9fe0937,008a70a3-9e9f-4b3a-a085-3ea4df014958,visual_heuristic,Pass,No blur or crop detected,user_photo,Uploaded package photo,medium,2025-08-01T11:07:02
8ae340f8-f62c-41b4-b6ad-0778aa8fffe2,d0e7f115-aa5f-442f-a03d-9cee794b335c,code_validity,Pass,Decodes correctly,decoded_code,Decoded from scanned code,structured,2025-12-20T10:44:10
b480310e-af60-4932-8ae7-fc619254a5ce,d0e7f115-aa5f-442f-a03d-9cee794b335c,label_consistency,Pass,"Fields match (fuzzy match, 0.98 confidence)",ocr_reading,OCR vs decoded payload,high,2025-12-20T10:44:10
85dc36f7-ed04-4583-83ba-e3fef84426d8,d0e7f115-aa5f-442f-a03d-9cee794b335c,expiry_status,Pass,Not yet expired,decoded_code,Decoded payload,structured,2025-12-20T10:44:10
c1324c76-98d6-463e-9eb1-5321042af47d,d0e7f115-aa5f-442f-a03d-9cee794b335c,nsq_status,Pass,No match found in current CDSCO alerts,government_record,CDSCO NSQ/spurious database,structured,2025-12-20T10:44:10
14b072f2-0142-499a-9662-2608714b831e,d0e7f115-aa5f-442f-a03d-9cee794b335c,replay_pattern,Inconclusive,[Preview] Synthetic demo data only,user_photo,Synthetic demo data only,low,2025-12-20T10:44:10
9e3d567a-6db3-47aa-9a85-102edccfb584,d0e7f115-aa5f-442f-a03d-9cee794b335c,visual_heuristic,Pass,No blur or crop detected,user_photo,Uploaded package photo,medium,2025-12-20T10:44:10
37cc9a85-abf3-424c-ad43-5f5450df5e64,b92d29a9-e2b6-4b67-b3eb-0602696329af,code_validity,Pass,Decodes correctly,decoded_code,Decoded from scanned code,structured,2026-03-12T18:01:03
c30f2601-4d05-48a9-b37b-4a9a11f201bd,b92d29a9-e2b6-4b67-b3eb-0602696329af,label_consistency,Pass,"Fields match (fuzzy match, 0.98 confidence)",ocr_reading,OCR vs decoded payload,high,2026-03-12T18:01:03
3acc97d8-f0c9-4205-bd15-8f834b8ca9d4,b92d29a9-e2b6-4b67-b3eb-0602696329af,expiry_status,Pass,Not yet expired,decoded_code,Decoded payload,structured,2026-03-12T18:01:03
3f88ef4d-bc3b-403c-9755-a04f1a1121cb,b92d29a9-e2b6-4b67-b3eb-0602696329af,nsq_status,Pass,No match found in current CDSCO alerts,government_record,CDSCO NSQ/spurious database,structured,2026-03-12T18:01:03
58831acc-dee9-40ea-982b-5fdc944ad06e,b92d29a9-e2b6-4b67-b3eb-0602696329af,replay_pattern,Inconclusive,[Preview] Synthetic demo data only,user_photo,Synthetic demo data only,low,2026-03-12T18:01:03
6c5bdf23-2685-4e00-8af9-d753235c0507,b92d29a9-e2b6-4b67-b3eb-0602696329af,visual_heuristic,Pass,No blur or crop detected,user_photo,Uploaded package photo,medium,2026-03-12T18:01:03
a9ded574-88b9-4029-86a6-725a0139a22d,25f2fe7a-f567-4c3b-b9f6-ec71c2a9e563,code_validity,Pass,Decodes correctly,decoded_code,Decoded from scanned code,structured,2026-08-05T18:53:25
b6d79ac2-4068-4988-b9dd-fa15c4a78721,25f2fe7a-f567-4c3b-b9f6-ec71c2a9e563,label_consistency,Pass,"Fields match (fuzzy match, 0.98 confidence)",ocr_reading,OCR vs decoded payload,high,2026-08-05T18:53:25
574af150-19a7-461a-9c16-724de9297665,25f2fe7a-f567-4c3b-b9f6-ec71c2a9e563,expiry_status,Pass,Not yet expired,decoded_code,Decoded payload,structured,2026-08-05T18:53:25
71786b04-efdd-4216-8b4d-a493cdbe19b9,25f2fe7a-f567-4c3b-b9f6-ec71c2a9e563,nsq_status,Pass,No match found in current CDSCO alerts,government_record,CDSCO NSQ/spurious database,structured,2026-08-05T18:53:25
f538357c-7896-4b69-b427-6d62b8483f55,25f2fe7a-f567-4c3b-b9f6-ec71c2a9e563,replay_pattern,Inconclusive,[Preview] Synthetic demo data only,user_photo,Synthetic demo data only,low,2026-08-05T18:53:25
b0d2c362-52ca-490e-a749-8e1832e49a4a,25f2fe7a-f567-4c3b-b9f6-ec71c2a9e563,visual_heuristic,Pass,No blur or crop detected,user_photo,Uploaded package photo,medium,2026-08-05T18:53:25
d25d55c2-7677-4163-87ec-94103f5fcd86,38e04c96-fcc1-404c-b6d9-262fcb743b39,code_validity,Pass,Decodes correctly,decoded_code,Decoded from scanned code,structured,2025-05-15T15:32:08
c2d7d01d-8ed4-4492-bfed-474185169971,38e04c96-fcc1-404c-b6d9-262fcb743b39,label_consistency,Pass,"Fields match (fuzzy match, 0.98 confidence)",ocr_reading,OCR vs decoded payload,high,2025-05-15T15:32:08
fa827512-eef8-4daa-bb24-098bc625b514,38e04c96-fcc1-404c-b6d9-262fcb743b39,expiry_status,Pass,Not yet expired,decoded_code,Decoded payload,structured,2025-05-15T15:32:08
092778ad-28c0-4219-9e72-bac474de60c6,38e04c96-fcc1-404c-b6d9-262fcb743b39,nsq_status,Pass,No match found in current CDSCO alerts,government_record,CDSCO NSQ/spurious database,structured,2025-05-15T15:32:08
b3cb45f2-842d-42c6-81c6-24e217e66705,38e04c96-fcc1-404c-b6d9-262fcb743b39,replay_pattern,Inconclusive,[Preview] Synthetic demo data only,user_photo,Synthetic demo data only,low,2025-05-15T15:32:08
1e26fce1-e71e-4754-af36-f7741c5eab2a,38e04c96-fcc1-404c-b6d9-262fcb743b39,visual_heuristic,Pass,No blur or crop detected,user_photo,Uploaded package photo,medium,2025-05-15T15:32:08
3657bafa-3a88-411f-85f2-d2bc6ce7d9e3,75eaca00-4df7-49f8-9847-bb51a6d13e42,code_validity,Pass,Decodes correctly,decoded_code,Decoded from scanned code,structured,2026-03-16T18:12:27
a8540110-477d-4514-9faf-005e2f385be5,75eaca00-4df7-49f8-9847-bb51a6d13e42,label_consistency,Pass,"Fields match (fuzzy match, 0.98 confidence)",ocr_reading,OCR vs decoded payload,high,2026-03-16T18:12:27
c9158a18-26d7-47bc-a8a5-539491ce510e,75eaca00-4df7-49f8-9847-bb51a6d13e42,expiry_status,Pass,Not yet expired,decoded_code,Decoded payload,structured,2026-03-16T18:12:27
d485ce9c-8c1c-42e1-aa51-f3d2ccced87a,75eaca00-4df7-49f8-9847-bb51a6d13e42,nsq_status,Pass,No match found in current CDSCO alerts,government_record,CDSCO NSQ/spurious database,structured,2026-03-16T18:12:27
67fe49c8-fa89-481a-afe2-1bb7e157fbda,75eaca00-4df7-49f8-9847-bb51a6d13e42,replay_pattern,Inconclusive,[Preview] Synthetic demo data only,user_photo,Synthetic demo data only,low,2026-03-16T18:12:27
2742c33e-4beb-4983-a39f-62ae92addd29,75eaca00-4df7-49f8-9847-bb51a6d13e42,visual_heuristic,Pass,No blur or crop detected,user_photo,Uploaded package photo,medium,2026-03-16T18:12:27
0e5e851e-cee4-49e3-875f-fcc9679ac234,8033d557-c6ef-462f-a0d0-bae1fa28a737,code_validity,Pass,Decodes correctly,decoded_code,Decoded from scanned code,structured,2026-02-28T17:11:16
f6f26157-78ec-4701-a5e4-31d2720ac5eb,8033d557-c6ef-462f-a0d0-bae1fa28a737,label_consistency,Pass,"Fields match (fuzzy match, 0.98 confidence)",ocr_reading,OCR vs decoded payload,high,2026-02-28T17:11:16
c50ab961-80d3-4ac5-9b6d-901239bb150c,8033d557-c6ef-462f-a0d0-bae1fa28a737,expiry_status,Pass,Not yet expired,decoded_code,Decoded payload,structured,2026-02-28T17:11:16
41ccea44-1efb-4872-a3d9-897a39915e0d,8033d557-c6ef-462f-a0d0-bae1fa28a737,nsq_status,Pass,No match found in current CDSCO alerts,government_record,CDSCO NSQ/spurious database,structured,2026-02-28T17:11:16
b4217d2b-11b7-46ad-b339-a48321cca253,8033d557-c6ef-462f-a0d0-bae1fa28a737,replay_pattern,Inconclusive,[Preview] Synthetic demo data only,user_photo,Synthetic demo data only,low,2026-02-28T17:11:16
f8f3dfda-6969-4c72-8bb6-45b09d555804,8033d557-c6ef-462f-a0d0-bae1fa28a737,visual_heuristic,Pass,No blur or crop detected,user_photo,Uploaded package photo,medium,2026-02-28T17:11:16
75893eb9-1d89-4513-a7d9-8f3d094f1597,0e961362-75a5-461f-ba07-271390f7abcc,code_validity,Pass,Decodes correctly,decoded_code,Decoded from scanned code,structured,2026-09-10T14:55:43
d0d42f45-4f9c-4379-8a45-b176876586b0,0e961362-75a5-461f-ba07-271390f7abcc,label_consistency,Pass,"Fields match (fuzzy match, 0.98 confidence)",ocr_reading,OCR vs decoded payload,high,2026-09-10T14:55:43
e09ab4ab-6d75-4dda-9069-76a5a53da49a,0e961362-75a5-461f-ba07-271390f7abcc,expiry_status,Pass,Not yet expired,decoded_code,Decoded payload,structured,2026-09-10T14:55:43
f5f820a7-7949-4851-b1ec-2c218167368a,0e961362-75a5-461f-ba07-271390f7abcc,nsq_status,Pass,No match found in current CDSCO alerts,government_record,CDSCO NSQ/spurious database,structured,2026-09-10T14:55:43
5d51b159-be60-4d1a-9c85-5a03f597cb39,0e961362-75a5-461f-ba07-271390f7abcc,replay_pattern,Inconclusive,[Preview] Synthetic demo data only,user_photo,Synthetic demo data only,low,2026-09-10T14:55:43
9cd7e3ba-1c2a-43e8-ad7b-fa31bf177af7,0e961362-75a5-461f-ba07-271390f7abcc,visual_heuristic,Pass,No blur or crop detected,user_photo,Uploaded package photo,medium,2026-09-10T14:55:43
95436daf-8959-4f1e-a77c-adbfa0ff769e,51ea2ee7-0fb0-4363-a913-abf094c1f312,code_validity,Pass,Decodes correctly,decoded_code,Decoded from scanned code,structured,2026-03-23T20:45:47
58123946-80cf-4adf-86d7-0b7873e7f73a,51ea2ee7-0fb0-4363-a913-abf094c1f312,label_consistency,Pass,"Fields match (fuzzy match, 0.98 confidence)",ocr_reading,OCR vs decoded payload,high,2026-03-23T20:45:47
ffc51b84-afa6-4290-aff8-0d195da7b92e,51ea2ee7-0fb0-4363-a913-abf094c1f312,expiry_status,Pass,Not yet expired,decoded_code,Decoded payload,structured,2026-03-23T20:45:47
036bc5cd-4aa5-4213-82a6-efca638ec60e,51ea2ee7-0fb0-4363-a913-abf094c1f312,nsq_status,Pass,No match found in current CDSCO alerts,government_record,CDSCO NSQ/spurious database,structured,2026-03-23T20:45:47
4e898033-8f5b-4d8b-8d1d-6a6dbcae6509,51ea2ee7-0fb0-4363-a913-abf094c1f312,replay_pattern,Inconclusive,[Preview] Synthetic demo data only,user_photo,Synthetic demo data only,low,2026-03-23T20:45:47
fd674ed3-1df6-49f9-a147-2a444ce89bc6,51ea2ee7-0fb0-4363-a913-abf094c1f312,visual_heuristic,Pass,No blur or crop detected,user_photo,Uploaded package photo,medium,2026-03-23T20:45:47
ca44e222-611c-465f-9b10-bded32f4a0f0,9d0b8315-09d2-46c8-b258-6e57e124f110,code_validity,Pass,Decodes correctly,decoded_code,Decoded from scanned code,structured,2025-06-14T16:59:31
390bb86d-9121-4703-8b26-f2fc8062b47b,9d0b8315-09d2-46c8-b258-6e57e124f110,label_consistency,Pass,"Fields match (fuzzy match, 0.98 confidence)",ocr_reading,OCR vs decoded payload,high,2025-06-14T16:59:31
3e5d5a82-cf5d-4d95-ae4e-5091bb8afb49,9d0b8315-09d2-46c8-b258-6e57e124f110,expiry_status,Pass,Not yet expired,decoded_code,Decoded payload,structured,2025-06-14T16:59:31
c96c9e3b-9516-4d09-a108-4db5edbab372,9d0b8315-09d2-46c8-b258-6e57e124f110,nsq_status,Pass,No match found in current CDSCO alerts,government_record,CDSCO NSQ/spurious database,structured,2025-06-14T16:59:31
674e44c1-ecd0-4d3f-8ef4-83ab0e662f81,9d0b8315-09d2-46c8-b258-6e57e124f110,replay_pattern,Inconclusive,[Preview] Synthetic demo data only,user_photo,Synthetic demo data only,low,2025-06-14T16:59:31
db9f0d5c-98b4-4568-84b3-deb8e538c1be,9d0b8315-09d2-46c8-b258-6e57e124f110,visual_heuristic,Pass,No blur or crop detected,user_photo,Uploaded package photo,medium,2025-06-14T16:59:31
83f1b622-0b8d-484b-8a83-0b41147cd10a,f59977a0-6c2c-471f-a434-7ef011ec9c03,code_validity,Pass,Decodes correctly,decoded_code,Decoded from scanned code,structured,2025-08-13T11:28:08
d1c817f0-fb56-40d1-9d05-746a4ed239ab,f59977a0-6c2c-471f-a434-7ef011ec9c03,label_consistency,Pass,"Fields match (fuzzy match, 0.98 confidence)",ocr_reading,OCR vs decoded payload,high,2025-08-13T11:28:08
f9b8ab0e-87c4-42a2-aed8-9b69f01b89f5,f59977a0-6c2c-471f-a434-7ef011ec9c03,expiry_status,Pass,Not yet expired,decoded_code,Decoded payload,structured,2025-08-13T11:28:08
2d5209d3-b65f-49b9-b240-232677baa148,f59977a0-6c2c-471f-a434-7ef011ec9c03,nsq_status,Pass,No match found in current CDSCO alerts,government_record,CDSCO NSQ/spurious database,structured,2025-08-13T11:28:08
9b1ba0a5-aa7a-42fe-94a6-6e7aad22dc31,f59977a0-6c2c-471f-a434-7ef011ec9c03,replay_pattern,Inconclusive,[Preview] Synthetic demo data only,user_photo,Synthetic demo data only,low,2025-08-13T11:28:08
d07b7c04-da65-4fe3-b2da-1bbc1683f359,f59977a0-6c2c-471f-a434-7ef011ec9c03,visual_heuristic,Pass,No blur or crop detected,user_photo,Uploaded package photo,medium,2025-08-13T11:28:08
f274b367-4e47-4e96-a0e8-d81d9313f331,1943396f-7698-4e92-8d0b-081ea5116dc2,code_validity,Pass,Decodes correctly,decoded_code,Decoded from scanned code,structured,2026-05-14T16:31:23
c004dd3e-8ec7-4c80-92c0-98aa2be3a7db,1943396f-7698-4e92-8d0b-081ea5116dc2,label_consistency,Pass,"Fields match (fuzzy match, 0.98 confidence)",ocr_reading,OCR vs decoded payload,high,2026-05-14T16:31:23
bc9bb8bf-4b4e-4e66-bc20-2206a8227929,1943396f-7698-4e92-8d0b-081ea5116dc2,expiry_status,Pass,Not yet expired,decoded_code,Decoded payload,structured,2026-05-14T16:31:23
283d3857-f4ed-4c16-a6f7-ba4e799168eb,1943396f-7698-4e92-8d0b-081ea5116dc2,nsq_status,Pass,No match found in current CDSCO alerts,government_record,CDSCO NSQ/spurious database,structured,2026-05-14T16:31:23
95dd87fa-ce10-4974-a9d8-d0a574ce1e3e,1943396f-7698-4e92-8d0b-081ea5116dc2,replay_pattern,Inconclusive,[Preview] Synthetic demo data only,user_photo,Synthetic demo data only,low,2026-05-14T16:31:23
1f5ff4e0-5c9f-4596-b71f-4877b6214606,1943396f-7698-4e92-8d0b-081ea5116dc2,visual_heuristic,Pass,No blur or crop detected,user_photo,Uploaded package photo,medium,2026-05-14T16:31:23
2f6dcd17-b7d4-49ba-891a-245dbf5f7488,01090f54-2361-49fc-95cd-980cae7452f5,code_validity,Pass,Decodes correctly,decoded_code,Decoded from scanned code,structured,2026-01-21T09:18:46
da14cbfc-89aa-4a13-a584-0b8b2986c00d,01090f54-2361-49fc-95cd-980cae7452f5,label_consistency,Pass,"Fields match (fuzzy match, 0.98 confidence)",ocr_reading,OCR vs decoded payload,high,2026-01-21T09:18:46
366b15e2-f17c-4461-af64-e97d1d36bd9e,01090f54-2361-49fc-95cd-980cae7452f5,expiry_status,Pass,Not yet expired,decoded_code,Decoded payload,structured,2026-01-21T09:18:46
4863ee8d-039e-4367-9825-d418d6c8708e,01090f54-2361-49fc-95cd-980cae7452f5,nsq_status,Pass,No match found in current CDSCO alerts,government_record,CDSCO NSQ/spurious database,structured,2026-01-21T09:18:46
cf7406f6-9466-4c02-9f34-ef0c22e3ac02,01090f54-2361-49fc-95cd-980cae7452f5,replay_pattern,Inconclusive,[Preview] Synthetic demo data only,user_photo,Synthetic demo data only,low,2026-01-21T09:18:46
c2d560ef-23dd-4f47-bb85-96014c97ae46,01090f54-2361-49fc-95cd-980cae7452f5,visual_heuristic,Pass,No blur or crop detected,user_photo,Uploaded package photo,medium,2026-01-21T09:18:46
7a4be136-b9ae-481e-a5b1-672161721f50,f47cfe8d-ebc1-4ac2-95e6-c83da6c81cf0,code_validity,Pass,Decodes correctly,decoded_code,Decoded from scanned code,structured,2025-10-17T19:29:21
19612f30-0f11-45bb-bc0c-e3fc1bb6e258,f47cfe8d-ebc1-4ac2-95e6-c83da6c81cf0,label_consistency,Pass,"Fields match (fuzzy match, 0.98 confidence)",ocr_reading,OCR vs decoded payload,high,2025-10-17T19:29:21
d2b03d8d-7a0b-4488-9eb3-c15e685921bb,f47cfe8d-ebc1-4ac2-95e6-c83da6c81cf0,expiry_status,Pass,Not yet expired,decoded_code,Decoded payload,structured,2025-10-17T19:29:21
8cb9f6e1-3708-4c4d-90f2-7692aca44372,f47cfe8d-ebc1-4ac2-95e6-c83da6c81cf0,nsq_status,Pass,No match found in current CDSCO alerts,government_record,CDSCO NSQ/spurious database,structured,2025-10-17T19:29:21
f5300554-85d8-4b72-b413-baf2adb024c1,f47cfe8d-ebc1-4ac2-95e6-c83da6c81cf0,replay_pattern,Inconclusive,[Preview] Synthetic demo data only,user_photo,Synthetic demo data only,low,2025-10-17T19:29:21
6b172929-a303-4489-b179-99da6e26837f,f47cfe8d-ebc1-4ac2-95e6-c83da6c81cf0,visual_heuristic,Pass,No blur or crop detected,user_photo,Uploaded package photo,medium,2025-10-17T19:29:21
d801da05-1a1f-4943-8af5-795adb497b47,fbf2ef90-e4e2-469b-8461-d5dcaea31703,code_validity,Pass,Decodes correctly,decoded_code,Decoded from scanned code,structured,2025-07-05T10:03:44
f735064d-17af-41f8-81cd-e54b53480bae,fbf2ef90-e4e2-469b-8461-d5dcaea31703,label_consistency,Pass,"Fields match (fuzzy match, 0.98 confidence)",ocr_reading,OCR vs decoded payload,high,2025-07-05T10:03:44
09f5195e-a85e-41cd-8488-f2a53ad2de02,fbf2ef90-e4e2-469b-8461-d5dcaea31703,expiry_status,Pass,Not yet expired,decoded_code,Decoded payload,structured,2025-07-05T10:03:44
dea7ec7a-a5cb-4b5a-bedf-4e33949dfdf1,fbf2ef90-e4e2-469b-8461-d5dcaea31703,nsq_status,Pass,No match found in current CDSCO alerts,government_record,CDSCO NSQ/spurious database,structured,2025-07-05T10:03:44
a0a93815-bc91-4f51-a060-c679e5d33a3a,fbf2ef90-e4e2-469b-8461-d5dcaea31703,replay_pattern,Inconclusive,[Preview] Synthetic demo data only,user_photo,Synthetic demo data only,low,2025-07-05T10:03:44
cb3daa99-7068-4c26-80d4-d635f4d74321,fbf2ef90-e4e2-469b-8461-d5dcaea31703,visual_heuristic,Pass,No blur or crop detected,user_photo,Uploaded package photo,medium,2025-07-05T10:03:44
5912cf29-3191-44cf-8691-b09903a821fc,1ee4437c-dc2d-4feb-9a9d-48a93f53347b,code_validity,Pass,Decodes correctly,decoded_code,Decoded from scanned code,structured,2026-06-24T17:37:34
99d05eea-1def-48d4-9703-dee82ffdafbe,1ee4437c-dc2d-4feb-9a9d-48a93f53347b,label_consistency,Pass,"Fields match (fuzzy match, 0.98 confidence)",ocr_reading,OCR vs decoded payload,high,2026-06-24T17:37:34
57ea7cfe-5a33-4c18-8968-163e11ff8d97,1ee4437c-dc2d-4feb-9a9d-48a93f53347b,expiry_status,Pass,Not yet expired,decoded_code,Decoded payload,structured,2026-06-24T17:37:34
9058a1d1-bfcf-4767-8632-db5b9c695e08,1ee4437c-dc2d-4feb-9a9d-48a93f53347b,nsq_status,Pass,No match found in current CDSCO alerts,government_record,CDSCO NSQ/spurious database,structured,2026-06-24T17:37:34
9032e269-2258-4b1c-835a-2ea2ad62f107,1ee4437c-dc2d-4feb-9a9d-48a93f53347b,replay_pattern,Inconclusive,[Preview] Synthetic demo data only,user_photo,Synthetic demo data only,low,2026-06-24T17:37:34
3ebab4b5-2f7f-4a4d-ae06-412b6b12c0ff,1ee4437c-dc2d-4feb-9a9d-48a93f53347b,visual_heuristic,Pass,No blur or crop detected,user_photo,Uploaded package photo,medium,2026-06-24T17:37:34
85f64996-c05c-4212-9953-85167becc56d,f599170e-61c4-4ae9-aeb6-ab8a8ec2ee28,code_validity,Pass,Decodes correctly,decoded_code,Decoded from scanned code,structured,2026-07-29T15:41:11
bb14b0f5-41bb-4d74-9a44-5bbd9b052606,f599170e-61c4-4ae9-aeb6-ab8a8ec2ee28,label_consistency,Pass,"Fields match (fuzzy match, 0.98 confidence)",ocr_reading,OCR vs decoded payload,high,2026-07-29T15:41:11
717c94ff-cb14-432b-b17d-d4af2dee51b2,f599170e-61c4-4ae9-aeb6-ab8a8ec2ee28,expiry_status,Pass,Not yet expired,decoded_code,Decoded payload,structured,2026-07-29T15:41:11
f1f23dfe-371d-40fd-8dad-c10bd422f18f,f599170e-61c4-4ae9-aeb6-ab8a8ec2ee28,nsq_status,Pass,No match found in current CDSCO alerts,government_record,CDSCO NSQ/spurious database,structured,2026-07-29T15:41:11
d06f80af-b3cd-47ef-8185-a8b4e2db5143,f599170e-61c4-4ae9-aeb6-ab8a8ec2ee28,replay_pattern,Inconclusive,[Preview] Synthetic demo data only,user_photo,Synthetic demo data only,low,2026-07-29T15:41:11
a35f5473-9a8b-42a0-8226-07138ecf7fdf,f599170e-61c4-4ae9-aeb6-ab8a8ec2ee28,visual_heuristic,Pass,No blur or crop detected,user_photo,Uploaded package photo,medium,2026-07-29T15:41:11
79e7011d-9777-41f1-9366-6996fef339e7,a6d6ae88-7f39-4a41-bf32-b800240ef7f5,code_validity,Pass,Decodes correctly,decoded_code,Decoded from scanned code,structured,2025-06-14T17:27:27
1d6b4cd4-8234-4d78-bc48-0faeda4171ce,a6d6ae88-7f39-4a41-bf32-b800240ef7f5,label_consistency,Pass,"Fields match (fuzzy match, 0.98 confidence)",ocr_reading,OCR vs decoded payload,high,2025-06-14T17:27:27
99c8a923-c3fe-408b-92bb-5b03d2f630d5,a6d6ae88-7f39-4a41-bf32-b800240ef7f5,expiry_status,Pass,Not yet expired,decoded_code,Decoded payload,structured,2025-06-14T17:27:27
50582e32-d1cd-424d-92d2-e225462862db,a6d6ae88-7f39-4a41-bf32-b800240ef7f5,nsq_status,Pass,No match found in current CDSCO alerts,government_record,CDSCO NSQ/spurious database,structured,2025-06-14T17:27:27
4a59a177-736a-4060-9c41-92d039c15ef5,a6d6ae88-7f39-4a41-bf32-b800240ef7f5,replay_pattern,Inconclusive,[Preview] Synthetic demo data only,user_photo,Synthetic demo data only,low,2025-06-14T17:27:27
31e2b6af-7de0-4bd4-a114-5c9f84c5af97,a6d6ae88-7f39-4a41-bf32-b800240ef7f5,visual_heuristic,Pass,No blur or crop detected,user_photo,Uploaded package photo,medium,2025-06-14T17:27:27
4718c7e6-2c59-4fa5-ac37-a2788a241e31,f6bfe1bc-fab7-4904-a04e-8482eff6b533,code_validity,Pass,Decodes correctly,decoded_code,Decoded from scanned code,structured,2026-06-02T11:32:40
5d66effe-19ec-4c43-b71d-ad3cf65e92e3,f6bfe1bc-fab7-4904-a04e-8482eff6b533,label_consistency,Pass,"Fields match (fuzzy match, 0.98 confidence)",ocr_reading,OCR vs decoded payload,high,2026-06-02T11:32:40
33f52cc7-6674-4203-a316-e690fe92af47,f6bfe1bc-fab7-4904-a04e-8482eff6b533,expiry_status,Pass,Not yet expired,decoded_code,Decoded payload,structured,2026-06-02T11:32:40
024e8c1a-f019-409c-b793-682d23d890aa,f6bfe1bc-fab7-4904-a04e-8482eff6b533,nsq_status,Pass,No match found in current CDSCO alerts,government_record,CDSCO NSQ/spurious database,structured,2026-06-02T11:32:40
0efd6acf-2ca5-4792-9542-897aa0ae637c,f6bfe1bc-fab7-4904-a04e-8482eff6b533,replay_pattern,Inconclusive,[Preview] Synthetic demo data only,user_photo,Synthetic demo data only,low,2026-06-02T11:32:40
50bcbb1d-2ee1-4e31-b974-7079c6885605,f6bfe1bc-fab7-4904-a04e-8482eff6b533,visual_heuristic,Pass,No blur or crop detected,user_photo,Uploaded package photo,medium,2026-06-02T11:32:40
91c1bde5-a385-4412-9073-a3614158ea09,c48f1d40-6c75-4a52-870b-6b452ff28c90,code_validity,Pass,Decodes correctly,decoded_code,Decoded from scanned code,structured,2025-08-27T10:04:43
b9695a99-d585-4fea-b268-846d70b6fcab,c48f1d40-6c75-4a52-870b-6b452ff28c90,label_consistency,Pass,"Fields match (fuzzy match, 0.98 confidence)",ocr_reading,OCR vs decoded payload,high,2025-08-27T10:04:43
27c252bd-5017-4c1d-b898-620f0cff4205,c48f1d40-6c75-4a52-870b-6b452ff28c90,expiry_status,Pass,Not yet expired,decoded_code,Decoded payload,structured,2025-08-27T10:04:43
9dfcadcd-2f70-4c10-b1af-9af039941f0a,c48f1d40-6c75-4a52-870b-6b452ff28c90,nsq_status,Pass,No match found in current CDSCO alerts,government_record,CDSCO NSQ/spurious database,structured,2025-08-27T10:04:43
09629fff-735f-401f-9fff-786a6ff138a1,c48f1d40-6c75-4a52-870b-6b452ff28c90,replay_pattern,Inconclusive,[Preview] Synthetic demo data only,user_photo,Synthetic demo data only,low,2025-08-27T10:04:43
2a6287c4-0379-46fa-95b0-e15505c67655,c48f1d40-6c75-4a52-870b-6b452ff28c90,visual_heuristic,Pass,No blur or crop detected,user_photo,Uploaded package photo,medium,2025-08-27T10:04:43
098f3401-eec2-4384-9aaf-94f04cc08781,a88472c5-5a46-4f91-b18c-a4f3d0023827,code_validity,Pass,Decodes correctly,decoded_code,Decoded from scanned code,structured,2025-09-04T16:49:50
357e8678-a053-4e6d-a6d4-6abb22a7de1c,a88472c5-5a46-4f91-b18c-a4f3d0023827,label_consistency,Pass,"Fields match (fuzzy match, 0.98 confidence)",ocr_reading,OCR vs decoded payload,high,2025-09-04T16:49:50
5e575c45-a3eb-4574-8092-135892b2035f,a88472c5-5a46-4f91-b18c-a4f3d0023827,expiry_status,Pass,Not yet expired,decoded_code,Decoded payload,structured,2025-09-04T16:49:50
2423acad-18f4-4745-a48f-e53bbc13af1b,a88472c5-5a46-4f91-b18c-a4f3d0023827,nsq_status,Pass,No match found in current CDSCO alerts,government_record,CDSCO NSQ/spurious database,structured,2025-09-04T16:49:50
47dabe82-f74d-4390-8b24-bceb3c9617f4,a88472c5-5a46-4f91-b18c-a4f3d0023827,replay_pattern,Inconclusive,[Preview] Synthetic demo data only,user_photo,Synthetic demo data only,low,2025-09-04T16:49:50
9ad1035c-e54b-4e31-8336-5d89f77101f0,a88472c5-5a46-4f91-b18c-a4f3d0023827,visual_heuristic,Pass,No blur or crop detected,user_photo,Uploaded package photo,medium,2025-09-04T16:49:50
ddceefb8-90e3-4c5e-aa4c-380e1173fac3,34ba018a-6897-4813-815b-c7afb672c2da,code_validity,Pass,Decodes correctly,decoded_code,Decoded from scanned code,structured,2025-06-10T20:24:28
47cd2b11-69ac-49d1-a911-7825c6f7eba2,34ba018a-6897-4813-815b-c7afb672c2da,label_consistency,Pass,"Fields match (fuzzy match, 0.98 confidence)",ocr_reading,OCR vs decoded payload,high,2025-06-10T20:24:28
a525567a-0f1d-4da8-a07f-f97f5d9a16a6,34ba018a-6897-4813-815b-c7afb672c2da,expiry_status,Pass,Not yet expired,decoded_code,Decoded payload,structured,2025-06-10T20:24:28
7a8af3bd-5545-4a5e-8871-f66eac730ec2,34ba018a-6897-4813-815b-c7afb672c2da,nsq_status,Pass,No match found in current CDSCO alerts,government_record,CDSCO NSQ/spurious database,structured,2025-06-10T20:24:28
3ccc0ee1-922c-4b4a-9d83-0dc2985ea4c8,34ba018a-6897-4813-815b-c7afb672c2da,replay_pattern,Inconclusive,[Preview] Synthetic demo data only,user_photo,Synthetic demo data only,low,2025-06-10T20:24:28
ca3d2a51-0d8a-48fe-b4e8-ce4e79811f57,34ba018a-6897-4813-815b-c7afb672c2da,visual_heuristic,Pass,No blur or crop detected,user_photo,Uploaded package photo,medium,2025-06-10T20:24:28
68b22c4b-6108-4233-9a61-aebd308109b7,878a5812-4586-4c7d-90f5-9d22cab9e800,code_validity,Pass,Decodes correctly,decoded_code,Decoded from scanned code,structured,2026-04-28T21:40:54
b2c0ad62-ecdd-4add-96ac-a7579348cf13,878a5812-4586-4c7d-90f5-9d22cab9e800,label_consistency,Pass,"Fields match (fuzzy match, 0.98 confidence)",ocr_reading,OCR vs decoded payload,high,2026-04-28T21:40:54
c14ab689-b3ae-4685-b30c-b4e3861a88d5,878a5812-4586-4c7d-90f5-9d22cab9e800,expiry_status,Pass,Not yet expired,decoded_code,Decoded payload,structured,2026-04-28T21:40:54
3ef970c3-509f-4a11-91db-2934f4208e54,878a5812-4586-4c7d-90f5-9d22cab9e800,nsq_status,Pass,No match found in current CDSCO alerts,government_record,CDSCO NSQ/spurious database,structured,2026-04-28T21:40:54
55d4266c-702c-419d-9dc5-884e1b615559,878a5812-4586-4c7d-90f5-9d22cab9e800,replay_pattern,Inconclusive,[Preview] Synthetic demo data only,user_photo,Synthetic demo data only,low,2026-04-28T21:40:54
4009b4c8-cfa9-40ea-b580-b991e2426e2e,878a5812-4586-4c7d-90f5-9d22cab9e800,visual_heuristic,Pass,No blur or crop detected,user_photo,Uploaded package photo,medium,2026-04-28T21:40:54
cc5a70e2-f697-40a1-8190-f68b487c81f8,662ce15c-dbbd-4366-be2b-39333461bdea,code_validity,Pass,Decodes correctly,decoded_code,Decoded from scanned code,structured,2026-05-14T14:35:08
9037b704-b397-498b-81a8-309f2a66f459,662ce15c-dbbd-4366-be2b-39333461bdea,label_consistency,Pass,"Fields match (fuzzy match, 0.98 confidence)",ocr_reading,OCR vs decoded payload,high,2026-05-14T14:35:08
9cac82fd-f8ca-444d-ba3e-c88d79f4735a,662ce15c-dbbd-4366-be2b-39333461bdea,expiry_status,Pass,Not yet expired,decoded_code,Decoded payload,structured,2026-05-14T14:35:08
03e5a7a7-b97f-4dc7-84e4-d56249d22970,662ce15c-dbbd-4366-be2b-39333461bdea,nsq_status,Pass,No match found in current CDSCO alerts,government_record,CDSCO NSQ/spurious database,structured,2026-05-14T14:35:08
daadde7b-d546-4918-a34d-c59b17b38c6a,662ce15c-dbbd-4366-be2b-39333461bdea,replay_pattern,Inconclusive,[Preview] Synthetic demo data only,user_photo,Synthetic demo data only,low,2026-05-14T14:35:08
97d2e626-da8d-476c-99ab-b3908c9a39d4,662ce15c-dbbd-4366-be2b-39333461bdea,visual_heuristic,Pass,No blur or crop detected,user_photo,Uploaded package photo,medium,2026-05-14T14:35:08
871be707-3a62-466f-84fb-1161bbbbfa7b,6018f6bf-ba2c-4c27-8b76-aca4b0f34e2f,code_validity,Pass,Decodes correctly,decoded_code,Decoded from scanned code,structured,2025-04-11T13:01:07
f04af79f-c7aa-4731-8275-6927f094afed,6018f6bf-ba2c-4c27-8b76-aca4b0f34e2f,label_consistency,Pass,"Fields match (fuzzy match, 0.98 confidence)",ocr_reading,OCR vs decoded payload,high,2025-04-11T13:01:07
c4b41a85-2c84-4741-93fa-8baa1cb2f96b,6018f6bf-ba2c-4c27-8b76-aca4b0f34e2f,expiry_status,Pass,Not yet expired,decoded_code,Decoded payload,structured,2025-04-11T13:01:07
a5406746-d62e-4508-a558-3c1379e62a98,6018f6bf-ba2c-4c27-8b76-aca4b0f34e2f,nsq_status,Pass,No match found in current CDSCO alerts,government_record,CDSCO NSQ/spurious database,structured,2025-04-11T13:01:07
b026f754-57c2-4b52-82fc-f7b12c500217,6018f6bf-ba2c-4c27-8b76-aca4b0f34e2f,replay_pattern,Inconclusive,[Preview] Synthetic demo data only,user_photo,Synthetic demo data only,low,2025-04-11T13:01:07
d9b9b9dd-b578-4c73-a59a-5b06d73fc668,6018f6bf-ba2c-4c27-8b76-aca4b0f34e2f,visual_heuristic,Pass,No blur or crop detected,user_photo,Uploaded package photo,medium,2025-04-11T13:01:07
761a98bd-b632-4019-a76b-24cd38c9d13b,2855c7a7-510c-45d6-be03-628f7adb107a,code_validity,Pass,Decodes correctly,decoded_code,Decoded from scanned code,structured,2026-08-02T14:50:51
ad9caf8f-419b-4798-a7c2-4beb878b347e,2855c7a7-510c-45d6-be03-628f7adb107a,label_consistency,Pass,"Fields match (fuzzy match, 0.98 confidence)",ocr_reading,OCR vs decoded payload,high,2026-08-02T14:50:51
6698cfa3-102e-41cf-9669-6c64a4119b4f,2855c7a7-510c-45d6-be03-628f7adb107a,expiry_status,Pass,Not yet expired,decoded_code,Decoded payload,structured,2026-08-02T14:50:51
d62f82a3-44f2-4cdb-8d82-cd4735543880,2855c7a7-510c-45d6-be03-628f7adb107a,nsq_status,Pass,No match found in current CDSCO alerts,government_record,CDSCO NSQ/spurious database,structured,2026-08-02T14:50:51
552b6b35-456b-449c-a9ca-b993e7144cc0,2855c7a7-510c-45d6-be03-628f7adb107a,replay_pattern,Inconclusive,[Preview] Synthetic demo data only,user_photo,Synthetic demo data only,low,2026-08-02T14:50:51
675ce16c-0d6d-40f6-8f43-3208497c86e3,2855c7a7-510c-45d6-be03-628f7adb107a,visual_heuristic,Pass,No blur or crop detected,user_photo,Uploaded package photo,medium,2026-08-02T14:50:51
f3af065c-79a8-49b4-8009-ad534081715a,afed3f90-c8cb-4dfa-8564-ff845eb55d34,code_validity,Pass,Decodes correctly,decoded_code,Decoded from scanned code,structured,2026-07-06T09:22:35
331ce495-053d-43ae-83c9-8658d5e50759,afed3f90-c8cb-4dfa-8564-ff845eb55d34,label_consistency,Pass,"Fields match (fuzzy match, 0.98 confidence)",ocr_reading,OCR vs decoded payload,high,2026-07-06T09:22:35
d464b1cb-07ef-47c2-9922-f578acdfe6f8,afed3f90-c8cb-4dfa-8564-ff845eb55d34,expiry_status,Pass,Not yet expired,decoded_code,Decoded payload,structured,2026-07-06T09:22:35
767012e9-1624-4d4e-a284-a7f7b1e1aa97,afed3f90-c8cb-4dfa-8564-ff845eb55d34,nsq_status,Pass,No match found in current CDSCO alerts,government_record,CDSCO NSQ/spurious database,structured,2026-07-06T09:22:35
41b18452-f37e-40c6-be64-fffead0662d5,afed3f90-c8cb-4dfa-8564-ff845eb55d34,replay_pattern,Inconclusive,[Preview] Synthetic demo data only,user_photo,Synthetic demo data only,low,2026-07-06T09:22:35
4457bdde-0ae7-43d3-ae53-78cdd0db4c21,afed3f90-c8cb-4dfa-8564-ff845eb55d34,visual_heuristic,Pass,No blur or crop detected,user_photo,Uploaded package photo,medium,2026-07-06T09:22:35
8cda1262-9d11-4166-b0e4-efd7b7ef656f,d0637787-bb42-4b76-a62f-f9c6f50264a1,code_validity,Pass,Decodes correctly,decoded_code,Decoded from scanned code,structured,2025-07-17T12:23:07
d72be50a-162f-462a-937f-541b4b1a9716,d0637787-bb42-4b76-a62f-f9c6f50264a1,label_consistency,Pass,"Fields match (fuzzy match, 0.98 confidence)",ocr_reading,OCR vs decoded payload,high,2025-07-17T12:23:07
0cb5e0a0-3b4e-43df-a24b-bac0185d1797,d0637787-bb42-4b76-a62f-f9c6f50264a1,expiry_status,Pass,Not yet expired,decoded_code,Decoded payload,structured,2025-07-17T12:23:07
105d5e0d-4c26-46f8-92b6-97bfce6f7051,d0637787-bb42-4b76-a62f-f9c6f50264a1,nsq_status,Pass,No match found in current CDSCO alerts,government_record,CDSCO NSQ/spurious database,structured,2025-07-17T12:23:07
68138c46-c730-4ff7-a59e-6756fe176d96,d0637787-bb42-4b76-a62f-f9c6f50264a1,replay_pattern,Inconclusive,[Preview] Synthetic demo data only,user_photo,Synthetic demo data only,low,2025-07-17T12:23:07
3d13a470-8132-4f70-967d-980e9d3ac945,d0637787-bb42-4b76-a62f-f9c6f50264a1,visual_heuristic,Pass,No blur or crop detected,user_photo,Uploaded package photo,medium,2025-07-17T12:23:07
048f0113-5a9b-4061-98c4-05cbb6e11ed9,7126c092-31e2-4ec4-8454-c5476b866bb6,code_validity,Pass,Decodes correctly,decoded_code,Decoded from scanned code,structured,2025-11-30T21:39:37
f3cf5a3a-80a3-448f-8e63-df2bd619923b,7126c092-31e2-4ec4-8454-c5476b866bb6,label_consistency,Pass,"Fields match (fuzzy match, 0.98 confidence)",ocr_reading,OCR vs decoded payload,high,2025-11-30T21:39:37
fce6b4ff-ee56-449c-905c-7ccbc86d0ede,7126c092-31e2-4ec4-8454-c5476b866bb6,expiry_status,Pass,Not yet expired,decoded_code,Decoded payload,structured,2025-11-30T21:39:37
9ac2c34b-4180-402f-a484-79a123657580,7126c092-31e2-4ec4-8454-c5476b866bb6,nsq_status,Pass,No match found in current CDSCO alerts,government_record,CDSCO NSQ/spurious database,structured,2025-11-30T21:39:37
d7f0627c-d224-4cb6-a314-56b0897baf6e,7126c092-31e2-4ec4-8454-c5476b866bb6,replay_pattern,Inconclusive,[Preview] Synthetic demo data only,user_photo,Synthetic demo data only,low,2025-11-30T21:39:37
a552658a-2c65-43fd-a751-e608309119b3,7126c092-31e2-4ec4-8454-c5476b866bb6,visual_heuristic,Pass,No blur or crop detected,user_photo,Uploaded package photo,medium,2025-11-30T21:39:37
76788289-6131-4c69-b4c3-c93a95c8386e,2214e497-4aa8-4e1b-afcf-d56181679a50,code_validity,Pass,Decodes correctly,decoded_code,Decoded from scanned code,structured,2025-05-22T20:02:18
60e64166-efc8-4d26-9a18-d01078a10372,2214e497-4aa8-4e1b-afcf-d56181679a50,label_consistency,Pass,"Fields match (fuzzy match, 0.98 confidence)",ocr_reading,OCR vs decoded payload,high,2025-05-22T20:02:18
57046591-e997-429c-b386-b85500d72cff,2214e497-4aa8-4e1b-afcf-d56181679a50,expiry_status,Pass,Not yet expired,decoded_code,Decoded payload,structured,2025-05-22T20:02:18
c0a3a299-368b-4ab2-9eb9-ebf79596de7b,2214e497-4aa8-4e1b-afcf-d56181679a50,nsq_status,Pass,No match found in current CDSCO alerts,government_record,CDSCO NSQ/spurious database,structured,2025-05-22T20:02:18
320b134c-4973-4f26-86b8-c151fb80ae80,2214e497-4aa8-4e1b-afcf-d56181679a50,replay_pattern,Inconclusive,[Preview] Synthetic demo data only,user_photo,Synthetic demo data only,low,2025-05-22T20:02:18
50cd00cf-eeed-4697-81d9-765193be77e6,2214e497-4aa8-4e1b-afcf-d56181679a50,visual_heuristic,Pass,No blur or crop detected,user_photo,Uploaded package photo,medium,2025-05-22T20:02:18
f3afaf53-8dbc-4bdc-8201-390a6accf1d4,10cf55e8-e6ce-4be1-95cd-80616e96748b,code_validity,Pass,Decodes correctly,decoded_code,Decoded from scanned code,structured,2025-10-10T12:09:07
785e9744-f9a2-466b-87f4-5b50748a14ac,10cf55e8-e6ce-4be1-95cd-80616e96748b,label_consistency,Pass,"Fields match (fuzzy match, 0.98 confidence)",ocr_reading,OCR vs decoded payload,high,2025-10-10T12:09:07
1b8d4136-35c3-4dbc-b35a-330288c3f3d6,10cf55e8-e6ce-4be1-95cd-80616e96748b,expiry_status,Pass,Not yet expired,decoded_code,Decoded payload,structured,2025-10-10T12:09:07
ff0d6c58-5787-4066-9f80-b3455bedcb1f,10cf55e8-e6ce-4be1-95cd-80616e96748b,nsq_status,Pass,No match found in current CDSCO alerts,government_record,CDSCO NSQ/spurious database,structured,2025-10-10T12:09:07
96e4baed-7cd9-49d6-8db3-c629413ae286,10cf55e8-e6ce-4be1-95cd-80616e96748b,replay_pattern,Inconclusive,[Preview] Synthetic demo data only,user_photo,Synthetic demo data only,low,2025-10-10T12:09:07
f2da026f-e53c-4698-b0a7-51563e4a2000,10cf55e8-e6ce-4be1-95cd-80616e96748b,visual_heuristic,Pass,No blur or crop detected,user_photo,Uploaded package photo,medium,2025-10-10T12:09:07
fa035880-9f66-46e8-8f58-93af0d0ff6b5,35ba37b4-ae06-4519-a1ef-8406d71e7342,code_validity,Pass,Decodes correctly,decoded_code,Decoded from scanned code,structured,2026-01-15T09:00:32
9a98235c-863c-4a06-aa52-e2ae1a161a94,35ba37b4-ae06-4519-a1ef-8406d71e7342,label_consistency,Pass,"Fields match (fuzzy match, 0.98 confidence)",ocr_reading,OCR vs decoded payload,high,2026-01-15T09:00:32
f962a2db-84d8-44a5-b53d-2272607ecefc,35ba37b4-ae06-4519-a1ef-8406d71e7342,expiry_status,Pass,Not yet expired,decoded_code,Decoded payload,structured,2026-01-15T09:00:32
42e62f50-b44b-4914-a38c-4f5e4a15595d,35ba37b4-ae06-4519-a1ef-8406d71e7342,nsq_status,Pass,No match found in current CDSCO alerts,government_record,CDSCO NSQ/spurious database,structured,2026-01-15T09:00:32
b5fb5201-3226-4a33-83c4-43df4e5e9271,35ba37b4-ae06-4519-a1ef-8406d71e7342,replay_pattern,Inconclusive,[Preview] Synthetic demo data only,user_photo,Synthetic demo data only,low,2026-01-15T09:00:32
b913e62c-86f4-4cbb-a0cc-733cbf05575b,35ba37b4-ae06-4519-a1ef-8406d71e7342,visual_heuristic,Pass,No blur or crop detected,user_photo,Uploaded package photo,medium,2026-01-15T09:00:32
64996144-3369-4d3d-bf3e-2f36e2affcd7,7d62e1a4-5988-40c4-bf51-f7d8bfa9a491,code_validity,Pass,Decodes correctly,decoded_code,Decoded from scanned code,structured,2025-09-25T17:55:46
f9084ca4-449b-46ee-ae1f-65af81ac34ad,7d62e1a4-5988-40c4-bf51-f7d8bfa9a491,label_consistency,Pass,"Fields match (fuzzy match, 0.98 confidence)",ocr_reading,OCR vs decoded payload,high,2025-09-25T17:55:46
cf5da27a-e5f6-458d-a0a2-28bb5d8eb64e,7d62e1a4-5988-40c4-bf51-f7d8bfa9a491,expiry_status,Pass,Not yet expired,decoded_code,Decoded payload,structured,2025-09-25T17:55:46
fd20996f-6c8d-43d1-83f8-0fd29d9f0d0a,7d62e1a4-5988-40c4-bf51-f7d8bfa9a491,nsq_status,Pass,No match found in current CDSCO alerts,government_record,CDSCO NSQ/spurious database,structured,2025-09-25T17:55:46
a4ec2ef6-3f98-40be-85e6-412b6add54b7,7d62e1a4-5988-40c4-bf51-f7d8bfa9a491,replay_pattern,Inconclusive,[Preview] Synthetic demo data only,user_photo,Synthetic demo data only,low,2025-09-25T17:55:46
3e474a87-518a-45fb-84c1-1b385a3446b2,7d62e1a4-5988-40c4-bf51-f7d8bfa9a491,visual_heuristic,Pass,No blur or crop detected,user_photo,Uploaded package photo,medium,2025-09-25T17:55:46
0563bc0f-ac1c-46ec-b4af-a9054149d429,4d2c8ac4-2c21-4bde-953b-7435766416b7,code_validity,Pass,Decodes correctly,decoded_code,Decoded from scanned code,structured,2026-04-26T14:01:44
45112bbd-2303-411e-993d-014fd3ab3ec2,4d2c8ac4-2c21-4bde-953b-7435766416b7,label_consistency,Pass,"Fields match (fuzzy match, 0.98 confidence)",ocr_reading,OCR vs decoded payload,high,2026-04-26T14:01:44
5417d8cf-795b-49a8-8749-6eb3efe00358,4d2c8ac4-2c21-4bde-953b-7435766416b7,expiry_status,Pass,Not yet expired,decoded_code,Decoded payload,structured,2026-04-26T14:01:44
f03afc86-115a-4bb0-95f0-55e1603d2078,4d2c8ac4-2c21-4bde-953b-7435766416b7,nsq_status,Pass,No match found in current CDSCO alerts,government_record,CDSCO NSQ/spurious database,structured,2026-04-26T14:01:44
a7996ec9-d8c0-4473-bf4e-98f93e4a70bf,4d2c8ac4-2c21-4bde-953b-7435766416b7,replay_pattern,Inconclusive,[Preview] Synthetic demo data only,user_photo,Synthetic demo data only,low,2026-04-26T14:01:44
01886340-e882-40de-a14e-552fe1917e8f,4d2c8ac4-2c21-4bde-953b-7435766416b7,visual_heuristic,Pass,No blur or crop detected,user_photo,Uploaded package photo,medium,2026-04-26T14:01:44
d04629a2-676a-44cc-a38c-f3af0efba6ff,fbf5c911-1841-423b-b230-892f5c16cdbc,code_validity,Pass,Decodes correctly,decoded_code,Decoded from scanned code,structured,2025-08-20T12:17:09
0bd069b0-5974-44e0-961d-c320b02dde7d,fbf5c911-1841-423b-b230-892f5c16cdbc,label_consistency,Pass,"Fields match (fuzzy match, 0.98 confidence)",ocr_reading,OCR vs decoded payload,high,2025-08-20T12:17:09
e4610be1-3f0f-4c1b-8f68-d5b8810fb636,fbf5c911-1841-423b-b230-892f5c16cdbc,expiry_status,Pass,Not yet expired,decoded_code,Decoded payload,structured,2025-08-20T12:17:09
3093e164-33ee-4b4a-b0d1-747d9246a5a1,fbf5c911-1841-423b-b230-892f5c16cdbc,nsq_status,Pass,No match found in current CDSCO alerts,government_record,CDSCO NSQ/spurious database,structured,2025-08-20T12:17:09
fa9f4965-4f13-4bda-a56d-28619727c6aa,fbf5c911-1841-423b-b230-892f5c16cdbc,replay_pattern,Inconclusive,[Preview] Synthetic demo data only,user_photo,Synthetic demo data only,low,2025-08-20T12:17:09
aeecf098-1e2d-4730-8adc-b2c6fc3e916b,fbf5c911-1841-423b-b230-892f5c16cdbc,visual_heuristic,Pass,No blur or crop detected,user_photo,Uploaded package photo,medium,2025-08-20T12:17:09
fa4ee593-7b62-4000-a1f0-5193608b62f3,126c8890-509c-465c-ab67-dff89e549059,code_validity,Pass,Decodes correctly,decoded_code,Decoded from scanned code,structured,2025-12-13T07:15:50
54a9f6aa-582e-4fd0-83b6-b1e1992bc817,126c8890-509c-465c-ab67-dff89e549059,label_consistency,Pass,"Fields match (fuzzy match, 0.98 confidence)",ocr_reading,OCR vs decoded payload,high,2025-12-13T07:15:50
9b03b3a0-a49c-4c3e-9218-beaeb3738962,126c8890-509c-465c-ab67-dff89e549059,expiry_status,Pass,Not yet expired,decoded_code,Decoded payload,structured,2025-12-13T07:15:50
dbc45c7d-8568-49ad-8d6a-61cb5a1f3ed7,126c8890-509c-465c-ab67-dff89e549059,nsq_status,Pass,No match found in current CDSCO alerts,government_record,CDSCO NSQ/spurious database,structured,2025-12-13T07:15:50
1f1148be-d24f-4cd5-9757-7c1660a71ae6,126c8890-509c-465c-ab67-dff89e549059,replay_pattern,Inconclusive,[Preview] Synthetic demo data only,user_photo,Synthetic demo data only,low,2025-12-13T07:15:50
bc5f2c97-ad19-4522-9afa-7d3abda244a7,126c8890-509c-465c-ab67-dff89e549059,visual_heuristic,Pass,No blur or crop detected,user_photo,Uploaded package photo,medium,2025-12-13T07:15:50
b0b40315-5948-4aa2-b683-be044c1503c8,0ba4eeae-1c2b-475d-bd7a-382f131b0283,code_validity,Pass,Decodes correctly,decoded_code,Decoded from scanned code,structured,2026-05-26T07:07:49
76646121-9bee-4393-bd2f-94d37d7718c0,0ba4eeae-1c2b-475d-bd7a-382f131b0283,label_consistency,Pass,"Fields match (fuzzy match, 0.98 confidence)",ocr_reading,OCR vs decoded payload,high,2026-05-26T07:07:49
0439493e-c023-4e9a-8dce-cbb857c8af71,0ba4eeae-1c2b-475d-bd7a-382f131b0283,expiry_status,Pass,Not yet expired,decoded_code,Decoded payload,structured,2026-05-26T07:07:49
ccffc337-3189-41e2-86e4-f3455f7de9b1,0ba4eeae-1c2b-475d-bd7a-382f131b0283,nsq_status,Pass,No match found in current CDSCO alerts,government_record,CDSCO NSQ/spurious database,structured,2026-05-26T07:07:49
c9221486-7ae5-42d1-b441-7efc2b673131,0ba4eeae-1c2b-475d-bd7a-382f131b0283,replay_pattern,Inconclusive,[Preview] Synthetic demo data only,user_photo,Synthetic demo data only,low,2026-05-26T07:07:49
732a5f87-e232-4202-a629-c5f55f442c62,0ba4eeae-1c2b-475d-bd7a-382f131b0283,visual_heuristic,Pass,No blur or crop detected,user_photo,Uploaded package photo,medium,2026-05-26T07:07:49
5c027e96-8d41-4f91-8c3c-041534589b13,f10ada17-46d2-4931-8824-f87f57d612e5,code_validity,Pass,Decodes correctly,decoded_code,Decoded from scanned code,structured,2025-08-31T08:18:36
e1900029-2a8a-435e-97a5-bc33363bfe34,f10ada17-46d2-4931-8824-f87f57d612e5,label_consistency,Pass,"Fields match (fuzzy match, 0.98 confidence)",ocr_reading,OCR vs decoded payload,high,2025-08-31T08:18:36
86e412bb-6132-4db7-9851-b0ddac04f227,f10ada17-46d2-4931-8824-f87f57d612e5,expiry_status,Pass,Not yet expired,decoded_code,Decoded payload,structured,2025-08-31T08:18:36
9bdb5f94-82e7-4249-a08b-2f782a08b027,f10ada17-46d2-4931-8824-f87f57d612e5,nsq_status,Pass,No match found in current CDSCO alerts,government_record,CDSCO NSQ/spurious database,structured,2025-08-31T08:18:36
df5fb2ed-3e69-4330-9c57-6f3678500a7f,f10ada17-46d2-4931-8824-f87f57d612e5,replay_pattern,Inconclusive,[Preview] Synthetic demo data only,user_photo,Synthetic demo data only,low,2025-08-31T08:18:36
a107e14f-bc38-44c6-8b5e-7b1d84fbe572,f10ada17-46d2-4931-8824-f87f57d612e5,visual_heuristic,Pass,No blur or crop detected,user_photo,Uploaded package photo,medium,2025-08-31T08:18:36
d144b46f-ab27-4c6a-96d0-6a005442e56e,0a8a09a5-81e1-493f-a3dc-9789b0364550,code_validity,Pass,Decodes correctly,decoded_code,Decoded from scanned code,structured,2025-09-06T18:07:01
74807841-e7c9-439f-add4-6c9401d38b0c,0a8a09a5-81e1-493f-a3dc-9789b0364550,label_consistency,Pass,"Fields match (fuzzy match, 0.98 confidence)",ocr_reading,OCR vs decoded payload,high,2025-09-06T18:07:01
33052428-0ca2-4e3a-9bc7-6cd49e1bf2db,0a8a09a5-81e1-493f-a3dc-9789b0364550,expiry_status,Pass,Not yet expired,decoded_code,Decoded payload,structured,2025-09-06T18:07:01
f999a45d-1f5e-491c-afe9-1abdd1cac082,0a8a09a5-81e1-493f-a3dc-9789b0364550,nsq_status,Pass,No match found in current CDSCO alerts,government_record,CDSCO NSQ/spurious database,structured,2025-09-06T18:07:01
b828740e-252f-43aa-ab6c-24726da1d60e,0a8a09a5-81e1-493f-a3dc-9789b0364550,replay_pattern,Inconclusive,[Preview] Synthetic demo data only,user_photo,Synthetic demo data only,low,2025-09-06T18:07:01
ad5ed893-3a33-4804-b5cf-29eebf74ca23,0a8a09a5-81e1-493f-a3dc-9789b0364550,visual_heuristic,Pass,No blur or crop detected,user_photo,Uploaded package photo,medium,2025-09-06T18:07:01
4da92890-c2c4-436b-b582-0e515ccc525c,f46682d4-ffd7-46dc-8eab-7606216b8709,code_validity,Pass,Decodes correctly,decoded_code,Decoded from scanned code,structured,2026-05-12T11:05:14
5c028ee5-6c05-498a-b382-dcd275385ea9,f46682d4-ffd7-46dc-8eab-7606216b8709,label_consistency,Pass,"Fields match (fuzzy match, 0.98 confidence)",ocr_reading,OCR vs decoded payload,high,2026-05-12T11:05:14
8c2fe387-4331-48ea-a0a7-c364594550af,f46682d4-ffd7-46dc-8eab-7606216b8709,expiry_status,Pass,Not yet expired,decoded_code,Decoded payload,structured,2026-05-12T11:05:14
64fc204a-6716-4894-ab59-6898a5e33241,f46682d4-ffd7-46dc-8eab-7606216b8709,nsq_status,Pass,No match found in current CDSCO alerts,government_record,CDSCO NSQ/spurious database,structured,2026-05-12T11:05:14
9e42918e-5989-4943-aed0-32dcbd4b8d4c,f46682d4-ffd7-46dc-8eab-7606216b8709,replay_pattern,Inconclusive,[Preview] Synthetic demo data only,user_photo,Synthetic demo data only,low,2026-05-12T11:05:14
04a70a55-7795-4e62-8e74-1e5291f565f1,f46682d4-ffd7-46dc-8eab-7606216b8709,visual_heuristic,Pass,No blur or crop detected,user_photo,Uploaded package photo,medium,2026-05-12T11:05:14
6d5062f8-c52c-4712-8d63-f27b75feda5c,9078c8c6-96fc-460e-89b2-6b856e638767,code_validity,Pass,Decodes correctly,decoded_code,Decoded from scanned code,structured,2026-04-11T18:55:54
66a114d4-108b-4cd8-801c-3fc0978e3ede,9078c8c6-96fc-460e-89b2-6b856e638767,label_consistency,Pass,"Fields match (fuzzy match, 0.98 confidence)",ocr_reading,OCR vs decoded payload,high,2026-04-11T18:55:54
59f767ec-1b7b-43f8-8743-0506cdc26d18,9078c8c6-96fc-460e-89b2-6b856e638767,expiry_status,Pass,Not yet expired,decoded_code,Decoded payload,structured,2026-04-11T18:55:54
3d8f1e5f-57d2-4f50-ad61-9fa82af23d72,9078c8c6-96fc-460e-89b2-6b856e638767,nsq_status,Pass,No match found in current CDSCO alerts,government_record,CDSCO NSQ/spurious database,structured,2026-04-11T18:55:54
6ba24123-b0e7-48e3-9e5a-096685da4867,9078c8c6-96fc-460e-89b2-6b856e638767,replay_pattern,Inconclusive,[Preview] Synthetic demo data only,user_photo,Synthetic demo data only,low,2026-04-11T18:55:54
bf9bb731-c005-4d3d-afe3-10e8422c0670,9078c8c6-96fc-460e-89b2-6b856e638767,visual_heuristic,Pass,No blur or crop detected,user_photo,Uploaded package photo,medium,2026-04-11T18:55:54
c2100020-7cfe-4054-848c-46ef68fad2e7,5ed658c4-dbf4-4a7b-9533-8634114a11f7,code_validity,Pass,Decodes correctly,decoded_code,Decoded from scanned code,structured,2025-04-05T20:43:44
d2d4f091-e7b7-4303-aae9-3c930bd429c4,5ed658c4-dbf4-4a7b-9533-8634114a11f7,label_consistency,Pass,"Fields match (fuzzy match, 0.98 confidence)",ocr_reading,OCR vs decoded payload,high,2025-04-05T20:43:44
4cd8ab53-127e-4f8c-97a3-0007ed2748bd,5ed658c4-dbf4-4a7b-9533-8634114a11f7,expiry_status,Pass,Not yet expired,decoded_code,Decoded payload,structured,2025-04-05T20:43:44
adee2d29-1d92-4d97-b4ae-2ab6702e374e,5ed658c4-dbf4-4a7b-9533-8634114a11f7,nsq_status,Pass,No match found in current CDSCO alerts,government_record,CDSCO NSQ/spurious database,structured,2025-04-05T20:43:44
9ffcf7ca-1b7f-4029-b6a1-698b311dad82,5ed658c4-dbf4-4a7b-9533-8634114a11f7,replay_pattern,Inconclusive,[Preview] Synthetic demo data only,user_photo,Synthetic demo data only,low,2025-04-05T20:43:44
64829abd-6e2a-41cb-8fd5-9af82e72b6f3,5ed658c4-dbf4-4a7b-9533-8634114a11f7,visual_heuristic,Pass,No blur or crop detected,user_photo,Uploaded package photo,medium,2025-04-05T20:43:44
dda5ce0b-b50c-43e3-94b1-e938625ab7b7,db9e623c-6f26-43ac-b547-190499fdffea,code_validity,Pass,Decodes correctly,decoded_code,Decoded from scanned code,structured,2025-03-31T10:56:28
c5d70353-7ccf-4a2e-8e38-e4b37a822079,db9e623c-6f26-43ac-b547-190499fdffea,label_consistency,Pass,"Fields match (fuzzy match, 0.98 confidence)",ocr_reading,OCR vs decoded payload,high,2025-03-31T10:56:28
3bbbedd5-28b2-4a37-81f0-e852d3c9be8f,db9e623c-6f26-43ac-b547-190499fdffea,expiry_status,Pass,Not yet expired,decoded_code,Decoded payload,structured,2025-03-31T10:56:28
e2ba64ce-49fc-4dec-96b0-794242fb948c,db9e623c-6f26-43ac-b547-190499fdffea,nsq_status,Pass,No match found in current CDSCO alerts,government_record,CDSCO NSQ/spurious database,structured,2025-03-31T10:56:28
8682b06b-22f6-4034-8267-8c28939a1a84,db9e623c-6f26-43ac-b547-190499fdffea,replay_pattern,Inconclusive,[Preview] Synthetic demo data only,user_photo,Synthetic demo data only,low,2025-03-31T10:56:28
f58aafac-f55c-49af-9bac-d6e80411ff7f,db9e623c-6f26-43ac-b547-190499fdffea,visual_heuristic,Pass,No blur or crop detected,user_photo,Uploaded package photo,medium,2025-03-31T10:56:28
0dd4c761-7b40-40b9-bdc7-3795020b88fa,367a7e5c-76a5-48fc-b324-51fde398a76d,code_validity,Pass,Decodes correctly,decoded_code,Decoded from scanned code,structured,2025-03-31T21:11:30
bb37b4ba-5eb5-456b-b03d-6eed3ca63934,367a7e5c-76a5-48fc-b324-51fde398a76d,label_consistency,Pass,"Fields match (fuzzy match, 0.98 confidence)",ocr_reading,OCR vs decoded payload,high,2025-03-31T21:11:30
60d7faa5-7f89-4ccc-9936-ddea0ab341e0,367a7e5c-76a5-48fc-b324-51fde398a76d,expiry_status,Pass,Not yet expired,decoded_code,Decoded payload,structured,2025-03-31T21:11:30
255fce04-b569-490a-8bb9-53356ad59c77,367a7e5c-76a5-48fc-b324-51fde398a76d,nsq_status,Pass,No match found in current CDSCO alerts,government_record,CDSCO NSQ/spurious database,structured,2025-03-31T21:11:30
c24a2bf1-05d7-4be4-86fe-88cd3c913832,367a7e5c-76a5-48fc-b324-51fde398a76d,replay_pattern,Inconclusive,[Preview] Synthetic demo data only,user_photo,Synthetic demo data only,low,2025-03-31T21:11:30
657a80b5-6cd0-4da6-b662-d0349e37c6cd,367a7e5c-76a5-48fc-b324-51fde398a76d,visual_heuristic,Pass,No blur or crop detected,user_photo,Uploaded package photo,medium,2025-03-31T21:11:30
00a153ac-f876-4ed7-954d-87ef673dc815,25a2b678-5be5-4c56-87e8-3e0cf6b94227,code_validity,Pass,Decodes correctly,decoded_code,Decoded from scanned code,structured,2025-10-29T11:48:45
66e04506-69b2-4050-bbd6-f4d439a85578,25a2b678-5be5-4c56-87e8-3e0cf6b94227,label_consistency,Pass,"Fields match (fuzzy match, 0.98 confidence)",ocr_reading,OCR vs decoded payload,high,2025-10-29T11:48:45
162e7ee9-3b65-4f6c-82b2-b3b0c0540f35,25a2b678-5be5-4c56-87e8-3e0cf6b94227,expiry_status,Pass,Not yet expired,decoded_code,Decoded payload,structured,2025-10-29T11:48:45
1f964cc6-9a9c-4298-9346-ddbdcd4f8c86,25a2b678-5be5-4c56-87e8-3e0cf6b94227,nsq_status,Pass,No match found in current CDSCO alerts,government_record,CDSCO NSQ/spurious database,structured,2025-10-29T11:48:45
002ba084-75fa-47e7-9eb5-589fe595fcf4,25a2b678-5be5-4c56-87e8-3e0cf6b94227,replay_pattern,Inconclusive,[Preview] Synthetic demo data only,user_photo,Synthetic demo data only,low,2025-10-29T11:48:45
7d5d1757-bbb9-4167-8ae5-581048ea3d69,25a2b678-5be5-4c56-87e8-3e0cf6b94227,visual_heuristic,Pass,No blur or crop detected,user_photo,Uploaded package photo,medium,2025-10-29T11:48:45
09ce2f3d-a446-44c7-b573-2abca8fed1d6,57a16438-1f79-48a5-ad97-a3327cc3b98a,code_validity,Pass,Decodes correctly,decoded_code,Decoded from scanned code,structured,2025-12-31T00:18:19
ead8c91a-76c4-4b6a-a8f2-0992f482631a,57a16438-1f79-48a5-ad97-a3327cc3b98a,label_consistency,Pass,"Fields match (fuzzy match, 0.98 confidence)",ocr_reading,OCR vs decoded payload,high,2025-12-31T00:18:19
31194716-7e75-4a09-a2e2-e878071db1e5,57a16438-1f79-48a5-ad97-a3327cc3b98a,expiry_status,Pass,Not yet expired,decoded_code,Decoded payload,structured,2025-12-31T00:18:19
2b122ba1-37b2-4d4b-9024-b19eac6dd2db,57a16438-1f79-48a5-ad97-a3327cc3b98a,nsq_status,Pass,No match found in current CDSCO alerts,government_record,CDSCO NSQ/spurious database,structured,2025-12-31T00:18:19
1208eaef-4033-43ba-865c-19d65f25580f,57a16438-1f79-48a5-ad97-a3327cc3b98a,replay_pattern,Inconclusive,[Preview] Synthetic demo data only,user_photo,Synthetic demo data only,low,2025-12-31T00:18:19
f13c0811-0d3f-4b59-9399-e523a138b415,57a16438-1f79-48a5-ad97-a3327cc3b98a,visual_heuristic,Pass,No blur or crop detected,user_photo,Uploaded package photo,medium,2025-12-31T00:18:19
7a0fb3cb-c84a-44f2-b7b1-3c81baf08041,7b685819-91f2-4995-a576-936d46cef503,code_validity,Pass,Decodes correctly,decoded_code,Decoded from scanned code,structured,2025-10-03T07:17:02
521bee1c-4dbf-4b85-9817-20a3ff4fedeb,7b685819-91f2-4995-a576-936d46cef503,label_consistency,Pass,"Fields match (fuzzy match, 0.98 confidence)",ocr_reading,OCR vs decoded payload,high,2025-10-03T07:17:02
99aa6dff-5134-4e63-86ac-fb6679333d42,7b685819-91f2-4995-a576-936d46cef503,expiry_status,Pass,Not yet expired,decoded_code,Decoded payload,structured,2025-10-03T07:17:02
dc78e920-4a31-4ff6-8fdb-0ca46866cdd9,7b685819-91f2-4995-a576-936d46cef503,nsq_status,Pass,No match found in current CDSCO alerts,government_record,CDSCO NSQ/spurious database,structured,2025-10-03T07:17:02
809f92b5-b5a9-4465-8631-df08748281db,7b685819-91f2-4995-a576-936d46cef503,replay_pattern,Inconclusive,[Preview] Synthetic demo data only,user_photo,Synthetic demo data only,low,2025-10-03T07:17:02
7ed27081-f7ea-4c8e-b0bf-157b37fabcf4,7b685819-91f2-4995-a576-936d46cef503,visual_heuristic,Pass,No blur or crop detected,user_photo,Uploaded package photo,medium,2025-10-03T07:17:02
4fdde952-70c0-48a4-82b0-e9bd83e566d2,430a56f1-445e-4e93-9888-469b018a3665,code_validity,Pass,Decodes correctly,decoded_code,Decoded from scanned code,structured,2026-02-24T20:51:48
b54e77e4-7d55-4e15-ab32-4bc0e64afa5b,430a56f1-445e-4e93-9888-469b018a3665,label_consistency,Pass,"Fields match (fuzzy match, 0.98 confidence)",ocr_reading,OCR vs decoded payload,high,2026-02-24T20:51:48
9cbe87be-8b2e-4984-9975-0549438816f9,430a56f1-445e-4e93-9888-469b018a3665,expiry_status,Pass,Not yet expired,decoded_code,Decoded payload,structured,2026-02-24T20:51:48
c247421d-fd4b-44f0-956f-7dd8d6de324d,430a56f1-445e-4e93-9888-469b018a3665,nsq_status,Pass,No match found in current CDSCO alerts,government_record,CDSCO NSQ/spurious database,structured,2026-02-24T20:51:48
b428cbaa-6f87-4eee-812d-3db9a2e9ba7a,430a56f1-445e-4e93-9888-469b018a3665,replay_pattern,Inconclusive,[Preview] Synthetic demo data only,user_photo,Synthetic demo data only,low,2026-02-24T20:51:48
6ee9d2ab-d13f-4396-bcb5-1a766ed64b42,430a56f1-445e-4e93-9888-469b018a3665,visual_heuristic,Pass,No blur or crop detected,user_photo,Uploaded package photo,medium,2026-02-24T20:51:48
ce69f802-0497-4f92-8509-207ae5e4ab42,e5d22204-c795-4157-88ab-9bf425f4875e,code_validity,Pass,Decodes correctly,decoded_code,Decoded from scanned code,structured,2025-08-14T00:41:31
061026ca-22e3-4bd8-9bc3-16d74397f906,e5d22204-c795-4157-88ab-9bf425f4875e,label_consistency,Pass,"Fields match (fuzzy match, 0.98 confidence)",ocr_reading,OCR vs decoded payload,high,2025-08-14T00:41:31
aa9c94ce-9907-4206-97ca-2ee022a2f960,e5d22204-c795-4157-88ab-9bf425f4875e,expiry_status,Pass,Not yet expired,decoded_code,Decoded payload,structured,2025-08-14T00:41:31
ddd319e3-ae56-4f83-8188-ad986aa67d5f,e5d22204-c795-4157-88ab-9bf425f4875e,nsq_status,Pass,No match found in current CDSCO alerts,government_record,CDSCO NSQ/spurious database,structured,2025-08-14T00:41:31
2f649534-bd47-4810-ae03-b75daac89cc2,e5d22204-c795-4157-88ab-9bf425f4875e,replay_pattern,Inconclusive,[Preview] Synthetic demo data only,user_photo,Synthetic demo data only,low,2025-08-14T00:41:31
3e58862e-4c45-4496-baa4-ced5e0b7ecb1,e5d22204-c795-4157-88ab-9bf425f4875e,visual_heuristic,Pass,No blur or crop detected,user_photo,Uploaded package photo,medium,2025-08-14T00:41:31
8e014b60-c1f8-46a3-885a-104408c54731,b8d48c6d-d44b-451d-9bf7-94211aa75ed5,code_validity,Pass,Decodes correctly,decoded_code,Decoded from scanned code,structured,2025-07-27T03:25:23
45eb4ed9-c37b-4ba9-aa40-71e0e3a1aed8,b8d48c6d-d44b-451d-9bf7-94211aa75ed5,label_consistency,Pass,"Fields match (fuzzy match, 0.98 confidence)",ocr_reading,OCR vs decoded payload,high,2025-07-27T03:25:23
0d0faa8c-1130-417c-a880-1bf5ab5b390f,b8d48c6d-d44b-451d-9bf7-94211aa75ed5,expiry_status,Pass,Not yet expired,decoded_code,Decoded payload,structured,2025-07-27T03:25:23
413051ec-f349-4b6d-ae12-231025a895ce,b8d48c6d-d44b-451d-9bf7-94211aa75ed5,nsq_status,Pass,No match found in current CDSCO alerts,government_record,CDSCO NSQ/spurious database,structured,2025-07-27T03:25:23
591c82c6-f40b-4501-b47c-bdf253a3f6fe,b8d48c6d-d44b-451d-9bf7-94211aa75ed5,replay_pattern,Inconclusive,[Preview] Synthetic demo data only,user_photo,Synthetic demo data only,low,2025-07-27T03:25:23
6ac833c2-7480-4f75-9a65-158ec307091a,b8d48c6d-d44b-451d-9bf7-94211aa75ed5,visual_heuristic,Pass,No blur or crop detected,user_photo,Uploaded package photo,medium,2025-07-27T03:25:23
f51ccd40-4e6c-4e16-b038-16143f97dae2,6f330c4d-9ad7-4b3d-be5e-1adb362ad8d4,code_validity,Pass,Decodes correctly,decoded_code,Decoded from scanned code,structured,2026-04-16T14:37:15
9f48b7d0-360b-4c03-839b-8c1c1f8d64a6,6f330c4d-9ad7-4b3d-be5e-1adb362ad8d4,label_consistency,Pass,"Fields match (fuzzy match, 0.98 confidence)",ocr_reading,OCR vs decoded payload,high,2026-04-16T14:37:15
6268f758-0bdf-4d80-b9d9-45123f07d231,6f330c4d-9ad7-4b3d-be5e-1adb362ad8d4,expiry_status,Pass,Not yet expired,decoded_code,Decoded payload,structured,2026-04-16T14:37:15
a5358b56-131a-46c2-b37b-e03e4db1c321,6f330c4d-9ad7-4b3d-be5e-1adb362ad8d4,nsq_status,Pass,No match found in current CDSCO alerts,government_record,CDSCO NSQ/spurious database,structured,2026-04-16T14:37:15
1df645e1-9cd3-43ff-afc3-d93a4c568eaf,6f330c4d-9ad7-4b3d-be5e-1adb362ad8d4,replay_pattern,Inconclusive,[Preview] Synthetic demo data only,user_photo,Synthetic demo data only,low,2026-04-16T14:37:15
b67176a0-7c5f-4845-a457-55a6fd74be4d,6f330c4d-9ad7-4b3d-be5e-1adb362ad8d4,visual_heuristic,Pass,No blur or crop detected,user_photo,Uploaded package photo,medium,2026-04-16T14:37:15
21e4f8d5-d394-4235-837b-f5b902aa3463,eddcc541-1e8c-4231-9420-2997e9467311,code_validity,Pass,Decodes correctly,decoded_code,Decoded from scanned code,structured,2025-04-08T21:12:18
a38e1dc9-3640-430c-9bff-5190b972fc06,eddcc541-1e8c-4231-9420-2997e9467311,label_consistency,Pass,"Fields match (fuzzy match, 0.98 confidence)",ocr_reading,OCR vs decoded payload,high,2025-04-08T21:12:18
b5906a49-69e1-4447-adb8-e50e8b8d2ffd,eddcc541-1e8c-4231-9420-2997e9467311,expiry_status,Pass,Not yet expired,decoded_code,Decoded payload,structured,2025-04-08T21:12:18
31cc7043-fbf6-41b8-8b1d-4ce3d1feb967,eddcc541-1e8c-4231-9420-2997e9467311,nsq_status,Pass,No match found in current CDSCO alerts,government_record,CDSCO NSQ/spurious database,structured,2025-04-08T21:12:18
8d356d30-af38-4bd3-8458-cebdef056a63,eddcc541-1e8c-4231-9420-2997e9467311,replay_pattern,Inconclusive,[Preview] Synthetic demo data only,user_photo,Synthetic demo data only,low,2025-04-08T21:12:18
d6ebe7eb-4a46-4ea4-9083-4580e464ec8f,eddcc541-1e8c-4231-9420-2997e9467311,visual_heuristic,Pass,No blur or crop detected,user_photo,Uploaded package photo,medium,2025-04-08T21:12:18
2700357a-6ae0-4b03-a10d-d5b258841e2d,153fe570-b94d-4ae2-a468-116367436692,code_validity,Pass,Decodes correctly,decoded_code,Decoded from scanned code,structured,2025-10-27T16:04:38
a1ce5383-c1d2-4a58-9714-e427840fb857,153fe570-b94d-4ae2-a468-116367436692,label_consistency,Pass,"Fields match (fuzzy match, 0.98 confidence)",ocr_reading,OCR vs decoded payload,high,2025-10-27T16:04:38
639b5bb5-bfeb-47b3-a93c-76967a7f41b0,153fe570-b94d-4ae2-a468-116367436692,expiry_status,Pass,Not yet expired,decoded_code,Decoded payload,structured,2025-10-27T16:04:38
eadfd3ff-7525-4a08-bd1e-6ff4e8c4ef2a,153fe570-b94d-4ae2-a468-116367436692,nsq_status,Pass,No match found in current CDSCO alerts,government_record,CDSCO NSQ/spurious database,structured,2025-10-27T16:04:38
d9ddf13f-f94a-4163-ab64-5059d7536cff,153fe570-b94d-4ae2-a468-116367436692,replay_pattern,Inconclusive,[Preview] Synthetic demo data only,user_photo,Synthetic demo data only,low,2025-10-27T16:04:38
f6f8923c-9f24-483b-b629-29ebead5b4b5,153fe570-b94d-4ae2-a468-116367436692,visual_heuristic,Pass,No blur or crop detected,user_photo,Uploaded package photo,medium,2025-10-27T16:04:38
1574c06e-7995-4678-a4b1-fd5ce48f7328,d0ca6080-1c90-40e6-bcc4-539907605a57,code_validity,Pass,Decodes correctly,decoded_code,Decoded from scanned code,structured,2026-02-01T10:13:53
0bb1812b-87c2-403f-9a7f-f7b605357af8,d0ca6080-1c90-40e6-bcc4-539907605a57,label_consistency,Pass,"Fields match (fuzzy match, 0.98 confidence)",ocr_reading,OCR vs decoded payload,high,2026-02-01T10:13:53
9228bc28-f4bc-48d7-aefc-62e9a1f220b1,d0ca6080-1c90-40e6-bcc4-539907605a57,expiry_status,Pass,Not yet expired,decoded_code,Decoded payload,structured,2026-02-01T10:13:53
d67fd807-dab6-4376-a59a-60457981775f,d0ca6080-1c90-40e6-bcc4-539907605a57,nsq_status,Pass,No match found in current CDSCO alerts,government_record,CDSCO NSQ/spurious database,structured,2026-02-01T10:13:53
33fa2448-b695-48b1-a0cb-5533d7c77adb,d0ca6080-1c90-40e6-bcc4-539907605a57,replay_pattern,Inconclusive,[Preview] Synthetic demo data only,user_photo,Synthetic demo data only,low,2026-02-01T10:13:53
6ac272a4-ecd9-4d3d-9c84-44e778889eb4,d0ca6080-1c90-40e6-bcc4-539907605a57,visual_heuristic,Pass,No blur or crop detected,user_photo,Uploaded package photo,medium,2026-02-01T10:13:53
d0940773-88e8-49ed-ba82-2e09da981add,a6c09ee4-a0e7-43a5-b5e2-e46f683ffd75,code_validity,Pass,Decodes correctly,decoded_code,Decoded from scanned code,structured,2026-05-01T18:13:48
13ca3b90-fc28-4ebc-9cd3-a8709a810c6c,a6c09ee4-a0e7-43a5-b5e2-e46f683ffd75,label_consistency,Pass,"Fields match (fuzzy match, 0.98 confidence)",ocr_reading,OCR vs decoded payload,high,2026-05-01T18:13:48
346e5d68-7164-4d80-898c-b2e67a01228c,a6c09ee4-a0e7-43a5-b5e2-e46f683ffd75,expiry_status,Pass,Not yet expired,decoded_code,Decoded payload,structured,2026-05-01T18:13:48
85de9d66-ee01-4792-b935-aef6b062b3bf,a6c09ee4-a0e7-43a5-b5e2-e46f683ffd75,nsq_status,Pass,No match found in current CDSCO alerts,government_record,CDSCO NSQ/spurious database,structured,2026-05-01T18:13:48
15aa1c61-4b36-4bf4-9076-a7f02539f9aa,a6c09ee4-a0e7-43a5-b5e2-e46f683ffd75,replay_pattern,Inconclusive,[Preview] Synthetic demo data only,user_photo,Synthetic demo data only,low,2026-05-01T18:13:48
d552a59e-dd5f-48da-aa91-8fb3bf007514,a6c09ee4-a0e7-43a5-b5e2-e46f683ffd75,visual_heuristic,Pass,No blur or crop detected,user_photo,Uploaded package photo,medium,2026-05-01T18:13:48
4c50d641-8fc8-406a-b6f6-0a163d406328,42f51df7-44ee-4061-a787-40933a55be18,code_validity,Pass,Decodes correctly,decoded_code,Decoded from scanned code,structured,2026-05-15T15:53:33
11b7dbe8-eb3f-4529-8121-fb53d35e016d,42f51df7-44ee-4061-a787-40933a55be18,label_consistency,Pass,"Fields match (fuzzy match, 0.98 confidence)",ocr_reading,OCR vs decoded payload,high,2026-05-15T15:53:33
b7e9f5f2-d1d3-4f71-b3bd-4e9c8d640f68,42f51df7-44ee-4061-a787-40933a55be18,expiry_status,Pass,Not yet expired,decoded_code,Decoded payload,structured,2026-05-15T15:53:33
5a49c6b4-65ab-47d4-8b80-a2c52eeb3db2,42f51df7-44ee-4061-a787-40933a55be18,nsq_status,Pass,No match found in current CDSCO alerts,government_record,CDSCO NSQ/spurious database,structured,2026-05-15T15:53:33
3356ebb3-f7a3-4b7d-9e97-6349d8887106,42f51df7-44ee-4061-a787-40933a55be18,replay_pattern,Inconclusive,[Preview] Synthetic demo data only,user_photo,Synthetic demo data only,low,2026-05-15T15:53:33
97744071-0efe-466f-b989-c20478fd2e9f,42f51df7-44ee-4061-a787-40933a55be18,visual_heuristic,Pass,No blur or crop detected,user_photo,Uploaded package photo,medium,2026-05-15T15:53:33
0c668ce3-53d2-469a-94e6-22c0e5fa1b7d,49e5878d-f774-44ca-9ca5-caa2d5d7ef98,code_validity,Pass,Decodes correctly,decoded_code,Decoded from scanned code,structured,2025-10-30T17:25:01
c64b50c7-2861-4941-b35f-fc9230454895,49e5878d-f774-44ca-9ca5-caa2d5d7ef98,label_consistency,Pass,"Fields match (fuzzy match, 0.98 confidence)",ocr_reading,OCR vs decoded payload,high,2025-10-30T17:25:01
2011064a-019a-499e-9feb-266a27e76cc9,49e5878d-f774-44ca-9ca5-caa2d5d7ef98,expiry_status,Pass,Not yet expired,decoded_code,Decoded payload,structured,2025-10-30T17:25:01
154a0bc0-0caa-4d54-b9c4-9568eb4459c4,49e5878d-f774-44ca-9ca5-caa2d5d7ef98,nsq_status,Pass,No match found in current CDSCO alerts,government_record,CDSCO NSQ/spurious database,structured,2025-10-30T17:25:01
e5c6de51-64e9-4be6-adaa-1992349e5e0c,49e5878d-f774-44ca-9ca5-caa2d5d7ef98,replay_pattern,Inconclusive,[Preview] Synthetic demo data only,user_photo,Synthetic demo data only,low,2025-10-30T17:25:01
e54b37fc-0d68-48d6-9a3b-e874f357a7a4,49e5878d-f774-44ca-9ca5-caa2d5d7ef98,visual_heuristic,Pass,No blur or crop detected,user_photo,Uploaded package photo,medium,2025-10-30T17:25:01
d154e521-25a3-4951-87f4-77f0177adff7,05c927f9-0b2f-4d9f-9c17-9899381b170d,code_validity,Pass,Decodes correctly,decoded_code,Decoded from scanned code,structured,2025-11-17T09:08:21
dcd4da07-f3f4-4be9-a3cf-bf3cad286065,05c927f9-0b2f-4d9f-9c17-9899381b170d,label_consistency,Pass,"Fields match (fuzzy match, 0.98 confidence)",ocr_reading,OCR vs decoded payload,high,2025-11-17T09:08:21
86106514-e352-445b-a094-c9f72d9dece7,05c927f9-0b2f-4d9f-9c17-9899381b170d,expiry_status,Pass,Not yet expired,decoded_code,Decoded payload,structured,2025-11-17T09:08:21
b7300657-b37b-4cf6-abd1-e9fcefcaf02d,05c927f9-0b2f-4d9f-9c17-9899381b170d,nsq_status,Pass,No match found in current CDSCO alerts,government_record,CDSCO NSQ/spurious database,structured,2025-11-17T09:08:21
5cb51b17-b7ea-4f18-8c17-1f7333644e71,05c927f9-0b2f-4d9f-9c17-9899381b170d,replay_pattern,Inconclusive,[Preview] Synthetic demo data only,user_photo,Synthetic demo data only,low,2025-11-17T09:08:21
08865cfa-5d7e-4c75-b253-35384cabb3f4,05c927f9-0b2f-4d9f-9c17-9899381b170d,visual_heuristic,Pass,No blur or crop detected,user_photo,Uploaded package photo,medium,2025-11-17T09:08:21
3b85cd0b-f799-4593-a035-afdd9b0427cf,f0037250-08f5-4a26-a304-b48aad8ae839,code_validity,Pass,Decodes correctly,decoded_code,Decoded from scanned code,structured,2026-03-31T10:27:28
15b7ca5c-95e6-4e81-b86a-e0346095b470,f0037250-08f5-4a26-a304-b48aad8ae839,label_consistency,Pass,"Fields match (fuzzy match, 0.98 confidence)",ocr_reading,OCR vs decoded payload,high,2026-03-31T10:27:28
c1f79a2b-6b1d-4cdc-bbc4-53d336e4b244,f0037250-08f5-4a26-a304-b48aad8ae839,expiry_status,Pass,Not yet expired,decoded_code,Decoded payload,structured,2026-03-31T10:27:28
576e920c-4065-47a2-ae9e-a00278db139b,f0037250-08f5-4a26-a304-b48aad8ae839,nsq_status,Pass,No match found in current CDSCO alerts,government_record,CDSCO NSQ/spurious database,structured,2026-03-31T10:27:28
32f8387c-42a3-41c3-a8df-b8e721aeded0,f0037250-08f5-4a26-a304-b48aad8ae839,replay_pattern,Inconclusive,[Preview] Synthetic demo data only,user_photo,Synthetic demo data only,low,2026-03-31T10:27:28
58cbf6a2-1199-4774-a924-e863190d06a1,f0037250-08f5-4a26-a304-b48aad8ae839,visual_heuristic,Pass,No blur or crop detected,user_photo,Uploaded package photo,medium,2026-03-31T10:27:28
25794dc9-85f5-4c00-a876-b49f40371b4c,45c92b45-0053-48e6-a51b-5541b0dc4e01,code_validity,Pass,Decodes correctly,decoded_code,Decoded from scanned code,structured,2026-08-09T18:50:26
27b3aa88-34fc-4109-a634-fe6ba9a44530,45c92b45-0053-48e6-a51b-5541b0dc4e01,label_consistency,Pass,"Fields match (fuzzy match, 0.98 confidence)",ocr_reading,OCR vs decoded payload,high,2026-08-09T18:50:26
09b92d04-45b1-4eca-bf00-6f0a6633b45d,45c92b45-0053-48e6-a51b-5541b0dc4e01,expiry_status,Pass,Not yet expired,decoded_code,Decoded payload,structured,2026-08-09T18:50:26
f090ebe9-db9a-4dc0-a3a3-f57aabd98378,45c92b45-0053-48e6-a51b-5541b0dc4e01,nsq_status,Pass,No match found in current CDSCO alerts,government_record,CDSCO NSQ/spurious database,structured,2026-08-09T18:50:26
171e0682-e161-4ec9-822d-d23c602bb0d2,45c92b45-0053-48e6-a51b-5541b0dc4e01,replay_pattern,Inconclusive,[Preview] Synthetic demo data only,user_photo,Synthetic demo data only,low,2026-08-09T18:50:26
87129c2a-a805-4af5-a14d-9913fcfff93b,45c92b45-0053-48e6-a51b-5541b0dc4e01,visual_heuristic,Pass,No blur or crop detected,user_photo,Uploaded package photo,medium,2026-08-09T18:50:26
72effca4-5976-47b0-ae10-498306deaef4,dc39680d-53ff-4aa0-ae11-c12f9f2cad33,code_validity,Pass,Decodes correctly,decoded_code,Decoded from scanned code,structured,2026-02-15T17:11:33
2fa48e94-0d7e-43d7-a2ce-894170018146,dc39680d-53ff-4aa0-ae11-c12f9f2cad33,label_consistency,Pass,"Fields match (fuzzy match, 0.98 confidence)",ocr_reading,OCR vs decoded payload,high,2026-02-15T17:11:33
3dbaa09a-d38a-4388-b80d-46e3a36317e6,dc39680d-53ff-4aa0-ae11-c12f9f2cad33,expiry_status,Pass,Not yet expired,decoded_code,Decoded payload,structured,2026-02-15T17:11:33
9850a35e-b420-4963-9466-b96375c374e8,dc39680d-53ff-4aa0-ae11-c12f9f2cad33,nsq_status,Pass,No match found in current CDSCO alerts,government_record,CDSCO NSQ/spurious database,structured,2026-02-15T17:11:33
1f2b5e06-9310-4c5c-a893-8cb1dce6b2c0,dc39680d-53ff-4aa0-ae11-c12f9f2cad33,replay_pattern,Inconclusive,[Preview] Synthetic demo data only,user_photo,Synthetic demo data only,low,2026-02-15T17:11:33
5f5a0045-3600-48be-a812-2f8e74fcf428,dc39680d-53ff-4aa0-ae11-c12f9f2cad33,visual_heuristic,Pass,No blur or crop detected,user_photo,Uploaded package photo,medium,2026-02-15T17:11:33
605e6427-f2d5-4bb3-9602-21e3ba715cc7,e7406fe1-85e9-4ded-abc1-c27ba9ca6069,code_validity,Pass,Decodes correctly,decoded_code,Decoded from scanned code,structured,2026-04-03T16:54:58
8cf1cdcb-1499-4e73-9315-db6f21d263e3,e7406fe1-85e9-4ded-abc1-c27ba9ca6069,label_consistency,Pass,"Fields match (fuzzy match, 0.98 confidence)",ocr_reading,OCR vs decoded payload,high,2026-04-03T16:54:58
c411e1be-61ee-4e2d-b446-8c46d82a35fb,e7406fe1-85e9-4ded-abc1-c27ba9ca6069,expiry_status,Pass,Not yet expired,decoded_code,Decoded payload,structured,2026-04-03T16:54:58
4173641a-b817-4f0d-a815-ec0a32ef83a2,e7406fe1-85e9-4ded-abc1-c27ba9ca6069,nsq_status,Pass,No match found in current CDSCO alerts,government_record,CDSCO NSQ/spurious database,structured,2026-04-03T16:54:58
3b096acd-12a6-4611-9099-a04fbfb1c5a3,e7406fe1-85e9-4ded-abc1-c27ba9ca6069,replay_pattern,Inconclusive,[Preview] Synthetic demo data only,user_photo,Synthetic demo data only,low,2026-04-03T16:54:58
1fe54de3-1799-4cd8-a9e0-f57aef12a8ac,e7406fe1-85e9-4ded-abc1-c27ba9ca6069,visual_heuristic,Pass,No blur or crop detected,user_photo,Uploaded package photo,medium,2026-04-03T16:54:58
68d03581-070e-4e36-a0a5-fad09d8c5318,1b6dde14-acbf-4bad-9e4a-410220f45067,code_validity,Pass,Decodes correctly,decoded_code,Decoded from scanned code,structured,2026-08-28T19:04:12
87d6eab8-fffb-4298-9c20-90b37dafa0dc,1b6dde14-acbf-4bad-9e4a-410220f45067,label_consistency,Pass,"Fields match (fuzzy match, 0.98 confidence)",ocr_reading,OCR vs decoded payload,high,2026-08-28T19:04:12
b20e1e7c-6307-4936-b6cf-45a135dbb86a,1b6dde14-acbf-4bad-9e4a-410220f45067,expiry_status,Pass,Not yet expired,decoded_code,Decoded payload,structured,2026-08-28T19:04:12
89b38436-21a6-43d5-8acd-4496392c7c7b,1b6dde14-acbf-4bad-9e4a-410220f45067,nsq_status,Pass,No match found in current CDSCO alerts,government_record,CDSCO NSQ/spurious database,structured,2026-08-28T19:04:12
44a8132f-81f3-4ccd-9363-ae3acc9f3487,1b6dde14-acbf-4bad-9e4a-410220f45067,replay_pattern,Inconclusive,[Preview] Synthetic demo data only,user_photo,Synthetic demo data only,low,2026-08-28T19:04:12
1389d1b0-97e1-4d6b-ac46-dddc76785a49,1b6dde14-acbf-4bad-9e4a-410220f45067,visual_heuristic,Pass,No blur or crop detected,user_photo,Uploaded package photo,medium,2026-08-28T19:04:12
6d1fc286-47fd-4ff6-8603-cc08d312cda3,a0c6f553-936a-4ce2-a6d5-15080f608c57,code_validity,Pass,Decodes correctly,decoded_code,Decoded from scanned code,structured,2026-05-21T15:32:54
41e62ab7-e731-427b-a381-967bfe1c6198,a0c6f553-936a-4ce2-a6d5-15080f608c57,label_consistency,Pass,"Fields match (fuzzy match, 0.98 confidence)",ocr_reading,OCR vs decoded payload,high,2026-05-21T15:32:54
aff07a49-fce6-4fe0-a83f-f83d00c020a2,a0c6f553-936a-4ce2-a6d5-15080f608c57,expiry_status,Pass,Not yet expired,decoded_code,Decoded payload,structured,2026-05-21T15:32:54
02fb4ade-e789-4df7-834c-b14ff3568ba5,a0c6f553-936a-4ce2-a6d5-15080f608c57,nsq_status,Pass,No match found in current CDSCO alerts,government_record,CDSCO NSQ/spurious database,structured,2026-05-21T15:32:54
708d6f5d-4d63-4fff-ad3c-7bec07de0b1a,a0c6f553-936a-4ce2-a6d5-15080f608c57,replay_pattern,Inconclusive,[Preview] Synthetic demo data only,user_photo,Synthetic demo data only,low,2026-05-21T15:32:54
194af598-9769-4cdb-a11b-f42119c379ca,a0c6f553-936a-4ce2-a6d5-15080f608c57,visual_heuristic,Pass,No blur or crop detected,user_photo,Uploaded package photo,medium,2026-05-21T15:32:54
b0da1187-1883-41fc-a361-2745f4b07175,70a0ad5d-d3c5-40f2-8179-49e7192cf34f,code_validity,Pass,Decodes correctly,decoded_code,Decoded from scanned code,structured,2026-02-05T11:15:20
37cacec7-3702-45e1-abfc-416bac86f690,70a0ad5d-d3c5-40f2-8179-49e7192cf34f,label_consistency,Pass,"Fields match (fuzzy match, 0.98 confidence)",ocr_reading,OCR vs decoded payload,high,2026-02-05T11:15:20
787fe69d-cc23-43a4-b431-7466cecb06a2,70a0ad5d-d3c5-40f2-8179-49e7192cf34f,expiry_status,Pass,Not yet expired,decoded_code,Decoded payload,structured,2026-02-05T11:15:20
afea0bea-c6e3-46d1-b98c-e47572892fc7,70a0ad5d-d3c5-40f2-8179-49e7192cf34f,nsq_status,Pass,No match found in current CDSCO alerts,government_record,CDSCO NSQ/spurious database,structured,2026-02-05T11:15:20
0e9f4459-d108-44c5-9916-b8b3e161fb7b,70a0ad5d-d3c5-40f2-8179-49e7192cf34f,replay_pattern,Inconclusive,[Preview] Synthetic demo data only,user_photo,Synthetic demo data only,low,2026-02-05T11:15:20
883ed79c-24bc-415a-981a-ef15b1f583b6,70a0ad5d-d3c5-40f2-8179-49e7192cf34f,visual_heuristic,Pass,No blur or crop detected,user_photo,Uploaded package photo,medium,2026-02-05T11:15:20
225d06fa-1130-49f7-86d6-a13b94e45469,a7a49260-6130-4d3d-a7f0-bc00e1f3ae03,code_validity,Pass,Decodes correctly,decoded_code,Decoded from scanned code,structured,2026-05-11T17:46:59
9cb9a53f-f0c5-46c4-8e96-bb0e595504dc,a7a49260-6130-4d3d-a7f0-bc00e1f3ae03,label_consistency,Pass,"Fields match (fuzzy match, 0.98 confidence)",ocr_reading,OCR vs decoded payload,high,2026-05-11T17:46:59
261f6d5e-9516-4efb-b4d0-8227b1c28da6,a7a49260-6130-4d3d-a7f0-bc00e1f3ae03,expiry_status,Pass,Not yet expired,decoded_code,Decoded payload,structured,2026-05-11T17:46:59
2e493663-9e7b-4588-b766-1cb607a8728f,a7a49260-6130-4d3d-a7f0-bc00e1f3ae03,nsq_status,Pass,No match found in current CDSCO alerts,government_record,CDSCO NSQ/spurious database,structured,2026-05-11T17:46:59
20b8a63c-2c34-4a21-bf1b-d4525f3adde1,a7a49260-6130-4d3d-a7f0-bc00e1f3ae03,replay_pattern,Inconclusive,[Preview] Synthetic demo data only,user_photo,Synthetic demo data only,low,2026-05-11T17:46:59
8fcf7cad-32ee-416d-9a24-b1b99e02e89e,a7a49260-6130-4d3d-a7f0-bc00e1f3ae03,visual_heuristic,Pass,No blur or crop detected,user_photo,Uploaded package photo,medium,2026-05-11T17:46:59
8947e261-0e01-439d-9d49-7e96b9416c4f,29d82fd6-b3b5-4cd0-adab-0056a096744c,code_validity,Pass,Decodes correctly,decoded_code,Decoded from scanned code,structured,2025-12-10T13:12:26
b5b54b28-0c75-4f1c-8eb9-f0e88306dd8b,29d82fd6-b3b5-4cd0-adab-0056a096744c,label_consistency,Pass,"Fields match (fuzzy match, 0.98 confidence)",ocr_reading,OCR vs decoded payload,high,2025-12-10T13:12:26
095874a4-4c70-4c24-9efa-089ac046f663,29d82fd6-b3b5-4cd0-adab-0056a096744c,expiry_status,Pass,Not yet expired,decoded_code,Decoded payload,structured,2025-12-10T13:12:26
79a7f72b-b5fb-4605-9596-bce67b181dca,29d82fd6-b3b5-4cd0-adab-0056a096744c,nsq_status,Pass,No match found in current CDSCO alerts,government_record,CDSCO NSQ/spurious database,structured,2025-12-10T13:12:26
6dbcfb2d-912d-4c37-8d9f-24483268aa3d,29d82fd6-b3b5-4cd0-adab-0056a096744c,replay_pattern,Inconclusive,[Preview] Synthetic demo data only,user_photo,Synthetic demo data only,low,2025-12-10T13:12:26
e8983162-dbc0-4f9c-b426-28f35dba3f4d,29d82fd6-b3b5-4cd0-adab-0056a096744c,visual_heuristic,Pass,No blur or crop detected,user_photo,Uploaded package photo,medium,2025-12-10T13:12:26
9028a8bc-31a7-46f5-958b-28384b71e24e,43a1c49a-476c-4195-adeb-050653514a26,code_validity,Pass,Decodes correctly,decoded_code,Decoded from scanned code,structured,2025-12-15T07:50:56
4f4c8b7d-a55d-4363-84b2-332b0992d09f,43a1c49a-476c-4195-adeb-050653514a26,label_consistency,Pass,"Fields match (fuzzy match, 0.98 confidence)",ocr_reading,OCR vs decoded payload,high,2025-12-15T07:50:56
ebc0e311-fc9f-4352-8624-65095ff0d9a3,43a1c49a-476c-4195-adeb-050653514a26,expiry_status,Pass,Not yet expired,decoded_code,Decoded payload,structured,2025-12-15T07:50:56
ae006e98-2936-4c98-9479-a0c599d12374,43a1c49a-476c-4195-adeb-050653514a26,nsq_status,Pass,No match found in current CDSCO alerts,government_record,CDSCO NSQ/spurious database,structured,2025-12-15T07:50:56
4f914572-e572-460e-be6c-ddbc46918f3d,43a1c49a-476c-4195-adeb-050653514a26,replay_pattern,Inconclusive,[Preview] Synthetic demo data only,user_photo,Synthetic demo data only,low,2025-12-15T07:50:56
a82d759a-9614-4ac0-8f6a-241331949830,43a1c49a-476c-4195-adeb-050653514a26,visual_heuristic,Pass,No blur or crop detected,user_photo,Uploaded package photo,medium,2025-12-15T07:50:56
40599778-2516-4bd3-ac16-899aba2e1ad3,8d7c582a-bad0-49ba-8544-efdec305f528,code_validity,Pass,Decodes correctly,decoded_code,Decoded from scanned code,structured,2026-03-13T13:01:37
c3dca435-d8f4-4cb2-a324-d9d6d48946a2,8d7c582a-bad0-49ba-8544-efdec305f528,label_consistency,Pass,"Fields match (fuzzy match, 0.98 confidence)",ocr_reading,OCR vs decoded payload,high,2026-03-13T13:01:37
3b46189d-7db1-4067-b264-0acd1478cb8e,8d7c582a-bad0-49ba-8544-efdec305f528,expiry_status,Pass,Not yet expired,decoded_code,Decoded payload,structured,2026-03-13T13:01:37
4cb069d5-a9f3-4ea1-a0fe-9266f42efdfb,8d7c582a-bad0-49ba-8544-efdec305f528,nsq_status,Pass,No match found in current CDSCO alerts,government_record,CDSCO NSQ/spurious database,structured,2026-03-13T13:01:37
fcc4d88d-dfe2-49d2-8eca-005ea93b2cb2,8d7c582a-bad0-49ba-8544-efdec305f528,replay_pattern,Inconclusive,[Preview] Synthetic demo data only,user_photo,Synthetic demo data only,low,2026-03-13T13:01:37
ca7d5e93-af00-419e-adbd-c57fd671498b,8d7c582a-bad0-49ba-8544-efdec305f528,visual_heuristic,Pass,No blur or crop detected,user_photo,Uploaded package photo,medium,2026-03-13T13:01:37
1475c37e-7755-4c45-a47f-295d49fbdebb,1bc4b62c-dda6-4364-8f03-50f04f42b3b4,code_validity,Pass,Decodes correctly,decoded_code,Decoded from scanned code,structured,2025-04-24T18:54:21
d49555c2-7f2c-46b8-b8e9-20020f713356,1bc4b62c-dda6-4364-8f03-50f04f42b3b4,label_consistency,Pass,"Fields match (fuzzy match, 0.98 confidence)",ocr_reading,OCR vs decoded payload,high,2025-04-24T18:54:21
3154047f-72c0-4a34-bf19-dad8e59232c3,1bc4b62c-dda6-4364-8f03-50f04f42b3b4,expiry_status,Pass,Not yet expired,decoded_code,Decoded payload,structured,2025-04-24T18:54:21
207a152b-a86a-4812-b4ea-c75ff12849a9,1bc4b62c-dda6-4364-8f03-50f04f42b3b4,nsq_status,Pass,No match found in current CDSCO alerts,government_record,CDSCO NSQ/spurious database,structured,2025-04-24T18:54:21
1f819d7a-5e67-4178-807b-ba1d96c9c79a,1bc4b62c-dda6-4364-8f03-50f04f42b3b4,replay_pattern,Inconclusive,[Preview] Synthetic demo data only,user_photo,Synthetic demo data only,low,2025-04-24T18:54:21
a58c3008-e380-47bf-b447-a3c8deba95c3,1bc4b62c-dda6-4364-8f03-50f04f42b3b4,visual_heuristic,Pass,No blur or crop detected,user_photo,Uploaded package photo,medium,2025-04-24T18:54:21
4f376fbf-80c5-472f-9275-f1dad2dcdcca,8e1086c8-fee4-442a-9767-2d204d5958da,code_validity,Pass,Decodes correctly,decoded_code,Decoded from scanned code,structured,2025-09-27T20:37:29
52f77b36-7d7e-47c0-becd-5b2f192ccb3a,8e1086c8-fee4-442a-9767-2d204d5958da,label_consistency,Pass,"Fields match (fuzzy match, 0.98 confidence)",ocr_reading,OCR vs decoded payload,high,2025-09-27T20:37:29
9f23313f-5ff1-4506-af15-77cef65294d4,8e1086c8-fee4-442a-9767-2d204d5958da,expiry_status,Pass,Not yet expired,decoded_code,Decoded payload,structured,2025-09-27T20:37:29
6b57d804-a235-48ba-aa82-6577b4579835,8e1086c8-fee4-442a-9767-2d204d5958da,nsq_status,Pass,No match found in current CDSCO alerts,government_record,CDSCO NSQ/spurious database,structured,2025-09-27T20:37:29
eb1fa7c1-3664-41e5-b209-54e40c3c5bc0,8e1086c8-fee4-442a-9767-2d204d5958da,replay_pattern,Inconclusive,[Preview] Synthetic demo data only,user_photo,Synthetic demo data only,low,2025-09-27T20:37:29
b9059111-834f-47ea-b5eb-d84775cc8587,8e1086c8-fee4-442a-9767-2d204d5958da,visual_heuristic,Pass,No blur or crop detected,user_photo,Uploaded package photo,medium,2025-09-27T20:37:29
ad320676-856a-432c-93a2-23f36213f14f,31c90830-9cb3-460b-941f-adf3862e7cd2,code_validity,Pass,Decodes correctly,decoded_code,Decoded from scanned code,structured,2026-01-07T17:50:55
07c5d88c-d5f7-4e33-9685-b73994d20f31,31c90830-9cb3-460b-941f-adf3862e7cd2,label_consistency,Pass,"Fields match (fuzzy match, 0.98 confidence)",ocr_reading,OCR vs decoded payload,high,2026-01-07T17:50:55
4e9708ec-6f7a-4a26-926a-91e8b9102f61,31c90830-9cb3-460b-941f-adf3862e7cd2,expiry_status,Pass,Not yet expired,decoded_code,Decoded payload,structured,2026-01-07T17:50:55
fdf39402-7cf4-4a10-9dbd-61b02297e45f,31c90830-9cb3-460b-941f-adf3862e7cd2,nsq_status,Pass,No match found in current CDSCO alerts,government_record,CDSCO NSQ/spurious database,structured,2026-01-07T17:50:55
e917a926-330f-4265-b085-c4c0e93828e5,31c90830-9cb3-460b-941f-adf3862e7cd2,replay_pattern,Inconclusive,[Preview] Synthetic demo data only,user_photo,Synthetic demo data only,low,2026-01-07T17:50:55
43b4db00-4110-48ab-8637-4c68cb37075d,31c90830-9cb3-460b-941f-adf3862e7cd2,visual_heuristic,Pass,No blur or crop detected,user_photo,Uploaded package photo,medium,2026-01-07T17:50:55
568122cc-24e8-40fe-a84e-b76f9639a9dc,0e4c2c40-c16c-40d7-9393-8d3185de1c21,code_validity,Pass,Decodes correctly,decoded_code,Decoded from scanned code,structured,2026-02-02T14:17:53
c35d1d0d-a7a7-41aa-bb50-0d5b7c134553,0e4c2c40-c16c-40d7-9393-8d3185de1c21,label_consistency,Pass,"Fields match (fuzzy match, 0.98 confidence)",ocr_reading,OCR vs decoded payload,high,2026-02-02T14:17:53
be32b40f-7eb8-47b5-b31f-1914ee33f9d3,0e4c2c40-c16c-40d7-9393-8d3185de1c21,expiry_status,Pass,Not yet expired,decoded_code,Decoded payload,structured,2026-02-02T14:17:53
b5c3aa53-6c1a-43aa-a256-65bc4e1b881b,0e4c2c40-c16c-40d7-9393-8d3185de1c21,nsq_status,Pass,No match found in current CDSCO alerts,government_record,CDSCO NSQ/spurious database,structured,2026-02-02T14:17:53
351adffd-5e14-4b6e-8ea9-b5e997cf8d63,0e4c2c40-c16c-40d7-9393-8d3185de1c21,replay_pattern,Inconclusive,[Preview] Synthetic demo data only,user_photo,Synthetic demo data only,low,2026-02-02T14:17:53
a5a0e12e-fa16-41ed-a250-b103cb6eac9c,0e4c2c40-c16c-40d7-9393-8d3185de1c21,visual_heuristic,Pass,No blur or crop detected,user_photo,Uploaded package photo,medium,2026-02-02T14:17:53
5bf14df2-fbfa-48f9-8805-9b303af581e3,ec943758-2c93-4001-adc3-6ea3cae69df5,code_validity,Pass,Decodes correctly,decoded_code,Decoded from scanned code,structured,2025-12-08T18:06:38
5ae5847c-13c2-4cee-990b-ab41e418dc98,ec943758-2c93-4001-adc3-6ea3cae69df5,label_consistency,Pass,"Fields match (fuzzy match, 0.98 confidence)",ocr_reading,OCR vs decoded payload,high,2025-12-08T18:06:38
de022b5d-7929-4cd2-ac77-5172f6a91b57,ec943758-2c93-4001-adc3-6ea3cae69df5,expiry_status,Pass,Not yet expired,decoded_code,Decoded payload,structured,2025-12-08T18:06:38
6fe417e5-c5eb-4a0c-8bec-27cf9383c50b,ec943758-2c93-4001-adc3-6ea3cae69df5,nsq_status,Pass,No match found in current CDSCO alerts,government_record,CDSCO NSQ/spurious database,structured,2025-12-08T18:06:38
bf0b5206-90fe-4428-9137-cc5ef8b06afd,ec943758-2c93-4001-adc3-6ea3cae69df5,replay_pattern,Inconclusive,[Preview] Synthetic demo data only,user_photo,Synthetic demo data only,low,2025-12-08T18:06:38
87a4ed51-e0c2-4cd7-84b3-623f1aa384d8,ec943758-2c93-4001-adc3-6ea3cae69df5,visual_heuristic,Pass,No blur or crop detected,user_photo,Uploaded package photo,medium,2025-12-08T18:06:38
093fffb4-5a47-4f66-9466-dc405634475d,7537e8b8-7b50-4642-88a1-2fe640af8a47,code_validity,Pass,Decodes correctly,decoded_code,Decoded from scanned code,structured,2025-04-20T15:51:13
75fdf569-8f4f-4d22-9c16-19ae8090c035,7537e8b8-7b50-4642-88a1-2fe640af8a47,label_consistency,Pass,"Fields match (fuzzy match, 0.98 confidence)",ocr_reading,OCR vs decoded payload,high,2025-04-20T15:51:13
e85d6c95-4657-495f-a557-67fcf821acdd,7537e8b8-7b50-4642-88a1-2fe640af8a47,expiry_status,Pass,Not yet expired,decoded_code,Decoded payload,structured,2025-04-20T15:51:13
8941533f-a445-4ad4-b2c9-fccd0ba5cfd8,7537e8b8-7b50-4642-88a1-2fe640af8a47,nsq_status,Pass,No match found in current CDSCO alerts,government_record,CDSCO NSQ/spurious database,structured,2025-04-20T15:51:13
b9852fe2-bd44-4928-8260-3117a42c92ec,7537e8b8-7b50-4642-88a1-2fe640af8a47,replay_pattern,Inconclusive,[Preview] Synthetic demo data only,user_photo,Synthetic demo data only,low,2025-04-20T15:51:13
2d0ec039-6b21-4988-a68a-ad06ed07b616,7537e8b8-7b50-4642-88a1-2fe640af8a47,visual_heuristic,Pass,No blur or crop detected,user_photo,Uploaded package photo,medium,2025-04-20T15:51:13
de3107ef-2139-4ba5-9246-66822079a956,69ea6e4e-e297-4a2d-b338-4a98f5db7031,code_validity,Pass,Decodes correctly,decoded_code,Decoded from scanned code,structured,2026-03-11T08:26:45
89d393db-fad4-4af3-a3bc-f037f495b13f,69ea6e4e-e297-4a2d-b338-4a98f5db7031,label_consistency,Pass,"Fields match (fuzzy match, 0.98 confidence)",ocr_reading,OCR vs decoded payload,high,2026-03-11T08:26:45
034f1a70-d77b-4221-8959-77999d7fb8d8,69ea6e4e-e297-4a2d-b338-4a98f5db7031,expiry_status,Pass,Not yet expired,decoded_code,Decoded payload,structured,2026-03-11T08:26:45
0fe85e34-8bb3-4102-b8d0-563375557492,69ea6e4e-e297-4a2d-b338-4a98f5db7031,nsq_status,Pass,No match found in current CDSCO alerts,government_record,CDSCO NSQ/spurious database,structured,2026-03-11T08:26:45
e929f39a-979c-432b-99d2-a3efcfd2ee2a,69ea6e4e-e297-4a2d-b338-4a98f5db7031,replay_pattern,Inconclusive,[Preview] Synthetic demo data only,user_photo,Synthetic demo data only,low,2026-03-11T08:26:45
d50dc1fb-26b6-4bf1-ab26-771ed01abc1d,69ea6e4e-e297-4a2d-b338-4a98f5db7031,visual_heuristic,Pass,No blur or crop detected,user_photo,Uploaded package photo,medium,2026-03-11T08:26:45
9f54c397-7fd4-422d-9794-830873bf76be,a47fea15-60bd-4e9a-9fde-10460d47aaae,code_validity,Pass,Decodes correctly,decoded_code,Decoded from scanned code,structured,2025-04-15T17:37:05
e9723d41-1954-42ee-9889-b7177924a131,a47fea15-60bd-4e9a-9fde-10460d47aaae,label_consistency,Pass,"Fields match (fuzzy match, 0.98 confidence)",ocr_reading,OCR vs decoded payload,high,2025-04-15T17:37:05
23a41785-ca1a-4963-be23-be4156116982,a47fea15-60bd-4e9a-9fde-10460d47aaae,expiry_status,Pass,Not yet expired,decoded_code,Decoded payload,structured,2025-04-15T17:37:05
8bbe8629-f702-41b0-8c55-3e547a0a3f7f,a47fea15-60bd-4e9a-9fde-10460d47aaae,nsq_status,Pass,No match found in current CDSCO alerts,government_record,CDSCO NSQ/spurious database,structured,2025-04-15T17:37:05
8e52c19a-7c91-4e28-aaae-1c4fd90a35f8,a47fea15-60bd-4e9a-9fde-10460d47aaae,replay_pattern,Inconclusive,[Preview] Synthetic demo data only,user_photo,Synthetic demo data only,low,2025-04-15T17:37:05
34bd1e63-3b73-4033-99ef-1bb6b1cfecab,a47fea15-60bd-4e9a-9fde-10460d47aaae,visual_heuristic,Pass,No blur or crop detected,user_photo,Uploaded package photo,medium,2025-04-15T17:37:05
08190d30-6a99-4d6f-a81c-3a5152eb8794,d1d6920d-a0cf-45b2-bd13-043e89fabd08,code_validity,Pass,Decodes correctly,decoded_code,Decoded from scanned code,structured,2025-12-15T16:16:04
7f355368-d9bd-4fa4-8a2f-19adbf68e236,d1d6920d-a0cf-45b2-bd13-043e89fabd08,label_consistency,Pass,"Fields match (fuzzy match, 0.98 confidence)",ocr_reading,OCR vs decoded payload,high,2025-12-15T16:16:04
983efcfc-5557-49a8-b6ec-4cb8cd43b8ba,d1d6920d-a0cf-45b2-bd13-043e89fabd08,expiry_status,Pass,Not yet expired,decoded_code,Decoded payload,structured,2025-12-15T16:16:04
d0dc9b1d-fe65-4b41-adb9-c2ded69e967d,d1d6920d-a0cf-45b2-bd13-043e89fabd08,nsq_status,Pass,No match found in current CDSCO alerts,government_record,CDSCO NSQ/spurious database,structured,2025-12-15T16:16:04
78100eaf-a135-4cb9-9cb2-cc114baa9857,d1d6920d-a0cf-45b2-bd13-043e89fabd08,replay_pattern,Inconclusive,[Preview] Synthetic demo data only,user_photo,Synthetic demo data only,low,2025-12-15T16:16:04
b2c0f3f3-cdfe-46a1-b253-668d1eeb5368,d1d6920d-a0cf-45b2-bd13-043e89fabd08,visual_heuristic,Pass,No blur or crop detected,user_photo,Uploaded package photo,medium,2025-12-15T16:16:04
d50e362b-66d8-4484-b7be-b55a37eac500,97bbc764-276a-41bb-8677-7e336182df52,code_validity,Pass,Decodes correctly,decoded_code,Decoded from scanned code,structured,2025-11-25T17:35:32
3b7eaf56-445f-4285-b0a0-36319a1f0d34,97bbc764-276a-41bb-8677-7e336182df52,label_consistency,Pass,"Fields match (fuzzy match, 0.98 confidence)",ocr_reading,OCR vs decoded payload,high,2025-11-25T17:35:32
f2c2c3cc-6ca2-42d5-aa19-454a4a03703a,97bbc764-276a-41bb-8677-7e336182df52,expiry_status,Pass,Not yet expired,decoded_code,Decoded payload,structured,2025-11-25T17:35:32
3ee6695c-1d48-47cb-95a7-864c3c53b167,97bbc764-276a-41bb-8677-7e336182df52,nsq_status,Pass,No match found in current CDSCO alerts,government_record,CDSCO NSQ/spurious database,structured,2025-11-25T17:35:32
a5c8847b-7861-4522-aada-0c7bac56b9c9,97bbc764-276a-41bb-8677-7e336182df52,replay_pattern,Inconclusive,[Preview] Synthetic demo data only,user_photo,Synthetic demo data only,low,2025-11-25T17:35:32
5024bbe8-bd99-431b-a5b6-237192b5bcbf,97bbc764-276a-41bb-8677-7e336182df52,visual_heuristic,Pass,No blur or crop detected,user_photo,Uploaded package photo,medium,2025-11-25T17:35:32
59580065-0185-436c-abba-33dc68b41af1,1ab9d6cb-1cfe-4867-9e1d-a6a847070e76,code_validity,Pass,Decodes correctly,decoded_code,Decoded from scanned code,structured,2025-11-09T08:25:44
3c39ab11-a2d4-4539-adca-8b24883cb517,1ab9d6cb-1cfe-4867-9e1d-a6a847070e76,label_consistency,Pass,"Fields match (fuzzy match, 0.98 confidence)",ocr_reading,OCR vs decoded payload,high,2025-11-09T08:25:44
1452250d-4a8a-4a6a-a5f9-c47bea6a3f5c,1ab9d6cb-1cfe-4867-9e1d-a6a847070e76,expiry_status,Pass,Not yet expired,decoded_code,Decoded payload,structured,2025-11-09T08:25:44
1eebb2a4-c87d-41b5-b6df-2543fb0777c7,1ab9d6cb-1cfe-4867-9e1d-a6a847070e76,nsq_status,Pass,No match found in current CDSCO alerts,government_record,CDSCO NSQ/spurious database,structured,2025-11-09T08:25:44
6f920b47-b922-4d2f-b604-d4f292134109,1ab9d6cb-1cfe-4867-9e1d-a6a847070e76,replay_pattern,Inconclusive,[Preview] Synthetic demo data only,user_photo,Synthetic demo data only,low,2025-11-09T08:25:44
d4dd7351-e830-40b0-9f3a-9e72246bdd11,1ab9d6cb-1cfe-4867-9e1d-a6a847070e76,visual_heuristic,Pass,No blur or crop detected,user_photo,Uploaded package photo,medium,2025-11-09T08:25:44
c27fd6da-8ffd-47d0-bbd6-6e108c448ef8,020453b2-4a69-4bf8-8f5c-9fcf5f5bacc0,code_validity,Pass,Decodes correctly,decoded_code,Decoded from scanned code,structured,2026-09-01T09:08:55
2c18e203-2427-4318-950c-195ff5e5d5ad,020453b2-4a69-4bf8-8f5c-9fcf5f5bacc0,label_consistency,Pass,"Fields match (fuzzy match, 0.98 confidence)",ocr_reading,OCR vs decoded payload,high,2026-09-01T09:08:55
7f9a163d-9ed7-40e8-9ef8-1ed12eebcb42,020453b2-4a69-4bf8-8f5c-9fcf5f5bacc0,expiry_status,Pass,Not yet expired,decoded_code,Decoded payload,structured,2026-09-01T09:08:55
c54b3f38-a55e-4386-9e83-f933a704b6f8,020453b2-4a69-4bf8-8f5c-9fcf5f5bacc0,nsq_status,Pass,No match found in current CDSCO alerts,government_record,CDSCO NSQ/spurious database,structured,2026-09-01T09:08:55
78d2af8b-7c37-4a75-993a-ee1092cbe383,020453b2-4a69-4bf8-8f5c-9fcf5f5bacc0,replay_pattern,Inconclusive,[Preview] Synthetic demo data only,user_photo,Synthetic demo data only,low,2026-09-01T09:08:55
0f696f64-a8cd-4d82-9cd7-a64ef47f16ef,020453b2-4a69-4bf8-8f5c-9fcf5f5bacc0,visual_heuristic,Pass,No blur or crop detected,user_photo,Uploaded package photo,medium,2026-09-01T09:08:55
79216488-b527-4ea2-8fb6-94e2e7a9487d,a0fac95d-0fd9-4a0f-987c-80b304359593,code_validity,Pass,Decodes correctly,decoded_code,Decoded from scanned code,structured,2026-05-06T12:27:57
fbaa3341-4f6d-456e-955d-c4a4cd916ee3,a0fac95d-0fd9-4a0f-987c-80b304359593,label_consistency,Pass,"Fields match (fuzzy match, 0.98 confidence)",ocr_reading,OCR vs decoded payload,high,2026-05-06T12:27:57
c7086f0e-ae1f-4bc0-be00-78286432802a,a0fac95d-0fd9-4a0f-987c-80b304359593,expiry_status,Pass,Not yet expired,decoded_code,Decoded payload,structured,2026-05-06T12:27:57
28eac38d-8f87-401f-b6c6-ec0266fa6a1a,a0fac95d-0fd9-4a0f-987c-80b304359593,nsq_status,Pass,No match found in current CDSCO alerts,government_record,CDSCO NSQ/spurious database,structured,2026-05-06T12:27:57
fe687aff-4ea4-4588-851d-4f98eb5c2947,a0fac95d-0fd9-4a0f-987c-80b304359593,replay_pattern,Inconclusive,[Preview] Synthetic demo data only,user_photo,Synthetic demo data only,low,2026-05-06T12:27:57
e6c0b2f3-e75b-4ea4-9b69-9b7b3ca7a7f5,a0fac95d-0fd9-4a0f-987c-80b304359593,visual_heuristic,Pass,No blur or crop detected,user_photo,Uploaded package photo,medium,2026-05-06T12:27:57
4819fef8-a584-4d9d-a2b5-048af21f8bd3,c4e02c56-7204-4077-a65e-7aa00aade60a,code_validity,Pass,Decodes correctly,decoded_code,Decoded from scanned code,structured,2026-04-27T16:01:03
1f7d6850-1fe1-4066-8e6f-2f9396b1f1fd,c4e02c56-7204-4077-a65e-7aa00aade60a,label_consistency,Pass,"Fields match (fuzzy match, 0.98 confidence)",ocr_reading,OCR vs decoded payload,high,2026-04-27T16:01:03
2b4cdf89-101c-418a-a2d1-dacd3b134f3e,c4e02c56-7204-4077-a65e-7aa00aade60a,expiry_status,Pass,Not yet expired,decoded_code,Decoded payload,structured,2026-04-27T16:01:03
04226b4d-09ef-472f-9397-3ad38c69efda,c4e02c56-7204-4077-a65e-7aa00aade60a,nsq_status,Pass,No match found in current CDSCO alerts,government_record,CDSCO NSQ/spurious database,structured,2026-04-27T16:01:03
d3c15d69-e508-44b1-b966-468a26f766f5,c4e02c56-7204-4077-a65e-7aa00aade60a,replay_pattern,Inconclusive,[Preview] Synthetic demo data only,user_photo,Synthetic demo data only,low,2026-04-27T16:01:03
c1bcf684-6189-473c-a35e-aafc05c7a9ef,c4e02c56-7204-4077-a65e-7aa00aade60a,visual_heuristic,Pass,No blur or crop detected,user_photo,Uploaded package photo,medium,2026-04-27T16:01:03
0a0025ff-bd6b-498d-85a5-b0a42e094891,44c589c5-abf7-4d88-bde7-18252380f365,code_validity,Pass,Decodes correctly,decoded_code,Decoded from scanned code,structured,2025-05-14T11:41:06
27b9af9c-bd38-421c-9d72-c91bef8b4bb4,44c589c5-abf7-4d88-bde7-18252380f365,label_consistency,Pass,"Fields match (fuzzy match, 0.98 confidence)",ocr_reading,OCR vs decoded payload,high,2025-05-14T11:41:06
a3675392-191f-4736-af26-47353ded4440,44c589c5-abf7-4d88-bde7-18252380f365,expiry_status,Pass,Not yet expired,decoded_code,Decoded payload,structured,2025-05-14T11:41:06
a11070a6-f5a2-49cc-8a15-6d2d1b26300a,44c589c5-abf7-4d88-bde7-18252380f365,nsq_status,Pass,No match found in current CDSCO alerts,government_record,CDSCO NSQ/spurious database,structured,2025-05-14T11:41:06
2a0cd991-a64c-41a3-8b73-b98f163642a4,44c589c5-abf7-4d88-bde7-18252380f365,replay_pattern,Inconclusive,[Preview] Synthetic demo data only,user_photo,Synthetic demo data only,low,2025-05-14T11:41:06
0285c305-391e-4a57-873d-ce83f23a2126,44c589c5-abf7-4d88-bde7-18252380f365,visual_heuristic,Pass,No blur or crop detected,user_photo,Uploaded package photo,medium,2025-05-14T11:41:06
984d1712-dae5-441c-aa3a-e93dbc792e8a,08601956-eb46-4e4b-ad97-39dfbd4f793c,code_validity,Pass,Decodes correctly,decoded_code,Decoded from scanned code,structured,2026-09-07T07:28:57
7e3775ae-5519-4108-97f9-199500a74846,08601956-eb46-4e4b-ad97-39dfbd4f793c,label_consistency,Pass,"Fields match (fuzzy match, 0.98 confidence)",ocr_reading,OCR vs decoded payload,high,2026-09-07T07:28:57
1acacd95-704f-46cd-a9b0-eabc62fafb1f,08601956-eb46-4e4b-ad97-39dfbd4f793c,expiry_status,Pass,Not yet expired,decoded_code,Decoded payload,structured,2026-09-07T07:28:57
1983404e-7bda-4dca-8e83-9036ed7687c7,08601956-eb46-4e4b-ad97-39dfbd4f793c,nsq_status,Pass,No match found in current CDSCO alerts,government_record,CDSCO NSQ/spurious database,structured,2026-09-07T07:28:57
3d9c83e4-3476-4f24-9bd3-99bbba600e7e,08601956-eb46-4e4b-ad97-39dfbd4f793c,replay_pattern,Inconclusive,[Preview] Synthetic demo data only,user_photo,Synthetic demo data only,low,2026-09-07T07:28:57
4eb00c4b-4fc0-475b-84ac-cdbffc719f20,08601956-eb46-4e4b-ad97-39dfbd4f793c,visual_heuristic,Pass,No blur or crop detected,user_photo,Uploaded package photo,medium,2026-09-07T07:28:57
f168a2ad-5b8c-4f4d-8405-c60c5764e1f8,2879121f-40b8-43a9-8b86-79e8f7a0a0b7,code_validity,Pass,Decodes correctly,decoded_code,Decoded from scanned code,structured,2025-08-17T07:22:22
a128d86c-2729-4fe6-8fe4-8fca1f4b0bbb,2879121f-40b8-43a9-8b86-79e8f7a0a0b7,label_consistency,Pass,"Fields match (fuzzy match, 0.98 confidence)",ocr_reading,OCR vs decoded payload,high,2025-08-17T07:22:22
37ed071b-e8e3-4b1b-8783-6c5dfe9374bf,2879121f-40b8-43a9-8b86-79e8f7a0a0b7,expiry_status,Pass,Not yet expired,decoded_code,Decoded payload,structured,2025-08-17T07:22:22
b7537deb-237e-43ee-8534-b861af0ffab4,2879121f-40b8-43a9-8b86-79e8f7a0a0b7,nsq_status,Pass,No match found in current CDSCO alerts,government_record,CDSCO NSQ/spurious database,structured,2025-08-17T07:22:22
ee6a13e4-64c1-4e9b-b51c-c748e0eee644,2879121f-40b8-43a9-8b86-79e8f7a0a0b7,replay_pattern,Inconclusive,[Preview] Synthetic demo data only,user_photo,Synthetic demo data only,low,2025-08-17T07:22:22
dec4d6e8-7943-4cf7-a6a7-94f7ac2bd0b7,2879121f-40b8-43a9-8b86-79e8f7a0a0b7,visual_heuristic,Pass,No blur or crop detected,user_photo,Uploaded package photo,medium,2025-08-17T07:22:22
eb1e64fb-1e4c-4fab-a049-66079b46532f,cce4c193-60b9-4ae0-94f0-dae405e3f87c,code_validity,Pass,Decodes correctly,decoded_code,Decoded from scanned code,structured,2026-01-12T08:21:06
705d0ae5-3a83-43d8-9c22-5c00cf12013c,cce4c193-60b9-4ae0-94f0-dae405e3f87c,label_consistency,Pass,"Fields match (fuzzy match, 0.98 confidence)",ocr_reading,OCR vs decoded payload,high,2026-01-12T08:21:06
9265e6ac-49e9-4e86-bc39-310592bfd295,cce4c193-60b9-4ae0-94f0-dae405e3f87c,expiry_status,Pass,Not yet expired,decoded_code,Decoded payload,structured,2026-01-12T08:21:06
bafc9879-6782-4ce1-a7c0-64ebcfa1b927,cce4c193-60b9-4ae0-94f0-dae405e3f87c,nsq_status,Pass,No match found in current CDSCO alerts,government_record,CDSCO NSQ/spurious database,structured,2026-01-12T08:21:06
c99f4724-3590-4fe8-b95f-edd4cb34eade,cce4c193-60b9-4ae0-94f0-dae405e3f87c,replay_pattern,Inconclusive,[Preview] Synthetic demo data only,user_photo,Synthetic demo data only,low,2026-01-12T08:21:06
e36c7730-4b1e-41db-a352-4ab4f034e684,cce4c193-60b9-4ae0-94f0-dae405e3f87c,visual_heuristic,Pass,No blur or crop detected,user_photo,Uploaded package photo,medium,2026-01-12T08:21:06
48047aaa-cf69-4479-b456-e28504d39817,47cd6581-25d2-4c7c-b63e-29b2ac6312ef,code_validity,Pass,Decodes correctly,decoded_code,Decoded from scanned code,structured,2026-09-04T17:36:33
1fe3df33-a0eb-4fc6-989a-9e24e48ad1ed,47cd6581-25d2-4c7c-b63e-29b2ac6312ef,label_consistency,Pass,"Fields match (fuzzy match, 0.98 confidence)",ocr_reading,OCR vs decoded payload,high,2026-09-04T17:36:33
81f28e87-5fe2-4ac4-9f81-9e55b194352a,47cd6581-25d2-4c7c-b63e-29b2ac6312ef,expiry_status,Pass,Not yet expired,decoded_code,Decoded payload,structured,2026-09-04T17:36:33
718debc0-8239-4f3f-b553-a77227c429ca,47cd6581-25d2-4c7c-b63e-29b2ac6312ef,nsq_status,Pass,No match found in current CDSCO alerts,government_record,CDSCO NSQ/spurious database,structured,2026-09-04T17:36:33
18de25ee-3804-4cf2-bea7-265d7b32b395,47cd6581-25d2-4c7c-b63e-29b2ac6312ef,replay_pattern,Inconclusive,[Preview] Synthetic demo data only,user_photo,Synthetic demo data only,low,2026-09-04T17:36:33
e868bd4f-c700-4de4-939c-e2074c392e37,47cd6581-25d2-4c7c-b63e-29b2ac6312ef,visual_heuristic,Pass,No blur or crop detected,user_photo,Uploaded package photo,medium,2026-09-04T17:36:33
321ec55c-70c9-4fef-b89b-719d13ba4d59,de3c74d8-ae43-4c4a-a508-2393f560e042,code_validity,Pass,Decodes correctly,decoded_code,Decoded from scanned code,structured,2025-04-24T12:14:30
2de6e6bc-3d09-40b8-b26d-21e2a9d09edc,de3c74d8-ae43-4c4a-a508-2393f560e042,label_consistency,Pass,"Fields match (fuzzy match, 0.98 confidence)",ocr_reading,OCR vs decoded payload,high,2025-04-24T12:14:30
2a728bb8-f672-477c-b202-10e1c4ae7a0c,de3c74d8-ae43-4c4a-a508-2393f560e042,expiry_status,Pass,Not yet expired,decoded_code,Decoded payload,structured,2025-04-24T12:14:30
f597b772-17ec-42bc-9c44-b36b6fb1e8f9,de3c74d8-ae43-4c4a-a508-2393f560e042,nsq_status,Pass,No match found in current CDSCO alerts,government_record,CDSCO NSQ/spurious database,structured,2025-04-24T12:14:30
5b6511bb-6c5c-4237-86dd-6144dd49ea68,de3c74d8-ae43-4c4a-a508-2393f560e042,replay_pattern,Inconclusive,[Preview] Synthetic demo data only,user_photo,Synthetic demo data only,low,2025-04-24T12:14:30
c7af8c3c-cb13-4e00-a068-eda1b93dbfff,de3c74d8-ae43-4c4a-a508-2393f560e042,visual_heuristic,Pass,No blur or crop detected,user_photo,Uploaded package photo,medium,2025-04-24T12:14:30
6b4c6794-ec1f-4faa-98fc-0c80bcce6e64,4523f6d4-3a8d-44da-820e-7381164852ae,code_validity,Pass,Decodes correctly,decoded_code,Decoded from scanned code,structured,2026-05-14T15:03:16
5e91451c-74f3-482d-bed2-323d980149db,4523f6d4-3a8d-44da-820e-7381164852ae,label_consistency,Pass,"Fields match (fuzzy match, 0.98 confidence)",ocr_reading,OCR vs decoded payload,high,2026-05-14T15:03:16
466709c4-4b9c-4a8e-a0e1-d21d14d5dbe5,4523f6d4-3a8d-44da-820e-7381164852ae,expiry_status,Pass,Not yet expired,decoded_code,Decoded payload,structured,2026-05-14T15:03:16
8e0e180e-f9b8-4ee6-b40d-b2c5147cf413,4523f6d4-3a8d-44da-820e-7381164852ae,nsq_status,Pass,No match found in current CDSCO alerts,government_record,CDSCO NSQ/spurious database,structured,2026-05-14T15:03:16
5355f8b4-acf6-4f53-af81-9cc6ab471305,4523f6d4-3a8d-44da-820e-7381164852ae,replay_pattern,Inconclusive,[Preview] Synthetic demo data only,user_photo,Synthetic demo data only,low,2026-05-14T15:03:16
3cf5d505-645a-4cfa-b70b-19067517dbd7,4523f6d4-3a8d-44da-820e-7381164852ae,visual_heuristic,Pass,No blur or crop detected,user_photo,Uploaded package photo,medium,2026-05-14T15:03:16
a0846dec-b9e8-4e26-8717-e9351342a5fa,fd8a1b3d-98d1-4a4f-97f4-6fa33a6d5177,code_validity,Pass,Decodes correctly,decoded_code,Decoded from scanned code,structured,2026-05-16T00:25:15
9191df00-3436-46a4-95d1-dce8c3ce3e40,fd8a1b3d-98d1-4a4f-97f4-6fa33a6d5177,label_consistency,Pass,"Fields match (fuzzy match, 0.98 confidence)",ocr_reading,OCR vs decoded payload,high,2026-05-16T00:25:15
c634a92e-d338-4b20-88e5-fe949fe5574b,fd8a1b3d-98d1-4a4f-97f4-6fa33a6d5177,expiry_status,Pass,Not yet expired,decoded_code,Decoded payload,structured,2026-05-16T00:25:15
b05b8df2-ddda-47e9-975c-7fa7f849e50a,fd8a1b3d-98d1-4a4f-97f4-6fa33a6d5177,nsq_status,Pass,No match found in current CDSCO alerts,government_record,CDSCO NSQ/spurious database,structured,2026-05-16T00:25:15
678598c7-d0f9-4baa-b5d1-232926bd8bc6,fd8a1b3d-98d1-4a4f-97f4-6fa33a6d5177,replay_pattern,Inconclusive,[Preview] Synthetic demo data only,user_photo,Synthetic demo data only,low,2026-05-16T00:25:15
2fe4cb2a-45af-45e4-89fe-90141996c2cd,fd8a1b3d-98d1-4a4f-97f4-6fa33a6d5177,visual_heuristic,Pass,No blur or crop detected,user_photo,Uploaded package photo,medium,2026-05-16T00:25:15
06cbb1e9-1996-455d-af98-1f080e40ce1f,943a1601-ad6a-49ac-80a8-a1d3f17ba24b,code_validity,Pass,Decodes correctly,decoded_code,Decoded from scanned code,structured,2026-04-08T13:22:52
7c41279c-7d12-48c4-a050-47b631ec6221,943a1601-ad6a-49ac-80a8-a1d3f17ba24b,label_consistency,Pass,"Fields match (fuzzy match, 0.98 confidence)",ocr_reading,OCR vs decoded payload,high,2026-04-08T13:22:52
e829cc78-ef2a-4167-9601-bdfab6fbdba2,943a1601-ad6a-49ac-80a8-a1d3f17ba24b,expiry_status,Pass,Not yet expired,decoded_code,Decoded payload,structured,2026-04-08T13:22:52
3c1fc587-66dc-468a-ac65-3a0aea428d13,943a1601-ad6a-49ac-80a8-a1d3f17ba24b,nsq_status,Pass,No match found in current CDSCO alerts,government_record,CDSCO NSQ/spurious database,structured,2026-04-08T13:22:52
e14dbaf8-6f5c-4169-8f43-e13b9964d58a,943a1601-ad6a-49ac-80a8-a1d3f17ba24b,replay_pattern,Inconclusive,[Preview] Synthetic demo data only,user_photo,Synthetic demo data only,low,2026-04-08T13:22:52
de6209c8-0888-4e7d-8eda-c7f2efd9d270,943a1601-ad6a-49ac-80a8-a1d3f17ba24b,visual_heuristic,Pass,No blur or crop detected,user_photo,Uploaded package photo,medium,2026-04-08T13:22:52
658b6a2d-49e3-4bea-bfee-eaa6bbfe17ea,928c7c18-4859-4896-bc24-e481e62b060d,code_validity,Pass,Decodes correctly,decoded_code,Decoded from scanned code,structured,2025-11-14T08:14:58
96014200-05a0-4738-9508-bbf7d8ef0a83,928c7c18-4859-4896-bc24-e481e62b060d,label_consistency,Pass,"Fields match (fuzzy match, 0.98 confidence)",ocr_reading,OCR vs decoded payload,high,2025-11-14T08:14:58
8df0928f-1345-4da5-bbd3-d2e572641b6d,928c7c18-4859-4896-bc24-e481e62b060d,expiry_status,Pass,Not yet expired,decoded_code,Decoded payload,structured,2025-11-14T08:14:58
3cc51fcb-e7c3-4a15-8ca8-61c320621ba0,928c7c18-4859-4896-bc24-e481e62b060d,nsq_status,Pass,No match found in current CDSCO alerts,government_record,CDSCO NSQ/spurious database,structured,2025-11-14T08:14:58
f1e823be-2a94-4d16-b238-1105f186f6e4,928c7c18-4859-4896-bc24-e481e62b060d,replay_pattern,Inconclusive,[Preview] Synthetic demo data only,user_photo,Synthetic demo data only,low,2025-11-14T08:14:58
d294c72c-8ef6-4faa-b95f-51e60fd90bf0,928c7c18-4859-4896-bc24-e481e62b060d,visual_heuristic,Pass,No blur or crop detected,user_photo,Uploaded package photo,medium,2025-11-14T08:14:58
481ef791-7717-4dd8-ba36-5230b2616098,ca06509f-39fb-4ccb-b982-44378527008c,code_validity,Pass,Decodes correctly,decoded_code,Decoded from scanned code,structured,2026-03-06T16:13:45
ec048831-2260-414e-9507-893c8e37d5ae,ca06509f-39fb-4ccb-b982-44378527008c,label_consistency,Pass,"Fields match (fuzzy match, 0.98 confidence)",ocr_reading,OCR vs decoded payload,high,2026-03-06T16:13:45
6d9d0ad4-0bf1-4231-aad5-549df2f5299e,ca06509f-39fb-4ccb-b982-44378527008c,expiry_status,Pass,Not yet expired,decoded_code,Decoded payload,structured,2026-03-06T16:13:45
c6b09afd-4a5d-4606-a4e4-9ee75724c8fb,ca06509f-39fb-4ccb-b982-44378527008c,nsq_status,Pass,No match found in current CDSCO alerts,government_record,CDSCO NSQ/spurious database,structured,2026-03-06T16:13:45
5b065c48-1029-4089-876c-0c29e08c0b02,ca06509f-39fb-4ccb-b982-44378527008c,replay_pattern,Inconclusive,[Preview] Synthetic demo data only,user_photo,Synthetic demo data only,low,2026-03-06T16:13:45
9b90f236-cade-413a-9968-ae7e0d3970ff,ca06509f-39fb-4ccb-b982-44378527008c,visual_heuristic,Pass,No blur or crop detected,user_photo,Uploaded package photo,medium,2026-03-06T16:13:45
c2d58abe-5578-44be-a68c-9235739a9466,f4117274-22bc-42a4-a1b3-7dca0191ede9,code_validity,Pass,Decodes correctly,decoded_code,Decoded from scanned code,structured,2026-07-27T11:56:40
0dde56f6-ae54-41f1-91c8-5ea8a82582cf,f4117274-22bc-42a4-a1b3-7dca0191ede9,label_consistency,Pass,"Fields match (fuzzy match, 0.98 confidence)",ocr_reading,OCR vs decoded payload,high,2026-07-27T11:56:40
59c5b231-2deb-4f51-93e3-f6bffe016de3,f4117274-22bc-42a4-a1b3-7dca0191ede9,expiry_status,Pass,Not yet expired,decoded_code,Decoded payload,structured,2026-07-27T11:56:40
9ef4dac8-bc93-473f-9ae9-ae958c94d8ff,f4117274-22bc-42a4-a1b3-7dca0191ede9,nsq_status,Pass,No match found in current CDSCO alerts,government_record,CDSCO NSQ/spurious database,structured,2026-07-27T11:56:40
8e47df97-728c-4412-bdba-195dd672667d,f4117274-22bc-42a4-a1b3-7dca0191ede9,replay_pattern,Inconclusive,[Preview] Synthetic demo data only,user_photo,Synthetic demo data only,low,2026-07-27T11:56:40
6d6e09a6-bfd4-4318-bb82-11313d3ac526,f4117274-22bc-42a4-a1b3-7dca0191ede9,visual_heuristic,Pass,No blur or crop detected,user_photo,Uploaded package photo,medium,2026-07-27T11:56:40
36c66908-478a-4c2f-a6bd-28ede3b9f72b,de9429fd-4749-4045-b03f-c8eed4297642,code_validity,Pass,Decodes correctly,decoded_code,Decoded from scanned code,structured,2025-11-03T08:15:55
10e2a43a-36c0-4520-b80c-f5b2c4aca568,de9429fd-4749-4045-b03f-c8eed4297642,label_consistency,Pass,"Fields match (fuzzy match, 0.98 confidence)",ocr_reading,OCR vs decoded payload,high,2025-11-03T08:15:55
f6323414-91f1-44c2-a6b8-2560a676bb14,de9429fd-4749-4045-b03f-c8eed4297642,expiry_status,Pass,Not yet expired,decoded_code,Decoded payload,structured,2025-11-03T08:15:55
ac0676f0-18e4-42f0-b6ae-4633db0b9649,de9429fd-4749-4045-b03f-c8eed4297642,nsq_status,Pass,No match found in current CDSCO alerts,government_record,CDSCO NSQ/spurious database,structured,2025-11-03T08:15:55
41bb1670-b5c0-4fba-8163-4ddf4eed2fa0,de9429fd-4749-4045-b03f-c8eed4297642,replay_pattern,Inconclusive,[Preview] Synthetic demo data only,user_photo,Synthetic demo data only,low,2025-11-03T08:15:55
0fe71175-5ede-47ae-99a9-16c2232d1f43,de9429fd-4749-4045-b03f-c8eed4297642,visual_heuristic,Pass,No blur or crop detected,user_photo,Uploaded package photo,medium,2025-11-03T08:15:55
d7e66461-2bc0-4327-be14-283d9a4363d3,90bb045b-bef8-483b-9d79-bad1dc0d4d18,code_validity,Pass,Decodes correctly,decoded_code,Decoded from scanned code,structured,2025-08-15T11:19:28
be335a93-1887-4d10-8572-9d70b22f86c3,90bb045b-bef8-483b-9d79-bad1dc0d4d18,label_consistency,Pass,"Fields match (fuzzy match, 0.98 confidence)",ocr_reading,OCR vs decoded payload,high,2025-08-15T11:19:28
ce92a05c-d979-4ece-bb1d-2db71dec27b8,90bb045b-bef8-483b-9d79-bad1dc0d4d18,expiry_status,Pass,Not yet expired,decoded_code,Decoded payload,structured,2025-08-15T11:19:28
c20db9c8-3e5f-4bf7-9061-1bdacbab5d53,90bb045b-bef8-483b-9d79-bad1dc0d4d18,nsq_status,Pass,No match found in current CDSCO alerts,government_record,CDSCO NSQ/spurious database,structured,2025-08-15T11:19:28
bbf8296a-aef4-474f-bc13-5d3b026b46c6,90bb045b-bef8-483b-9d79-bad1dc0d4d18,replay_pattern,Inconclusive,[Preview] Synthetic demo data only,user_photo,Synthetic demo data only,low,2025-08-15T11:19:28
e2f56ac9-77b1-4fdc-a768-1530e4802af9,90bb045b-bef8-483b-9d79-bad1dc0d4d18,visual_heuristic,Pass,No blur or crop detected,user_photo,Uploaded package photo,medium,2025-08-15T11:19:28
00dd5f43-796a-40f5-8282-0169e1625336,d545d42c-77eb-4ae8-8736-d34e3b601a3e,code_validity,Pass,Decodes correctly,decoded_code,Decoded from scanned code,structured,2025-07-10T09:33:28
75443515-098c-4c91-a794-29ac7dec4a87,d545d42c-77eb-4ae8-8736-d34e3b601a3e,label_consistency,Pass,"Fields match (fuzzy match, 0.98 confidence)",ocr_reading,OCR vs decoded payload,high,2025-07-10T09:33:28
2ae82004-9196-455d-ba7a-73e768299a97,d545d42c-77eb-4ae8-8736-d34e3b601a3e,expiry_status,Pass,Not yet expired,decoded_code,Decoded payload,structured,2025-07-10T09:33:28
c0c062be-cd3f-4762-a7b8-4d51e86acbe6,d545d42c-77eb-4ae8-8736-d34e3b601a3e,nsq_status,Pass,No match found in current CDSCO alerts,government_record,CDSCO NSQ/spurious database,structured,2025-07-10T09:33:28
4746e73f-7559-4daa-bf6c-9cd7cc7e8b5e,d545d42c-77eb-4ae8-8736-d34e3b601a3e,replay_pattern,Inconclusive,[Preview] Synthetic demo data only,user_photo,Synthetic demo data only,low,2025-07-10T09:33:28
1c3bd702-6ca3-4253-98cb-72fb5f2a1bf1,d545d42c-77eb-4ae8-8736-d34e3b601a3e,visual_heuristic,Pass,No blur or crop detected,user_photo,Uploaded package photo,medium,2025-07-10T09:33:28
0dc8cb50-e6e4-4dbe-8a02-a6f224fca0eb,8bcaa3fc-c618-44dc-9046-29bdc4c38662,code_validity,Pass,Decodes correctly,decoded_code,Decoded from scanned code,structured,2026-08-24T15:53:55
43763876-5b3d-42cb-b4d2-aa68d4f3ff92,8bcaa3fc-c618-44dc-9046-29bdc4c38662,label_consistency,Pass,"Fields match (fuzzy match, 0.98 confidence)",ocr_reading,OCR vs decoded payload,high,2026-08-24T15:53:55
140b8fa0-74f4-471a-af37-699980819ddc,8bcaa3fc-c618-44dc-9046-29bdc4c38662,expiry_status,Pass,Not yet expired,decoded_code,Decoded payload,structured,2026-08-24T15:53:55
e4b3b402-a42b-47b8-9802-42bbc3e19fa2,8bcaa3fc-c618-44dc-9046-29bdc4c38662,nsq_status,Pass,No match found in current CDSCO alerts,government_record,CDSCO NSQ/spurious database,structured,2026-08-24T15:53:55
a8c79f32-2492-4ab9-8113-4e0c7143185c,8bcaa3fc-c618-44dc-9046-29bdc4c38662,replay_pattern,Inconclusive,[Preview] Synthetic demo data only,user_photo,Synthetic demo data only,low,2026-08-24T15:53:55
bbafd7a7-0d01-4af6-8463-a17d6dd5b161,8bcaa3fc-c618-44dc-9046-29bdc4c38662,visual_heuristic,Pass,No blur or crop detected,user_photo,Uploaded package photo,medium,2026-08-24T15:53:55
1fec17b5-0a20-4a78-801a-ce6bdd3dad4f,f99d5936-e825-46a0-a53d-3a44b80bef29,code_validity,Pass,Decodes correctly,decoded_code,Decoded from scanned code,structured,2025-12-26T16:47:24
b42e6249-1efb-4259-9cec-6a1895b3dd5a,f99d5936-e825-46a0-a53d-3a44b80bef29,label_consistency,Pass,"Fields match (fuzzy match, 0.98 confidence)",ocr_reading,OCR vs decoded payload,high,2025-12-26T16:47:24
0e5c9a40-a033-4281-8c26-ba2e4f6cf631,f99d5936-e825-46a0-a53d-3a44b80bef29,expiry_status,Pass,Not yet expired,decoded_code,Decoded payload,structured,2025-12-26T16:47:24
0c8d4cfc-fb51-4cfb-aacc-46f6959b4a50,f99d5936-e825-46a0-a53d-3a44b80bef29,nsq_status,Pass,No match found in current CDSCO alerts,government_record,CDSCO NSQ/spurious database,structured,2025-12-26T16:47:24
ff7e748a-5f3b-4c09-913d-c66bb181b88c,f99d5936-e825-46a0-a53d-3a44b80bef29,replay_pattern,Inconclusive,[Preview] Synthetic demo data only,user_photo,Synthetic demo data only,low,2025-12-26T16:47:24
dba7bbe8-a954-46cd-8327-7aa714f1a12a,f99d5936-e825-46a0-a53d-3a44b80bef29,visual_heuristic,Pass,No blur or crop detected,user_photo,Uploaded package photo,medium,2025-12-26T16:47:24
b8862c7f-3a22-4144-8805-6c3c584ed27f,e9626758-04fc-47b0-b8d9-5261d3d79b4c,code_validity,Pass,Decodes correctly,decoded_code,Decoded from scanned code,structured,2025-11-19T07:43:14
09e4e6c2-fcc1-4452-95b8-99b2c3c0ac86,e9626758-04fc-47b0-b8d9-5261d3d79b4c,label_consistency,Pass,"Fields match (fuzzy match, 0.98 confidence)",ocr_reading,OCR vs decoded payload,high,2025-11-19T07:43:14
d97d2fe8-c1ce-4de6-aaad-e6700c750107,e9626758-04fc-47b0-b8d9-5261d3d79b4c,expiry_status,Pass,Not yet expired,decoded_code,Decoded payload,structured,2025-11-19T07:43:14
63d991f2-fb79-47f4-8504-a212da2a5ba4,e9626758-04fc-47b0-b8d9-5261d3d79b4c,nsq_status,Pass,No match found in current CDSCO alerts,government_record,CDSCO NSQ/spurious database,structured,2025-11-19T07:43:14
213597ab-ec04-4ad4-9e27-5b0aed92bece,e9626758-04fc-47b0-b8d9-5261d3d79b4c,replay_pattern,Inconclusive,[Preview] Synthetic demo data only,user_photo,Synthetic demo data only,low,2025-11-19T07:43:14
33dff23c-2ecf-4292-bb96-435a7377f59f,e9626758-04fc-47b0-b8d9-5261d3d79b4c,visual_heuristic,Pass,No blur or crop detected,user_photo,Uploaded package photo,medium,2025-11-19T07:43:14
00295df6-4f74-4651-a62d-c3fa35f06f5a,c312fbdc-e660-4175-bc11-f959d7779fed,code_validity,Pass,Decodes correctly,decoded_code,Decoded from scanned code,structured,2026-01-05T16:41:31
2d28bd47-0b99-49da-9a4d-12b4a01495e0,c312fbdc-e660-4175-bc11-f959d7779fed,label_consistency,Pass,"Fields match (fuzzy match, 0.98 confidence)",ocr_reading,OCR vs decoded payload,high,2026-01-05T16:41:31
2e780b89-c9df-4a17-945e-9c7eb2759d45,c312fbdc-e660-4175-bc11-f959d7779fed,expiry_status,Pass,Not yet expired,decoded_code,Decoded payload,structured,2026-01-05T16:41:31
12d8e83d-735b-4164-b5f0-303ded09b53a,c312fbdc-e660-4175-bc11-f959d7779fed,nsq_status,Pass,No match found in current CDSCO alerts,government_record,CDSCO NSQ/spurious database,structured,2026-01-05T16:41:31
5d69ed36-fd16-4695-b073-0cf2c32b4e58,c312fbdc-e660-4175-bc11-f959d7779fed,replay_pattern,Inconclusive,[Preview] Synthetic demo data only,user_photo,Synthetic demo data only,low,2026-01-05T16:41:31
e279fc01-db7e-4ca8-bd3b-dfc19b4444f2,c312fbdc-e660-4175-bc11-f959d7779fed,visual_heuristic,Pass,No blur or crop detected,user_photo,Uploaded package photo,medium,2026-01-05T16:41:31
3f901132-8ad6-40ed-8b65-053e73539cd5,6fa08339-356c-433b-81cf-ab29e573a252,code_validity,Pass,Decodes correctly,decoded_code,Decoded from scanned code,structured,2026-09-16T04:47:54
184eac6c-fc38-45d7-ad79-4c34cbe8b491,6fa08339-356c-433b-81cf-ab29e573a252,label_consistency,Pass,"Fields match (fuzzy match, 0.98 confidence)",ocr_reading,OCR vs decoded payload,high,2026-09-16T04:47:54
bb73e7dc-7ad1-42eb-bb8c-1b72f519b821,6fa08339-356c-433b-81cf-ab29e573a252,expiry_status,Pass,Not yet expired,decoded_code,Decoded payload,structured,2026-09-16T04:47:54
38772e97-8583-4780-9925-5151477681bd,6fa08339-356c-433b-81cf-ab29e573a252,nsq_status,Pass,No match found in current CDSCO alerts,government_record,CDSCO NSQ/spurious database,structured,2026-09-16T04:47:54
13f392f0-5cda-4833-b041-8863fd170760,6fa08339-356c-433b-81cf-ab29e573a252,replay_pattern,Inconclusive,[Preview] Synthetic demo data only,user_photo,Synthetic demo data only,low,2026-09-16T04:47:54
46c3ae16-afe2-4a70-96d0-13c24a71ba19,6fa08339-356c-433b-81cf-ab29e573a252,visual_heuristic,Pass,No blur or crop detected,user_photo,Uploaded package photo,medium,2026-09-16T04:47:54
8dc1eab4-bbbf-4d70-9df0-71564cf48cf4,19edd70a-ada8-4ca0-8405-f001f21dd07d,code_validity,Pass,Decodes correctly,decoded_code,Decoded from scanned code,structured,2026-05-01T09:06:23
1e36b25a-7fe0-48c6-9f18-994bc902db32,19edd70a-ada8-4ca0-8405-f001f21dd07d,label_consistency,Pass,"Fields match (fuzzy match, 0.98 confidence)",ocr_reading,OCR vs decoded payload,high,2026-05-01T09:06:23
4e0ae085-8687-4a40-be02-f9694c18d258,19edd70a-ada8-4ca0-8405-f001f21dd07d,expiry_status,Pass,Not yet expired,decoded_code,Decoded payload,structured,2026-05-01T09:06:23
3d9e4fa5-049b-463d-bc45-76f6b3d11ea7,19edd70a-ada8-4ca0-8405-f001f21dd07d,nsq_status,Pass,No match found in current CDSCO alerts,government_record,CDSCO NSQ/spurious database,structured,2026-05-01T09:06:23
32be40ef-02b5-4e42-b9d7-3205b6905332,19edd70a-ada8-4ca0-8405-f001f21dd07d,replay_pattern,Inconclusive,[Preview] Synthetic demo data only,user_photo,Synthetic demo data only,low,2026-05-01T09:06:23
e46eae7a-0c52-4f23-98a9-52792fe224a5,19edd70a-ada8-4ca0-8405-f001f21dd07d,visual_heuristic,Pass,No blur or crop detected,user_photo,Uploaded package photo,medium,2026-05-01T09:06:23
c53182fb-da95-47b4-bc86-a97b56c9288c,af3ffa03-1553-49ef-995f-0b0a5ce9b28e,code_validity,Pass,Decodes correctly,decoded_code,Decoded from scanned code,structured,2025-08-15T15:26:53
9bc21390-5a1a-4b43-9d2b-f3aa40d06c62,af3ffa03-1553-49ef-995f-0b0a5ce9b28e,label_consistency,Pass,"Fields match (fuzzy match, 0.98 confidence)",ocr_reading,OCR vs decoded payload,high,2025-08-15T15:26:53
80a27d69-1edc-4d6d-840d-f6e145a5ef8b,af3ffa03-1553-49ef-995f-0b0a5ce9b28e,expiry_status,Pass,Not yet expired,decoded_code,Decoded payload,structured,2025-08-15T15:26:53
332af7aa-d9de-47df-ad2a-3ca5d06b0feb,af3ffa03-1553-49ef-995f-0b0a5ce9b28e,nsq_status,Pass,No match found in current CDSCO alerts,government_record,CDSCO NSQ/spurious database,structured,2025-08-15T15:26:53
4ea419d6-7164-4402-8069-4f533ce66a73,af3ffa03-1553-49ef-995f-0b0a5ce9b28e,replay_pattern,Inconclusive,[Preview] Synthetic demo data only,user_photo,Synthetic demo data only,low,2025-08-15T15:26:53
d1c1052b-3685-47ac-8bfb-3f10897f78a1,af3ffa03-1553-49ef-995f-0b0a5ce9b28e,visual_heuristic,Pass,No blur or crop detected,user_photo,Uploaded package photo,medium,2025-08-15T15:26:53
1abb635a-b3b7-418e-b46a-e9851f7008b3,3a9254ae-a38a-4ea6-8384-658de187ddc8,code_validity,Pass,Decodes correctly,decoded_code,Decoded from scanned code,structured,2026-01-29T20:32:01
5a7d249c-bf66-44c5-9b4b-4f7a9e02d364,3a9254ae-a38a-4ea6-8384-658de187ddc8,label_consistency,Pass,"Fields match (fuzzy match, 0.98 confidence)",ocr_reading,OCR vs decoded payload,high,2026-01-29T20:32:01
4be0644f-1a69-463d-94d8-5980a3dbaa4d,3a9254ae-a38a-4ea6-8384-658de187ddc8,expiry_status,Pass,Not yet expired,decoded_code,Decoded payload,structured,2026-01-29T20:32:01
967dc65b-8f0f-46df-8d66-a3f10401f5ef,3a9254ae-a38a-4ea6-8384-658de187ddc8,nsq_status,Pass,No match found in current CDSCO alerts,government_record,CDSCO NSQ/spurious database,structured,2026-01-29T20:32:01
29a17262-52a9-4b2f-8408-31e93434d58c,3a9254ae-a38a-4ea6-8384-658de187ddc8,replay_pattern,Inconclusive,[Preview] Synthetic demo data only,user_photo,Synthetic demo data only,low,2026-01-29T20:32:01
43784614-573f-485c-9cec-2ff2cda383f7,3a9254ae-a38a-4ea6-8384-658de187ddc8,visual_heuristic,Pass,No blur or crop detected,user_photo,Uploaded package photo,medium,2026-01-29T20:32:01
6c8f6a57-475b-4bf9-8217-ff406b6d4844,db1fdc62-95d1-41d3-918f-ee70c12ff3b4,code_validity,Pass,Decodes correctly,decoded_code,Decoded from scanned code,structured,2026-04-21T10:43:16
913d90b3-7370-4485-aa6b-e8d242a649eb,db1fdc62-95d1-41d3-918f-ee70c12ff3b4,label_consistency,Pass,"Fields match (fuzzy match, 0.98 confidence)",ocr_reading,OCR vs decoded payload,high,2026-04-21T10:43:16
40b146b0-5ff8-4107-9be8-996e0b348dc7,db1fdc62-95d1-41d3-918f-ee70c12ff3b4,expiry_status,Pass,Not yet expired,decoded_code,Decoded payload,structured,2026-04-21T10:43:16
29515d75-549f-4511-9afc-323950f1a3d9,db1fdc62-95d1-41d3-918f-ee70c12ff3b4,nsq_status,Pass,No match found in current CDSCO alerts,government_record,CDSCO NSQ/spurious database,structured,2026-04-21T10:43:16
d86ec983-f8f8-4857-a115-80c6e0d72da4,db1fdc62-95d1-41d3-918f-ee70c12ff3b4,replay_pattern,Inconclusive,[Preview] Synthetic demo data only,user_photo,Synthetic demo data only,low,2026-04-21T10:43:16
f98ea3ae-513e-4f11-8437-3308bde12142,db1fdc62-95d1-41d3-918f-ee70c12ff3b4,visual_heuristic,Pass,No blur or crop detected,user_photo,Uploaded package photo,medium,2026-04-21T10:43:16
afd76d87-d469-43aa-9548-bea5ddb1a543,fa7c1414-0873-44aa-be2b-097b36015508,code_validity,Pass,Decodes correctly,decoded_code,Decoded from scanned code,structured,2026-05-16T09:05:31
2338c3a5-e4bb-4775-bf75-527e3238249c,fa7c1414-0873-44aa-be2b-097b36015508,label_consistency,Pass,"Fields match (fuzzy match, 0.98 confidence)",ocr_reading,OCR vs decoded payload,high,2026-05-16T09:05:31
b8172322-257c-4d15-b76e-c70b3f01fac6,fa7c1414-0873-44aa-be2b-097b36015508,expiry_status,Pass,Not yet expired,decoded_code,Decoded payload,structured,2026-05-16T09:05:31
b5b68c66-f640-4369-8a5e-78a6d1312088,fa7c1414-0873-44aa-be2b-097b36015508,nsq_status,Pass,No match found in current CDSCO alerts,government_record,CDSCO NSQ/spurious database,structured,2026-05-16T09:05:31
f2d9ea49-7fc8-42b9-a1f3-f820a6174e5e,fa7c1414-0873-44aa-be2b-097b36015508,replay_pattern,Inconclusive,[Preview] Synthetic demo data only,user_photo,Synthetic demo data only,low,2026-05-16T09:05:31
9e35ba45-e1fe-4fbe-a034-407f77684a47,fa7c1414-0873-44aa-be2b-097b36015508,visual_heuristic,Pass,No blur or crop detected,user_photo,Uploaded package photo,medium,2026-05-16T09:05:31
04f73a0c-3258-4ac0-8866-0ab0283b4ab9,e9eb7741-220a-42ec-884e-c263e443df02,code_validity,Pass,Decodes correctly,decoded_code,Decoded from scanned code,structured,2025-06-19T16:42:05
056f9321-269c-4009-9e4e-86bae0172303,e9eb7741-220a-42ec-884e-c263e443df02,label_consistency,Pass,"Fields match (fuzzy match, 0.98 confidence)",ocr_reading,OCR vs decoded payload,high,2025-06-19T16:42:05
39f26ffc-c2e3-4b1c-83f6-25a780594e8e,e9eb7741-220a-42ec-884e-c263e443df02,expiry_status,Pass,Not yet expired,decoded_code,Decoded payload,structured,2025-06-19T16:42:05
5510cc1d-3326-4629-b98a-f7a64555a170,e9eb7741-220a-42ec-884e-c263e443df02,nsq_status,Pass,No match found in current CDSCO alerts,government_record,CDSCO NSQ/spurious database,structured,2025-06-19T16:42:05
efe9c11f-f590-498c-8d44-a323ed7c4251,e9eb7741-220a-42ec-884e-c263e443df02,replay_pattern,Inconclusive,[Preview] Synthetic demo data only,user_photo,Synthetic demo data only,low,2025-06-19T16:42:05
fef5432c-7374-48a9-a546-a7727b904108,e9eb7741-220a-42ec-884e-c263e443df02,visual_heuristic,Pass,No blur or crop detected,user_photo,Uploaded package photo,medium,2025-06-19T16:42:05
e080d210-80ef-42a2-a223-cf25ee5f975b,80e7b94a-b3ad-4ee2-86f4-89cede927f5d,code_validity,Pass,Decodes correctly,decoded_code,Decoded from scanned code,structured,2025-07-04T10:07:09
2a6247db-661b-4b0f-a438-835fa244e449,80e7b94a-b3ad-4ee2-86f4-89cede927f5d,label_consistency,Pass,"Fields match (fuzzy match, 0.98 confidence)",ocr_reading,OCR vs decoded payload,high,2025-07-04T10:07:09
42604c85-424e-4421-b2a5-5af763c7fe6e,80e7b94a-b3ad-4ee2-86f4-89cede927f5d,expiry_status,Pass,Not yet expired,decoded_code,Decoded payload,structured,2025-07-04T10:07:09
c0a2853c-de36-44b7-a375-1ede900df8ed,80e7b94a-b3ad-4ee2-86f4-89cede927f5d,nsq_status,Pass,No match found in current CDSCO alerts,government_record,CDSCO NSQ/spurious database,structured,2025-07-04T10:07:09
874d1b09-fa18-4986-835c-9c65b2e2bd3e,80e7b94a-b3ad-4ee2-86f4-89cede927f5d,replay_pattern,Inconclusive,[Preview] Synthetic demo data only,user_photo,Synthetic demo data only,low,2025-07-04T10:07:09
102d8f5d-e421-4127-8a24-528cfd2ab2d6,80e7b94a-b3ad-4ee2-86f4-89cede927f5d,visual_heuristic,Pass,No blur or crop detected,user_photo,Uploaded package photo,medium,2025-07-04T10:07:09
60837dfe-f6a3-437d-abb8-b988ba3b1ebf,d82fb9d3-7f8a-4ddf-9329-a83a4e55a14d,code_validity,Pass,Decodes correctly,decoded_code,Decoded from scanned code,structured,2025-05-30T23:37:05
0a6e0fd3-4e50-402f-85da-1fc487af21a2,d82fb9d3-7f8a-4ddf-9329-a83a4e55a14d,label_consistency,Pass,"Fields match (fuzzy match, 0.98 confidence)",ocr_reading,OCR vs decoded payload,high,2025-05-30T23:37:05
035734bc-09eb-4b79-8aeb-4a6606a9963a,d82fb9d3-7f8a-4ddf-9329-a83a4e55a14d,expiry_status,Pass,Not yet expired,decoded_code,Decoded payload,structured,2025-05-30T23:37:05
47524d53-fd33-4361-b3e6-ae84585c2b7d,d82fb9d3-7f8a-4ddf-9329-a83a4e55a14d,nsq_status,Pass,No match found in current CDSCO alerts,government_record,CDSCO NSQ/spurious database,structured,2025-05-30T23:37:05
aba96136-07b5-4287-b0af-e3171b9562a9,d82fb9d3-7f8a-4ddf-9329-a83a4e55a14d,replay_pattern,Inconclusive,[Preview] Synthetic demo data only,user_photo,Synthetic demo data only,low,2025-05-30T23:37:05
4bb0862a-4b81-4684-b510-e51417febb60,d82fb9d3-7f8a-4ddf-9329-a83a4e55a14d,visual_heuristic,Pass,No blur or crop detected,user_photo,Uploaded package photo,medium,2025-05-30T23:37:05
9543eedf-95d5-4963-b94b-411b46ea8e5d,0bdff231-64b0-403d-a081-d396d009b03d,code_validity,Pass,Decodes correctly,decoded_code,Decoded from scanned code,structured,2025-11-16T14:40:59
338b9e02-94d3-433a-b5d2-2446f9be2b7c,0bdff231-64b0-403d-a081-d396d009b03d,label_consistency,Pass,"Fields match (fuzzy match, 0.98 confidence)",ocr_reading,OCR vs decoded payload,high,2025-11-16T14:40:59
8715f0d8-96ad-47b5-a7dd-8f238cc080a0,0bdff231-64b0-403d-a081-d396d009b03d,expiry_status,Pass,Not yet expired,decoded_code,Decoded payload,structured,2025-11-16T14:40:59
ffcba9d6-665a-46f0-bc8f-dd16ace57376,0bdff231-64b0-403d-a081-d396d009b03d,nsq_status,Pass,No match found in current CDSCO alerts,government_record,CDSCO NSQ/spurious database,structured,2025-11-16T14:40:59
efeab7fc-c689-46ae-9de1-deaad2ad2ebd,0bdff231-64b0-403d-a081-d396d009b03d,replay_pattern,Inconclusive,[Preview] Synthetic demo data only,user_photo,Synthetic demo data only,low,2025-11-16T14:40:59
af3244d3-22aa-4c81-976c-e0d45249fa07,0bdff231-64b0-403d-a081-d396d009b03d,visual_heuristic,Pass,No blur or crop detected,user_photo,Uploaded package photo,medium,2025-11-16T14:40:59
7a5a8b6e-3349-486b-a869-43f08f54de0e,70c4c6ce-5af3-4fd1-9647-396c1d4d4f40,code_validity,Pass,Decodes correctly,decoded_code,Decoded from scanned code,structured,2026-04-11T03:28:02
7d7a15c3-9f84-448e-ada2-f06a0bf0328a,70c4c6ce-5af3-4fd1-9647-396c1d4d4f40,label_consistency,Pass,"Fields match (fuzzy match, 0.98 confidence)",ocr_reading,OCR vs decoded payload,high,2026-04-11T03:28:02
32646513-e72a-454b-b180-2f980a4d18c3,70c4c6ce-5af3-4fd1-9647-396c1d4d4f40,expiry_status,Pass,Not yet expired,decoded_code,Decoded payload,structured,2026-04-11T03:28:02
c3d4823b-a9ef-41e5-9344-e7b11026d025,70c4c6ce-5af3-4fd1-9647-396c1d4d4f40,nsq_status,Pass,No match found in current CDSCO alerts,government_record,CDSCO NSQ/spurious database,structured,2026-04-11T03:28:02
12e6574d-b6e8-4b3e-8204-9b437f72e98b,70c4c6ce-5af3-4fd1-9647-396c1d4d4f40,replay_pattern,Inconclusive,[Preview] Synthetic demo data only,user_photo,Synthetic demo data only,low,2026-04-11T03:28:02
69e0b7d0-bc1b-4c25-b661-74dc5c3af54f,70c4c6ce-5af3-4fd1-9647-396c1d4d4f40,visual_heuristic,Pass,No blur or crop detected,user_photo,Uploaded package photo,medium,2026-04-11T03:28:02
13bfb7e8-a196-45a1-99de-864681580eb6,fbb2633c-515c-445e-bf02-ac2d83053061,code_validity,Pass,Decodes correctly,decoded_code,Decoded from scanned code,structured,2025-07-13T10:34:07
fe0bd1ae-228a-48c8-bc63-d30bbafbfaec,fbb2633c-515c-445e-bf02-ac2d83053061,label_consistency,Pass,"Fields match (fuzzy match, 0.98 confidence)",ocr_reading,OCR vs decoded payload,high,2025-07-13T10:34:07
dee1bbbf-19e6-4e09-9c4a-e4f8c978fb2e,fbb2633c-515c-445e-bf02-ac2d83053061,expiry_status,Pass,Not yet expired,decoded_code,Decoded payload,structured,2025-07-13T10:34:07
924c636a-970f-4508-b101-a83c492f48f1,fbb2633c-515c-445e-bf02-ac2d83053061,nsq_status,Pass,No match found in current CDSCO alerts,government_record,CDSCO NSQ/spurious database,structured,2025-07-13T10:34:07
78d13809-fe85-48f8-9934-f984ae7eb806,fbb2633c-515c-445e-bf02-ac2d83053061,replay_pattern,Inconclusive,[Preview] Synthetic demo data only,user_photo,Synthetic demo data only,low,2025-07-13T10:34:07
dd42a6e5-5f58-426c-a1fd-39f70c060d8f,fbb2633c-515c-445e-bf02-ac2d83053061,visual_heuristic,Pass,No blur or crop detected,user_photo,Uploaded package photo,medium,2025-07-13T10:34:07
700af01b-e6d0-45ab-a683-76f99de9b00a,bef40a26-6419-4457-aaf0-a35559aa7504,code_validity,Pass,Decodes correctly,decoded_code,Decoded from scanned code,structured,2025-04-15T09:58:02
252e375e-f52c-418f-9b1d-bb8568e55fbf,bef40a26-6419-4457-aaf0-a35559aa7504,label_consistency,Pass,"Fields match (fuzzy match, 0.98 confidence)",ocr_reading,OCR vs decoded payload,high,2025-04-15T09:58:02
914b0b0c-2655-4a03-81d8-ef452f123434,bef40a26-6419-4457-aaf0-a35559aa7504,expiry_status,Pass,Not yet expired,decoded_code,Decoded payload,structured,2025-04-15T09:58:02
598b4326-23a4-4557-a0cd-2d04d6abd006,bef40a26-6419-4457-aaf0-a35559aa7504,nsq_status,Pass,No match found in current CDSCO alerts,government_record,CDSCO NSQ/spurious database,structured,2025-04-15T09:58:02
07a342c4-003a-4c07-8772-146970320675,bef40a26-6419-4457-aaf0-a35559aa7504,replay_pattern,Inconclusive,[Preview] Synthetic demo data only,user_photo,Synthetic demo data only,low,2025-04-15T09:58:02
31e9aff7-64ea-436b-86af-e709f9dbbb63,bef40a26-6419-4457-aaf0-a35559aa7504,visual_heuristic,Pass,No blur or crop detected,user_photo,Uploaded package photo,medium,2025-04-15T09:58:02
10a968cc-84f0-4985-8a5e-e7b2e03c16cb,73dad18a-089b-4624-bf9e-464a6a53afbe,code_validity,Pass,Decodes correctly,decoded_code,Decoded from scanned code,structured,2025-08-18T23:12:19
39dbdbf5-effa-42a0-9561-aee880e3fa4b,73dad18a-089b-4624-bf9e-464a6a53afbe,label_consistency,Pass,"Fields match (fuzzy match, 0.98 confidence)",ocr_reading,OCR vs decoded payload,high,2025-08-18T23:12:19
a136baab-1c9e-4d54-b8c3-6c3da8715e40,73dad18a-089b-4624-bf9e-464a6a53afbe,expiry_status,Pass,Not yet expired,decoded_code,Decoded payload,structured,2025-08-18T23:12:19
08ba157d-c9bd-45c2-b351-d547869090da,73dad18a-089b-4624-bf9e-464a6a53afbe,nsq_status,Pass,No match found in current CDSCO alerts,government_record,CDSCO NSQ/spurious database,structured,2025-08-18T23:12:19
ae92f7ff-2f51-4166-9232-ee2a71c4fbd1,73dad18a-089b-4624-bf9e-464a6a53afbe,replay_pattern,Inconclusive,[Preview] Synthetic demo data only,user_photo,Synthetic demo data only,low,2025-08-18T23:12:19
bdc33014-081a-46bf-841b-d66739947c61,73dad18a-089b-4624-bf9e-464a6a53afbe,visual_heuristic,Pass,No blur or crop detected,user_photo,Uploaded package photo,medium,2025-08-18T23:12:19
c85ab421-b420-4cea-a01b-98513822c60d,9e3907b5-09b3-4b85-9704-9e41e0f1a5f5,code_validity,Pass,Decodes correctly,decoded_code,Decoded from scanned code,structured,2026-02-20T11:11:59
cd77278b-766f-423b-862f-ba387c2b0f1c,9e3907b5-09b3-4b85-9704-9e41e0f1a5f5,label_consistency,Pass,"Fields match (fuzzy match, 0.98 confidence)",ocr_reading,OCR vs decoded payload,high,2026-02-20T11:11:59
50b6550f-f4cf-4002-9cea-b055fb9b5046,9e3907b5-09b3-4b85-9704-9e41e0f1a5f5,expiry_status,Pass,Not yet expired,decoded_code,Decoded payload,structured,2026-02-20T11:11:59
0fe2d405-5523-411f-b695-7b4b4ba747e6,9e3907b5-09b3-4b85-9704-9e41e0f1a5f5,nsq_status,Pass,No match found in current CDSCO alerts,government_record,CDSCO NSQ/spurious database,structured,2026-02-20T11:11:59
f5c5ea1c-5d31-44c5-a260-d78c3af9397e,9e3907b5-09b3-4b85-9704-9e41e0f1a5f5,replay_pattern,Inconclusive,[Preview] Synthetic demo data only,user_photo,Synthetic demo data only,low,2026-02-20T11:11:59
b8cc9355-547f-4434-b8cd-ab3ee08f73b9,9e3907b5-09b3-4b85-9704-9e41e0f1a5f5,visual_heuristic,Pass,No blur or crop detected,user_photo,Uploaded package photo,medium,2026-02-20T11:11:59
2f8d189e-7bbb-4d95-8338-0d897dc893da,689d9a64-080e-4a44-bab7-ed8f06782e86,code_validity,Pass,Decodes correctly,decoded_code,Decoded from scanned code,structured,2025-07-04T07:04:04
ef1351d4-e779-46d5-8fc4-9dc40353db4e,689d9a64-080e-4a44-bab7-ed8f06782e86,label_consistency,Pass,"Fields match (fuzzy match, 0.98 confidence)",ocr_reading,OCR vs decoded payload,high,2025-07-04T07:04:04
7d0ee8a8-f93f-48d5-99c4-7544275eb7b7,689d9a64-080e-4a44-bab7-ed8f06782e86,expiry_status,Pass,Not yet expired,decoded_code,Decoded payload,structured,2025-07-04T07:04:04
c54442cb-195b-4314-ba21-bff0c662de04,689d9a64-080e-4a44-bab7-ed8f06782e86,nsq_status,Pass,No match found in current CDSCO alerts,government_record,CDSCO NSQ/spurious database,structured,2025-07-04T07:04:04
3fdba602-7bf0-4796-ad6f-fb1148dd7bf3,689d9a64-080e-4a44-bab7-ed8f06782e86,replay_pattern,Inconclusive,[Preview] Synthetic demo data only,user_photo,Synthetic demo data only,low,2025-07-04T07:04:04
5c8eae6a-0ef9-4aa5-a3b8-0f5bab5c6aab,689d9a64-080e-4a44-bab7-ed8f06782e86,visual_heuristic,Pass,No blur or crop detected,user_photo,Uploaded package photo,medium,2025-07-04T07:04:04
95603ee6-8ac1-417c-ab7e-a0bacc139df5,d1974fba-a646-4139-b0e5-75dfb5cabd23,code_validity,Pass,Decodes correctly,decoded_code,Decoded from scanned code,structured,2026-01-12T19:14:02
ce7f39ed-beff-4922-a1d6-36032fb692bd,d1974fba-a646-4139-b0e5-75dfb5cabd23,label_consistency,Pass,"Fields match (fuzzy match, 0.98 confidence)",ocr_reading,OCR vs decoded payload,high,2026-01-12T19:14:02
860464f4-1120-4a1e-acd6-15721fbb9c8f,d1974fba-a646-4139-b0e5-75dfb5cabd23,expiry_status,Pass,Not yet expired,decoded_code,Decoded payload,structured,2026-01-12T19:14:02
6fbef533-8f0a-45ad-8e44-4074346082da,d1974fba-a646-4139-b0e5-75dfb5cabd23,nsq_status,Pass,No match found in current CDSCO alerts,government_record,CDSCO NSQ/spurious database,structured,2026-01-12T19:14:02
4d5ef811-a64d-45d1-8ea7-758fa7a0011d,d1974fba-a646-4139-b0e5-75dfb5cabd23,replay_pattern,Inconclusive,[Preview] Synthetic demo data only,user_photo,Synthetic demo data only,low,2026-01-12T19:14:02
d3ea0c8f-2b30-4438-91f6-3d54ab9dab20,d1974fba-a646-4139-b0e5-75dfb5cabd23,visual_heuristic,Pass,No blur or crop detected,user_photo,Uploaded package photo,medium,2026-01-12T19:14:02
f059a9cf-96f0-4fa0-9ce6-16145c824831,ddf315a7-c0c0-43bd-852b-e4a89903d380,code_validity,Pass,Decodes correctly,decoded_code,Decoded from scanned code,structured,2026-06-06T07:39:07
8e239ebb-fb86-4133-8d1c-1e03d07c0d2e,ddf315a7-c0c0-43bd-852b-e4a89903d380,label_consistency,Pass,"Fields match (fuzzy match, 0.98 confidence)",ocr_reading,OCR vs decoded payload,high,2026-06-06T07:39:07
ed69bd82-9655-4bd6-bbdf-35d01be103aa,ddf315a7-c0c0-43bd-852b-e4a89903d380,expiry_status,Pass,Not yet expired,decoded_code,Decoded payload,structured,2026-06-06T07:39:07
d913fc9c-9fb4-41e5-9668-a41f2db54c06,ddf315a7-c0c0-43bd-852b-e4a89903d380,nsq_status,Pass,No match found in current CDSCO alerts,government_record,CDSCO NSQ/spurious database,structured,2026-06-06T07:39:07
d1085dff-d332-4445-bc0d-2ea5b61d46a8,ddf315a7-c0c0-43bd-852b-e4a89903d380,replay_pattern,Inconclusive,[Preview] Synthetic demo data only,user_photo,Synthetic demo data only,low,2026-06-06T07:39:07
f9504348-ba73-4eb3-805f-a35f851620d8,ddf315a7-c0c0-43bd-852b-e4a89903d380,visual_heuristic,Pass,No blur or crop detected,user_photo,Uploaded package photo,medium,2026-06-06T07:39:07
8b7f174c-83c9-43c6-bb20-e62245bd110d,6593207a-1e77-4190-84fc-4e9be4644cd4,code_validity,Pass,Decodes correctly,decoded_code,Decoded from scanned code,structured,2025-10-21T20:55:40
ef7c3f0b-034e-441f-831a-8f5a02402636,6593207a-1e77-4190-84fc-4e9be4644cd4,label_consistency,Pass,"Fields match (fuzzy match, 0.98 confidence)",ocr_reading,OCR vs decoded payload,high,2025-10-21T20:55:40
09201fd3-7da2-430e-99e5-227c5df759cd,6593207a-1e77-4190-84fc-4e9be4644cd4,expiry_status,Pass,Not yet expired,decoded_code,Decoded payload,structured,2025-10-21T20:55:40
197312cb-5a85-48fd-909f-e7b858786496,6593207a-1e77-4190-84fc-4e9be4644cd4,nsq_status,Pass,No match found in current CDSCO alerts,government_record,CDSCO NSQ/spurious database,structured,2025-10-21T20:55:40
c4cc7da6-11b7-4ad0-b000-44af47ae04b1,6593207a-1e77-4190-84fc-4e9be4644cd4,replay_pattern,Inconclusive,[Preview] Synthetic demo data only,user_photo,Synthetic demo data only,low,2025-10-21T20:55:40
2f962adb-066a-40b2-81df-d133590ccaac,6593207a-1e77-4190-84fc-4e9be4644cd4,visual_heuristic,Pass,No blur or crop detected,user_photo,Uploaded package photo,medium,2025-10-21T20:55:40
ac37d53f-9e7d-4f35-9d23-08998e0fc3ef,c18a0390-95e5-4137-af67-86b4ac67022c,code_validity,Pass,Decodes correctly,decoded_code,Decoded from scanned code,structured,2026-08-19T11:02:01
2647560c-0b2a-49eb-b830-6eff24ff0c7c,c18a0390-95e5-4137-af67-86b4ac67022c,label_consistency,Pass,"Fields match (fuzzy match, 0.98 confidence)",ocr_reading,OCR vs decoded payload,high,2026-08-19T11:02:01
b1f732c2-aba1-409a-aa11-f3838327179f,c18a0390-95e5-4137-af67-86b4ac67022c,expiry_status,Pass,Not yet expired,decoded_code,Decoded payload,structured,2026-08-19T11:02:01
8ca11d32-a7b9-4fd1-87cd-81e2003a9c82,c18a0390-95e5-4137-af67-86b4ac67022c,nsq_status,Pass,No match found in current CDSCO alerts,government_record,CDSCO NSQ/spurious database,structured,2026-08-19T11:02:01
c0302135-f30f-4dc3-831c-782367870bd0,c18a0390-95e5-4137-af67-86b4ac67022c,replay_pattern,Inconclusive,[Preview] Synthetic demo data only,user_photo,Synthetic demo data only,low,2026-08-19T11:02:01
927dc2d3-8df6-4fa8-b991-3f1aa332b851,c18a0390-95e5-4137-af67-86b4ac67022c,visual_heuristic,Pass,No blur or crop detected,user_photo,Uploaded package photo,medium,2026-08-19T11:02:01
9276f03c-bfbb-4760-9431-ce87666cceb4,1f266eb7-68e8-4303-924c-3f269a37fc3e,code_validity,Pass,Decodes correctly,decoded_code,Decoded from scanned code,structured,2025-07-16T09:45:45
4cf6a4c9-eed8-49c2-ba11-0e4748f68ad7,1f266eb7-68e8-4303-924c-3f269a37fc3e,label_consistency,Pass,"Fields match (fuzzy match, 0.98 confidence)",ocr_reading,OCR vs decoded payload,high,2025-07-16T09:45:45
9142580c-c19b-4b42-9aad-72ccec272b97,1f266eb7-68e8-4303-924c-3f269a37fc3e,expiry_status,Pass,Not yet expired,decoded_code,Decoded payload,structured,2025-07-16T09:45:45
9d1ff8cd-4d28-4127-ab45-47c6282bdbbc,1f266eb7-68e8-4303-924c-3f269a37fc3e,nsq_status,Pass,No match found in current CDSCO alerts,government_record,CDSCO NSQ/spurious database,structured,2025-07-16T09:45:45
82c78b5a-8e88-425c-a668-c864b726b264,1f266eb7-68e8-4303-924c-3f269a37fc3e,replay_pattern,Inconclusive,[Preview] Synthetic demo data only,user_photo,Synthetic demo data only,low,2025-07-16T09:45:45
b8168c49-834d-4395-b652-62be7b363633,1f266eb7-68e8-4303-924c-3f269a37fc3e,visual_heuristic,Pass,No blur or crop detected,user_photo,Uploaded package photo,medium,2025-07-16T09:45:45
40e4d6ac-3ab7-4160-bb3e-5e4331873e13,b1703dba-b771-4055-95f7-20b60ddecb5c,code_validity,Pass,Decodes correctly,decoded_code,Decoded from scanned code,structured,2025-10-18T12:05:32
69b37aa7-4f0b-42ef-8eb4-055f287a013a,b1703dba-b771-4055-95f7-20b60ddecb5c,label_consistency,Pass,"Fields match (fuzzy match, 0.98 confidence)",ocr_reading,OCR vs decoded payload,high,2025-10-18T12:05:32
0a7140c3-d20d-4c9f-91de-572331002685,b1703dba-b771-4055-95f7-20b60ddecb5c,expiry_status,Pass,Not yet expired,decoded_code,Decoded payload,structured,2025-10-18T12:05:32
8aa92dce-1a67-4582-a835-d38661207182,b1703dba-b771-4055-95f7-20b60ddecb5c,nsq_status,Pass,No match found in current CDSCO alerts,government_record,CDSCO NSQ/spurious database,structured,2025-10-18T12:05:32
e10c6c92-7023-4aa0-bd01-65ffb9403700,b1703dba-b771-4055-95f7-20b60ddecb5c,replay_pattern,Inconclusive,[Preview] Synthetic demo data only,user_photo,Synthetic demo data only,low,2025-10-18T12:05:32
e251562a-569d-4478-b025-0d0a320b32c7,b1703dba-b771-4055-95f7-20b60ddecb5c,visual_heuristic,Pass,No blur or crop detected,user_photo,Uploaded package photo,medium,2025-10-18T12:05:32
930aaffa-c6ed-4e69-808b-e6b0c1394ec8,025b3a62-5da6-4520-956a-7e8ffc9dbf6b,code_validity,Pass,Decodes correctly,decoded_code,Decoded from scanned code,structured,2026-07-04T06:18:05
8aa7b043-7053-40e5-b15a-68f9db0298de,025b3a62-5da6-4520-956a-7e8ffc9dbf6b,label_consistency,Pass,"Fields match (fuzzy match, 0.98 confidence)",ocr_reading,OCR vs decoded payload,high,2026-07-04T06:18:05
794ba560-f801-4543-9cb1-6b76220b5aa3,025b3a62-5da6-4520-956a-7e8ffc9dbf6b,expiry_status,Pass,Not yet expired,decoded_code,Decoded payload,structured,2026-07-04T06:18:05
6b9f19a4-f764-453a-a92e-3a9d48669a99,025b3a62-5da6-4520-956a-7e8ffc9dbf6b,nsq_status,Pass,No match found in current CDSCO alerts,government_record,CDSCO NSQ/spurious database,structured,2026-07-04T06:18:05
e564b784-1f46-43e8-bc2a-66db433e3ec4,025b3a62-5da6-4520-956a-7e8ffc9dbf6b,replay_pattern,Inconclusive,[Preview] Synthetic demo data only,user_photo,Synthetic demo data only,low,2026-07-04T06:18:05
e0ed0d39-7078-4a77-a631-b32b9dae355c,025b3a62-5da6-4520-956a-7e8ffc9dbf6b,visual_heuristic,Pass,No blur or crop detected,user_photo,Uploaded package photo,medium,2026-07-04T06:18:05
5d936c3d-989d-414a-9bf7-70f36111feff,852bf96e-cf0b-4f5b-b2a0-4bffbef6ac75,code_validity,Pass,Decodes correctly,decoded_code,Decoded from scanned code,structured,2025-10-15T06:47:15
3651172a-e6c6-478b-8f16-cab0e6d16509,852bf96e-cf0b-4f5b-b2a0-4bffbef6ac75,label_consistency,Pass,"Fields match (fuzzy match, 0.98 confidence)",ocr_reading,OCR vs decoded payload,high,2025-10-15T06:47:15
fce9af03-9f59-4b79-bdb1-1329db0bd2c7,852bf96e-cf0b-4f5b-b2a0-4bffbef6ac75,expiry_status,Pass,Not yet expired,decoded_code,Decoded payload,structured,2025-10-15T06:47:15
34d77adc-fb4e-443d-a7c9-77a5cc84adb6,852bf96e-cf0b-4f5b-b2a0-4bffbef6ac75,nsq_status,Pass,No match found in current CDSCO alerts,government_record,CDSCO NSQ/spurious database,structured,2025-10-15T06:47:15
252fc505-f26a-405d-a37c-54addd0f7ae9,852bf96e-cf0b-4f5b-b2a0-4bffbef6ac75,replay_pattern,Inconclusive,[Preview] Synthetic demo data only,user_photo,Synthetic demo data only,low,2025-10-15T06:47:15
95b24b40-84c6-439a-ba6f-3942d1bac648,852bf96e-cf0b-4f5b-b2a0-4bffbef6ac75,visual_heuristic,Pass,No blur or crop detected,user_photo,Uploaded package photo,medium,2025-10-15T06:47:15
74d5d2b6-4743-4f0a-9a40-b2d002902cc5,a356d235-8fc3-4e4f-95f5-80d8a20bd2df,code_validity,Pass,Decodes correctly,decoded_code,Decoded from scanned code,structured,2026-07-29T11:52:18
572d9242-9182-44b6-98a7-331293f2c286,a356d235-8fc3-4e4f-95f5-80d8a20bd2df,label_consistency,Pass,"Fields match (fuzzy match, 0.98 confidence)",ocr_reading,OCR vs decoded payload,high,2026-07-29T11:52:18
42cb9334-a587-4d92-b830-5169e2e18dde,a356d235-8fc3-4e4f-95f5-80d8a20bd2df,expiry_status,Pass,Not yet expired,decoded_code,Decoded payload,structured,2026-07-29T11:52:18
32de1a92-c198-4173-9ddf-80129e4bafb2,a356d235-8fc3-4e4f-95f5-80d8a20bd2df,nsq_status,Pass,No match found in current CDSCO alerts,government_record,CDSCO NSQ/spurious database,structured,2026-07-29T11:52:18
9a15a127-ba27-402f-8790-e5796a81e4cc,a356d235-8fc3-4e4f-95f5-80d8a20bd2df,replay_pattern,Inconclusive,[Preview] Synthetic demo data only,user_photo,Synthetic demo data only,low,2026-07-29T11:52:18
4395c51c-53ea-4b2e-b3d5-af61de32c149,a356d235-8fc3-4e4f-95f5-80d8a20bd2df,visual_heuristic,Pass,No blur or crop detected,user_photo,Uploaded package photo,medium,2026-07-29T11:52:18
9a0743a2-5ebb-4a8b-b364-2b6442d71622,7c234248-129d-41ca-ac4c-a5e6c51d01b7,code_validity,Pass,Decodes correctly,decoded_code,Decoded from scanned code,structured,2026-07-10T15:30:09
6bf11b29-01b1-4e53-a480-af420d41994a,7c234248-129d-41ca-ac4c-a5e6c51d01b7,label_consistency,Pass,"Fields match (fuzzy match, 0.98 confidence)",ocr_reading,OCR vs decoded payload,high,2026-07-10T15:30:09
d8384271-471a-444d-bacb-4604a1068c73,7c234248-129d-41ca-ac4c-a5e6c51d01b7,expiry_status,Pass,Not yet expired,decoded_code,Decoded payload,structured,2026-07-10T15:30:09
71775008-7033-4771-9942-1f945afcc295,7c234248-129d-41ca-ac4c-a5e6c51d01b7,nsq_status,Pass,No match found in current CDSCO alerts,government_record,CDSCO NSQ/spurious database,structured,2026-07-10T15:30:09
1531baa4-3e66-4f19-aef0-62f3cd79ee67,7c234248-129d-41ca-ac4c-a5e6c51d01b7,replay_pattern,Inconclusive,[Preview] Synthetic demo data only,user_photo,Synthetic demo data only,low,2026-07-10T15:30:09
7df106a5-4301-4082-bb82-7cd37b0d088d,7c234248-129d-41ca-ac4c-a5e6c51d01b7,visual_heuristic,Pass,No blur or crop detected,user_photo,Uploaded package photo,medium,2026-07-10T15:30:09
551d0bf0-a95f-4c75-b006-b4fc8a7c6725,4b026767-34ee-4a85-8134-74c40cfbfc87,code_validity,Pass,Decodes correctly,decoded_code,Decoded from scanned code,structured,2025-12-21T19:34:24
c09e9898-042a-4af4-b3cc-7d20a2c66416,4b026767-34ee-4a85-8134-74c40cfbfc87,label_consistency,Pass,"Fields match (fuzzy match, 0.98 confidence)",ocr_reading,OCR vs decoded payload,high,2025-12-21T19:34:24
e85b1252-b29b-4655-bc15-db5a6041227b,4b026767-34ee-4a85-8134-74c40cfbfc87,expiry_status,Pass,Not yet expired,decoded_code,Decoded payload,structured,2025-12-21T19:34:24
700de632-60f9-4e86-9ae4-5366040fa1d2,4b026767-34ee-4a85-8134-74c40cfbfc87,nsq_status,Pass,No match found in current CDSCO alerts,government_record,CDSCO NSQ/spurious database,structured,2025-12-21T19:34:24
969e5ba7-08da-43b9-ab35-a3d4ed578019,4b026767-34ee-4a85-8134-74c40cfbfc87,replay_pattern,Inconclusive,[Preview] Synthetic demo data only,user_photo,Synthetic demo data only,low,2025-12-21T19:34:24
4643af9e-8f25-4132-badd-16cf12490cb1,4b026767-34ee-4a85-8134-74c40cfbfc87,visual_heuristic,Pass,No blur or crop detected,user_photo,Uploaded package photo,medium,2025-12-21T19:34:24
c5f0b448-1453-4416-aac4-b043409bb9da,ffad28e4-b2a7-4080-8d8b-498c23bc8ad1,code_validity,Pass,Decodes correctly,decoded_code,Decoded from scanned code,structured,2025-07-13T13:06:08
db469804-f294-4331-9cbb-5aece0ad0b3f,ffad28e4-b2a7-4080-8d8b-498c23bc8ad1,label_consistency,Pass,"Fields match (fuzzy match, 0.98 confidence)",ocr_reading,OCR vs decoded payload,high,2025-07-13T13:06:08
39e42505-eb92-41ca-92f6-ce8f2fb5748f,ffad28e4-b2a7-4080-8d8b-498c23bc8ad1,expiry_status,Pass,Not yet expired,decoded_code,Decoded payload,structured,2025-07-13T13:06:08
45a39479-a986-4b4d-a297-b06af8c80f3c,ffad28e4-b2a7-4080-8d8b-498c23bc8ad1,nsq_status,Pass,No match found in current CDSCO alerts,government_record,CDSCO NSQ/spurious database,structured,2025-07-13T13:06:08
62a6e6b3-2d43-4208-ba87-9896546d9d2f,ffad28e4-b2a7-4080-8d8b-498c23bc8ad1,replay_pattern,Inconclusive,[Preview] Synthetic demo data only,user_photo,Synthetic demo data only,low,2025-07-13T13:06:08
ffabcfbe-2eae-4ad5-87ad-43cefadec943,ffad28e4-b2a7-4080-8d8b-498c23bc8ad1,visual_heuristic,Pass,No blur or crop detected,user_photo,Uploaded package photo,medium,2025-07-13T13:06:08
5f6f553b-dab8-4137-aa05-1d0dcaf64a7a,03472bca-4632-4862-99e3-b0bc1c0a2ba0,code_validity,Pass,Decodes correctly,decoded_code,Decoded from scanned code,structured,2026-04-08T19:51:03
8a9467bd-d077-4924-ac6a-2fb7037a073a,03472bca-4632-4862-99e3-b0bc1c0a2ba0,label_consistency,Pass,"Fields match (fuzzy match, 0.98 confidence)",ocr_reading,OCR vs decoded payload,high,2026-04-08T19:51:03
f3fb2f01-96bf-4f9a-8a56-d0df34ec1cb3,03472bca-4632-4862-99e3-b0bc1c0a2ba0,expiry_status,Pass,Not yet expired,decoded_code,Decoded payload,structured,2026-04-08T19:51:03
91e878fe-cc93-46a4-a9d1-0550de42d4b0,03472bca-4632-4862-99e3-b0bc1c0a2ba0,nsq_status,Pass,No match found in current CDSCO alerts,government_record,CDSCO NSQ/spurious database,structured,2026-04-08T19:51:03
34ecd628-14f0-4c7e-8b59-6844434d474b,03472bca-4632-4862-99e3-b0bc1c0a2ba0,replay_pattern,Inconclusive,[Preview] Synthetic demo data only,user_photo,Synthetic demo data only,low,2026-04-08T19:51:03
4f253716-49ff-4a9b-8194-313f58caec1f,03472bca-4632-4862-99e3-b0bc1c0a2ba0,visual_heuristic,Pass,No blur or crop detected,user_photo,Uploaded package photo,medium,2026-04-08T19:51:03
27058797-f043-4f37-9df8-59455760c298,e08eaee0-4b5c-4974-8465-51655182e951,code_validity,Pass,Decodes correctly,decoded_code,Decoded from scanned code,structured,2026-05-21T19:37:34
844d128e-e794-4d83-be35-76e4531451f2,e08eaee0-4b5c-4974-8465-51655182e951,label_consistency,Pass,"Fields match (fuzzy match, 0.98 confidence)",ocr_reading,OCR vs decoded payload,high,2026-05-21T19:37:34
676bed14-258c-4530-8422-c08ecf92c7ad,e08eaee0-4b5c-4974-8465-51655182e951,expiry_status,Pass,Not yet expired,decoded_code,Decoded payload,structured,2026-05-21T19:37:34
83105045-71ea-48cb-8f0c-32cc4387e3a7,e08eaee0-4b5c-4974-8465-51655182e951,nsq_status,Pass,No match found in current CDSCO alerts,government_record,CDSCO NSQ/spurious database,structured,2026-05-21T19:37:34
e58767cf-d5f0-48f7-b0ff-63068cf076cb,e08eaee0-4b5c-4974-8465-51655182e951,replay_pattern,Inconclusive,[Preview] Synthetic demo data only,user_photo,Synthetic demo data only,low,2026-05-21T19:37:34
5f18ca05-ba3f-4083-bacb-8b1bb3fb1dff,e08eaee0-4b5c-4974-8465-51655182e951,visual_heuristic,Pass,No blur or crop detected,user_photo,Uploaded package photo,medium,2026-05-21T19:37:34
ebfe8362-cda1-4a7b-b4c7-3573eddf8453,4f1518c5-d36d-466a-9e0d-b9e4b10731a2,code_validity,Pass,Decodes correctly,decoded_code,Decoded from scanned code,structured,2026-06-04T20:10:36
5251df0b-2b1e-43e3-9023-fced3f735d5d,4f1518c5-d36d-466a-9e0d-b9e4b10731a2,label_consistency,Pass,"Fields match (fuzzy match, 0.98 confidence)",ocr_reading,OCR vs decoded payload,high,2026-06-04T20:10:36
3ceb44e5-dbf8-49dd-b6fc-6a2818ee1cc1,4f1518c5-d36d-466a-9e0d-b9e4b10731a2,expiry_status,Pass,Not yet expired,decoded_code,Decoded payload,structured,2026-06-04T20:10:36
2db28e2e-71df-4578-9074-9e02bd485098,4f1518c5-d36d-466a-9e0d-b9e4b10731a2,nsq_status,Pass,No match found in current CDSCO alerts,government_record,CDSCO NSQ/spurious database,structured,2026-06-04T20:10:36
70c99fd5-4252-4427-8e8e-b10ffc3bfcb0,4f1518c5-d36d-466a-9e0d-b9e4b10731a2,replay_pattern,Inconclusive,[Preview] Synthetic demo data only,user_photo,Synthetic demo data only,low,2026-06-04T20:10:36
18015540-f263-46bd-8da0-282e135f36a5,4f1518c5-d36d-466a-9e0d-b9e4b10731a2,visual_heuristic,Pass,No blur or crop detected,user_photo,Uploaded package photo,medium,2026-06-04T20:10:36
22bc7e0c-8660-4403-b167-e6092882f568,9caa91a6-5fb8-4076-8081-03355628be31,code_validity,Pass,Decodes correctly,decoded_code,Decoded from scanned code,structured,2025-11-20T19:15:54
230a3c39-b960-4a61-8cc5-373741958a13,9caa91a6-5fb8-4076-8081-03355628be31,label_consistency,Pass,"Fields match (fuzzy match, 0.98 confidence)",ocr_reading,OCR vs decoded payload,high,2025-11-20T19:15:54
29dbd725-569a-4bfb-80e5-81ae79f70ae0,9caa91a6-5fb8-4076-8081-03355628be31,expiry_status,Pass,Not yet expired,decoded_code,Decoded payload,structured,2025-11-20T19:15:54
7aece7bf-6767-49f9-bd8c-e33e4b784b44,9caa91a6-5fb8-4076-8081-03355628be31,nsq_status,Pass,No match found in current CDSCO alerts,government_record,CDSCO NSQ/spurious database,structured,2025-11-20T19:15:54
a87a253f-13d7-4286-af3f-6978a0be9915,9caa91a6-5fb8-4076-8081-03355628be31,replay_pattern,Inconclusive,[Preview] Synthetic demo data only,user_photo,Synthetic demo data only,low,2025-11-20T19:15:54
92101072-8541-443d-8898-adb3d390e5de,9caa91a6-5fb8-4076-8081-03355628be31,visual_heuristic,Pass,No blur or crop detected,user_photo,Uploaded package photo,medium,2025-11-20T19:15:54
de02b64d-64f7-4339-af78-eef1b376e96f,ac7ecf3b-a882-4f8d-927b-96296723f9b6,code_validity,Pass,Decodes correctly,decoded_code,Decoded from scanned code,structured,2026-05-23T11:33:39
1b43bf4e-c1b5-4fc0-adcd-493be0bd6302,ac7ecf3b-a882-4f8d-927b-96296723f9b6,label_consistency,Pass,"Fields match (fuzzy match, 0.98 confidence)",ocr_reading,OCR vs decoded payload,high,2026-05-23T11:33:39
1c3d22e8-fde6-4fa8-abf2-19902a40ac27,ac7ecf3b-a882-4f8d-927b-96296723f9b6,expiry_status,Pass,Not yet expired,decoded_code,Decoded payload,structured,2026-05-23T11:33:39
78a71f78-a121-4897-8965-d82c8820ff9f,ac7ecf3b-a882-4f8d-927b-96296723f9b6,nsq_status,Pass,No match found in current CDSCO alerts,government_record,CDSCO NSQ/spurious database,structured,2026-05-23T11:33:39
3c220981-4dee-42a3-8ac6-aa2bafc14822,ac7ecf3b-a882-4f8d-927b-96296723f9b6,replay_pattern,Inconclusive,[Preview] Synthetic demo data only,user_photo,Synthetic demo data only,low,2026-05-23T11:33:39
afbab32c-35d3-45ad-8b76-6874b7916850,ac7ecf3b-a882-4f8d-927b-96296723f9b6,visual_heuristic,Pass,No blur or crop detected,user_photo,Uploaded package photo,medium,2026-05-23T11:33:39
40ce232a-78af-4ff5-a70c-10bc3cd6e96f,2a9f1ff8-d36f-473f-aebb-b85988416e5b,code_validity,Pass,Decodes correctly,decoded_code,Decoded from scanned code,structured,2026-01-07T19:29:58
4c77d65b-597c-40a5-a923-02bd1a7fdcbc,2a9f1ff8-d36f-473f-aebb-b85988416e5b,label_consistency,Pass,"Fields match (fuzzy match, 0.98 confidence)",ocr_reading,OCR vs decoded payload,high,2026-01-07T19:29:58
e1047bba-fa3d-41ca-9612-4c180dca8020,2a9f1ff8-d36f-473f-aebb-b85988416e5b,expiry_status,Pass,Not yet expired,decoded_code,Decoded payload,structured,2026-01-07T19:29:58
454a2aa4-2838-4a95-87e9-38690033077f,2a9f1ff8-d36f-473f-aebb-b85988416e5b,nsq_status,Pass,No match found in current CDSCO alerts,government_record,CDSCO NSQ/spurious database,structured,2026-01-07T19:29:58
68989ae1-adbe-48eb-a345-906fe899692e,2a9f1ff8-d36f-473f-aebb-b85988416e5b,replay_pattern,Inconclusive,[Preview] Synthetic demo data only,user_photo,Synthetic demo data only,low,2026-01-07T19:29:58
7bb8d625-2a95-4dea-b0f5-b5a95228c8fe,2a9f1ff8-d36f-473f-aebb-b85988416e5b,visual_heuristic,Pass,No blur or crop detected,user_photo,Uploaded package photo,medium,2026-01-07T19:29:58
af1c4e3a-10d7-4138-8699-c39f2b527f0e,4081983b-d920-429a-ac51-62421ffd8792,code_validity,Pass,Decodes correctly,decoded_code,Decoded from scanned code,structured,2026-01-01T02:49:34
d79bfb8e-1f1e-422f-8e0f-f17a9cf947fd,4081983b-d920-429a-ac51-62421ffd8792,label_consistency,Pass,"Fields match (fuzzy match, 0.98 confidence)",ocr_reading,OCR vs decoded payload,high,2026-01-01T02:49:34
3b1a3689-6232-4e96-9223-735264b9f06d,4081983b-d920-429a-ac51-62421ffd8792,expiry_status,Pass,Not yet expired,decoded_code,Decoded payload,structured,2026-01-01T02:49:34
8b953ad1-ed07-41c1-9aa2-0f373e5fdff3,4081983b-d920-429a-ac51-62421ffd8792,nsq_status,Pass,No match found in current CDSCO alerts,government_record,CDSCO NSQ/spurious database,structured,2026-01-01T02:49:34
8489d47c-b2df-4f92-9d31-beff7ae9ca77,4081983b-d920-429a-ac51-62421ffd8792,replay_pattern,Inconclusive,[Preview] Synthetic demo data only,user_photo,Synthetic demo data only,low,2026-01-01T02:49:34
b249e256-347d-4d49-bfe1-286487b5d56e,4081983b-d920-429a-ac51-62421ffd8792,visual_heuristic,Pass,No blur or crop detected,user_photo,Uploaded package photo,medium,2026-01-01T02:49:34
9db2d569-0047-48e7-bb6d-43d090e35c04,13eeb01f-4e6e-46c8-b2f2-f6994defb3eb,code_validity,Pass,Decodes correctly,decoded_code,Decoded from scanned code,structured,2025-11-14T14:56:36
262c2d1a-7cae-4666-8518-e40893c3e7cf,13eeb01f-4e6e-46c8-b2f2-f6994defb3eb,label_consistency,Pass,"Fields match (fuzzy match, 0.98 confidence)",ocr_reading,OCR vs decoded payload,high,2025-11-14T14:56:36
666f57aa-0878-44dc-8221-bbe33d71e83c,13eeb01f-4e6e-46c8-b2f2-f6994defb3eb,expiry_status,Pass,Not yet expired,decoded_code,Decoded payload,structured,2025-11-14T14:56:36
cc53172c-c497-4486-bf5c-e8b40e2ffa57,13eeb01f-4e6e-46c8-b2f2-f6994defb3eb,nsq_status,Pass,No match found in current CDSCO alerts,government_record,CDSCO NSQ/spurious database,structured,2025-11-14T14:56:36
b353c661-ed8e-4f76-b5f4-c594f056abd1,13eeb01f-4e6e-46c8-b2f2-f6994defb3eb,replay_pattern,Inconclusive,[Preview] Synthetic demo data only,user_photo,Synthetic demo data only,low,2025-11-14T14:56:36
89a48620-0045-4ec3-be79-70e02ffd7a07,13eeb01f-4e6e-46c8-b2f2-f6994defb3eb,visual_heuristic,Pass,No blur or crop detected,user_photo,Uploaded package photo,medium,2025-11-14T14:56:36
27882428-81c9-4c12-89ba-650c503cbe09,73b2cb28-81f3-4fb5-838d-9b77aafbf387,code_validity,Pass,Decodes correctly,decoded_code,Decoded from scanned code,structured,2025-07-06T11:14:39
dc48408c-783b-4673-ae52-bfaf1720f2b7,73b2cb28-81f3-4fb5-838d-9b77aafbf387,label_consistency,Pass,"Fields match (fuzzy match, 0.98 confidence)",ocr_reading,OCR vs decoded payload,high,2025-07-06T11:14:39
ffe1cff2-ac70-43e3-976b-9ecd5fdcd159,73b2cb28-81f3-4fb5-838d-9b77aafbf387,expiry_status,Pass,Not yet expired,decoded_code,Decoded payload,structured,2025-07-06T11:14:39
ef678c57-200f-4c46-9365-1115b19627a7,73b2cb28-81f3-4fb5-838d-9b77aafbf387,nsq_status,Pass,No match found in current CDSCO alerts,government_record,CDSCO NSQ/spurious database,structured,2025-07-06T11:14:39
ebac0b80-8cd6-42d8-b659-fcc165102a5b,73b2cb28-81f3-4fb5-838d-9b77aafbf387,replay_pattern,Inconclusive,[Preview] Synthetic demo data only,user_photo,Synthetic demo data only,low,2025-07-06T11:14:39
fe2f97ad-7573-4be9-a61c-6a25f4d1bafe,73b2cb28-81f3-4fb5-838d-9b77aafbf387,visual_heuristic,Pass,No blur or crop detected,user_photo,Uploaded package photo,medium,2025-07-06T11:14:39
cbaed4cd-48d0-45cc-a742-4b9c88a0eae5,602536c3-18de-4b59-a51f-c5e9912daa22,code_validity,Pass,Decodes correctly,decoded_code,Decoded from scanned code,structured,2026-06-24T10:28:02
5211394a-6b89-4bae-a786-7a4cacc0d503,602536c3-18de-4b59-a51f-c5e9912daa22,label_consistency,Pass,"Fields match (fuzzy match, 0.98 confidence)",ocr_reading,OCR vs decoded payload,high,2026-06-24T10:28:02
714fb346-c30f-45e1-bc02-d331f67a08dd,602536c3-18de-4b59-a51f-c5e9912daa22,expiry_status,Pass,Not yet expired,decoded_code,Decoded payload,structured,2026-06-24T10:28:02
bd8a8647-da62-41cc-adcd-935dfd3bb4fb,602536c3-18de-4b59-a51f-c5e9912daa22,nsq_status,Pass,No match found in current CDSCO alerts,government_record,CDSCO NSQ/spurious database,structured,2026-06-24T10:28:02
80baed28-acf7-417a-96aa-65b06a114c1f,602536c3-18de-4b59-a51f-c5e9912daa22,replay_pattern,Inconclusive,[Preview] Synthetic demo data only,user_photo,Synthetic demo data only,low,2026-06-24T10:28:02
e702c696-d5d0-479b-95c5-65ab960dd9dd,602536c3-18de-4b59-a51f-c5e9912daa22,visual_heuristic,Pass,No blur or crop detected,user_photo,Uploaded package photo,medium,2026-06-24T10:28:02
78015d74-f2fa-4223-b7e9-d2dbf8ef55c6,1e5c5e36-4803-4f42-b3c8-2e89fd3823fd,code_validity,Pass,Decodes correctly,decoded_code,Decoded from scanned code,structured,2026-07-30T17:41:19
96cd7ad5-caf1-4811-b9f7-a86fb89bbf33,1e5c5e36-4803-4f42-b3c8-2e89fd3823fd,label_consistency,Pass,"Fields match (fuzzy match, 0.98 confidence)",ocr_reading,OCR vs decoded payload,high,2026-07-30T17:41:19
0d7ae087-ae7d-48ab-8fd3-172461ad4df2,1e5c5e36-4803-4f42-b3c8-2e89fd3823fd,expiry_status,Pass,Not yet expired,decoded_code,Decoded payload,structured,2026-07-30T17:41:19
1551c8dc-a5c2-42c4-a2ec-663b4a448777,1e5c5e36-4803-4f42-b3c8-2e89fd3823fd,nsq_status,Pass,No match found in current CDSCO alerts,government_record,CDSCO NSQ/spurious database,structured,2026-07-30T17:41:19
153342be-aecf-4b7e-be51-113dd6883c5e,1e5c5e36-4803-4f42-b3c8-2e89fd3823fd,replay_pattern,Inconclusive,[Preview] Synthetic demo data only,user_photo,Synthetic demo data only,low,2026-07-30T17:41:19
876a9702-6804-4b82-a4ef-162dc39060f5,1e5c5e36-4803-4f42-b3c8-2e89fd3823fd,visual_heuristic,Pass,No blur or crop detected,user_photo,Uploaded package photo,medium,2026-07-30T17:41:19
d0ea95d9-9560-4398-9d42-d79e29862ffc,e6a5e9e7-e5b4-411a-b1ef-1dbab3a303e9,code_validity,Pass,Decodes correctly,decoded_code,Decoded from scanned code,structured,2025-12-22T16:38:05
a90f03e2-fa5b-4af9-bce3-09c0dc32d4b6,e6a5e9e7-e5b4-411a-b1ef-1dbab3a303e9,label_consistency,Pass,"Fields match (fuzzy match, 0.98 confidence)",ocr_reading,OCR vs decoded payload,high,2025-12-22T16:38:05
fed96c52-8287-409f-8184-9d4864d74a30,e6a5e9e7-e5b4-411a-b1ef-1dbab3a303e9,expiry_status,Pass,Not yet expired,decoded_code,Decoded payload,structured,2025-12-22T16:38:05
b05fccac-3b03-4169-830d-10c076ea2db6,e6a5e9e7-e5b4-411a-b1ef-1dbab3a303e9,nsq_status,Pass,No match found in current CDSCO alerts,government_record,CDSCO NSQ/spurious database,structured,2025-12-22T16:38:05
7dd0b899-9f14-4cb3-9c56-d969fde5fcfa,e6a5e9e7-e5b4-411a-b1ef-1dbab3a303e9,replay_pattern,Inconclusive,[Preview] Synthetic demo data only,user_photo,Synthetic demo data only,low,2025-12-22T16:38:05
a4d07ef9-8d74-42d6-ac76-0df28d017faf,e6a5e9e7-e5b4-411a-b1ef-1dbab3a303e9,visual_heuristic,Pass,No blur or crop detected,user_photo,Uploaded package photo,medium,2025-12-22T16:38:05
4c46f07a-94c7-4778-b1d7-050196710183,6c9e2be9-58eb-4b0b-95b7-2e9a8a0518e4,code_validity,Pass,Decodes correctly,decoded_code,Decoded from scanned code,structured,2026-07-02T20:47:09
849d6898-ac55-4b4f-b439-e2997b5afb57,6c9e2be9-58eb-4b0b-95b7-2e9a8a0518e4,label_consistency,Pass,"Fields match (fuzzy match, 0.98 confidence)",ocr_reading,OCR vs decoded payload,high,2026-07-02T20:47:09
da13c3f2-8f9c-4f61-9564-6c5862c56d4f,6c9e2be9-58eb-4b0b-95b7-2e9a8a0518e4,expiry_status,Pass,Not yet expired,decoded_code,Decoded payload,structured,2026-07-02T20:47:09
0154ee56-fd06-453e-84af-94d583484f5d,6c9e2be9-58eb-4b0b-95b7-2e9a8a0518e4,nsq_status,Pass,No match found in current CDSCO alerts,government_record,CDSCO NSQ/spurious database,structured,2026-07-02T20:47:09
f63971be-778c-4f2e-a584-f7bfc849bc3f,6c9e2be9-58eb-4b0b-95b7-2e9a8a0518e4,replay_pattern,Inconclusive,[Preview] Synthetic demo data only,user_photo,Synthetic demo data only,low,2026-07-02T20:47:09
977e8ef4-4a25-40c9-a0dc-3ef822ba66fa,6c9e2be9-58eb-4b0b-95b7-2e9a8a0518e4,visual_heuristic,Pass,No blur or crop detected,user_photo,Uploaded package photo,medium,2026-07-02T20:47:09
be698a2f-2935-47d0-9845-c33515064168,d6b6e681-12fe-40fb-a55e-261cce5ad81c,code_validity,Pass,Decodes correctly,decoded_code,Decoded from scanned code,structured,2025-08-21T11:15:10
85eba1fc-19b9-471b-a3cd-88f039c9bafa,d6b6e681-12fe-40fb-a55e-261cce5ad81c,label_consistency,Pass,"Fields match (fuzzy match, 0.98 confidence)",ocr_reading,OCR vs decoded payload,high,2025-08-21T11:15:10
67145062-842c-4602-b8d2-73da3e2e7b9f,d6b6e681-12fe-40fb-a55e-261cce5ad81c,expiry_status,Pass,Not yet expired,decoded_code,Decoded payload,structured,2025-08-21T11:15:10
e2a5897c-22f9-4abf-95c8-7e40d527dfa0,d6b6e681-12fe-40fb-a55e-261cce5ad81c,nsq_status,Pass,No match found in current CDSCO alerts,government_record,CDSCO NSQ/spurious database,structured,2025-08-21T11:15:10
33c1aa83-620e-440d-a49d-aff9731a8b1b,d6b6e681-12fe-40fb-a55e-261cce5ad81c,replay_pattern,Inconclusive,[Preview] Synthetic demo data only,user_photo,Synthetic demo data only,low,2025-08-21T11:15:10
7155ee7f-0dcf-4858-b937-e304ace08fbb,d6b6e681-12fe-40fb-a55e-261cce5ad81c,visual_heuristic,Pass,No blur or crop detected,user_photo,Uploaded package photo,medium,2025-08-21T11:15:10
1218675e-c322-437b-9f74-3166b41beaa4,0c8fdfcc-7556-4c0b-a728-e65f3743878a,code_validity,Pass,Decodes correctly,decoded_code,Decoded from scanned code,structured,2026-03-26T18:16:35
aa6ac87c-a73a-4be9-a67a-3b02d41e6b53,0c8fdfcc-7556-4c0b-a728-e65f3743878a,label_consistency,Pass,"Fields match (fuzzy match, 0.98 confidence)",ocr_reading,OCR vs decoded payload,high,2026-03-26T18:16:35
1329e456-32f7-436d-b3f4-da944af364d3,0c8fdfcc-7556-4c0b-a728-e65f3743878a,expiry_status,Pass,Not yet expired,decoded_code,Decoded payload,structured,2026-03-26T18:16:35
5d589efc-4da2-426d-9321-35604ec670e9,0c8fdfcc-7556-4c0b-a728-e65f3743878a,nsq_status,Pass,No match found in current CDSCO alerts,government_record,CDSCO NSQ/spurious database,structured,2026-03-26T18:16:35
18a342c7-8e6d-44f8-b0fd-0ad4216a18aa,0c8fdfcc-7556-4c0b-a728-e65f3743878a,replay_pattern,Inconclusive,[Preview] Synthetic demo data only,user_photo,Synthetic demo data only,low,2026-03-26T18:16:35
b88f6848-ba60-46e0-9c5d-8b43a434b229,0c8fdfcc-7556-4c0b-a728-e65f3743878a,visual_heuristic,Pass,No blur or crop detected,user_photo,Uploaded package photo,medium,2026-03-26T18:16:35
07da25a1-a007-46b2-a8f5-99e2c5f6f5de,c4eb95dd-e7f6-407d-9163-a3b5b8934974,code_validity,Pass,Decodes correctly,decoded_code,Decoded from scanned code,structured,2025-10-19T13:41:51
efa6d97b-9d9e-4c63-8650-c1093412c85d,c4eb95dd-e7f6-407d-9163-a3b5b8934974,label_consistency,Pass,"Fields match (fuzzy match, 0.98 confidence)",ocr_reading,OCR vs decoded payload,high,2025-10-19T13:41:51
76980321-dc62-4564-993a-950c849b12b7,c4eb95dd-e7f6-407d-9163-a3b5b8934974,expiry_status,Pass,Not yet expired,decoded_code,Decoded payload,structured,2025-10-19T13:41:51
80b47464-848b-43be-b893-546c4b7f73c4,c4eb95dd-e7f6-407d-9163-a3b5b8934974,nsq_status,Pass,No match found in current CDSCO alerts,government_record,CDSCO NSQ/spurious database,structured,2025-10-19T13:41:51
e2f5a4f4-a24e-46b9-9a39-77b1f5c686bc,c4eb95dd-e7f6-407d-9163-a3b5b8934974,replay_pattern,Inconclusive,[Preview] Synthetic demo data only,user_photo,Synthetic demo data only,low,2025-10-19T13:41:51
1cb38732-8101-42a4-b0a1-6fb49e41ca0c,c4eb95dd-e7f6-407d-9163-a3b5b8934974,visual_heuristic,Pass,No blur or crop detected,user_photo,Uploaded package photo,medium,2025-10-19T13:41:51
14c718f4-f966-464e-b883-caaa47ad2cda,be28af40-762d-4ff2-9a2f-8056be5beafe,code_validity,Pass,Decodes correctly,decoded_code,Decoded from scanned code,structured,2026-05-17T17:02:15
d0f6c8db-3ce3-4027-b9c1-fe32151e3f17,be28af40-762d-4ff2-9a2f-8056be5beafe,label_consistency,Pass,"Fields match (fuzzy match, 0.98 confidence)",ocr_reading,OCR vs decoded payload,high,2026-05-17T17:02:15
84c296b4-d97e-44f1-bda0-923531145775,be28af40-762d-4ff2-9a2f-8056be5beafe,expiry_status,Pass,Not yet expired,decoded_code,Decoded payload,structured,2026-05-17T17:02:15
854b0920-01d6-4e98-9c7c-1fe4e1147b0a,be28af40-762d-4ff2-9a2f-8056be5beafe,nsq_status,Pass,No match found in current CDSCO alerts,government_record,CDSCO NSQ/spurious database,structured,2026-05-17T17:02:15
e629d980-f4f0-46c3-bebf-a10f560b2107,be28af40-762d-4ff2-9a2f-8056be5beafe,replay_pattern,Inconclusive,[Preview] Synthetic demo data only,user_photo,Synthetic demo data only,low,2026-05-17T17:02:15
97ffcc5c-78e8-4f3b-8b23-c7ef95bfd8c9,be28af40-762d-4ff2-9a2f-8056be5beafe,visual_heuristic,Pass,No blur or crop detected,user_photo,Uploaded package photo,medium,2026-05-17T17:02:15
594a7e99-eb09-4b2a-856a-567c95e5ab29,4565864c-1200-48a6-97c8-7c353e7ae9fe,code_validity,Pass,Decodes correctly,decoded_code,Decoded from scanned code,structured,2025-09-22T15:34:54
7bb8a868-d187-4a70-84b7-c9fc4d471983,4565864c-1200-48a6-97c8-7c353e7ae9fe,label_consistency,Pass,"Fields match (fuzzy match, 0.98 confidence)",ocr_reading,OCR vs decoded payload,high,2025-09-22T15:34:54
ba499374-053e-4886-9d6b-49f2c974a945,4565864c-1200-48a6-97c8-7c353e7ae9fe,expiry_status,Pass,Not yet expired,decoded_code,Decoded payload,structured,2025-09-22T15:34:54
e4d8424d-703f-43be-a541-27d0c6f557fc,4565864c-1200-48a6-97c8-7c353e7ae9fe,nsq_status,Pass,No match found in current CDSCO alerts,government_record,CDSCO NSQ/spurious database,structured,2025-09-22T15:34:54
d41227ff-432a-4e6d-9f12-4fc0d6c4e1d7,4565864c-1200-48a6-97c8-7c353e7ae9fe,replay_pattern,Inconclusive,[Preview] Synthetic demo data only,user_photo,Synthetic demo data only,low,2025-09-22T15:34:54
bf098368-5630-445c-8fb4-6849deca9c8e,4565864c-1200-48a6-97c8-7c353e7ae9fe,visual_heuristic,Pass,No blur or crop detected,user_photo,Uploaded package photo,medium,2025-09-22T15:34:54
8a9cf332-87e7-4c74-a3fb-0f1c11e7fce7,364649b3-d7a1-408e-be8e-542a42290a59,code_validity,Pass,Decodes correctly,decoded_code,Decoded from scanned code,structured,2025-03-28T21:37:44
309f6d4f-7e3f-48da-b2b7-f366361029c3,364649b3-d7a1-408e-be8e-542a42290a59,label_consistency,Pass,"Fields match (fuzzy match, 0.98 confidence)",ocr_reading,OCR vs decoded payload,high,2025-03-28T21:37:44
2a854db8-47c6-4685-bcd9-0a379b769ec8,364649b3-d7a1-408e-be8e-542a42290a59,expiry_status,Pass,Not yet expired,decoded_code,Decoded payload,structured,2025-03-28T21:37:44
d422df98-77fd-4e3c-9c45-d35701c7aa3c,364649b3-d7a1-408e-be8e-542a42290a59,nsq_status,Pass,No match found in current CDSCO alerts,government_record,CDSCO NSQ/spurious database,structured,2025-03-28T21:37:44
47e3aa90-20da-4863-a484-3e44a1a47bd2,364649b3-d7a1-408e-be8e-542a42290a59,replay_pattern,Inconclusive,[Preview] Synthetic demo data only,user_photo,Synthetic demo data only,low,2025-03-28T21:37:44
4f96aacc-4632-46c2-a4ea-d73e3193623f,364649b3-d7a1-408e-be8e-542a42290a59,visual_heuristic,Pass,No blur or crop detected,user_photo,Uploaded package photo,medium,2025-03-28T21:37:44
674b95b7-2cf3-443f-92bb-d46589048f5e,a7013b88-cb6c-4025-94cc-a513e48743fd,code_validity,Pass,Decodes correctly,decoded_code,Decoded from scanned code,structured,2026-04-10T20:24:04
b7d187ec-0baf-47d2-ad44-2eceab16adab,a7013b88-cb6c-4025-94cc-a513e48743fd,label_consistency,Pass,"Fields match (fuzzy match, 0.98 confidence)",ocr_reading,OCR vs decoded payload,high,2026-04-10T20:24:04
410c1c4b-cb32-4308-a549-158341deb196,a7013b88-cb6c-4025-94cc-a513e48743fd,expiry_status,Pass,Not yet expired,decoded_code,Decoded payload,structured,2026-04-10T20:24:04
656b2881-7798-4e77-880c-390731e8a105,a7013b88-cb6c-4025-94cc-a513e48743fd,nsq_status,Pass,No match found in current CDSCO alerts,government_record,CDSCO NSQ/spurious database,structured,2026-04-10T20:24:04
75f767f5-f77f-4564-8b43-1ef8516abcbf,a7013b88-cb6c-4025-94cc-a513e48743fd,replay_pattern,Inconclusive,[Preview] Synthetic demo data only,user_photo,Synthetic demo data only,low,2026-04-10T20:24:04
902ed190-8d8c-4d91-8274-94f809fe81f2,a7013b88-cb6c-4025-94cc-a513e48743fd,visual_heuristic,Pass,No blur or crop detected,user_photo,Uploaded package photo,medium,2026-04-10T20:24:04
059b811d-ee97-420b-b0d5-90950cb4778d,acee7f70-48c3-4775-97b3-1719bbc2735f,code_validity,Pass,Decodes correctly,decoded_code,Decoded from scanned code,structured,2025-08-24T19:17:11
86a2fcfc-2acd-4e43-ac26-49a23c330354,acee7f70-48c3-4775-97b3-1719bbc2735f,label_consistency,Pass,"Fields match (fuzzy match, 0.98 confidence)",ocr_reading,OCR vs decoded payload,high,2025-08-24T19:17:11
53c089e9-7791-49ba-96e7-34a27962f705,acee7f70-48c3-4775-97b3-1719bbc2735f,expiry_status,Pass,Not yet expired,decoded_code,Decoded payload,structured,2025-08-24T19:17:11
4c1f09fc-f33a-4906-8271-99f673de1f32,acee7f70-48c3-4775-97b3-1719bbc2735f,nsq_status,Pass,No match found in current CDSCO alerts,government_record,CDSCO NSQ/spurious database,structured,2025-08-24T19:17:11
5b3a8559-4c18-41ea-a379-42022d78ca59,acee7f70-48c3-4775-97b3-1719bbc2735f,replay_pattern,Inconclusive,[Preview] Synthetic demo data only,user_photo,Synthetic demo data only,low,2025-08-24T19:17:11
677f0ec1-381d-44f5-b49d-c6a9c372e200,acee7f70-48c3-4775-97b3-1719bbc2735f,visual_heuristic,Pass,No blur or crop detected,user_photo,Uploaded package photo,medium,2025-08-24T19:17:11
e5fc7376-9f89-4837-a730-e9acd2532fd0,9f87ff3f-679f-4152-8005-ac1fbe247db4,code_validity,Pass,Decodes correctly,decoded_code,Decoded from scanned code,structured,2026-02-18T07:37:51
f6fc7d04-1467-46d7-a47c-07ed06472fa0,9f87ff3f-679f-4152-8005-ac1fbe247db4,label_consistency,Pass,"Fields match (fuzzy match, 0.98 confidence)",ocr_reading,OCR vs decoded payload,high,2026-02-18T07:37:51
3b0a328c-b8f3-456b-acd4-20a4fea5f999,9f87ff3f-679f-4152-8005-ac1fbe247db4,expiry_status,Pass,Not yet expired,decoded_code,Decoded payload,structured,2026-02-18T07:37:51
69a51c1e-5f22-44e4-afba-a3627af92894,9f87ff3f-679f-4152-8005-ac1fbe247db4,nsq_status,Pass,No match found in current CDSCO alerts,government_record,CDSCO NSQ/spurious database,structured,2026-02-18T07:37:51
dc4a5a62-9c52-4c01-9448-f55824ddc3f1,9f87ff3f-679f-4152-8005-ac1fbe247db4,replay_pattern,Inconclusive,[Preview] Synthetic demo data only,user_photo,Synthetic demo data only,low,2026-02-18T07:37:51
5f457dc3-faad-46b2-b95d-b1b4b20a93b3,9f87ff3f-679f-4152-8005-ac1fbe247db4,visual_heuristic,Pass,No blur or crop detected,user_photo,Uploaded package photo,medium,2026-02-18T07:37:51
9c9ce5f4-cf38-4ed1-a616-f80e011e3755,2013c8d9-781a-42db-b82a-0a14ea0a669f,code_validity,Pass,Decodes correctly,decoded_code,Decoded from scanned code,structured,2026-05-17T17:13:24
5d462756-3541-45ee-9257-77ae0039f3f2,2013c8d9-781a-42db-b82a-0a14ea0a669f,label_consistency,Pass,"Fields match (fuzzy match, 0.98 confidence)",ocr_reading,OCR vs decoded payload,high,2026-05-17T17:13:24
a84721f9-3f07-40d7-b274-0e57346cf5b8,2013c8d9-781a-42db-b82a-0a14ea0a669f,expiry_status,Pass,Not yet expired,decoded_code,Decoded payload,structured,2026-05-17T17:13:24
843759fa-13f9-4168-93c0-5747b272ba7a,2013c8d9-781a-42db-b82a-0a14ea0a669f,nsq_status,Pass,No match found in current CDSCO alerts,government_record,CDSCO NSQ/spurious database,structured,2026-05-17T17:13:24
54d8b7b8-de20-46b7-988f-49638e7df1ee,2013c8d9-781a-42db-b82a-0a14ea0a669f,replay_pattern,Inconclusive,[Preview] Synthetic demo data only,user_photo,Synthetic demo data only,low,2026-05-17T17:13:24
60920000-0d6f-4956-9f16-63b3c4c7945b,2013c8d9-781a-42db-b82a-0a14ea0a669f,visual_heuristic,Pass,No blur or crop detected,user_photo,Uploaded package photo,medium,2026-05-17T17:13:24
9edc3ce3-3f3d-4d69-9997-ed48e9509355,c4aa5fdf-54ff-4a1f-a8ab-2b9ae6f77fa6,code_validity,Pass,Decodes correctly,decoded_code,Decoded from scanned code,structured,2026-03-01T14:53:13
5c205c04-08e3-46c6-8870-39814cee7fbb,c4aa5fdf-54ff-4a1f-a8ab-2b9ae6f77fa6,label_consistency,Pass,"Fields match (fuzzy match, 0.98 confidence)",ocr_reading,OCR vs decoded payload,high,2026-03-01T14:53:13
015477b9-7ebd-4a33-b9cc-8cdeca440c9f,c4aa5fdf-54ff-4a1f-a8ab-2b9ae6f77fa6,expiry_status,Pass,Not yet expired,decoded_code,Decoded payload,structured,2026-03-01T14:53:13
7071c9cd-14b2-41f5-bc2b-5b7c84ac6733,c4aa5fdf-54ff-4a1f-a8ab-2b9ae6f77fa6,nsq_status,Pass,No match found in current CDSCO alerts,government_record,CDSCO NSQ/spurious database,structured,2026-03-01T14:53:13
a605bbef-f5f6-4b3c-9fc3-420ba6715169,c4aa5fdf-54ff-4a1f-a8ab-2b9ae6f77fa6,replay_pattern,Inconclusive,[Preview] Synthetic demo data only,user_photo,Synthetic demo data only,low,2026-03-01T14:53:13
691a104a-48fe-4831-b251-3d46e0ae406a,c4aa5fdf-54ff-4a1f-a8ab-2b9ae6f77fa6,visual_heuristic,Pass,No blur or crop detected,user_photo,Uploaded package photo,medium,2026-03-01T14:53:13
9da6a55f-a8fa-4ced-9872-73f4f43eaeba,567ed203-54bf-4727-8895-33b117c5b46b,code_validity,Pass,Decodes correctly,decoded_code,Decoded from scanned code,structured,2025-04-22T12:13:14
c1c44efd-5a7e-4be9-95bc-44ca92c2f6b5,567ed203-54bf-4727-8895-33b117c5b46b,label_consistency,Pass,"Fields match (fuzzy match, 0.98 confidence)",ocr_reading,OCR vs decoded payload,high,2025-04-22T12:13:14
3699c997-3d8b-4a31-9ac3-cd337d0dd16f,567ed203-54bf-4727-8895-33b117c5b46b,expiry_status,Pass,Not yet expired,decoded_code,Decoded payload,structured,2025-04-22T12:13:14
1b73bb14-a6cc-462a-a149-c469941e046d,567ed203-54bf-4727-8895-33b117c5b46b,nsq_status,Pass,No match found in current CDSCO alerts,government_record,CDSCO NSQ/spurious database,structured,2025-04-22T12:13:14
0806ac0e-083f-42bb-ad21-5961d9b953d3,567ed203-54bf-4727-8895-33b117c5b46b,replay_pattern,Inconclusive,[Preview] Synthetic demo data only,user_photo,Synthetic demo data only,low,2025-04-22T12:13:14
7ad5135f-3b5c-4e96-8333-02ad5b5fe18d,567ed203-54bf-4727-8895-33b117c5b46b,visual_heuristic,Pass,No blur or crop detected,user_photo,Uploaded package photo,medium,2025-04-22T12:13:14
6d42ea24-596e-4328-b1b4-eb6e29401d2a,dfb8d328-c66f-4cbb-8d46-414037e87251,code_validity,Pass,Decodes correctly,decoded_code,Decoded from scanned code,structured,2025-06-29T13:04:18
f5853e9d-d78b-4073-8afa-d2eedae04865,dfb8d328-c66f-4cbb-8d46-414037e87251,label_consistency,Pass,"Fields match (fuzzy match, 0.98 confidence)",ocr_reading,OCR vs decoded payload,high,2025-06-29T13:04:18
5725019b-f566-4474-99a7-84abd201ec60,dfb8d328-c66f-4cbb-8d46-414037e87251,expiry_status,Pass,Not yet expired,decoded_code,Decoded payload,structured,2025-06-29T13:04:18
42008028-3073-427f-acfe-8f25d32ff229,dfb8d328-c66f-4cbb-8d46-414037e87251,nsq_status,Pass,No match found in current CDSCO alerts,government_record,CDSCO NSQ/spurious database,structured,2025-06-29T13:04:18
5012ce66-89ab-4f30-84a1-bd27b573201e,dfb8d328-c66f-4cbb-8d46-414037e87251,replay_pattern,Inconclusive,[Preview] Synthetic demo data only,user_photo,Synthetic demo data only,low,2025-06-29T13:04:18
a1ef380f-85b2-43f8-acc6-0ada50e70d24,dfb8d328-c66f-4cbb-8d46-414037e87251,visual_heuristic,Pass,No blur or crop detected,user_photo,Uploaded package photo,medium,2025-06-29T13:04:18
0e334da8-4482-421e-a1a0-103e0b299120,0d8e3282-0769-4200-9b64-a5926e40028e,code_validity,Pass,Decodes correctly,decoded_code,Decoded from scanned code,structured,2026-03-06T05:14:10
147fbf2e-7248-4e8c-bcc3-e8689197cefb,0d8e3282-0769-4200-9b64-a5926e40028e,label_consistency,Pass,"Fields match (fuzzy match, 0.98 confidence)",ocr_reading,OCR vs decoded payload,high,2026-03-06T05:14:10
94236305-0e31-4474-9800-72fd3d1b76fc,0d8e3282-0769-4200-9b64-a5926e40028e,expiry_status,Pass,Not yet expired,decoded_code,Decoded payload,structured,2026-03-06T05:14:10
6f0c6a49-ff74-48eb-a69a-f34a361e450c,0d8e3282-0769-4200-9b64-a5926e40028e,nsq_status,Pass,No match found in current CDSCO alerts,government_record,CDSCO NSQ/spurious database,structured,2026-03-06T05:14:10
a398e58b-d070-4e4d-8be6-be290c6fc6bd,0d8e3282-0769-4200-9b64-a5926e40028e,replay_pattern,Inconclusive,[Preview] Synthetic demo data only,user_photo,Synthetic demo data only,low,2026-03-06T05:14:10
dace95a1-6a1e-414b-b745-594894941b9c,0d8e3282-0769-4200-9b64-a5926e40028e,visual_heuristic,Pass,No blur or crop detected,user_photo,Uploaded package photo,medium,2026-03-06T05:14:10
10ab2aa5-4951-4f5e-a326-f3b360eaed59,07693934-a11b-4a18-b050-064b0aad7761,code_validity,Pass,Decodes correctly,decoded_code,Decoded from scanned code,structured,2025-11-05T17:49:51
b1216117-e884-46fb-9700-95000b99c9fc,07693934-a11b-4a18-b050-064b0aad7761,label_consistency,Pass,"Fields match (fuzzy match, 0.98 confidence)",ocr_reading,OCR vs decoded payload,high,2025-11-05T17:49:51
753179ba-ab7b-42da-b20b-978289823e88,07693934-a11b-4a18-b050-064b0aad7761,expiry_status,Pass,Not yet expired,decoded_code,Decoded payload,structured,2025-11-05T17:49:51
18403996-e412-4bb6-b02b-ee99585eabaf,07693934-a11b-4a18-b050-064b0aad7761,nsq_status,Pass,No match found in current CDSCO alerts,government_record,CDSCO NSQ/spurious database,structured,2025-11-05T17:49:51
00dec5f2-60b4-4af7-95e2-a11a2c812108,07693934-a11b-4a18-b050-064b0aad7761,replay_pattern,Inconclusive,[Preview] Synthetic demo data only,user_photo,Synthetic demo data only,low,2025-11-05T17:49:51
ea5859be-0fb6-40a2-b0ef-140f338eb3a6,07693934-a11b-4a18-b050-064b0aad7761,visual_heuristic,Pass,No blur or crop detected,user_photo,Uploaded package photo,medium,2025-11-05T17:49:51
41d9112b-4eab-4603-ae48-89c016ea4391,d03d81c7-575c-4166-8c1a-d2de88772590,code_validity,Pass,Decodes correctly,decoded_code,Decoded from scanned code,structured,2025-09-28T19:46:08
b02619db-a5f6-4635-bd6b-5101437c4e2f,d03d81c7-575c-4166-8c1a-d2de88772590,label_consistency,Pass,"Fields match (fuzzy match, 0.98 confidence)",ocr_reading,OCR vs decoded payload,high,2025-09-28T19:46:08
fb01dfe4-04b5-4601-8b8e-61b4eb456758,d03d81c7-575c-4166-8c1a-d2de88772590,expiry_status,Pass,Not yet expired,decoded_code,Decoded payload,structured,2025-09-28T19:46:08
61a2f87f-c081-4daa-9420-2f20ae7c4d4f,d03d81c7-575c-4166-8c1a-d2de88772590,nsq_status,Pass,No match found in current CDSCO alerts,government_record,CDSCO NSQ/spurious database,structured,2025-09-28T19:46:08
91ea629d-823e-4569-bc20-3a092fd4e9a8,d03d81c7-575c-4166-8c1a-d2de88772590,replay_pattern,Inconclusive,[Preview] Synthetic demo data only,user_photo,Synthetic demo data only,low,2025-09-28T19:46:08
329af5cc-b8fc-40ea-9ae0-c64b260cf2d6,d03d81c7-575c-4166-8c1a-d2de88772590,visual_heuristic,Pass,No blur or crop detected,user_photo,Uploaded package photo,medium,2025-09-28T19:46:08
93eccd37-7a4c-4a35-b84a-8e2500bac364,78245c9a-5847-41b6-b019-34190baa5ea4,code_validity,Pass,Decodes correctly,decoded_code,Decoded from scanned code,structured,2026-02-11T11:01:03
8c1f347b-b63b-4ca7-9d54-ebfd285cb537,78245c9a-5847-41b6-b019-34190baa5ea4,label_consistency,Pass,"Fields match (fuzzy match, 0.98 confidence)",ocr_reading,OCR vs decoded payload,high,2026-02-11T11:01:03
b4ce11fa-028b-4069-b8de-a46089ac5837,78245c9a-5847-41b6-b019-34190baa5ea4,expiry_status,Pass,Not yet expired,decoded_code,Decoded payload,structured,2026-02-11T11:01:03
5293bf7f-d612-4b0e-8c5c-9b17e5890d76,78245c9a-5847-41b6-b019-34190baa5ea4,nsq_status,Pass,No match found in current CDSCO alerts,government_record,CDSCO NSQ/spurious database,structured,2026-02-11T11:01:03
0692ff2e-a5f0-4593-88d7-00d1a8d7a8db,78245c9a-5847-41b6-b019-34190baa5ea4,replay_pattern,Inconclusive,[Preview] Synthetic demo data only,user_photo,Synthetic demo data only,low,2026-02-11T11:01:03
a7758862-a022-4402-aba9-cdf7026b1c8d,78245c9a-5847-41b6-b019-34190baa5ea4,visual_heuristic,Pass,No blur or crop detected,user_photo,Uploaded package photo,medium,2026-02-11T11:01:03
a9d7fc32-4163-488a-a9be-4d4ae236c568,595607ad-b6f6-4c45-83d6-ab9b747f04ac,code_validity,Pass,Decodes correctly,decoded_code,Decoded from scanned code,structured,2026-01-10T02:53:57
82bd9e33-f528-42e9-b5fd-fd06392056c1,595607ad-b6f6-4c45-83d6-ab9b747f04ac,label_consistency,Pass,"Fields match (fuzzy match, 0.98 confidence)",ocr_reading,OCR vs decoded payload,high,2026-01-10T02:53:57
23bc6ebc-549d-45cf-83d1-762e4d942a5a,595607ad-b6f6-4c45-83d6-ab9b747f04ac,expiry_status,Pass,Not yet expired,decoded_code,Decoded payload,structured,2026-01-10T02:53:57
4ebb63a3-f204-4db1-aaa7-034d2591b62b,595607ad-b6f6-4c45-83d6-ab9b747f04ac,nsq_status,Pass,No match found in current CDSCO alerts,government_record,CDSCO NSQ/spurious database,structured,2026-01-10T02:53:57
ab5532b3-7db8-4909-a3ef-8085071d2d7e,595607ad-b6f6-4c45-83d6-ab9b747f04ac,replay_pattern,Inconclusive,[Preview] Synthetic demo data only,user_photo,Synthetic demo data only,low,2026-01-10T02:53:57
e3d4d2e4-899e-4719-9eb6-a61c97603f93,595607ad-b6f6-4c45-83d6-ab9b747f04ac,visual_heuristic,Pass,No blur or crop detected,user_photo,Uploaded package photo,medium,2026-01-10T02:53:57
078ce4c2-69f0-4d8e-9e7c-4c5758a3adf4,510c4f7a-d42d-479b-a72d-1d320be4b875,code_validity,Pass,Decodes correctly,decoded_code,Decoded from scanned code,structured,2025-11-29T12:09:45
0ed35314-20bc-4319-891a-f54af9bceb8f,510c4f7a-d42d-479b-a72d-1d320be4b875,label_consistency,Pass,"Fields match (fuzzy match, 0.98 confidence)",ocr_reading,OCR vs decoded payload,high,2025-11-29T12:09:45
aaa9a58d-d59e-4182-bead-a4174d816586,510c4f7a-d42d-479b-a72d-1d320be4b875,expiry_status,Pass,Not yet expired,decoded_code,Decoded payload,structured,2025-11-29T12:09:45
d8478b15-a0c4-4579-ad53-9bd8c48e9b6f,510c4f7a-d42d-479b-a72d-1d320be4b875,nsq_status,Pass,No match found in current CDSCO alerts,government_record,CDSCO NSQ/spurious database,structured,2025-11-29T12:09:45
3c2197ff-2ef5-4c88-8da0-ab25fe4de75c,510c4f7a-d42d-479b-a72d-1d320be4b875,replay_pattern,Inconclusive,[Preview] Synthetic demo data only,user_photo,Synthetic demo data only,low,2025-11-29T12:09:45
29b2ae02-9c56-4263-a6f4-e914b0d33501,510c4f7a-d42d-479b-a72d-1d320be4b875,visual_heuristic,Pass,No blur or crop detected,user_photo,Uploaded package photo,medium,2025-11-29T12:09:45
b7c717c9-0da1-4f8f-85c1-798e2d3ce7db,4dc2a759-3729-461d-91ae-625fa90c3111,code_validity,Pass,Decodes correctly,decoded_code,Decoded from scanned code,structured,2025-10-13T12:02:01
1e8dd055-3ee1-4161-bd2c-10cff86de898,4dc2a759-3729-461d-91ae-625fa90c3111,label_consistency,Pass,"Fields match (fuzzy match, 0.98 confidence)",ocr_reading,OCR vs decoded payload,high,2025-10-13T12:02:01
0d69c766-962e-45de-b4e1-5d173871dd16,4dc2a759-3729-461d-91ae-625fa90c3111,expiry_status,Pass,Not yet expired,decoded_code,Decoded payload,structured,2025-10-13T12:02:01
8bb21d6c-7083-4bcd-a5b1-242abcefaebf,4dc2a759-3729-461d-91ae-625fa90c3111,nsq_status,Pass,No match found in current CDSCO alerts,government_record,CDSCO NSQ/spurious database,structured,2025-10-13T12:02:01
f0fff922-c953-45c4-8adf-be3f79125178,4dc2a759-3729-461d-91ae-625fa90c3111,replay_pattern,Inconclusive,[Preview] Synthetic demo data only,user_photo,Synthetic demo data only,low,2025-10-13T12:02:01
cc0ba675-a2a1-40d3-b70f-c0e0f6ec25a6,4dc2a759-3729-461d-91ae-625fa90c3111,visual_heuristic,Pass,No blur or crop detected,user_photo,Uploaded package photo,medium,2025-10-13T12:02:01
25695d39-0d85-47e4-8b84-c6b729244d31,5424d63b-20cb-46f4-bed6-9869e113cfe9,code_validity,Pass,Decodes correctly,decoded_code,Decoded from scanned code,structured,2026-06-23T12:55:22
a11ea9b4-c3b5-41f0-ad55-daee5c08b459,5424d63b-20cb-46f4-bed6-9869e113cfe9,label_consistency,Pass,"Fields match (fuzzy match, 0.98 confidence)",ocr_reading,OCR vs decoded payload,high,2026-06-23T12:55:22
2b23725c-9a28-4741-b044-f9d81280f0a3,5424d63b-20cb-46f4-bed6-9869e113cfe9,expiry_status,Pass,Not yet expired,decoded_code,Decoded payload,structured,2026-06-23T12:55:22
5f2c52a5-ca4f-4971-84ef-e054e938fb4c,5424d63b-20cb-46f4-bed6-9869e113cfe9,nsq_status,Pass,No match found in current CDSCO alerts,government_record,CDSCO NSQ/spurious database,structured,2026-06-23T12:55:22
a9d15899-134e-49d4-8235-39e97b702f75,5424d63b-20cb-46f4-bed6-9869e113cfe9,replay_pattern,Inconclusive,[Preview] Synthetic demo data only,user_photo,Synthetic demo data only,low,2026-06-23T12:55:22
0edf41b7-f22a-471f-baed-da9cbd2ecfc4,5424d63b-20cb-46f4-bed6-9869e113cfe9,visual_heuristic,Pass,No blur or crop detected,user_photo,Uploaded package photo,medium,2026-06-23T12:55:22
7f4c2051-d6be-4ec7-be52-7a55b6282b04,bcb15d3c-09cc-4c39-ad0a-698c9ad758d2,code_validity,Pass,Decodes correctly,decoded_code,Decoded from scanned code,structured,2026-06-05T19:28:51
8cbfb9f8-d2c1-41bc-8c20-a836167cb579,bcb15d3c-09cc-4c39-ad0a-698c9ad758d2,label_consistency,Pass,"Fields match (fuzzy match, 0.98 confidence)",ocr_reading,OCR vs decoded payload,high,2026-06-05T19:28:51
5175c487-5f6d-46e4-8aa6-63412f0a20e6,bcb15d3c-09cc-4c39-ad0a-698c9ad758d2,expiry_status,Pass,Not yet expired,decoded_code,Decoded payload,structured,2026-06-05T19:28:51
da979055-faba-44ae-985e-6ddcc320bb7a,bcb15d3c-09cc-4c39-ad0a-698c9ad758d2,nsq_status,Pass,No match found in current CDSCO alerts,government_record,CDSCO NSQ/spurious database,structured,2026-06-05T19:28:51
1c18489f-d961-4303-b345-503f6d8e62fd,bcb15d3c-09cc-4c39-ad0a-698c9ad758d2,replay_pattern,Inconclusive,[Preview] Synthetic demo data only,user_photo,Synthetic demo data only,low,2026-06-05T19:28:51
567a66f3-1df8-4c23-bab9-d14b0c4e073a,bcb15d3c-09cc-4c39-ad0a-698c9ad758d2,visual_heuristic,Pass,No blur or crop detected,user_photo,Uploaded package photo,medium,2026-06-05T19:28:51
48bb3026-8128-4888-91ca-af33c05823c8,e972c6f8-7dac-4054-88e7-e6b28571a78d,code_validity,Pass,Decodes correctly,decoded_code,Decoded from scanned code,structured,2026-07-11T10:28:39
81b6116b-95e5-4f54-b185-6cd02969c9db,e972c6f8-7dac-4054-88e7-e6b28571a78d,label_consistency,Pass,"Fields match (fuzzy match, 0.98 confidence)",ocr_reading,OCR vs decoded payload,high,2026-07-11T10:28:39
e7abc539-3810-4d62-b4d5-6189e4bd40ae,e972c6f8-7dac-4054-88e7-e6b28571a78d,expiry_status,Pass,Not yet expired,decoded_code,Decoded payload,structured,2026-07-11T10:28:39
d6d31676-0bdf-422f-8412-582e1e8b7cf4,e972c6f8-7dac-4054-88e7-e6b28571a78d,nsq_status,Pass,No match found in current CDSCO alerts,government_record,CDSCO NSQ/spurious database,structured,2026-07-11T10:28:39
b7fa9321-77ed-40b0-8aef-09c85086835d,e972c6f8-7dac-4054-88e7-e6b28571a78d,replay_pattern,Inconclusive,[Preview] Synthetic demo data only,user_photo,Synthetic demo data only,low,2026-07-11T10:28:39
110b28b3-7a07-4235-bba2-cfee61dfa5a5,e972c6f8-7dac-4054-88e7-e6b28571a78d,visual_heuristic,Pass,No blur or crop detected,user_photo,Uploaded package photo,medium,2026-07-11T10:28:39
a31170fe-c979-4b86-ad76-d8d7185b30f4,6c8a39cc-0abf-4d0e-8aff-eb4785ab91d6,code_validity,Pass,Decodes correctly,decoded_code,Decoded from scanned code,structured,2026-06-17T12:25:17
35bccba9-10d5-41b3-9ec0-99082e0be17e,6c8a39cc-0abf-4d0e-8aff-eb4785ab91d6,label_consistency,Pass,"Fields match (fuzzy match, 0.98 confidence)",ocr_reading,OCR vs decoded payload,high,2026-06-17T12:25:17
2c15f312-927d-4f3c-a26a-19904f022452,6c8a39cc-0abf-4d0e-8aff-eb4785ab91d6,expiry_status,Pass,Not yet expired,decoded_code,Decoded payload,structured,2026-06-17T12:25:17
605f2dc5-f99e-488e-b620-1c6f5a609cc5,6c8a39cc-0abf-4d0e-8aff-eb4785ab91d6,nsq_status,Pass,No match found in current CDSCO alerts,government_record,CDSCO NSQ/spurious database,structured,2026-06-17T12:25:17
3464a37e-4331-4f56-9a57-c4d983168ef9,6c8a39cc-0abf-4d0e-8aff-eb4785ab91d6,replay_pattern,Inconclusive,[Preview] Synthetic demo data only,user_photo,Synthetic demo data only,low,2026-06-17T12:25:17
6c584f52-0cb4-4eee-9b35-8056a8edf043,6c8a39cc-0abf-4d0e-8aff-eb4785ab91d6,visual_heuristic,Pass,No blur or crop detected,user_photo,Uploaded package photo,medium,2026-06-17T12:25:17
0f9da08f-d22b-4f8e-ac0d-45ac377692d5,84b6113e-61d9-4e9d-85e8-32ee5177a5b8,code_validity,Pass,Decodes correctly,decoded_code,Decoded from scanned code,structured,2025-08-04T10:14:57
cb332632-622a-48de-8018-d2ab19071dbd,84b6113e-61d9-4e9d-85e8-32ee5177a5b8,label_consistency,Pass,"Fields match (fuzzy match, 0.98 confidence)",ocr_reading,OCR vs decoded payload,high,2025-08-04T10:14:57
c7f8065e-9d7e-41dd-bc3f-e831ade7c36c,84b6113e-61d9-4e9d-85e8-32ee5177a5b8,expiry_status,Pass,Not yet expired,decoded_code,Decoded payload,structured,2025-08-04T10:14:57
2a5adecc-dcb8-41dd-8187-174560095f77,84b6113e-61d9-4e9d-85e8-32ee5177a5b8,nsq_status,Pass,No match found in current CDSCO alerts,government_record,CDSCO NSQ/spurious database,structured,2025-08-04T10:14:57
b912475e-96e0-4ac4-bf15-49c65038d30c,84b6113e-61d9-4e9d-85e8-32ee5177a5b8,replay_pattern,Inconclusive,[Preview] Synthetic demo data only,user_photo,Synthetic demo data only,low,2025-08-04T10:14:57
37e359de-f1ae-4890-ae76-13820841d46c,84b6113e-61d9-4e9d-85e8-32ee5177a5b8,visual_heuristic,Pass,No blur or crop detected,user_photo,Uploaded package photo,medium,2025-08-04T10:14:57
5b33ea0b-acff-454e-84aa-c5926f7d08fb,5ffe21c3-651c-4e8e-8be1-88dd0a9d8c6f,code_validity,Pass,Decodes correctly,decoded_code,Decoded from scanned code,structured,2025-09-20T09:34:48
961d32e6-8d24-4fd2-86c6-50a955906cdf,5ffe21c3-651c-4e8e-8be1-88dd0a9d8c6f,label_consistency,Pass,"Fields match (fuzzy match, 0.98 confidence)",ocr_reading,OCR vs decoded payload,high,2025-09-20T09:34:48
1764048e-a08d-4eda-a1af-8f1fc43de296,5ffe21c3-651c-4e8e-8be1-88dd0a9d8c6f,expiry_status,Pass,Not yet expired,decoded_code,Decoded payload,structured,2025-09-20T09:34:48
003f75c9-e26d-4703-a774-3c661ead0f79,5ffe21c3-651c-4e8e-8be1-88dd0a9d8c6f,nsq_status,Pass,No match found in current CDSCO alerts,government_record,CDSCO NSQ/spurious database,structured,2025-09-20T09:34:48
f6aa80cd-ccdd-4840-b6a8-1e37e25d32b1,5ffe21c3-651c-4e8e-8be1-88dd0a9d8c6f,replay_pattern,Inconclusive,[Preview] Synthetic demo data only,user_photo,Synthetic demo data only,low,2025-09-20T09:34:48
5f08a9e3-9822-40dc-9bd0-71563d7eacd9,5ffe21c3-651c-4e8e-8be1-88dd0a9d8c6f,visual_heuristic,Pass,No blur or crop detected,user_photo,Uploaded package photo,medium,2025-09-20T09:34:48
3de2578f-58ae-470c-a4e8-db314b1585a6,8a7323f8-4988-4057-b0ee-9b238f5a02e5,code_validity,Pass,Decodes correctly,decoded_code,Decoded from scanned code,structured,2025-07-15T09:03:56
7baaf5fa-3f6c-4c43-807b-2c6be062112f,8a7323f8-4988-4057-b0ee-9b238f5a02e5,label_consistency,Pass,"Fields match (fuzzy match, 0.98 confidence)",ocr_reading,OCR vs decoded payload,high,2025-07-15T09:03:56
27074351-3ca7-4bdc-9058-265f13b18d96,8a7323f8-4988-4057-b0ee-9b238f5a02e5,expiry_status,Pass,Not yet expired,decoded_code,Decoded payload,structured,2025-07-15T09:03:56
f839ed05-b817-47f8-85e0-807f769014b2,8a7323f8-4988-4057-b0ee-9b238f5a02e5,nsq_status,Pass,No match found in current CDSCO alerts,government_record,CDSCO NSQ/spurious database,structured,2025-07-15T09:03:56
96c6c35a-81a9-49e9-9e7e-c5e2948fec5c,8a7323f8-4988-4057-b0ee-9b238f5a02e5,replay_pattern,Inconclusive,[Preview] Synthetic demo data only,user_photo,Synthetic demo data only,low,2025-07-15T09:03:56
a6e630cd-fc32-448d-88a9-22bc1e36edfd,8a7323f8-4988-4057-b0ee-9b238f5a02e5,visual_heuristic,Pass,No blur or crop detected,user_photo,Uploaded package photo,medium,2025-07-15T09:03:56
0db6cf03-2198-4352-824b-4c121e3ef288,6142e907-f0bd-4ff7-91a7-a79c9ce9b35d,code_validity,Pass,Decodes correctly,decoded_code,Decoded from scanned code,structured,2026-09-13T19:09:46
7c54ef05-a0e8-45f2-a1d5-acba3a585b7d,6142e907-f0bd-4ff7-91a7-a79c9ce9b35d,label_consistency,Pass,"Fields match (fuzzy match, 0.98 confidence)",ocr_reading,OCR vs decoded payload,high,2026-09-13T19:09:46
66814eb1-90b7-40bd-a168-c42872137523,6142e907-f0bd-4ff7-91a7-a79c9ce9b35d,expiry_status,Pass,Not yet expired,decoded_code,Decoded payload,structured,2026-09-13T19:09:46
3ac2c0a6-fa56-4f69-bc96-425711cfc4b7,6142e907-f0bd-4ff7-91a7-a79c9ce9b35d,nsq_status,Pass,No match found in current CDSCO alerts,government_record,CDSCO NSQ/spurious database,structured,2026-09-13T19:09:46
e487fba2-b69e-4634-b884-582a917698f6,6142e907-f0bd-4ff7-91a7-a79c9ce9b35d,replay_pattern,Inconclusive,[Preview] Synthetic demo data only,user_photo,Synthetic demo data only,low,2026-09-13T19:09:46
3d6fc287-c93e-47b7-a21f-873dda8df4fd,6142e907-f0bd-4ff7-91a7-a79c9ce9b35d,visual_heuristic,Pass,No blur or crop detected,user_photo,Uploaded package photo,medium,2026-09-13T19:09:46
4e729d89-03f9-4390-a44a-dac1b1d2d536,5b19ed57-8edc-4c55-a178-b7edf34be1d4,code_validity,Pass,Decodes correctly,decoded_code,Decoded from scanned code,structured,2025-09-03T08:49:03
ae4c8a3d-315a-4e39-8838-b0cae0b2b8e9,5b19ed57-8edc-4c55-a178-b7edf34be1d4,label_consistency,Pass,"Fields match (fuzzy match, 0.98 confidence)",ocr_reading,OCR vs decoded payload,high,2025-09-03T08:49:03
77ec7d4c-1c05-48c7-b48e-062dcc3baeff,5b19ed57-8edc-4c55-a178-b7edf34be1d4,expiry_status,Pass,Not yet expired,decoded_code,Decoded payload,structured,2025-09-03T08:49:03
334c848c-0c4d-461b-81fe-a1fca6cfe8d2,5b19ed57-8edc-4c55-a178-b7edf34be1d4,nsq_status,Pass,No match found in current CDSCO alerts,government_record,CDSCO NSQ/spurious database,structured,2025-09-03T08:49:03
3e40ced7-aa16-4a70-b0e8-a45956294e2a,5b19ed57-8edc-4c55-a178-b7edf34be1d4,replay_pattern,Inconclusive,[Preview] Synthetic demo data only,user_photo,Synthetic demo data only,low,2025-09-03T08:49:03
5a185f28-b97f-4eac-8fe6-9bbce72e8ec0,5b19ed57-8edc-4c55-a178-b7edf34be1d4,visual_heuristic,Pass,No blur or crop detected,user_photo,Uploaded package photo,medium,2025-09-03T08:49:03
34c8070a-7bd2-4e09-93b5-5dc6e2549ff9,39ee8c00-8263-4789-894a-cd6d5c2cea6b,code_validity,Pass,Decodes correctly,decoded_code,Decoded from scanned code,structured,2025-06-06T08:27:30
3f251236-5e7d-42a3-af1f-8fb6b155d9a8,39ee8c00-8263-4789-894a-cd6d5c2cea6b,label_consistency,Pass,"Fields match (fuzzy match, 0.98 confidence)",ocr_reading,OCR vs decoded payload,high,2025-06-06T08:27:30
00ba1a4a-6601-4723-88ea-2dd6daecbb98,39ee8c00-8263-4789-894a-cd6d5c2cea6b,expiry_status,Pass,Not yet expired,decoded_code,Decoded payload,structured,2025-06-06T08:27:30
1c5b33f0-0419-464c-8196-e102b6a63172,39ee8c00-8263-4789-894a-cd6d5c2cea6b,nsq_status,Pass,No match found in current CDSCO alerts,government_record,CDSCO NSQ/spurious database,structured,2025-06-06T08:27:30
255e6603-e408-4552-a474-3626a487e07d,39ee8c00-8263-4789-894a-cd6d5c2cea6b,replay_pattern,Inconclusive,[Preview] Synthetic demo data only,user_photo,Synthetic demo data only,low,2025-06-06T08:27:30
5987a81c-f390-4658-a11f-b258b0aba948,39ee8c00-8263-4789-894a-cd6d5c2cea6b,visual_heuristic,Pass,No blur or crop detected,user_photo,Uploaded package photo,medium,2025-06-06T08:27:30
7056145a-ec48-4582-8e46-d1b9d25157ae,4388f29d-05da-4972-88d4-4d189d519df7,code_validity,Pass,Decodes correctly,decoded_code,Decoded from scanned code,structured,2025-05-19T00:37:48
cffc3631-de9a-4d79-ba31-93376145ca3c,4388f29d-05da-4972-88d4-4d189d519df7,label_consistency,Pass,"Fields match (fuzzy match, 0.98 confidence)",ocr_reading,OCR vs decoded payload,high,2025-05-19T00:37:48
c5f75c35-3b10-41fe-88f7-1e536bab2fea,4388f29d-05da-4972-88d4-4d189d519df7,expiry_status,Pass,Not yet expired,decoded_code,Decoded payload,structured,2025-05-19T00:37:48
8b73b022-44cc-4b17-a395-cac599a4ffa6,4388f29d-05da-4972-88d4-4d189d519df7,nsq_status,Pass,No match found in current CDSCO alerts,government_record,CDSCO NSQ/spurious database,structured,2025-05-19T00:37:48
012d063e-b92f-458b-a3fe-cb11aa3dbded,4388f29d-05da-4972-88d4-4d189d519df7,replay_pattern,Inconclusive,[Preview] Synthetic demo data only,user_photo,Synthetic demo data only,low,2025-05-19T00:37:48
c5b1667e-d8fe-4b0b-b123-53b2bf6e1f6a,4388f29d-05da-4972-88d4-4d189d519df7,visual_heuristic,Pass,No blur or crop detected,user_photo,Uploaded package photo,medium,2025-05-19T00:37:48
4705ad15-a853-45cd-92a6-c2bdc2d54405,7c4b03fd-9174-4027-9999-a08b7f360a70,code_validity,Pass,Decodes correctly,decoded_code,Decoded from scanned code,structured,2026-09-08T14:58:31
010f7c89-d761-4d85-9bf2-e19cd99faf7e,7c4b03fd-9174-4027-9999-a08b7f360a70,label_consistency,Pass,"Fields match (fuzzy match, 0.98 confidence)",ocr_reading,OCR vs decoded payload,high,2026-09-08T14:58:31
02da0138-5a9c-481b-888c-f3aec9d0b774,7c4b03fd-9174-4027-9999-a08b7f360a70,expiry_status,Pass,Not yet expired,decoded_code,Decoded payload,structured,2026-09-08T14:58:31
e5dba1a3-caca-4477-82f3-7b1eb02d18a0,7c4b03fd-9174-4027-9999-a08b7f360a70,nsq_status,Pass,No match found in current CDSCO alerts,government_record,CDSCO NSQ/spurious database,structured,2026-09-08T14:58:31
1b623626-e537-4c4b-a194-dedff0906a21,7c4b03fd-9174-4027-9999-a08b7f360a70,replay_pattern,Inconclusive,[Preview] Synthetic demo data only,user_photo,Synthetic demo data only,low,2026-09-08T14:58:31
acc5d08d-105b-4bf6-80a9-4b13cda4bf92,7c4b03fd-9174-4027-9999-a08b7f360a70,visual_heuristic,Pass,No blur or crop detected,user_photo,Uploaded package photo,medium,2026-09-08T14:58:31
60258b5c-d196-44d9-8e41-8ba6a9517380,08d6fff0-a0a1-41c8-ad00-e884ac0425ff,code_validity,Pass,Decodes correctly,decoded_code,Decoded from scanned code,structured,2025-05-24T10:24:58
65616033-bccf-4bd1-857f-913d03722a62,08d6fff0-a0a1-41c8-ad00-e884ac0425ff,label_consistency,Pass,"Fields match (fuzzy match, 0.98 confidence)",ocr_reading,OCR vs decoded payload,high,2025-05-24T10:24:58
4000d4aa-9e29-4f2c-8e48-ad6e6a185466,08d6fff0-a0a1-41c8-ad00-e884ac0425ff,expiry_status,Pass,Not yet expired,decoded_code,Decoded payload,structured,2025-05-24T10:24:58
68aa6069-1ecb-429e-ba90-40c4e9229cf1,08d6fff0-a0a1-41c8-ad00-e884ac0425ff,nsq_status,Pass,No match found in current CDSCO alerts,government_record,CDSCO NSQ/spurious database,structured,2025-05-24T10:24:58
a4e81f22-6372-4ae6-b5a6-72d0de5093b5,08d6fff0-a0a1-41c8-ad00-e884ac0425ff,replay_pattern,Inconclusive,[Preview] Synthetic demo data only,user_photo,Synthetic demo data only,low,2025-05-24T10:24:58
12f83ec3-6e35-4d13-a11c-521843929b4b,08d6fff0-a0a1-41c8-ad00-e884ac0425ff,visual_heuristic,Pass,No blur or crop detected,user_photo,Uploaded package photo,medium,2025-05-24T10:24:58
03a538a2-d2e4-44f5-81ab-c70935867143,7934943d-7d2d-4d56-9775-8032e8110397,code_validity,Pass,Decodes correctly,decoded_code,Decoded from scanned code,structured,2026-09-05T06:45:42
80b3caab-ad61-4b59-a5f0-9107f43d833d,7934943d-7d2d-4d56-9775-8032e8110397,label_consistency,Pass,"Fields match (fuzzy match, 0.98 confidence)",ocr_reading,OCR vs decoded payload,high,2026-09-05T06:45:42
435e37d8-a82b-485d-b016-2ca4832c0159,7934943d-7d2d-4d56-9775-8032e8110397,expiry_status,Pass,Not yet expired,decoded_code,Decoded payload,structured,2026-09-05T06:45:42
b3ca7950-c802-49c7-9504-d801d103e628,7934943d-7d2d-4d56-9775-8032e8110397,nsq_status,Pass,No match found in current CDSCO alerts,government_record,CDSCO NSQ/spurious database,structured,2026-09-05T06:45:42
e65ff1cd-eba4-49b1-a151-82c0a990c631,7934943d-7d2d-4d56-9775-8032e8110397,replay_pattern,Inconclusive,[Preview] Synthetic demo data only,user_photo,Synthetic demo data only,low,2026-09-05T06:45:42
715b1a01-0e41-41d4-b843-6b594b71e02f,7934943d-7d2d-4d56-9775-8032e8110397,visual_heuristic,Pass,No blur or crop detected,user_photo,Uploaded package photo,medium,2026-09-05T06:45:42
65584e0c-bdf3-4bad-83f4-24135893fda7,5197895f-2124-4dba-a228-ce9337af4620,code_validity,Pass,Decodes correctly,decoded_code,Decoded from scanned code,structured,2026-08-20T10:53:31
11e1791c-ff89-4d58-bfd6-20a748752610,5197895f-2124-4dba-a228-ce9337af4620,label_consistency,Pass,"Fields match (fuzzy match, 0.98 confidence)",ocr_reading,OCR vs decoded payload,high,2026-08-20T10:53:31
15bba520-7fed-471a-bf69-720767c7dc3b,5197895f-2124-4dba-a228-ce9337af4620,expiry_status,Pass,Not yet expired,decoded_code,Decoded payload,structured,2026-08-20T10:53:31
a985ff3d-3f1d-4068-833a-04df8c66312e,5197895f-2124-4dba-a228-ce9337af4620,nsq_status,Pass,No match found in current CDSCO alerts,government_record,CDSCO NSQ/spurious database,structured,2026-08-20T10:53:31
38144da7-08e7-4a71-ab2f-4e1711731f74,5197895f-2124-4dba-a228-ce9337af4620,replay_pattern,Inconclusive,[Preview] Synthetic demo data only,user_photo,Synthetic demo data only,low,2026-08-20T10:53:31
d87f83be-f901-4327-af52-9bdc75aa1e1c,5197895f-2124-4dba-a228-ce9337af4620,visual_heuristic,Pass,No blur or crop detected,user_photo,Uploaded package photo,medium,2026-08-20T10:53:31
489f32ae-7b25-48bb-a427-4c21a1eb0a47,cc082511-4458-471f-945f-228f23d56abe,code_validity,Pass,Decodes correctly,decoded_code,Decoded from scanned code,structured,2025-06-16T18:35:02
3f7e5a65-109b-4cf2-b9e6-e94aa009e551,cc082511-4458-471f-945f-228f23d56abe,label_consistency,Pass,"Fields match (fuzzy match, 0.98 confidence)",ocr_reading,OCR vs decoded payload,high,2025-06-16T18:35:02
9bdbb7c7-4df2-4849-8271-8697ff3929e0,cc082511-4458-471f-945f-228f23d56abe,expiry_status,Pass,Not yet expired,decoded_code,Decoded payload,structured,2025-06-16T18:35:02
4ea87c95-0025-4be5-8bca-8f6137e72427,cc082511-4458-471f-945f-228f23d56abe,nsq_status,Pass,No match found in current CDSCO alerts,government_record,CDSCO NSQ/spurious database,structured,2025-06-16T18:35:02
6df9c6ac-8654-4395-9ba9-92838560f861,cc082511-4458-471f-945f-228f23d56abe,replay_pattern,Inconclusive,[Preview] Synthetic demo data only,user_photo,Synthetic demo data only,low,2025-06-16T18:35:02
a0688f86-f011-4c4f-abcd-3e10247898ba,cc082511-4458-471f-945f-228f23d56abe,visual_heuristic,Pass,No blur or crop detected,user_photo,Uploaded package photo,medium,2025-06-16T18:35:02
d09f103a-fe05-4cd8-8343-a5c379d81de5,11f2c6cc-0c38-4367-b0fb-78cea9b20928,code_validity,Pass,Decodes correctly,decoded_code,Decoded from scanned code,structured,2025-04-26T12:22:35
fd2e2130-25bc-451b-8530-a156d21042f3,11f2c6cc-0c38-4367-b0fb-78cea9b20928,label_consistency,Pass,"Fields match (fuzzy match, 0.98 confidence)",ocr_reading,OCR vs decoded payload,high,2025-04-26T12:22:35
b7c94a91-2ab3-466f-b167-7b36f2b74682,11f2c6cc-0c38-4367-b0fb-78cea9b20928,expiry_status,Pass,Not yet expired,decoded_code,Decoded payload,structured,2025-04-26T12:22:35
ddc2a26b-cca9-4a75-aad4-4e19e69c1424,11f2c6cc-0c38-4367-b0fb-78cea9b20928,nsq_status,Pass,No match found in current CDSCO alerts,government_record,CDSCO NSQ/spurious database,structured,2025-04-26T12:22:35
74e4673a-d285-4766-b107-457527dc39e9,11f2c6cc-0c38-4367-b0fb-78cea9b20928,replay_pattern,Inconclusive,[Preview] Synthetic demo data only,user_photo,Synthetic demo data only,low,2025-04-26T12:22:35
f8499ca2-7611-4ecf-89e4-bfe6cf48bfbe,11f2c6cc-0c38-4367-b0fb-78cea9b20928,visual_heuristic,Pass,No blur or crop detected,user_photo,Uploaded package photo,medium,2025-04-26T12:22:35
bfdf567d-8747-45b0-be1d-916f1d25bf10,6c7395fd-0e6c-4e65-b5a1-80dae360af92,code_validity,Pass,Decodes correctly,decoded_code,Decoded from scanned code,structured,2026-04-24T18:09:16
ae33bcdc-18c6-48b0-8ce2-49ba380b9652,6c7395fd-0e6c-4e65-b5a1-80dae360af92,label_consistency,Pass,"Fields match (fuzzy match, 0.98 confidence)",ocr_reading,OCR vs decoded payload,high,2026-04-24T18:09:16
34e480de-4e9c-4e55-a96e-16f688ce8ea2,6c7395fd-0e6c-4e65-b5a1-80dae360af92,expiry_status,Pass,Not yet expired,decoded_code,Decoded payload,structured,2026-04-24T18:09:16
1b147925-6e71-4642-859d-4550c80e346a,6c7395fd-0e6c-4e65-b5a1-80dae360af92,nsq_status,Pass,No match found in current CDSCO alerts,government_record,CDSCO NSQ/spurious database,structured,2026-04-24T18:09:16
b0d5842a-0649-4a37-877b-f29d01ccc37c,6c7395fd-0e6c-4e65-b5a1-80dae360af92,replay_pattern,Inconclusive,[Preview] Synthetic demo data only,user_photo,Synthetic demo data only,low,2026-04-24T18:09:16
ae4d0f53-4051-42d2-9a77-90dbe40580b6,6c7395fd-0e6c-4e65-b5a1-80dae360af92,visual_heuristic,Pass,No blur or crop detected,user_photo,Uploaded package photo,medium,2026-04-24T18:09:16
c293bc62-1c60-4cb7-b6c4-5bd7b98beaff,fb5a2c17-173f-4bfe-a7b6-52ca6495d29f,code_validity,Pass,Decodes correctly,decoded_code,Decoded from scanned code,structured,2026-04-02T08:32:51
eabc7c06-1353-4134-a99b-5f76ea84980c,fb5a2c17-173f-4bfe-a7b6-52ca6495d29f,label_consistency,Pass,"Fields match (fuzzy match, 0.98 confidence)",ocr_reading,OCR vs decoded payload,high,2026-04-02T08:32:51
34cdbb31-3ca0-4a19-a13c-a9f69648cdf1,fb5a2c17-173f-4bfe-a7b6-52ca6495d29f,expiry_status,Pass,Not yet expired,decoded_code,Decoded payload,structured,2026-04-02T08:32:51
c4fcda58-82be-4d1a-abc9-450d70422ac1,fb5a2c17-173f-4bfe-a7b6-52ca6495d29f,nsq_status,Pass,No match found in current CDSCO alerts,government_record,CDSCO NSQ/spurious database,structured,2026-04-02T08:32:51
39bf74c0-9b00-41a0-bd96-630933f34745,fb5a2c17-173f-4bfe-a7b6-52ca6495d29f,replay_pattern,Inconclusive,[Preview] Synthetic demo data only,user_photo,Synthetic demo data only,low,2026-04-02T08:32:51
31620ea9-3051-4b5f-899d-a814f7f3d6b3,fb5a2c17-173f-4bfe-a7b6-52ca6495d29f,visual_heuristic,Pass,No blur or crop detected,user_photo,Uploaded package photo,medium,2026-04-02T08:32:51
25645d52-b6c7-4b23-b310-0564f5944d8e,b1c95398-53b1-4ccd-bad3-1994088b02ed,code_validity,Pass,Decodes correctly,decoded_code,Decoded from scanned code,structured,2025-10-13T18:28:33
cba7d848-0a3c-4bbe-8929-e69359975e2f,b1c95398-53b1-4ccd-bad3-1994088b02ed,label_consistency,Pass,"Fields match (fuzzy match, 0.98 confidence)",ocr_reading,OCR vs decoded payload,high,2025-10-13T18:28:33
b2c79712-cd86-4344-9629-d28bc3bfff22,b1c95398-53b1-4ccd-bad3-1994088b02ed,expiry_status,Pass,Not yet expired,decoded_code,Decoded payload,structured,2025-10-13T18:28:33
2acd1f27-452a-4d90-a284-f817b5e5f364,b1c95398-53b1-4ccd-bad3-1994088b02ed,nsq_status,Pass,No match found in current CDSCO alerts,government_record,CDSCO NSQ/spurious database,structured,2025-10-13T18:28:33
9f17122c-b7d8-407f-b5a8-d78068a39c1e,b1c95398-53b1-4ccd-bad3-1994088b02ed,replay_pattern,Inconclusive,[Preview] Synthetic demo data only,user_photo,Synthetic demo data only,low,2025-10-13T18:28:33
3dddb7c2-eebf-4556-a0d8-dee7e22d07de,b1c95398-53b1-4ccd-bad3-1994088b02ed,visual_heuristic,Pass,No blur or crop detected,user_photo,Uploaded package photo,medium,2025-10-13T18:28:33
0525f9ea-27b4-4ffd-8ed7-dedf1203f832,b4960d5b-796f-4483-9203-f94349ff0dbc,code_validity,Pass,Decodes correctly,decoded_code,Decoded from scanned code,structured,2026-02-14T12:49:25
4be633ad-0897-487c-9442-129789aa721c,b4960d5b-796f-4483-9203-f94349ff0dbc,label_consistency,Pass,"Fields match (fuzzy match, 0.98 confidence)",ocr_reading,OCR vs decoded payload,high,2026-02-14T12:49:25
c0f8756d-71fc-435f-aca1-84a2f14e77dc,b4960d5b-796f-4483-9203-f94349ff0dbc,expiry_status,Pass,Not yet expired,decoded_code,Decoded payload,structured,2026-02-14T12:49:25
db613361-20a1-4dc8-b159-18553e4bfc11,b4960d5b-796f-4483-9203-f94349ff0dbc,nsq_status,Pass,No match found in current CDSCO alerts,government_record,CDSCO NSQ/spurious database,structured,2026-02-14T12:49:25
56d0ec5a-3d22-4a79-8bd9-bde76586a50b,b4960d5b-796f-4483-9203-f94349ff0dbc,replay_pattern,Inconclusive,[Preview] Synthetic demo data only,user_photo,Synthetic demo data only,low,2026-02-14T12:49:25
6de2cb8a-ad98-4bf6-bffe-dc87a80b3942,b4960d5b-796f-4483-9203-f94349ff0dbc,visual_heuristic,Pass,No blur or crop detected,user_photo,Uploaded package photo,medium,2026-02-14T12:49:25
136985ba-dc48-4bd7-b6c2-daf7c71a6ada,9ebdffac-8e95-453b-acc6-23854d79ce98,code_validity,Pass,Decodes correctly,decoded_code,Decoded from scanned code,structured,2026-08-14T13:29:46
9ce2b4a3-bf7f-421b-beb8-526b0ed0acc2,9ebdffac-8e95-453b-acc6-23854d79ce98,label_consistency,Pass,"Fields match (fuzzy match, 0.98 confidence)",ocr_reading,OCR vs decoded payload,high,2026-08-14T13:29:46
c12c1b92-2c08-476e-83ec-8679de4595b2,9ebdffac-8e95-453b-acc6-23854d79ce98,expiry_status,Pass,Not yet expired,decoded_code,Decoded payload,structured,2026-08-14T13:29:46
f342d3d2-7561-4770-84b4-31612f7a6aec,9ebdffac-8e95-453b-acc6-23854d79ce98,nsq_status,Pass,No match found in current CDSCO alerts,government_record,CDSCO NSQ/spurious database,structured,2026-08-14T13:29:46
33298f05-d6b7-420a-a05b-bc1798ba01b2,9ebdffac-8e95-453b-acc6-23854d79ce98,replay_pattern,Inconclusive,[Preview] Synthetic demo data only,user_photo,Synthetic demo data only,low,2026-08-14T13:29:46
7b592fa4-cea3-435e-85a5-0815b21344bf,9ebdffac-8e95-453b-acc6-23854d79ce98,visual_heuristic,Pass,No blur or crop detected,user_photo,Uploaded package photo,medium,2026-08-14T13:29:46
16924409-2d80-427d-9dc3-dd58bdca329b,c9d991dd-1074-42d8-b085-596ef0fa8f8e,code_validity,Pass,Decodes correctly,decoded_code,Decoded from scanned code,structured,2025-10-05T05:31:52
90cac660-2f3c-4c04-b1be-60840143f019,c9d991dd-1074-42d8-b085-596ef0fa8f8e,label_consistency,Pass,"Fields match (fuzzy match, 0.98 confidence)",ocr_reading,OCR vs decoded payload,high,2025-10-05T05:31:52
6e01c67f-1df3-49ff-83b3-57ce06cd2701,c9d991dd-1074-42d8-b085-596ef0fa8f8e,expiry_status,Pass,Not yet expired,decoded_code,Decoded payload,structured,2025-10-05T05:31:52
4d3ebf1c-66cb-4e5a-836d-c62c880a2867,c9d991dd-1074-42d8-b085-596ef0fa8f8e,nsq_status,Pass,No match found in current CDSCO alerts,government_record,CDSCO NSQ/spurious database,structured,2025-10-05T05:31:52
60624e6f-85f9-4a52-8b09-c20b50c36521,c9d991dd-1074-42d8-b085-596ef0fa8f8e,replay_pattern,Inconclusive,[Preview] Synthetic demo data only,user_photo,Synthetic demo data only,low,2025-10-05T05:31:52
7e5b01df-b3e8-472b-b563-935d6f481b1f,c9d991dd-1074-42d8-b085-596ef0fa8f8e,visual_heuristic,Pass,No blur or crop detected,user_photo,Uploaded package photo,medium,2025-10-05T05:31:52
7fc0f678-5a44-457e-98c8-8dcda6709e2b,d9746d6c-44c7-4c2c-bb5a-e12c33c20d4f,code_validity,Pass,Decodes correctly,decoded_code,Decoded from scanned code,structured,2025-05-22T13:05:10
4a2a457c-c143-494c-b306-b5b50332bc11,d9746d6c-44c7-4c2c-bb5a-e12c33c20d4f,label_consistency,Pass,"Fields match (fuzzy match, 0.98 confidence)",ocr_reading,OCR vs decoded payload,high,2025-05-22T13:05:10
a72eb99c-8125-4025-a3b6-c8bdcef48531,d9746d6c-44c7-4c2c-bb5a-e12c33c20d4f,expiry_status,Pass,Not yet expired,decoded_code,Decoded payload,structured,2025-05-22T13:05:10
720bedd7-b3bb-47ca-9a7f-c334af0a9975,d9746d6c-44c7-4c2c-bb5a-e12c33c20d4f,nsq_status,Pass,No match found in current CDSCO alerts,government_record,CDSCO NSQ/spurious database,structured,2025-05-22T13:05:10
20da988d-d5e8-4084-856e-674b1f58b140,d9746d6c-44c7-4c2c-bb5a-e12c33c20d4f,replay_pattern,Inconclusive,[Preview] Synthetic demo data only,user_photo,Synthetic demo data only,low,2025-05-22T13:05:10
ba788890-40d8-4b39-91fe-8903e2ddf7b1,d9746d6c-44c7-4c2c-bb5a-e12c33c20d4f,visual_heuristic,Pass,No blur or crop detected,user_photo,Uploaded package photo,medium,2025-05-22T13:05:10
91242df2-c4e6-4b51-9835-109f5c294a3c,ac8ff1d6-7b9e-4129-a406-123f28fb56fb,code_validity,Pass,Decodes correctly,decoded_code,Decoded from scanned code,structured,2025-06-13T19:48:26
83cce415-5524-4965-97bb-5dbb84786fb8,ac8ff1d6-7b9e-4129-a406-123f28fb56fb,label_consistency,Pass,"Fields match (fuzzy match, 0.98 confidence)",ocr_reading,OCR vs decoded payload,high,2025-06-13T19:48:26
bb0f0f91-6a11-4106-8eb9-1e36eae6ef0c,ac8ff1d6-7b9e-4129-a406-123f28fb56fb,expiry_status,Pass,Not yet expired,decoded_code,Decoded payload,structured,2025-06-13T19:48:26
c9185e47-1061-4c80-b0f4-483f3135a785,ac8ff1d6-7b9e-4129-a406-123f28fb56fb,nsq_status,Pass,No match found in current CDSCO alerts,government_record,CDSCO NSQ/spurious database,structured,2025-06-13T19:48:26
022908f1-d844-4221-af74-50fb6a995040,ac8ff1d6-7b9e-4129-a406-123f28fb56fb,replay_pattern,Inconclusive,[Preview] Synthetic demo data only,user_photo,Synthetic demo data only,low,2025-06-13T19:48:26
1360dc1f-7736-4f01-842f-1221df5c5c18,ac8ff1d6-7b9e-4129-a406-123f28fb56fb,visual_heuristic,Pass,No blur or crop detected,user_photo,Uploaded package photo,medium,2025-06-13T19:48:26
4afd389e-41b5-41eb-9129-de4daa6c004e,c97c9723-302b-40a2-af09-68f56e1de12d,code_validity,Pass,Decodes correctly,decoded_code,Decoded from scanned code,structured,2025-05-14T13:19:18
7a62c57b-f8d4-4c9b-ae63-6f81c408186d,c97c9723-302b-40a2-af09-68f56e1de12d,label_consistency,Pass,"Fields match (fuzzy match, 0.98 confidence)",ocr_reading,OCR vs decoded payload,high,2025-05-14T13:19:18
99576398-1011-4e7a-b6cc-c0e23962d412,c97c9723-302b-40a2-af09-68f56e1de12d,expiry_status,Pass,Not yet expired,decoded_code,Decoded payload,structured,2025-05-14T13:19:18
889e3e61-2d1b-486d-9477-09cc0d7f95a5,c97c9723-302b-40a2-af09-68f56e1de12d,nsq_status,Pass,No match found in current CDSCO alerts,government_record,CDSCO NSQ/spurious database,structured,2025-05-14T13:19:18
8c912dab-b2be-4219-851d-048f6a8996ee,c97c9723-302b-40a2-af09-68f56e1de12d,replay_pattern,Inconclusive,[Preview] Synthetic demo data only,user_photo,Synthetic demo data only,low,2025-05-14T13:19:18
1d69868c-b1d1-44d2-bcbc-879625435c0c,c97c9723-302b-40a2-af09-68f56e1de12d,visual_heuristic,Pass,No blur or crop detected,user_photo,Uploaded package photo,medium,2025-05-14T13:19:18
73cde19e-8e7f-487b-8c28-1ba32724d9af,4aaa3d1b-6bad-4fb3-924b-007e02e28a05,code_validity,Pass,Decodes correctly,decoded_code,Decoded from scanned code,structured,2025-05-16T09:45:21
7d28358c-71f4-40c6-a02b-7c00e759b4d8,4aaa3d1b-6bad-4fb3-924b-007e02e28a05,label_consistency,Pass,"Fields match (fuzzy match, 0.98 confidence)",ocr_reading,OCR vs decoded payload,high,2025-05-16T09:45:21
10a425d8-a5b4-4d51-9388-318f4416ee04,4aaa3d1b-6bad-4fb3-924b-007e02e28a05,expiry_status,Pass,Not yet expired,decoded_code,Decoded payload,structured,2025-05-16T09:45:21
6047fd79-3cd9-4683-a915-7aeae51a9b46,4aaa3d1b-6bad-4fb3-924b-007e02e28a05,nsq_status,Pass,No match found in current CDSCO alerts,government_record,CDSCO NSQ/spurious database,structured,2025-05-16T09:45:21
0d23883b-102c-4af7-8bef-42b2e3ad3310,4aaa3d1b-6bad-4fb3-924b-007e02e28a05,replay_pattern,Inconclusive,[Preview] Synthetic demo data only,user_photo,Synthetic demo data only,low,2025-05-16T09:45:21
12f992b5-760a-4952-be6d-7d217becc49a,4aaa3d1b-6bad-4fb3-924b-007e02e28a05,visual_heuristic,Pass,No blur or crop detected,user_photo,Uploaded package photo,medium,2025-05-16T09:45:21
b357559d-5b0a-435a-8772-b22a395f6030,03ed7f2e-2c4d-4ac1-8e11-57faeb8ab940,code_validity,Pass,Decodes correctly,decoded_code,Decoded from scanned code,structured,2026-06-30T15:46:30
50281917-c89d-4416-b77e-470a84a4e1b9,03ed7f2e-2c4d-4ac1-8e11-57faeb8ab940,label_consistency,Pass,"Fields match (fuzzy match, 0.98 confidence)",ocr_reading,OCR vs decoded payload,high,2026-06-30T15:46:30
cc5d7f12-cd98-4e53-9127-f1649dca0f70,03ed7f2e-2c4d-4ac1-8e11-57faeb8ab940,expiry_status,Pass,Not yet expired,decoded_code,Decoded payload,structured,2026-06-30T15:46:30
2137a9b4-2c49-452b-9f9d-826a6881d4db,03ed7f2e-2c4d-4ac1-8e11-57faeb8ab940,nsq_status,Pass,No match found in current CDSCO alerts,government_record,CDSCO NSQ/spurious database,structured,2026-06-30T15:46:30
7794cf4a-ecb5-45c1-9b5f-0c181dfd03ec,03ed7f2e-2c4d-4ac1-8e11-57faeb8ab940,replay_pattern,Inconclusive,[Preview] Synthetic demo data only,user_photo,Synthetic demo data only,low,2026-06-30T15:46:30
c1f8f182-4667-481b-b18a-0c9c55b41fb3,03ed7f2e-2c4d-4ac1-8e11-57faeb8ab940,visual_heuristic,Pass,No blur or crop detected,user_photo,Uploaded package photo,medium,2026-06-30T15:46:30
fa0fff08-f0de-4af6-ab3f-bb5955442983,bd8ddcc3-97b1-4638-8993-9276268ccb43,code_validity,Pass,Decodes correctly,decoded_code,Decoded from scanned code,structured,2026-04-22T11:55:39
1937cc5d-89c9-4cf9-a435-8f15387ee84a,bd8ddcc3-97b1-4638-8993-9276268ccb43,label_consistency,Pass,"Fields match (fuzzy match, 0.98 confidence)",ocr_reading,OCR vs decoded payload,high,2026-04-22T11:55:39
8bab68de-3bb9-489b-8910-e15374f5681c,bd8ddcc3-97b1-4638-8993-9276268ccb43,expiry_status,Pass,Not yet expired,decoded_code,Decoded payload,structured,2026-04-22T11:55:39
b58bb8da-ecd2-4396-aeda-b50f81fd0e2a,bd8ddcc3-97b1-4638-8993-9276268ccb43,nsq_status,Pass,No match found in current CDSCO alerts,government_record,CDSCO NSQ/spurious database,structured,2026-04-22T11:55:39
743b912c-c114-4ec6-aa2b-100f2c2f7f93,bd8ddcc3-97b1-4638-8993-9276268ccb43,replay_pattern,Inconclusive,[Preview] Synthetic demo data only,user_photo,Synthetic demo data only,low,2026-04-22T11:55:39
fa7a7ce0-da23-46ce-a1c2-c73958b7089c,bd8ddcc3-97b1-4638-8993-9276268ccb43,visual_heuristic,Pass,No blur or crop detected,user_photo,Uploaded package photo,medium,2026-04-22T11:55:39
4e818c9f-210b-493c-9f7b-b6b37fb9a118,e0b23094-4c4e-4e44-9e02-01d0b5d4ad6f,code_validity,Pass,Decodes correctly,decoded_code,Decoded from scanned code,structured,2025-07-15T09:20:44
52ba44b5-1bfd-4e30-a99f-c24b4b5a5bd4,e0b23094-4c4e-4e44-9e02-01d0b5d4ad6f,label_consistency,Pass,"Fields match (fuzzy match, 0.98 confidence)",ocr_reading,OCR vs decoded payload,high,2025-07-15T09:20:44
8b8cd665-6afc-4827-bd34-3c69aa881b4c,e0b23094-4c4e-4e44-9e02-01d0b5d4ad6f,expiry_status,Pass,Not yet expired,decoded_code,Decoded payload,structured,2025-07-15T09:20:44
d58bb39f-d867-4018-8488-fcd91cd497ba,e0b23094-4c4e-4e44-9e02-01d0b5d4ad6f,nsq_status,Pass,No match found in current CDSCO alerts,government_record,CDSCO NSQ/spurious database,structured,2025-07-15T09:20:44
49f133be-76c3-4188-a283-229b5b66538a,e0b23094-4c4e-4e44-9e02-01d0b5d4ad6f,replay_pattern,Inconclusive,[Preview] Synthetic demo data only,user_photo,Synthetic demo data only,low,2025-07-15T09:20:44
23657f67-1120-4e57-ad6e-a322fc28a256,e0b23094-4c4e-4e44-9e02-01d0b5d4ad6f,visual_heuristic,Pass,No blur or crop detected,user_photo,Uploaded package photo,medium,2025-07-15T09:20:44
ff7a0448-e3c2-4b9f-a1e9-2d3efab511eb,92e995f2-9682-4d45-be6d-e5892253913e,code_validity,Pass,Decodes correctly,decoded_code,Decoded from scanned code,structured,2025-12-17T05:53:41
c6082bbe-b1b7-496e-b084-7d88806dc293,92e995f2-9682-4d45-be6d-e5892253913e,label_consistency,Pass,"Fields match (fuzzy match, 0.98 confidence)",ocr_reading,OCR vs decoded payload,high,2025-12-17T05:53:41
9842e958-de36-4044-a4e0-79a5e983dea5,92e995f2-9682-4d45-be6d-e5892253913e,expiry_status,Pass,Not yet expired,decoded_code,Decoded payload,structured,2025-12-17T05:53:41
59b46606-4db7-4cf8-bb3a-b297e5b3a742,92e995f2-9682-4d45-be6d-e5892253913e,nsq_status,Pass,No match found in current CDSCO alerts,government_record,CDSCO NSQ/spurious database,structured,2025-12-17T05:53:41
d387a72b-4472-4ffd-baae-08d651800616,92e995f2-9682-4d45-be6d-e5892253913e,replay_pattern,Inconclusive,[Preview] Synthetic demo data only,user_photo,Synthetic demo data only,low,2025-12-17T05:53:41
49fa68cf-f87b-4323-91b5-e78635b50098,92e995f2-9682-4d45-be6d-e5892253913e,visual_heuristic,Pass,No blur or crop detected,user_photo,Uploaded package photo,medium,2025-12-17T05:53:41
da8e3cff-ca59-493c-a86f-418868cbc2c0,636ffa43-1afa-4ec5-9271-da3d3acd186f,code_validity,Pass,Decodes correctly,decoded_code,Decoded from scanned code,structured,2026-08-06T22:02:51
fedd4b21-9c64-4f46-9aa2-8fd0f96440b8,636ffa43-1afa-4ec5-9271-da3d3acd186f,label_consistency,Pass,"Fields match (fuzzy match, 0.98 confidence)",ocr_reading,OCR vs decoded payload,high,2026-08-06T22:02:51
513b0b13-9eae-42d8-9bb7-c438b2f433d2,636ffa43-1afa-4ec5-9271-da3d3acd186f,expiry_status,Pass,Not yet expired,decoded_code,Decoded payload,structured,2026-08-06T22:02:51
c8410c9a-80ec-40a0-82c6-e9e35122924c,636ffa43-1afa-4ec5-9271-da3d3acd186f,nsq_status,Pass,No match found in current CDSCO alerts,government_record,CDSCO NSQ/spurious database,structured,2026-08-06T22:02:51
c35e7b78-8dfc-4b68-a24b-0e4a51b0260f,636ffa43-1afa-4ec5-9271-da3d3acd186f,replay_pattern,Inconclusive,[Preview] Synthetic demo data only,user_photo,Synthetic demo data only,low,2026-08-06T22:02:51
89356428-7270-4120-8d80-ab0a11c872fb,636ffa43-1afa-4ec5-9271-da3d3acd186f,visual_heuristic,Pass,No blur or crop detected,user_photo,Uploaded package photo,medium,2026-08-06T22:02:51
ff1a2835-06b3-4c0e-a753-d78c013517f3,df9a0a6d-de3d-4df5-8eee-4ddd5ee30725,code_validity,Pass,Decodes correctly,decoded_code,Decoded from scanned code,structured,2026-09-10T12:57:30
fbcf95c6-0716-48f6-90b2-7d6f4645a8d3,df9a0a6d-de3d-4df5-8eee-4ddd5ee30725,label_consistency,Pass,"Fields match (fuzzy match, 0.98 confidence)",ocr_reading,OCR vs decoded payload,high,2026-09-10T12:57:30
96e453e0-8ae7-4393-be59-94dedaec66cc,df9a0a6d-de3d-4df5-8eee-4ddd5ee30725,expiry_status,Pass,Not yet expired,decoded_code,Decoded payload,structured,2026-09-10T12:57:30
586d125a-16c7-4c13-80b0-f1c5291e7954,df9a0a6d-de3d-4df5-8eee-4ddd5ee30725,nsq_status,Pass,No match found in current CDSCO alerts,government_record,CDSCO NSQ/spurious database,structured,2026-09-10T12:57:30
74642c0b-5627-43cd-a92f-7f0c1596e4f4,df9a0a6d-de3d-4df5-8eee-4ddd5ee30725,replay_pattern,Inconclusive,[Preview] Synthetic demo data only,user_photo,Synthetic demo data only,low,2026-09-10T12:57:30
05c10e2d-2bad-4095-85f3-2b25ab3616d2,df9a0a6d-de3d-4df5-8eee-4ddd5ee30725,visual_heuristic,Pass,No blur or crop detected,user_photo,Uploaded package photo,medium,2026-09-10T12:57:30
4bed8fa7-8784-40b9-baef-9f6a57701e73,bce11d11-1178-42bd-a727-226b4e5ea712,code_validity,Pass,Decodes correctly,decoded_code,Decoded from scanned code,structured,2026-03-09T10:06:38
acd9d04c-1f34-4e99-8427-2b10609a7b60,bce11d11-1178-42bd-a727-226b4e5ea712,label_consistency,Pass,"Fields match (fuzzy match, 0.98 confidence)",ocr_reading,OCR vs decoded payload,high,2026-03-09T10:06:38
6c535844-0035-4a77-9de8-71b4fddde272,bce11d11-1178-42bd-a727-226b4e5ea712,expiry_status,Pass,Not yet expired,decoded_code,Decoded payload,structured,2026-03-09T10:06:38
795a647e-9933-4dae-9376-3e857e888392,bce11d11-1178-42bd-a727-226b4e5ea712,nsq_status,Pass,No match found in current CDSCO alerts,government_record,CDSCO NSQ/spurious database,structured,2026-03-09T10:06:38
74bfd690-08d7-4f09-b9db-013ebb5dfa65,bce11d11-1178-42bd-a727-226b4e5ea712,replay_pattern,Inconclusive,[Preview] Synthetic demo data only,user_photo,Synthetic demo data only,low,2026-03-09T10:06:38
bd1f951b-c6e8-4496-adba-a38a5a9b5f4c,bce11d11-1178-42bd-a727-226b4e5ea712,visual_heuristic,Pass,No blur or crop detected,user_photo,Uploaded package photo,medium,2026-03-09T10:06:38
ef140646-3851-491f-9c80-7d28a2f4b70d,008ae70c-5a04-4df7-b909-82d2366921ef,code_validity,Pass,Decodes correctly,decoded_code,Decoded from scanned code,structured,2025-12-22T18:42:38
8656c310-7fdf-4844-a3e3-2cd6c5f2a272,008ae70c-5a04-4df7-b909-82d2366921ef,label_consistency,Pass,"Fields match (fuzzy match, 0.98 confidence)",ocr_reading,OCR vs decoded payload,high,2025-12-22T18:42:38
1913983c-fa06-46fd-9965-b6674dfed39b,008ae70c-5a04-4df7-b909-82d2366921ef,expiry_status,Pass,Not yet expired,decoded_code,Decoded payload,structured,2025-12-22T18:42:38
f7d7db5f-5a1d-4517-a74c-39f50d86f0ac,008ae70c-5a04-4df7-b909-82d2366921ef,nsq_status,Pass,No match found in current CDSCO alerts,government_record,CDSCO NSQ/spurious database,structured,2025-12-22T18:42:38
8bf74ba7-da71-4b88-9ab8-f1771827e63f,008ae70c-5a04-4df7-b909-82d2366921ef,replay_pattern,Inconclusive,[Preview] Synthetic demo data only,user_photo,Synthetic demo data only,low,2025-12-22T18:42:38
fe3af63c-5161-4f9b-b351-94acbc153237,008ae70c-5a04-4df7-b909-82d2366921ef,visual_heuristic,Pass,No blur or crop detected,user_photo,Uploaded package photo,medium,2025-12-22T18:42:38
eb852bf7-e2e3-4160-bb4a-5bde830a37aa,00346b82-18ad-4244-8bfe-d1027b858302,code_validity,Pass,Decodes correctly,decoded_code,Decoded from scanned code,structured,2025-05-04T11:44:34
38cb2537-d161-479d-88e0-095a62f6c9fa,00346b82-18ad-4244-8bfe-d1027b858302,label_consistency,Pass,"Fields match (fuzzy match, 0.98 confidence)",ocr_reading,OCR vs decoded payload,high,2025-05-04T11:44:34
2195e482-2cef-4f41-8075-91852f3f31c9,00346b82-18ad-4244-8bfe-d1027b858302,expiry_status,Pass,Not yet expired,decoded_code,Decoded payload,structured,2025-05-04T11:44:34
c6016706-efcd-42e9-be99-5758a8381619,00346b82-18ad-4244-8bfe-d1027b858302,nsq_status,Pass,No match found in current CDSCO alerts,government_record,CDSCO NSQ/spurious database,structured,2025-05-04T11:44:34
78204db2-05b8-4597-be88-cca0eb89941f,00346b82-18ad-4244-8bfe-d1027b858302,replay_pattern,Inconclusive,[Preview] Synthetic demo data only,user_photo,Synthetic demo data only,low,2025-05-04T11:44:34
5dbe695d-1fcf-477a-b237-a4668057e4f8,00346b82-18ad-4244-8bfe-d1027b858302,visual_heuristic,Pass,No blur or crop detected,user_photo,Uploaded package photo,medium,2025-05-04T11:44:34
beff414c-8d89-4960-a081-fdca15b9f347,843cb066-1629-4da2-8e42-dc7f981575dd,code_validity,Pass,Decodes correctly,decoded_code,Decoded from scanned code,structured,2026-06-24T12:29:20
5900276e-edbc-4c4b-bd77-fb12f52b689b,843cb066-1629-4da2-8e42-dc7f981575dd,label_consistency,Pass,"Fields match (fuzzy match, 0.98 confidence)",ocr_reading,OCR vs decoded payload,high,2026-06-24T12:29:20
a2a65770-9d4e-4078-8c04-7bb8e03a6862,843cb066-1629-4da2-8e42-dc7f981575dd,expiry_status,Pass,Not yet expired,decoded_code,Decoded payload,structured,2026-06-24T12:29:20
f64146df-7a33-4b99-a7be-282c0be17d73,843cb066-1629-4da2-8e42-dc7f981575dd,nsq_status,Pass,No match found in current CDSCO alerts,government_record,CDSCO NSQ/spurious database,structured,2026-06-24T12:29:20
b7c8a878-521a-4482-94a2-895ffc85fba3,843cb066-1629-4da2-8e42-dc7f981575dd,replay_pattern,Inconclusive,[Preview] Synthetic demo data only,user_photo,Synthetic demo data only,low,2026-06-24T12:29:20
6853d0a3-9ec0-4839-9651-b54e48439a4f,843cb066-1629-4da2-8e42-dc7f981575dd,visual_heuristic,Pass,No blur or crop detected,user_photo,Uploaded package photo,medium,2026-06-24T12:29:20
b8cb9437-8a36-4c05-aec8-e79bb620f78f,0073b173-2641-48f1-9eb1-4dee9068b2e2,code_validity,Pass,Decodes correctly,decoded_code,Decoded from scanned code,structured,2025-04-20T02:11:25
eab3dd3b-4197-454e-9c0f-8de93119c060,0073b173-2641-48f1-9eb1-4dee9068b2e2,label_consistency,Pass,"Fields match (fuzzy match, 0.98 confidence)",ocr_reading,OCR vs decoded payload,high,2025-04-20T02:11:25
ccf143f4-f755-4060-b79f-5fede648dcd6,0073b173-2641-48f1-9eb1-4dee9068b2e2,expiry_status,Pass,Not yet expired,decoded_code,Decoded payload,structured,2025-04-20T02:11:25
9c8999f7-c9da-4d14-bb7e-7a4783ca87c6,0073b173-2641-48f1-9eb1-4dee9068b2e2,nsq_status,Pass,No match found in current CDSCO alerts,government_record,CDSCO NSQ/spurious database,structured,2025-04-20T02:11:25
054331d6-1e1c-4d38-9cd6-ab6e67ca92a5,0073b173-2641-48f1-9eb1-4dee9068b2e2,replay_pattern,Inconclusive,[Preview] Synthetic demo data only,user_photo,Synthetic demo data only,low,2025-04-20T02:11:25
8e19c9fe-722b-4304-9316-2b4207666147,0073b173-2641-48f1-9eb1-4dee9068b2e2,visual_heuristic,Pass,No blur or crop detected,user_photo,Uploaded package photo,medium,2025-04-20T02:11:25
13e6eadc-b3d2-4ece-974d-c7a4a8d33058,578f33c0-45c5-4836-a50d-ecdd65c3c8c9,code_validity,Pass,Decodes correctly,decoded_code,Decoded from scanned code,structured,2025-08-28T13:06:20
fb06dbda-658d-404e-bcbe-7d2d6ccd4a33,578f33c0-45c5-4836-a50d-ecdd65c3c8c9,label_consistency,Pass,"Fields match (fuzzy match, 0.98 confidence)",ocr_reading,OCR vs decoded payload,high,2025-08-28T13:06:20
25980f30-d9bf-41c6-9634-3c3c8a1902a8,578f33c0-45c5-4836-a50d-ecdd65c3c8c9,expiry_status,Pass,Not yet expired,decoded_code,Decoded payload,structured,2025-08-28T13:06:20
fa7c988c-8af5-4a3c-af31-57faf6a97841,578f33c0-45c5-4836-a50d-ecdd65c3c8c9,nsq_status,Pass,No match found in current CDSCO alerts,government_record,CDSCO NSQ/spurious database,structured,2025-08-28T13:06:20
cfeb826e-0851-4f41-afac-93639c22c6eb,578f33c0-45c5-4836-a50d-ecdd65c3c8c9,replay_pattern,Inconclusive,[Preview] Synthetic demo data only,user_photo,Synthetic demo data only,low,2025-08-28T13:06:20
b168e141-ed34-45fb-b6b2-2fb61892a45b,578f33c0-45c5-4836-a50d-ecdd65c3c8c9,visual_heuristic,Pass,No blur or crop detected,user_photo,Uploaded package photo,medium,2025-08-28T13:06:20
