id,hashed_serial_id,product_code,batch_number,approx_location,scanned_at,source,risk_level,risk_reasons
2ea9f105-dd00-4d41-82e2-b7b20fff04dc,4ff3b53569dbc012ec9e3b0f112203e0,8903443533184,AX2291,"560034 (Bengaluru Urban, Karnataka)",2026-09-12T09:03:56,whatsapp,red,{nsq_status_fail}
decc13ac-b115-4ec9-beaf-0231ae542c5d,5143e2554915b10b1e569b6e73452836,8903443533184,AX2291,"400072 (Mumbai Suburban, Maharashtra)",2025-11-19T17:18:34,whatsapp,red,{nsq_status_fail}
d5a6ab60-bfa0-46b3-a679-a1ba2ab96f71,9ac4d01025305d629d3891a122452b68,8903443533184,AX2291,"600001 (Chennai, Tamil Nadu)",2026-07-22T09:56:36,whatsapp,red,{nsq_status_fail}
c9985710-ebd4-4696-a314-351595a8f107,919e3d98dab98c30cb25ff9b6b21ea47,8903443533184,AX2291,"700001 (Kolkata, West Bengal)",2025-07-24T21:41:47,web,red,{nsq_status_fail}
ecd02e9e-559e-4f5a-a543-1a1519ac7227,14b967bb365323088b6d36413093b64c,8903443533184,AX2291,"560066 (Bengaluru Urban, Karnataka)",2026-01-29T15:19:07,whatsapp,red,{nsq_status_fail}
586d7b09-4d12-4dd7-af78-7d8f30154f41,f0338eee7100e60b37654e4dc2fe4d30,8903443533184,AX2291,"590001 (Belagavi, Karnataka)",2026-06-03T01:16:59,whatsapp,red,{nsq_status_fail}
d7c086f5-517d-4d2b-89b0-e3bc3ae485de,40a64f857dc07afeb2f3e3ef9b12cd8a,8903443533184,AX2291,"800001 (Patna, Bihar)",2026-08-16T15:05:39,web,red,{nsq_status_fail}
abd8c4bb-ba83-485d-bca3-70e08a93b007,755d2c9f34d4b076f1cf006e11063bb0,8903443533184,AX2291,"800001 (Patna, Bihar)",2026-04-04T17:50:29,whatsapp,red,{nsq_status_fail}
e72e8a59-1bbf-4d87-807a-53921ea479cf,c140054f4d19bbacbb77b7c7beb611b0,8903443533184,AX2291,"500001 (Hyderabad, Telangana)",2026-03-17T10:29:37,whatsapp,red,{nsq_status_fail}
cd9da78a-5183-4fbe-a0ef-4d14e8836c6f,7ca8f3c960e95600c82660fd30eed9a5,8903443533184,AX2291,"682001 (Ernakulam, Kerala)",2025-06-09T19:40:16,whatsapp,red,{nsq_status_fail}
1bd5a11a-23d0-40a2-ac17-97cc569da85a,d1ad3933a89e6df0ee26f3d056409efb,8903443533184,AX2291,"390001 (Vadodara, Gujarat)",2026-09-10T12:49:27,whatsapp,red,{nsq_status_fail}
0fe00536-491d-4db8-9094-85f3e855551d,24a3855650b29d8a3ffec3ef1f897a83,8903443533184,AX2291,"682001 (Ernakulam, Kerala)",2025-04-13T08:34:57,whatsapp,red,{nsq_status_fail}
a34bf7a2-80c9-481f-9155-01fb4217a347,d12fa71d4e24d1ad6ac3caa66d748319,8903443533184,AX2291,"411001 (Pune, Maharashtra)",2025-08-29T06:58:21,whatsapp,red,{nsq_status_fail}
86dba305-e883-4903-9c72-e5d298ae1ca7,777c7754fdb8f39f7cb1242a82f6c18e,8903443533184,AX2291,"580001 (Dharwad, Karnataka)",2025-12-27T13:35:22,whatsapp,red,{nsq_status_fail}
bfa732ca-5b1a-43b7-a357-7f6c66e92b7f,3f548df849e2b9e463f4971edafe40bc,8903443533184,AX2291,"695001 (Thiruvananthapuram, Kerala)",2025-08-23T10:23:57,whatsapp,red,{nsq_status_fail}
5629c753-b88d-4d52-ab83-f0c06caa0987,9c71551a3dfdbca25522ebb6dd674280,8903443533184,AX2291,"600028 (Chennai, Tamil Nadu)",2025-03-31T11:34:56,web,red,{nsq_status_fail}
9844439c-33ff-4ebb-8192-6af15eba53e2,d444508e58da56993f2969f5be806a91,8903443533184,AX2291,"530001 (Visakhapatnam, Andhra Pradesh)",2026-01-03T12:21:01,whatsapp,red,{nsq_status_fail}
fd42cd73-3617-4d51-953c-d99a77a8e791,533883769f9c8b544d0d33c6c470f453,8903443533184,AX2291,"390001 (Vadodara, Gujarat)",2025-05-19T14:29:54,whatsapp,red,{nsq_status_fail}
1228731d-9d3d-4f93-9f82-3b87e0e5b8ba,c31b9af6e81af8ebc486be7553f34f64,8903443533184,AX2291,"575001 (Mangaluru (Dakshina Kannada), Karnataka)",2026-06-17T12:27:23,whatsapp,red,{nsq_status_fail}
6530d602-c7f2-47b7-9210-2528bcd0fcfe,12559558d24241b38f2908abf64f4ce9,8903443533184,AX2291,"400001 (Mumbai City, Maharashtra)",2025-10-11T13:53:56,whatsapp,red,{nsq_status_fail}
c14798ca-592b-4b2d-ace3-5f962ff4d1f4,ff206fdf42f7a2135f58b37383cc5491,8903443533184,AX2291,"600028 (Chennai, Tamil Nadu)",2026-05-31T20:32:06,web,red,{nsq_status_fail}
c719403b-4d4f-415c-9f62-432868d65c21,156066ea1e53e31aabb09326cf9e2e0a,8903443533184,AX2291,"440001 (Nagpur, Maharashtra)",2026-08-27T05:22:10,whatsapp,red,{nsq_status_fail}
197c8331-c0f2-40af-9805-1d53b3c8ab8f,fe755e405d1a338a3b91085e79dd3b35,8903443533184,AX2291,"440001 (Nagpur, Maharashtra)",2025-10-18T07:06:37,whatsapp,red,{nsq_status_fail}
4b4cdeb1-0e0e-45fa-80d5-19d172b541e9,90aeaef51a721251c1aa0ae8edf4dd1f,8903443533184,AX2291,"560034 (Bengaluru Urban, Karnataka)",2025-06-29T11:49:28,whatsapp,red,{nsq_status_fail}
1b603455-ca4a-4564-b91a-9f6846eec9ff,dae7696bcb7cd151f758758c4d197c26,8903443533184,AX2291,"800001 (Patna, Bihar)",2025-05-05T07:54:37,web,red,{nsq_status_fail}
c6cac7b8-915d-40d8-9bf9-0a09716f1721,8bf74200d68843c87fb47b457084ea78,8903443533184,AX2291,"500001 (Hyderabad, Telangana)",2025-11-11T15:03:53,whatsapp,red,{nsq_status_fail}
1be3e6b8-b1f8-4bab-93bb-484f61c66dde,1ae7542a564d66246afbadbe901b06a6,8903443533184,AX2291,"530001 (Visakhapatnam, Andhra Pradesh)",2026-03-10T15:26:28,web,red,{nsq_status_fail}
fbf109f9-b033-45bf-b6ee-eccf8b9ff4bc,dca10f4a7b4e0057eb1e3482ad688fef,8903443533184,AX2291,"110019 (North West Delhi, Delhi)",2026-05-12T13:26:20,web,red,{nsq_status_fail}
0d2bd6ef-64b4-47d8-8ae0-95acdc563283,d9e2fa774b40239761ea0e446852a631,8903443533184,AX2291,"560001 (Bengaluru Urban, Karnataka)",2025-11-23T11:49:57,whatsapp,red,{nsq_status_fail}
4e83f573-2506-4622-a1a0-304af648cd60,95f71ba8b036653864270556fd88fd12,8903443533184,AX2291,"575001 (Mangaluru (Dakshina Kannada), Karnataka)",2025-11-02T19:35:51,web,red,{nsq_status_fail}
236b0b6c-532a-4b64-a44f-6daccf7f5913,85045a031f8bd8a4b0ec1f268ae3326c,8903443533184,AX2291,"422001 (Nashik, Maharashtra)",2026-03-11T17:44:55,web,red,{nsq_status_fail}
103377c6-aadf-4a04-86fe-70d91dd5c61c,fc591a653a4fe9c18a15b473992a14ea,8903443533184,AX2291,"360001 (Rajkot, Gujarat)",2025-09-15T07:12:05,whatsapp,red,{nsq_status_fail}
09dbb0ac-1cd2-44e1-a4b0-74536f669969,d19cef2573e1ab44b992d9bf933fb8e8,8903443533184,AX2291,"700001 (Kolkata, West Bengal)",2025-10-06T18:00:31,whatsapp,red,{nsq_status_fail}
f8f0a20d-601e-420b-8cd2-f967ba8ce667,f826f7f2a8559a61c31187e56bc2360f,8903443533184,AX2291,"560034 (Bengaluru Urban, Karnataka)",2026-08-05T17:10:37,web,red,{nsq_status_fail}
b2da6791-7194-4437-9d73-03dc91daed35,3bebbeff59f2e6ecb773dc07a5e862d2,8903443533184,AX2291,"590001 (Belagavi, Karnataka)",2025-10-08T19:35:08,whatsapp,red,{nsq_status_fail}
816cf470-1e09-45a6-a3c4-5b6e42138b44,6694de937a0ee80066250417cab2dfaa,8903443533184,AX2291,"560034 (Bengaluru Urban, Karnataka)",2025-08-18T13:01:08,whatsapp,red,{nsq_status_fail}
8dde0ac8-29b5-4deb-8c09-21c864ade7d4,b49c69531a89ac3453290aaff39dccc0,8903443533184,AX2291,"641001 (Coimbatore, Tamil Nadu)",2026-06-11T19:40:45,whatsapp,red,{nsq_status_fail}
4a135ea8-881f-41a3-a667-585a8e823c51,354a15a8fd33b1f04bbcf1426276ecd8,8903443533184,AX2291,"700001 (Kolkata, West Bengal)",2025-07-03T20:45:48,whatsapp,red,{nsq_status_fail}
eb9439e0-8e94-4b52-ac02-9a65459bdec6,e88a43daa278a53520c7fcabdcda407b,8903443533184,AX2291,"143001 (Amritsar, Punjab)",2026-07-20T21:52:42,whatsapp,red,{nsq_status_fail}
604cbc68-817c-4f3c-b968-92fcec069776,7e14a9c7773c4900d7af3b142760e121,8903443533184,AX2291,"395001 (Surat, Gujarat)",2025-05-13T09:22:29,web,red,{nsq_status_fail}
04b1dc8c-4c33-4d50-84fd-ebaa9780140f,7e63d74ac6eab3804af5aaf9d44c5f50,8903443533184,AX2291,"302001 (Jaipur, Rajasthan)",2025-07-03T12:48:02,whatsapp,red,{nsq_status_fail}
9aad96e2-528b-44b0-b3f7-0992663534ea,825f48ca03a7c3b0290fbadd4fccd915,8903443533184,AX2291,"452001 (Indore, Madhya Pradesh)",2026-09-15T11:52:02,whatsapp,red,{nsq_status_fail}
70c030ef-792f-4556-94cd-c2c8c1af5eed,6f2548b0246edd55418c9dac768bc63e,8903443533184,AX2291,"380001 (Ahmedabad, Gujarat)",2025-06-24T16:45:40,whatsapp,red,{nsq_status_fail}
7b6c89ae-443a-45f8-bfd2-53642407a335,f142addbc12bdb617ea9f0f6df24eaf8,8903443533184,AX2291,"208001 (Kanpur Nagar, Uttar Pradesh)",2026-04-26T02:19:32,whatsapp,red,{nsq_status_fail}
5c954b24-1b27-4991-a921-ef86d3938824,0ece885e39997ab283994164ccf59b29,8903443533184,AX2291,"395001 (Surat, Gujarat)",2025-05-17T10:08:00,whatsapp,red,{nsq_status_fail}
e462edd6-ca3c-45b1-bab6-f32d2dcf311c,506339bb280406cf73f86b44171cc25b,8903443533184,AX2291,"700001 (Kolkata, West Bengal)",2026-06-10T14:07:10,web,red,{nsq_status_fail}
29e17bd5-035c-40e3-97fa-e64634ad76bb,1fb99a8f420fe4fd0e6e262e37462772,8903443533184,AX2291,"575001 (Mangaluru (Dakshina Kannada), Karnataka)",2025-12-09T12:49:12,web,red,{nsq_status_fail}
91b0798f-e82f-4d71-9bb7-7b5607d8f25d,84d090d707a013e0f59970e432a184bf,8903443533184,AX2291,"620001 (Tiruchirappalli, Tamil Nadu)",2025-05-17T17:29:08,whatsapp,red,{nsq_status_fail}
a8e61374-75ed-4c41-87b0-aa03ed2a5e32,940bedc3e143fafacf20061122e8b681,8903443533184,AX2291,"400601 (Thane, Maharashtra)",2026-04-20T19:36:37,web,red,{nsq_status_fail}
e40baa1f-f5c2-4ea0-8424-c89ade972b7f,d3c951e1b39a01dcee96fe582db548b2,8903443533184,AX2291,"462001 (Bhopal, Madhya Pradesh)",2025-05-22T10:17:19,whatsapp,red,{nsq_status_fail}
6dcb1e95-8e8b-4022-9672-199b4e724aa8,f1345a7d9b129e34a236d4517538b42a,8903443533184,AX2291,"208001 (Kanpur Nagar, Uttar Pradesh)",2026-01-14T18:37:50,whatsapp,red,{nsq_status_fail}
1d8d411f-ac37-4082-ab21-1f281bec026e,fa86a00609bf0464592d156de089cfd0,8903443533184,AX2291,"440001 (Nagpur, Maharashtra)",2026-06-09T18:46:27,whatsapp,red,{nsq_status_fail}
7a50424b-777e-4525-8989-566306bd9b4a,525a2a25b7ddfa20a41db526a84a41bd,8903443533184,AX2291,"411001 (Pune, Maharashtra)",2025-09-05T08:36:06,whatsapp,red,{nsq_status_fail}
ade66686-b89c-4183-877a-2866833b38eb,22ec7ecc5bd1d06e4971bfdee4eceb29,8903443533184,AX2291,"580001 (Dharwad, Karnataka)",2026-07-03T23:08:27,web,red,{nsq_status_fail}
3440c545-0405-417c-87d2-fe0970f90d43,763d410448b5d7190411afdb7a29737f,8903443533184,AX2291,"500001 (Hyderabad, Telangana)",2026-02-19T12:00:24,whatsapp,red,{nsq_status_fail}
08afd14c-0821-4aed-a7a4-2e485133f8c8,57345767449e773ec4e985c5c42f641f,8903443533184,AX2291,"143001 (Amritsar, Punjab)",2026-07-08T08:22:06,whatsapp,red,{nsq_status_fail}
9f2e5a06-a27a-48a6-a864-6404c8775348,a621ecf3c9cd07dacd04cb8a432e0b02,8903443533184,AX2291,"390001 (Vadodara, Gujarat)",2026-03-15T18:00:21,web,red,{nsq_status_fail}
ae69c281-ef41-4120-bf03-0d8c989e8cf8,73e22244fa8fd644f7b33705bc3e137c,8903443533184,AX2291,"711101 (Howrah, West Bengal)",2025-06-23T19:28:58,web,red,{nsq_status_fail}
5b389ba5-6736-4490-9e9f-3f7ea0d8f1d2,73a9c900ab621261d2110dc65af93b0e,8903443533184,AX2291,"208001 (Kanpur Nagar, Uttar Pradesh)",2025-12-30T17:16:11,web,red,{nsq_status_fail}
abcb207e-49ab-4e02-8666-be0ff3cb5f89,725ab9c66e279bfc8f17525d318223e0,8903443533184,AX2291,"700001 (Kolkata, West Bengal)",2026-01-23T15:34:54,whatsapp,red,{nsq_status_fail}
a7b57831-a683-4acd-8bbe-a60f66bb362c,67eb2161674334623068d4311a500dfd,8903443533184,AX2291,"580001 (Dharwad, Karnataka)",2026-03-17T16:35:37,whatsapp,red,{nsq_status_fail}
130d3654-40b4-4a2e-8ae1-baaadde07f76,8d21e7a221ca1ed2c935176f4121fb2a,8903443533184,AX2291,"700001 (Kolkata, West Bengal)",2025-07-22T12:25:37,whatsapp,red,{nsq_status_fail}
25cb32fe-e38b-4bd3-a580-d8905826b500,4b961bc5698b01b7b067a88f7079f663,8903443533184,AX2291,"580001 (Dharwad, Karnataka)",2025-09-05T17:20:51,whatsapp,red,{nsq_status_fail}
fc65e8b1-1abc-45df-aa5f-9f214d3c717a,ba042d237719af9363ab9835e222a641,8903443533184,AX2291,"590001 (Belagavi, Karnataka)",2026-01-05T12:08:22,web,red,{nsq_status_fail}
8f501423-531e-4a20-9a41-66e56274a7fa,73481c575994f8893776a91f1c5f57b4,8903443533184,AX2291,"400001 (Mumbai City, Maharashtra)",2025-05-23T16:46:47,whatsapp,red,{nsq_status_fail}
f116c1b8-0b9e-4910-93fb-5dc5c535abc0,bcdc3d8217e6631c075341a650e4bcf6,8903443533184,AX2291,"560001 (Bengaluru Urban, Karnataka)",2025-08-16T17:41:21,whatsapp,red,{nsq_status_fail}
af141158-4805-43f9-81ad-e7f8e1dd9b23,1aeba10e8abe1529e01963e15d8e4ee2,8903443533184,AX2291,"360001 (Rajkot, Gujarat)",2026-01-12T08:21:26,web,red,{nsq_status_fail}
89cdf6a0-afc5-4f34-83d9-25450441bea9,50dd18b25aa634de09998b9595147ca9,8903443533184,AX2291,"110001 (New Delhi, Delhi)",2026-08-25T16:28:23,web,red,{nsq_status_fail}
4b59d9fc-3f60-4893-bcea-316aafc8214c,467a0150d487e6e683b9717222985bb5,8903443533184,AX2291,"411045 (Pune, Maharashtra)",2025-07-05T09:59:39,web,red,{nsq_status_fail}
3b58db3b-2d9a-4884-b281-1cbc4104500a,7cbff6c30267121c5672ecb0829ee89f,8903443533184,AX2291,"422001 (Nashik, Maharashtra)",2025-05-12T07:31:03,whatsapp,red,{nsq_status_fail}
184d5497-f9d8-49a1-9293-9c7b130b096b,5608d197352c67c444aa838290492618,8903443533184,AX2291,"400001 (Mumbai City, Maharashtra)",2025-05-16T13:16:13,web,red,{nsq_status_fail}
746b9b5d-d7f5-4f01-bb14-c7dc5d568bf9,948bcfc1cc7cae8061b2e460481e1cea,8903443533184,AX2291,"360001 (Rajkot, Gujarat)",2025-03-31T13:04:11,whatsapp,red,{nsq_status_fail}
024d5fac-5adc-416c-9f79-10e541a96681,1f5a5cc9d3eff136b8d1f978fcb28855,8903443533184,AX2291,"590001 (Belagavi, Karnataka)",2026-06-22T16:55:35,web,red,{nsq_status_fail}
0735d816-adfa-42d5-8e7c-712c2942a50f,322dd0883ba04f55a77f947d614a5b76,8903443533184,AX2291,"400001 (Mumbai City, Maharashtra)",2025-10-25T19:39:43,whatsapp,red,{nsq_status_fail}
435de0b3-37b8-4b29-b414-0924f3c8bc9f,150a959fc873814797389e7ff8bc608f,8903443533184,AX2291,"695001 (Thiruvananthapuram, Kerala)",2026-08-13T10:35:53,whatsapp,red,{nsq_status_fail}
34aa7b66-a91f-4d48-bde9-d267032208f3,6fe9a22a0929b0a9aba000453856bb70,8903443533184,AX2291,"500001 (Hyderabad, Telangana)",2025-11-15T16:44:17,whatsapp,red,{nsq_status_fail}
d93d171c-1f7f-4df3-bfd6-0391b441405f,4d2a5fb85a0539f649bf3564b3bc8f6f,8903443533184,AX2291,"422001 (Nashik, Maharashtra)",2025-06-20T21:05:25,whatsapp,red,{nsq_status_fail}
af242a45-78be-4d83-841c-e8953ea38fc2,967817811b2b8bd5121018d447f0cd41,8903443533184,AX2291,"400601 (Thane, Maharashtra)",2025-11-19T07:26:54,whatsapp,red,{nsq_status_fail}
f78945b0-3eff-4a83-9467-b2da6c44b9dc,a305c5eeac493149d8d2a4412c7dee2b,8903443533184,AX2291,"452001 (Indore, Madhya Pradesh)",2025-11-07T12:06:53,web,red,{nsq_status_fail}
0c99aa95-0e9b-4568-86f0-fbe923788b3b,20ceeb9002217bec17f5016f0debe7f4,8903443533184,AX2291,"462001 (Bhopal, Madhya Pradesh)",2025-11-15T17:28:42,web,red,{nsq_status_fail}
07b8bdb9-fb2b-444c-b810-333b9364c829,d188bb9a29b92d6b68b6ba2b1381e559,8903443533184,AX2291,"700001 (Kolkata, West Bengal)",2026-07-02T12:25:43,web,red,{nsq_status_fail}
dce4a089-bf01-4840-b287-80762440fec8,1af0661342677935cd3643ae9b1bfe25,8903443533184,AX2291,"560066 (Bengaluru Urban, Karnataka)",2025-06-24T17:45:51,whatsapp,red,{nsq_status_fail}
26b65186-3b91-4424-a3cd-ffb0b9c4e669,f2f1d36c082d27833e800545469fa1e9,8903443533184,AX2291,"682001 (Ernakulam, Kerala)",2025-09-04T18:42:13,whatsapp,red,{nsq_status_fail}
680ca811-4eaa-4a94-97b1-d88cc1edc8b7,e6bfc44f2f0fc3ff46e4b350833a6ae5,8903443533184,AX2291,"221001 (Varanasi, Uttar Pradesh)",2026-04-26T16:24:33,whatsapp,red,{nsq_status_fail}
b9b73486-8ac7-42ca-a86c-8c0e3a45a4a5,9d48a0b7f508ffb4d0a379ba10f2d4ed,8903443533184,AX2291,"695001 (Thiruvananthapuram, Kerala)",2026-01-22T08:34:36,whatsapp,red,{nsq_status_fail}
7833bd1c-454e-43af-b930-11d6a26478f4,d15a76283f29b5e19009c239d6f1fb0b,8907444651473,BQ7743,"395001 (Surat, Gujarat)",2025-07-08T16:00:02,whatsapp,red,{nsq_status_fail}
2a2ef21c-3259-45e0-9b24-07bc2eaaece9,14c0dc32731947f787dee5a567289cc6,8907444651473,BQ7743,"440001 (Nagpur, Maharashtra)",2025-05-28T08:05:04,web,red,{nsq_status_fail}
4f283cac-29e8-4758-a460-ae6e455e3dd4,c5f22f48facd90c4a2afff9021152548,8907444651473,BQ7743,"110019 (North West Delhi, Delhi)",2025-11-01T09:25:22,web,red,{nsq_status_fail}
b81beaa3-6e52-4f2f-b365-6326901de662,ff581ebaccd56db3afb052cce5c51bf5,8907444651473,BQ7743,"711101 (Howrah, West Bengal)",2025-09-05T14:06:17,whatsapp,red,{nsq_status_fail}
5661de7c-9776-4710-84d1-76abae4fe945,d6a1c0a3538b6f5ed16c20067844d08b,8907444651473,BQ7743,"560034 (Bengaluru Urban, Karnataka)",2025-12-25T13:39:43,whatsapp,red,{nsq_status_fail}
c09ce167-9280-4bf1-bcb1-73db5f9d66fc,116266b1b4f09fa3113552a273fd27bc,8907444651473,BQ7743,"695001 (Thiruvananthapuram, Kerala)",2025-07-14T13:42:41,whatsapp,red,{nsq_status_fail}
bec40052-3a36-48a3-8fcb-9c9f385daa43,165af1fbf15c4df1680676b42e045d0d,8907444651473,BQ7743,"560001 (Bengaluru Urban, Karnataka)",2026-01-14T13:51:41,whatsapp,red,{nsq_status_fail}
c130942a-5c23-4e6a-9679-f5cb4566b550,a64612af6fe720d3bcc3c61b3cc8f191,8907444651473,BQ7743,"530001 (Visakhapatnam, Andhra Pradesh)",2026-02-22T10:04:30,web,red,{nsq_status_fail}
ee44a09a-c431-4c65-903c-9aabc830ef7c,7f34a7bb758561175653d1973228bdaf,8907444651473,BQ7743,"143001 (Amritsar, Punjab)",2025-11-14T16:47:49,web,red,{nsq_status_fail}
35fa2c6f-e563-4951-a0bf-1c9c256e18b3,e7b00eed7bced74d91c24339254cb7fc,8907444651473,BQ7743,"390001 (Vadodara, Gujarat)",2026-03-05T00:21:11,whatsapp,red,{nsq_status_fail}
4ba11db8-5a96-46b8-bb4c-186880947c27,77cdb0c4d37984d29f84a74981041e52,8907444651473,BQ7743,"141001 (Ludhiana, Punjab)",2026-02-05T11:02:36,web,red,{nsq_status_fail}
218ee0da-6fee-4151-be2f-bfaa7e50044c,00212dd56729ddb4426913729c530911,8907444651473,BQ7743,"530001 (Visakhapatnam, Andhra Pradesh)",2026-06-10T07:52:45,whatsapp,red,{nsq_status_fail}
b6e89db1-4ecd-4d21-a3e8-acd43ff179fc,c93e91f73849e00c74daad9ad3466c38,8907444651473,BQ7743,"682001 (Ernakulam, Kerala)",2026-06-09T16:08:11,whatsapp,red,{nsq_status_fail}
d7c8e33a-cc6c-4918-bf41-20a6274964ae,f3823518d6896df68566729ad0e4800f,8907444651473,BQ7743,"400072 (Mumbai Suburban, Maharashtra)",2025-05-01T08:40:44,whatsapp,red,{nsq_status_fail}
49673754-2c70-475c-abec-ed8d2f3781a6,7586e346883b638b0a375b7c077752b1,8907444651473,BQ7743,"560001 (Bengaluru Urban, Karnataka)",2026-01-04T15:56:50,whatsapp,red,{nsq_status_fail}
0439af5c-1140-4548-bcc8-c6f85af3cc9a,698235d239046bbf47ab2eafdf2fa386,8907444651473,BQ7743,"600028 (Chennai, Tamil Nadu)",2026-03-20T10:14:42,whatsapp,red,{nsq_status_fail}
c5bc526a-b684-4414-bbb3-c91ba922f72d,a7921f97f2f3da1bd5d3a882704a0625,8907444651473,BQ7743,"641001 (Coimbatore, Tamil Nadu)",2026-01-18T11:47:17,whatsapp,red,{nsq_status_fail}
58a5a053-3ebf-406b-987e-e4a0f337e9ff,254faeff4a394673352ccf51c1984615,8907444651473,BQ7743,"711101 (Howrah, West Bengal)",2025-08-06T15:46:58,whatsapp,red,{nsq_status_fail}
954fdba4-bf65-494d-92bd-a1e2d22a06ee,c9a8d788557c8a1752cfb8ae057be3ae,8907444651473,BQ7743,"600028 (Chennai, Tamil Nadu)",2025-04-19T09:48:40,whatsapp,red,{nsq_status_fail}
46f38ea9-cde1-4481-916c-5c1005972f9e,70b81d8f3579057a5ed27bf00ed58b20,8907444651473,BQ7743,"440001 (Nagpur, Maharashtra)",2026-09-01T11:37:43,whatsapp,red,{nsq_status_fail}
d129a5e2-02ed-496d-9829-a03cff14e37a,2abc2531fcf0fb68959e0e9bdf082ef5,8907444651473,BQ7743,"452001 (Indore, Madhya Pradesh)",2026-03-28T12:03:56,web,red,{nsq_status_fail}
6fdf1782-57f3-47ba-9757-fc37c50af66d,0efafaf38eb1f2c76f6aaaeff7132579,8907444651473,BQ7743,"575001 (Mangaluru (Dakshina Kannada), Karnataka)",2025-07-26T19:52:47,web,red,{nsq_status_fail}
8e303dba-f352-42f0-96de-88c82610a6f3,4f7ffe3395077a05abb73ff9fa4ead88,8907444651473,BQ7743,"400072 (Mumbai Suburban, Maharashtra)",2025-11-19T13:34:06,whatsapp,red,{nsq_status_fail}
e55b30a3-ea2d-4a23-9378-779edf14759c,440e1a2d2906ff3a598f1fd5507de292,8907444651473,BQ7743,"580001 (Dharwad, Karnataka)",2025-05-30T18:23:23,web,red,{nsq_status_fail}
d86617bf-5e67-45fa-b51b-2304f63c80c7,1669530b15dab9c7d17dd7100da9c8fa,8907444651473,BQ7743,"302001 (Jaipur, Rajasthan)",2025-05-09T17:07:52,whatsapp,red,{nsq_status_fail}
ef7bfe3c-3a0f-4219-ae8f-061bd3d55743,8aaf43beb74baa0c3a53af908957500b,8907444651473,BQ7743,"400601 (Thane, Maharashtra)",2025-08-09T17:02:04,whatsapp,red,{nsq_status_fail}
24f88da1-c14e-45dc-96a9-a469a7e742d2,4d4006dc3343b10de177556cc2544b83,8907444651473,BQ7743,"143001 (Amritsar, Punjab)",2026-02-07T09:15:28,whatsapp,red,{nsq_status_fail}
7747ca1b-539e-446d-8db0-19ba7574550c,570acb6b13782f604cbee672b909afd9,8907444651473,BQ7743,"395001 (Surat, Gujarat)",2026-04-30T18:16:27,whatsapp,red,{nsq_status_fail}
6d975ee4-7a3d-41dd-9b58-754e2194a69c,fbe31474284f5864113e1bb6517837f3,8907444651473,BQ7743,"625001 (Madurai, Tamil Nadu)",2025-08-10T08:47:46,web,red,{nsq_status_fail}
592bbba2-0a77-4b3c-a676-b43993b66603,d2cc50b781c450efc584f3e3f38872a2,8907444651473,BQ7743,"560034 (Bengaluru Urban, Karnataka)",2026-01-12T18:55:37,whatsapp,red,{nsq_status_fail}
46a3f2bb-e73d-464a-ae09-c6c8c6c44cf4,17e12db08523b5597586e203a9763483,8907444651473,BQ7743,"452001 (Indore, Madhya Pradesh)",2026-08-05T16:33:21,web,red,{nsq_status_fail}
0594a645-7af6-41bd-9753-14155b74c10d,a6ed1000c3958b67ca3eae8006f7c367,8907444651473,BQ7743,"575001 (Mangaluru (Dakshina Kannada), Karnataka)",2025-08-29T11:16:43,whatsapp,red,{nsq_status_fail}
3ac616d9-6b02-4627-9b99-20b09d5823e7,a284c67a77f3ad295e3c267f7e1f458e,8907444651473,BQ7743,"395001 (Surat, Gujarat)",2025-06-16T20:59:22,web,red,{nsq_status_fail}
f3e4b8d8-c46d-4505-bf20-d15adec00e53,50217fb176a65ef83a5e57dcadc888bf,8907444651473,BQ7743,"682001 (Ernakulam, Kerala)",2025-03-28T16:54:56,whatsapp,red,{nsq_status_fail}
6353e743-128f-497a-8104-de137ee58794,3d198a8fddf95b07a13067b470977250,8907444651473,BQ7743,"221001 (Varanasi, Uttar Pradesh)",2025-05-13T20:59:12,whatsapp,red,{nsq_status_fail}
3629f768-bcaf-4323-b5e6-f1d606b1a932,474949095e6d4489a715d5dc484aebc3,8907444651473,BQ7743,"110019 (North West Delhi, Delhi)",2025-11-04T19:07:43,whatsapp,red,{nsq_status_fail}
b9f66715-dc3f-430e-8234-bfc2ab965bbe,5a185b4ea026632207372be07f229c8d,8907444651473,BQ7743,"575001 (Mangaluru (Dakshina Kannada), Karnataka)",2025-10-20T12:22:20,web,red,{nsq_status_fail}
d1d01df2-2f96-4c36-a0d2-fb571e609cc1,5607752b45e64d2bf8ca075d9400aad9,8907444651473,BQ7743,"570001 (Mysuru, Karnataka)",2026-04-26T12:29:35,web,red,{nsq_status_fail}
6e9fa6bc-5fd7-46de-98e6-dca729aac677,330e8e046356347a60ed6c9a5482280b,8909065355911,CT5510,"560034 (Bengaluru Urban, Karnataka)",2026-07-31T15:31:05,whatsapp,red,{nsq_status_fail}
9ccb6474-85e1-4ff3-9df8-b96999a8ba3f,de6e7c225d8a0b91f96480a659fee455,8909065355911,CT5510,"302001 (Jaipur, Rajasthan)",2025-06-03T15:23:50,whatsapp,red,{nsq_status_fail}
70d4904e-4371-4a73-ab21-9330178dd5b6,7db3dcbb6d9bf560c5d59d44310e6f0d,8909065355911,CT5510,"625001 (Madurai, Tamil Nadu)",2026-06-13T13:33:42,whatsapp,red,{nsq_status_fail}
3b282cfd-e58e-44fa-9255-4855e61e9538,468247d09d969e5b1ec1a49c86f848e5,8909065355911,CT5510,"500001 (Hyderabad, Telangana)",2025-07-04T06:16:33,web,red,{nsq_status_fail}
79fc785e-9d26-4a44-bcef-74039bbf0e97,ff14119da8a4f1db7ed5b3d986452d55,8909065355911,CT5510,"575001 (Mangaluru (Dakshina Kannada), Karnataka)",2025-10-20T18:40:58,whatsapp,red,{nsq_status_fail}
51cfc652-7fcf-4166-9f90-adb418ff25b8,4cde66191db9d01963801aa4893115d9,8909065355911,CT5510,"390001 (Vadodara, Gujarat)",2025-05-17T11:08:54,whatsapp,red,{nsq_status_fail}
9e5843f8-910f-413b-8018-d79d29df7c7e,d57b1d472ca6c392f95eae553fbc16a4,8909065355911,CT5510,"575001 (Mangaluru (Dakshina Kannada), Karnataka)",2026-08-17T17:48:51,whatsapp,red,{nsq_status_fail}
021eefdc-64b4-41e4-ae1f-1cfd2457c807,780945b0ea328843282a27f9a87e6b11,8909065355911,CT5510,"590001 (Belagavi, Karnataka)",2025-10-20T09:56:27,whatsapp,red,{nsq_status_fail}
9b85aa67-815d-464d-abbb-b6c4b2821b80,9630feab695282e656b5c3767e3263e3,8909065355911,CT5510,"411045 (Pune, Maharashtra)",2026-08-19T12:51:46,whatsapp,red,{nsq_status_fail}
af940dee-5ec9-4286-9870-e6a10fac5074,71d09dfaa2adc0182fbe681f61c162e4,8909065355911,CT5510,"560066 (Bengaluru Urban, Karnataka)",2026-07-16T17:57:00,web,red,{nsq_status_fail}
574f67b9-f634-4ce5-bee0-44e027917f7d,94c68e429bf8cac0c09dc3d4f64d1ea0,8909065355911,CT5510,"411001 (Pune, Maharashtra)",2026-07-19T20:19:28,web,red,{nsq_status_fail}
ae19db52-2a3e-48c5-bc19-08c041de698e,7abe8dfccfb31b231c00451f21c7b147,8909065355911,CT5510,"400001 (Mumbai City, Maharashtra)",2025-04-15T13:16:16,whatsapp,red,{nsq_status_fail}
5661592c-1fd6-44f5-a277-4068ecfe9580,2b4f37a7fffce2eb58fdecb3dd92981c,8909065355911,CT5510,"620001 (Tiruchirappalli, Tamil Nadu)",2025-09-16T11:09:59,whatsapp,red,{nsq_status_fail}
6c0f1e3b-5a18-426a-a25b-a66c820eb2b3,028db49350901744f569ebfe6acd04b4,8909065355911,CT5510,"600028 (Chennai, Tamil Nadu)",2026-07-18T07:18:55,whatsapp,red,{nsq_status_fail}
40c261e1-2dfd-43c8-b951-1922559ec01c,12e69df01ac43301c3a9311ad9fb48c6,8909065355911,CT5510,"530001 (Visakhapatnam, Andhra Pradesh)",2026-01-06T20:21:03,whatsapp,red,{nsq_status_fail}
6723ae60-8d60-4116-a37c-bc2de5e37b61,f796e0a6919b93d5d4aad6a3f04150eb,8909065355911,CT5510,"800001 (Patna, Bihar)",2025-06-18T14:09:08,web,red,{nsq_status_fail}
8b50b6af-7f0b-43a6-9743-27bff1f7761b,6835abacd096775fe1b22fd07bd3aeb7,8909065355911,CT5510,"580001 (Dharwad, Karnataka)",2025-11-19T11:34:10,web,red,{nsq_status_fail}
1b305efa-388d-4813-adfc-6412fba6b303,6f88a721c64d6449a18b7d56cc6f3d02,8909065355911,CT5510,"221001 (Varanasi, Uttar Pradesh)",2025-07-22T11:44:39,whatsapp,red,{nsq_status_fail}
0211bfd2-5473-4a49-bf1a-ae146ef94a31,806e09d12e31a6d2e56dbcb311d82a84,8909065355911,CT5510,"143001 (Amritsar, Punjab)",2025-10-29T07:47:42,whatsapp,red,{nsq_status_fail}
682194c8-3d1b-4a80-a0a1-2eb47664e5a0,99bc625d69985e8ed4e80c097f6483b1,8909065355911,CT5510,"711101 (Howrah, West Bengal)",2025-09-23T04:51:18,web,red,{nsq_status_fail}
780ec733-5da5-43e7-a6ea-c9c4b2e83365,1cc30bb331ba23cc99317b500d3b4485,8909065355911,CT5510,"711101 (Howrah, West Bengal)",2025-05-25T17:56:46,whatsapp,red,{nsq_status_fail}
b4312f6c-c0d1-49e5-85c7-6e17a5826245,d7a1f286e11a7242658fc968b44e0112,8909065355911,CT5510,"560066 (Bengaluru Urban, Karnataka)",2025-08-27T20:47:14,web,red,{nsq_status_fail}
d155f123-6112-4b61-883d-64f0fc1f2533,a0108eab64244b532708d9992cc9a9bf,8909065355911,CT5510,"682001 (Ernakulam, Kerala)",2026-06-21T13:02:10,whatsapp,red,{nsq_status_fail}
a672e304-fd3e-421d-84e5-a08f847d322f,d803420f98d7d830809f8d3019f53ed7,8909065355911,CT5510,"141001 (Ludhiana, Punjab)",2026-09-11T09:44:56,web,red,{nsq_status_fail}
b13ccb5f-2015-4a47-9e67-ece3c68e427f,9f9371240d061d37fd88e5753a848191,8909065355911,CT5510,"625001 (Madurai, Tamil Nadu)",2025-04-27T20:31:06,web,red,{nsq_status_fail}
de2116da-6884-4683-8b21-a79b5d3adcfc,c0df86f3cd1fb72bb8b99f472952544c,8909065355911,CT5510,"122001 (Gurugram, Haryana)",2026-02-09T07:20:09,web,red,{nsq_status_fail}
11a6c002-9bd8-44bf-bf79-5baeaedc2c37,94823157e92426966c0d819222e681ae,8909065355911,CT5510,"400601 (Thane, Maharashtra)",2026-08-31T15:08:09,whatsapp,red,{nsq_status_fail}
794f7408-ecc2-45a6-9cdd-6cf2938a0ace,15ca1cf1795a1c1ac110efd880bcffad,8909065355911,CT5510,"400072 (Mumbai Suburban, Maharashtra)",2026-02-09T12:38:11,whatsapp,red,{nsq_status_fail}
f423c9f1-10d8-414a-9638-27512151de12,32e20f180090a02f72827a1d766f431e,8909065355911,CT5510,"400072 (Mumbai Suburban, Maharashtra)",2025-06-19T17:30:57,web,red,{nsq_status_fail}
569f63bc-346d-4869-afb8-7e664d7af0af,7100bbeb6c39909f8cf057327d2da960,8909065355911,CT5510,"500001 (Hyderabad, Telangana)",2026-07-14T11:48:20,whatsapp,red,{nsq_status_fail}
5f855c86-128e-4398-9f58-b238e97e32af,cb2803ec0f56e026090995ff3518d9e5,8909065355911,CT5510,"570001 (Mysuru, Karnataka)",2026-04-23T19:13:02,web,red,{nsq_status_fail}
67c7a7e8-bed5-4271-963a-9e10ebab67b1,c1c95b296d88a63f0cd54bc9ffc1a53a,8909065355911,CT5510,"570001 (Mysuru, Karnataka)",2026-02-11T15:19:29,whatsapp,red,{nsq_status_fail}
fea0f185-05b6-4a5e-8592-49ccef4f2cb7,5eef3261380b8d1679c5e7eb0964d9a2,8909065355911,CT5510,"110001 (New Delhi, Delhi)",2026-02-16T09:07:30,whatsapp,red,{nsq_status_fail}
741f4a8a-d2b8-49a5-95f5-12d018a9b355,10182492bced03940229519bf90cd57d,8909065355911,CT5510,"620001 (Tiruchirappalli, Tamil Nadu)",2025-04-04T13:56:08,whatsapp,red,{nsq_status_fail}
83360dae-70e7-4d5c-9c37-b36cae620886,0c43a2e4fa7f5f18647c0f7d47fa545b,8909065355911,CT5510,"400001 (Mumbai City, Maharashtra)",2025-07-10T13:31:41,whatsapp,red,{nsq_status_fail}
1c613a2c-234e-4172-920a-81818f49950e,9932e12d8932f2f705fdb7fc8b8c041e,8909065355911,CT5510,"302001 (Jaipur, Rajasthan)",2025-07-20T12:08:52,web,red,{nsq_status_fail}
078c99de-f53e-419c-a271-bde97e1c893a,206e516553861da344c98e2262646179,8909065355911,CT5510,"580001 (Dharwad, Karnataka)",2025-04-25T10:16:03,web,red,{nsq_status_fail}
78e92f69-b356-44cf-88fa-eb1e0da10ddd,27eb62072748577c139da88bf4dd3e8a,8909065355911,CT5510,"452001 (Indore, Madhya Pradesh)",2026-04-02T11:42:15,whatsapp,red,{nsq_status_fail}
93dd39ef-17e3-4845-80af-894f4efb26e7,996b8f4ee4dd669391703c1595862513,8909065355911,CT5510,"411001 (Pune, Maharashtra)",2026-07-26T11:52:29,whatsapp,red,{nsq_status_fail}
0c80e1e9-569a-49a3-ab4a-2c1c3083f51c,8bbec2451cf9b51f5c80b9b486358a8a,8909065355911,CT5510,"560066 (Bengaluru Urban, Karnataka)",2025-11-13T09:11:43,whatsapp,red,{nsq_status_fail}
20e22abf-61a7-456e-ac9b-802b3815cfcc,aad7b11abed49c98080953c5e07ebab9,8909065355911,CT5510,"711101 (Howrah, West Bengal)",2026-06-11T11:14:49,whatsapp,red,{nsq_status_fail}
32ddeb57-1b85-46c9-8e08-0f02dede888c,8a5401b1f493cbc0a785ed46813b721b,8909065355911,CT5510,"208001 (Kanpur Nagar, Uttar Pradesh)",2026-05-29T17:46:08,web,red,{nsq_status_fail}
bd051fb9-f812-464e-af1b-9c3c70af71f6,248c2c1c9574f83ceefcc14ec59991cd,8909065355911,CT5510,"560001 (Bengaluru Urban, Karnataka)",2025-09-24T14:47:56,web,red,{nsq_status_fail}
5a5d9782-5ceb-4c18-aca4-356a7cad4db5,09287d50a7e9d5acf8a2e7adbf0e1eb6,8906631628447,DR8820,"590001 (Belagavi, Karnataka)",2025-06-14T22:26:09,web,red,{nsq_status_fail}
8ae2dd5b-f5c8-4aa8-9339-ae98fa27703b,1aacca299db40556476084138a7355e0,8906631628447,DR8820,"411045 (Pune, Maharashtra)",2025-12-07T12:34:16,web,red,{nsq_status_fail}
d7a1d19e-1193-4e53-a2a4-4df6721f65a3,5313e409b5fc37e40cb6821d346c5527,8906631628447,DR8820,"400072 (Mumbai Suburban, Maharashtra)",2025-12-28T15:18:07,whatsapp,red,{nsq_status_fail}
ba9f8624-4008-4fe3-8572-e10dd0f895b8,9d53905573987c97a28f8aec261c1c80,8906631628447,DR8820,"682001 (Ernakulam, Kerala)",2025-11-14T11:54:05,web,red,{nsq_status_fail}
c7ed55c3-b787-4f51-8480-d4b499aa74a5,d272adac9c875beaf2b6c4ea42593055,8906631628447,DR8820,"440001 (Nagpur, Maharashtra)",2025-04-13T13:52:33,whatsapp,red,{nsq_status_fail}
2cbfa717-d936-4762-a5f7-6442b68aae75,f666d4bc1d038c20ce96ecbce0b481a4,8906631628447,DR8820,"625001 (Madurai, Tamil Nadu)",2026-06-06T17:40:42,whatsapp,red,{nsq_status_fail}
2fd54fc0-1edf-4068-8cf1-9aea1696418c,8882d81f6035615f2fa718234c5345bf,8906631628447,DR8820,"560034 (Bengaluru Urban, Karnataka)",2025-09-19T09:22:24,whatsapp,red,{nsq_status_fail}
0e9d68df-9e00-46ad-8058-0c8028089c30,3caaaaf6455d4c9812aa3c9603cf00a7,8906631628447,DR8820,"110001 (New Delhi, Delhi)",2026-04-22T03:11:14,web,red,{nsq_status_fail}
59c576c5-373c-4c04-9016-0de833a80748,54bd6670ae7821942d7a8214ca54826e,8906631628447,DR8820,"560034 (Bengaluru Urban, Karnataka)",2026-08-11T11:03:58,web,red,{nsq_status_fail}
7f9364f8-0f8f-40fa-b9cd-34cd7b00790a,f58c5b10773c4464ee31332b83809b21,8906631628447,DR8820,"400072 (Mumbai Suburban, Maharashtra)",2026-07-30T10:39:29,web,red,{nsq_status_fail}
b9c6799a-e832-4af6-bcca-75c0375fe0e1,7610431650b594ff4b4a21a8bfe07b45,8906631628447,DR8820,"440001 (Nagpur, Maharashtra)",2025-05-16T18:49:17,whatsapp,red,{nsq_status_fail}
a5f4d78d-dde6-4e39-ac07-5cf148feb78a,2164447ecf27b7ad1b0738af77ca73ab,8906631628447,DR8820,"400072 (Mumbai Suburban, Maharashtra)",2026-03-27T20:26:13,whatsapp,red,{nsq_status_fail}
424bd9bc-e8a8-437e-aa1f-5d5d56df0415,94b573d2ecb0eebf693386ec74145487,8906631628447,DR8820,"530001 (Visakhapatnam, Andhra Pradesh)",2025-08-26T10:02:09,whatsapp,red,{nsq_status_fail}
b7a9952f-a242-4bb9-9f1f-3db10a74b16a,84e586aad490934b1d0e46d3771da2ed,8906631628447,DR8820,"400601 (Thane, Maharashtra)",2026-06-20T16:29:32,web,red,{nsq_status_fail}
9a31e929-91f8-4251-93dd-adcff81d9704,bc05ad321e7989c765e2460034159fc0,8906631628447,DR8820,"226001 (Lucknow, Uttar Pradesh)",2026-03-04T14:14:21,whatsapp,red,{nsq_status_fail}
6582ac1b-db1e-4e4b-9285-f464dfa23fdb,6bc15075dc57a456ad72d13da66dd499,8906631628447,DR8820,"411045 (Pune, Maharashtra)",2025-07-28T18:06:09,whatsapp,red,{nsq_status_fail}
455ea07e-9c10-4241-bc34-8675d9586a20,3d47d5f79fc9028ae3e6b49d5d655569,8906631628447,DR8820,"625001 (Madurai, Tamil Nadu)",2025-11-27T08:47:00,whatsapp,red,{nsq_status_fail}
72577e96-f320-4bfb-9edb-dcbc58a408e0,c4bb1f2c4c5eeaa3af315012060ce3af,8906631628447,DR8820,"625001 (Madurai, Tamil Nadu)",2025-08-03T16:53:41,whatsapp,red,{nsq_status_fail}
724567c0-3f09-4fd9-aa2f-95bffbb6b8b4,0b4595a0209445c116250b205087cdf0,8906631628447,DR8820,"400072 (Mumbai Suburban, Maharashtra)",2025-11-12T02:31:54,web,red,{nsq_status_fail}
d2ae315e-067b-4d32-a811-990e073815e3,c7fcc5edf877fa2b3fd13a5a2b6a24be,8906631628447,DR8820,"110001 (New Delhi, Delhi)",2025-10-12T16:57:26,whatsapp,red,{nsq_status_fail}
d2e6ab40-1d3b-473b-9661-4c2ec823d6d9,9ef24e290c4be30a0b013f0e08965fb2,8906631628447,DR8820,"360001 (Rajkot, Gujarat)",2026-04-16T07:40:54,whatsapp,red,{nsq_status_fail}
32c856a8-36b6-4ee3-a6bb-64f4c038aa49,046194e48a5e4c739f929399ef8f38d5,8906631628447,DR8820,"800001 (Patna, Bihar)",2026-02-13T09:37:19,web,red,{nsq_status_fail}
c9ccf71e-3bd5-42d9-817d-1e2b7cd6265f,3b3ca69701c9c951f1f2855a0fb3909d,8906631628447,DR8820,"500001 (Hyderabad, Telangana)",2026-03-01T22:48:53,web,red,{nsq_status_fail}
e6c7d86d-954d-4c32-a775-6c684e94ea85,8692f6bf6a5ac5d72b1bed45d48e2ba9,8906631628447,DR8820,"695001 (Thiruvananthapuram, Kerala)",2026-09-17T11:40:51,whatsapp,red,{nsq_status_fail}
d44c0635-08a5-4f2b-9af1-627d445f55b8,36da52e1d53432edd489fa8090fdd4a7,8906631628447,DR8820,"395001 (Surat, Gujarat)",2026-01-17T10:26:55,web,red,{nsq_status_fail}
e34b3f13-3200-485a-914f-12d911768e94,98116e94793be19b6f032be36db02d20,8906631628447,DR8820,"580001 (Dharwad, Karnataka)",2025-09-05T05:24:45,whatsapp,red,{nsq_status_fail}
2a9a2673-38a5-44b1-9a58-eed682282200,6b8035349783eda6e54c8f825325573d,8906631628447,DR8820,"800001 (Patna, Bihar)",2026-03-11T09:21:09,whatsapp,red,{nsq_status_fail}
24ecab53-1c02-4ac9-a754-7cc656be41f5,96bdab7c7492b6c7a4a9283b4de7a642,8906631628447,DR8820,"143001 (Amritsar, Punjab)",2025-12-29T11:56:17,web,red,{nsq_status_fail}
796fe169-c886-4a55-aaea-7be9a8faa40d,bea709b693b05feefba45bf4934973c9,8906631628447,DR8820,"620001 (Tiruchirappalli, Tamil Nadu)",2025-09-27T10:11:25,whatsapp,red,{nsq_status_fail}
f60ba71a-7d27-4e33-9038-18041ca14c83,69652344e180836df568432ef0e17ac8,8906631628447,DR8820,"711101 (Howrah, West Bengal)",2026-02-14T10:12:21,web,red,{nsq_status_fail}
0a4290ef-3e42-4c22-89b3-b073dda9883d,42cf724356ff0b1288f4ccdb45af3bf3,8906631628447,DR8820,"700001 (Kolkata, West Bengal)",2026-05-16T14:34:43,whatsapp,red,{nsq_status_fail}
7105678d-09e5-438d-b448-5dde6a2aa5cc,8660c06272faee1b244675c6a1058955,8906631628447,DR8820,"590001 (Belagavi, Karnataka)",2025-11-16T05:40:47,whatsapp,red,{nsq_status_fail}
ee219c7f-eaa0-42b9-93f6-47d252e44f5a,ca664cc2c6f94ad277700d9e0057b8b1,8906631628447,DR8820,"682001 (Ernakulam, Kerala)",2026-05-21T10:02:19,whatsapp,red,{nsq_status_fail}
4a5a9d64-d0ca-42ff-9359-44803f2684fb,9c1cc56cdc9f50ae8e5fa894c35e2948,8906631628447,DR8820,"500001 (Hyderabad, Telangana)",2026-04-17T18:07:41,web,red,{nsq_status_fail}
1cede43b-e46f-4384-9532-fc25ab199224,2a7cadec73cfdca56dae6a91d524f19b,8906631628447,DR8820,"141001 (Ludhiana, Punjab)",2025-05-24T09:48:07,web,red,{nsq_status_fail}
bf569f88-fbe3-487e-8786-08c064cb0c9c,7d6d12e736fd42fd65e201148cca6c39,8906631628447,DR8820,"110019 (North West Delhi, Delhi)",2025-11-30T14:05:13,web,red,{nsq_status_fail}
09313833-8043-4c80-b993-989f0e3b47c8,6de6f2a17bf975d159fccad530d19dd5,8906631628447,DR8820,"422001 (Nashik, Maharashtra)",2025-08-22T08:18:31,web,red,{nsq_status_fail}
9e8f69af-aa77-40d2-8a7a-6c8081d7095d,26b23e735b981ccc2f00db03eacfb880,8906631628447,DR8820,"560001 (Bengaluru Urban, Karnataka)",2026-08-05T16:22:23,web,red,{nsq_status_fail}
931fc429-4173-4dbb-968c-473f80944a26,c5320de2bfea21fb8abf6e886789eff1,8906631628447,DR8820,"143001 (Amritsar, Punjab)",2025-04-11T14:56:23,whatsapp,red,{nsq_status_fail}
299b1198-dbf5-42ae-a170-8ab71afaf528,a0752acbb42e2ae62cd37a54e28e56bc,8906631628447,DR8820,"462001 (Bhopal, Madhya Pradesh)",2025-04-27T17:44:50,whatsapp,red,{nsq_status_fail}
ad7ac2ba-73f3-4e69-b629-e1cbaa9f7f57,1d2af0314dce874e707ad556a779dd32,8906631628447,DR8820,"452001 (Indore, Madhya Pradesh)",2026-05-13T11:16:53,whatsapp,red,{nsq_status_fail}
ba44b0a1-05f4-43c3-9044-58671c672516,251f24c3b5074972d61f25428021ce92,8906631628447,DR8820,"570001 (Mysuru, Karnataka)",2026-07-18T09:33:37,whatsapp,red,{nsq_status_fail}
377be871-c6fc-40ce-995d-07626779d609,93a5cf85f0995267192ae208b44a8d8e,8906631628447,DR8820,"226001 (Lucknow, Uttar Pradesh)",2025-10-02T18:07:38,whatsapp,red,{nsq_status_fail}
aa9e3059-415d-4a04-8523-7bd28e79eb9a,11b04abbfbcfd96de500dd927c029c7c,8906631628447,DR8820,"226001 (Lucknow, Uttar Pradesh)",2025-07-04T14:42:01,whatsapp,red,{nsq_status_fail}
462ace00-f356-432e-aab4-7687d4021805,6e2bf828eefcc009720c59ece0b50e8f,8906631628447,DR8820,"560066 (Bengaluru Urban, Karnataka)",2025-07-04T13:48:38,web,red,{nsq_status_fail}
d264ac27-ca9a-4812-bb3e-3afdefbe4ec6,7a3eba73ce95ff863196d92b1c46dada,8906631628447,DR8820,"682001 (Ernakulam, Kerala)",2026-03-20T09:17:46,web,red,{nsq_status_fail}
d9916c7e-894c-422e-8a41-6ed68c950161,449a23501604a902e85ba64b597cc06a,8906631628447,DR8820,"620001 (Tiruchirappalli, Tamil Nadu)",2025-12-24T20:17:37,web,red,{nsq_status_fail}
11304201-994c-40ca-8ec8-28bbe9b97a04,14de45769f7956c9c8fda6b72291e89b,8906631628447,DR8820,"360001 (Rajkot, Gujarat)",2026-02-11T17:45:31,whatsapp,red,{nsq_status_fail}
df00da12-4ae5-4968-bb22-00ed33c97e70,2b6007bdabb113ea6e3325851a650498,8906631628447,DR8820,"560001 (Bengaluru Urban, Karnataka)",2026-01-02T17:59:15,web,red,{nsq_status_fail}
3aa57ead-9de5-4c1c-b85f-02f4668fbb28,2a8dea23f9fb77697c43026f3e1779a0,8906631628447,DR8820,"580001 (Dharwad, Karnataka)",2026-03-30T09:18:51,web,red,{nsq_status_fail}
fd95adb8-1cba-40f9-9aeb-fbe68f2e75c1,d4cd55ee346ca016294edd3dbffb5030,8906631628447,DR8820,"400072 (Mumbai Suburban, Maharashtra)",2026-08-08T21:58:49,whatsapp,red,{nsq_status_fail}
808fd612-3af4-4192-99df-c886ade7b58e,f4ee62106340c0ea5cc5223e819819a1,8906631628447,DR8820,"560034 (Bengaluru Urban, Karnataka)",2025-03-27T16:06:33,whatsapp,red,{nsq_status_fail}
efa10d5d-0ccc-4419-98a4-12f450c8bd71,0d4b5c89899c65f57f0073c1894994ea,8906631628447,DR8820,"570001 (Mysuru, Karnataka)",2025-11-25T14:34:25,whatsapp,red,{nsq_status_fail}
5e9b7152-11fd-4232-958c-17e8cd452c2f,34c03ae837b67e06a59d734dd5007264,8906631628447,DR8820,"800001 (Patna, Bihar)",2026-02-06T13:40:06,whatsapp,red,{nsq_status_fail}
53ddce59-263b-4e67-893d-d241f1858ee8,8d6c3994dd0e449cf73bc4f8df3c06ce,8906631628447,DR8820,"380001 (Ahmedabad, Gujarat)",2026-07-31T11:29:15,web,red,{nsq_status_fail}
2dfb3548-f241-485c-8eb5-ed18f866ab1b,7b544cd4aa3202a4b6075c7dcd3e2f0d,8906631628447,DR8820,"700001 (Kolkata, West Bengal)",2025-05-18T10:19:03,web,red,{nsq_status_fail}
db534cea-15f9-42fd-aa06-62056a37db55,02dac4f5f2729e6a40b5176babe7eef4,8906631628447,DR8820,"400601 (Thane, Maharashtra)",2025-04-18T14:04:12,whatsapp,red,{nsq_status_fail}
aa04b607-f8d2-4f00-bf83-9713e389a6ba,14335b473d676227c8f60238b55d5e9c,8906631628447,DR8820,"360001 (Rajkot, Gujarat)",2026-06-30T14:02:19,whatsapp,red,{nsq_status_fail}
e3f56d50-9cfb-45c1-9616-e90e9ccd74f0,dec03c9ff032691c8394cd71a1d19d58,8906631628447,DR8820,"600028 (Chennai, Tamil Nadu)",2025-04-14T15:37:34,whatsapp,red,{nsq_status_fail}
8d34c33c-26ac-431f-ac6a-c61eed0061f0,132a24d394be71ce5fec03ec352eb379,8906631628447,DR8820,"400072 (Mumbai Suburban, Maharashtra)",2026-01-06T12:57:26,web,red,{nsq_status_fail}
e6b1f329-2f48-460d-b28e-bdaa13741f1a,4aebb7e1338bfb4436d1474482d197df,8906631628447,DR8820,"570001 (Mysuru, Karnataka)",2026-08-10T06:01:03,whatsapp,red,{nsq_status_fail}
241c725c-6fbc-4737-bb30-7d2ca38c6172,a3dd66cfd50dc05f8b4bb9f147cf8a89,8906631628447,DR8820,"570001 (Mysuru, Karnataka)",2025-07-26T12:46:21,web,red,{nsq_status_fail}
4b45c788-4e83-4b18-8d8a-352bab6061b9,fd4a1b3c7834b9b856cad395039ab052,8906631628447,DR8820,"226001 (Lucknow, Uttar Pradesh)",2026-03-20T03:57:23,whatsapp,red,{nsq_status_fail}
44312876-2df2-4453-930a-86ca5f9ab795,b59c5d1204aed09c8d2ed8bcdb103595,8906631628447,DR8820,"500001 (Hyderabad, Telangana)",2025-11-04T12:28:42,whatsapp,red,{nsq_status_fail}
919d25ed-426d-44af-b4f4-1a848cdd436d,5db1a23f3a081e7ace241ae68fd0cf2e,8909430944205,EN3302,"400072 (Mumbai Suburban, Maharashtra)",2026-04-09T17:02:38,web,expired,{expiry_status_fail}
d17f94ce-59bd-4986-b878-a94a8cfcf089,747a59ee8476b8f2724d64aa688e2115,8909430944205,EN3302,"560066 (Bengaluru Urban, Karnataka)",2025-10-26T16:59:44,whatsapp,expired,{expiry_status_fail}
8e41e71f-6ca8-416f-be07-3bf3e633d573,5eb30675b191f2a6c896a91bbcd7d126,8909430944205,EN3302,"625001 (Madurai, Tamil Nadu)",2025-09-09T14:41:32,web,expired,{expiry_status_fail}
639b3d5c-9b01-4b83-aa87-8e9dfe4a64f4,0df357dbd2e24ae8ee553e7634fdf075,8909430944205,EN3302,"700001 (Kolkata, West Bengal)",2026-01-27T17:26:00,whatsapp,expired,{expiry_status_fail}
56389330-f290-4037-b3a0-c02a077e4b93,ce198c0cf1420732f5f19a7f360ae7e8,8909430944205,EN3302,"400072 (Mumbai Suburban, Maharashtra)",2025-04-15T10:25:30,web,expired,{expiry_status_fail}
143fdda3-ab5c-49bd-95ce-e06418b77c51,3b1a867e640f3f28529fdd47c245446e,8909430944205,EN3302,"141001 (Ludhiana, Punjab)",2025-05-26T04:47:04,whatsapp,expired,{expiry_status_fail}
1f3275de-bec9-4cdb-ac61-cf5db15b13a3,36346a2259ab34ab0c85c108591d0571,8909430944205,EN3302,"462001 (Bhopal, Madhya Pradesh)",2025-06-28T15:11:46,web,expired,{expiry_status_fail}
72d7d345-463b-4ca4-956a-2d1c57ad7a63,be6fe24ec157a13e98aad919e3d0f44d,8909430944205,EN3302,"411045 (Pune, Maharashtra)",2025-05-10T18:00:18,web,expired,{expiry_status_fail}
2abab031-1dd5-448e-a523-ce5ae8d5b543,6b367f93792f456dad3db04a64f9b683,8909430944205,EN3302,"411045 (Pune, Maharashtra)",2026-05-24T07:51:12,whatsapp,expired,{expiry_status_fail}
c5e16de0-5d80-4daf-8f11-b9dc6fec4e31,87e024fe0f235068ae1764b111540a15,8909430944205,EN3302,"141001 (Ludhiana, Punjab)",2026-01-16T17:30:56,whatsapp,expired,{expiry_status_fail}
9fbff662-3c8a-4e10-9885-ac0191dfa136,3e6de918e8da83b55842880d97d5efa3,8909430944205,EN3302,"625001 (Madurai, Tamil Nadu)",2026-08-13T11:40:38,whatsapp,expired,{expiry_status_fail}
26031ea4-4aa2-4044-9d89-da7be349297d,833aeecad65a993b50df0b77cc7fa770,8909430944205,EN3302,"695001 (Thiruvananthapuram, Kerala)",2026-04-15T15:54:31,web,expired,{expiry_status_fail}
ec32f505-910a-4734-9c9b-29341584ac6c,8ec05e36329b15bfedeaee65be989784,8909430944205,EN3302,"221001 (Varanasi, Uttar Pradesh)",2025-08-07T10:11:12,whatsapp,expired,{expiry_status_fail}
13d4222c-c4b5-4a0c-9f7b-37b72f457b5f,c50dd41dd63a3f6cba7a94636e7f9c6e,8909430944205,EN3302,"620001 (Tiruchirappalli, Tamil Nadu)",2025-10-31T07:41:24,whatsapp,expired,{expiry_status_fail}
37ac020e-2de5-4dfd-b614-5bbcf59f4137,5a2369b12b5fbe4b10ebb34db8893228,8909430944205,EN3302,"440001 (Nagpur, Maharashtra)",2025-06-06T11:48:12,web,expired,{expiry_status_fail}
c95d76cd-68b0-4a8d-b9d1-89b347ea2925,80e17cc638376f5c4d0438fb8f936698,8909430944205,EN3302,"641001 (Coimbatore, Tamil Nadu)",2025-06-06T14:11:58,whatsapp,expired,{expiry_status_fail}
2459f792-39ed-4aeb-8b66-bab48a743869,69b5754c79a54ce8c9c58579236367f9,8909430944205,EN3302,"440001 (Nagpur, Maharashtra)",2025-03-29T12:48:03,web,expired,{expiry_status_fail}
46c6773d-1562-4657-8f70-cc70fe1ea825,bd77462fb553afca9933a479426f2146,8909430944205,EN3302,"711101 (Howrah, West Bengal)",2025-09-30T18:33:18,web,expired,{expiry_status_fail}
218c8309-dfd2-4e0e-ac3c-dfdd41ae6531,620e9164cbf8b1d3fb8dbcc5fa1224d4,8909430944205,EN3302,"122001 (Gurugram, Haryana)",2026-04-20T08:29:29,whatsapp,expired,{expiry_status_fail}
ec0d58cc-c906-4c00-818b-09bbc60a32b3,68e9a9a6bbf07ec85f75a4f9999edca9,8909430944205,EN3302,"580001 (Dharwad, Karnataka)",2025-10-31T17:48:23,web,expired,{expiry_status_fail}
94769d13-8492-4b84-9007-ac0d83756f39,8ff04f7a274c025835b21989b10eb0f0,8909430944205,EN3302,"400001 (Mumbai City, Maharashtra)",2026-08-10T08:47:27,web,expired,{expiry_status_fail}
4e69ce2c-bd32-481e-84e8-25412f42d47a,b22180c2983eb1104f6c29301cb46cb9,8909430944205,EN3302,"620001 (Tiruchirappalli, Tamil Nadu)",2025-08-24T18:28:58,whatsapp,expired,{expiry_status_fail}
2d44a9e6-f9e4-407e-8006-9c25665d5eb5,6abc00587db3bc394d8eab8a1a912a1f,8909430944205,EN3302,"620001 (Tiruchirappalli, Tamil Nadu)",2025-04-11T15:52:18,whatsapp,expired,{expiry_status_fail}
9b10bb15-c631-41dd-ba53-c62e09f53395,355d5fdfc089b069f5f32e05789f42ee,8909430944205,EN3302,"580001 (Dharwad, Karnataka)",2025-12-22T13:54:38,whatsapp,expired,{expiry_status_fail}
08de39d7-a7c9-4aa6-a6ba-5d3cfb8dc118,7b8ee325e1d4a17bd478845c8d442b0e,8909430944205,EN3302,"700001 (Kolkata, West Bengal)",2026-02-01T08:32:33,web,expired,{expiry_status_fail}
02d9314d-8dc5-4cf2-bdfd-ee174893b12b,a943b65bae697ae77b440f547c93e98d,8909430944205,EN3302,"226001 (Lucknow, Uttar Pradesh)",2025-08-15T13:14:43,web,expired,{expiry_status_fail}
49249cd6-dfbf-4ff0-840d-dfad2d498a20,c787bba6fefc3a350efde8696b49a1ac,8909430944205,EN3302,"422001 (Nashik, Maharashtra)",2025-12-12T17:18:50,web,expired,{expiry_status_fail}
b32ca259-c08b-4b86-bb63-f4ac3dd2f13e,906ae99ae147228fe60eef6455a74eb9,8909430944205,EN3302,"400601 (Thane, Maharashtra)",2026-02-27T16:35:09,whatsapp,expired,{expiry_status_fail}
509c5a03-d882-4585-9932-5e5a1e2e0a96,93cf09026aed28056b339b3252dad80b,8909430944205,EN3302,"360001 (Rajkot, Gujarat)",2026-05-31T17:55:02,whatsapp,expired,{expiry_status_fail}
7306e28c-51e7-4118-8065-59ade465c4c5,745c9c039e9052badc80424824aae29c,8909430944205,EN3302,"226001 (Lucknow, Uttar Pradesh)",2026-06-19T12:48:34,whatsapp,expired,{expiry_status_fail}
fbf18111-e96e-4fdb-9393-825a27a1d25e,08507b3cfd934745a83ff440d324cd57,8909430944205,EN3302,"560001 (Bengaluru Urban, Karnataka)",2026-08-31T19:23:19,whatsapp,expired,{expiry_status_fail}
0ab72a82-717b-4922-a4f9-8420acad26ac,e6cd16d8adf1b3eb7050221e317a9552,8909430944205,EN3302,"452001 (Indore, Madhya Pradesh)",2025-07-04T17:56:39,whatsapp,expired,{expiry_status_fail}
0403af5b-718e-46ed-ae52-a2c39b4bf666,65be6b2d509785d92d3852766aad32d8,8909430944205,EN3302,"110001 (New Delhi, Delhi)",2025-06-10T11:47:07,whatsapp,expired,{expiry_status_fail}
18596555-9b5e-4d73-bea4-6238c408c1ec,da0c3522389a1ac02080959c04174c2b,8909430944205,EN3302,"711101 (Howrah, West Bengal)",2026-07-19T15:37:56,web,expired,{expiry_status_fail}
b8221592-3efb-487d-ae62-62255bc0fad0,304a8f5f4b50071e17f9b16ecb3706fa,8909430944205,EN3302,"600028 (Chennai, Tamil Nadu)",2026-04-06T18:57:26,web,expired,{expiry_status_fail}
53bbd2ae-ab47-4d85-8e11-7d7223afd21e,2c12ae01e2bd2598287a6ae3f61d1757,8909430944205,EN3302,"580001 (Dharwad, Karnataka)",2026-08-11T04:10:26,web,expired,{expiry_status_fail}
739cbe08-0347-4938-a362-c1993a705262,3fb568478d3b3ea90bb945a7b5a68a38,8909430944205,EN3302,"575001 (Mangaluru (Dakshina Kannada), Karnataka)",2025-07-23T13:54:44,web,expired,{expiry_status_fail}
a17d24b3-07fe-4412-a3d8-3cf0650f5dd1,12c07675ef8b6b3c193b648bc5d8c115,8909430944205,EN3302,"226001 (Lucknow, Uttar Pradesh)",2026-05-28T15:55:04,web,expired,{expiry_status_fail}
951bea03-f506-4d5e-b205-55115e934855,1b9eb396808ddec40d853b688b391eb2,8909430944205,EN3302,"560034 (Bengaluru Urban, Karnataka)",2025-08-20T19:45:10,whatsapp,expired,{expiry_status_fail}
90205c54-342c-435e-8e9f-e6003d87a6d0,3592941fcbf14633c9fda036715303a4,8909430944205,EN3302,"695001 (Thiruvananthapuram, Kerala)",2026-09-13T21:38:40,whatsapp,expired,{expiry_status_fail}
c4950312-5661-4f8a-a040-5f071403847f,6c7374ccd1442ae017295d1935caacc5,8909430944205,EN3302,"400001 (Mumbai City, Maharashtra)",2026-08-17T14:58:10,whatsapp,expired,{expiry_status_fail}
9e4f2a17-6e31-45da-a8b5-d1f40178de38,cd84c9e3438af1b1a699d275ed4d6a55,8909430944205,EN3302,"395001 (Surat, Gujarat)",2025-07-15T17:07:31,web,expired,{expiry_status_fail}
f457c2a9-8530-4ffd-9877-8d2bca2ad655,7673c15cef65dbf2bee855c3e3f1e484,8909430944205,EN3302,"141001 (Ludhiana, Punjab)",2025-10-12T07:12:58,whatsapp,expired,{expiry_status_fail}
c5b5cb4a-62b2-433b-868f-f90ddb59c533,371426b6c78d4adc9961b8346fdcdf8b,8909430944205,EN3302,"400072 (Mumbai Suburban, Maharashtra)",2026-06-29T09:39:48,whatsapp,expired,{expiry_status_fail}
07713c42-7ec1-41b4-af57-16daeae62729,a90cef5036392d95e8d325bd24e887e1,8909430944205,EN3302,"221001 (Varanasi, Uttar Pradesh)",2026-02-05T12:05:23,whatsapp,expired,{expiry_status_fail}
bac37496-469b-4308-ba46-d45e2a44f86f,16205a3dd469aaae7472b856f9b7b21a,8909430944205,EN3302,"600001 (Chennai, Tamil Nadu)",2025-08-12T18:44:45,whatsapp,expired,{expiry_status_fail}
c29f0cde-cef1-40c9-b20b-f9cfe0413ea8,d8803b0ebd483e8252e8f42b436eeef2,8909430944205,EN3302,"600028 (Chennai, Tamil Nadu)",2026-07-11T16:43:57,web,expired,{expiry_status_fail}
029e43d9-0f79-43e9-85f4-641e70922e97,b6ad3f89f722dd2227c05f88c2f6a60f,8909430944205,EN3302,"390001 (Vadodara, Gujarat)",2026-03-19T09:34:34,web,expired,{expiry_status_fail}
87652434-65ff-4842-afa7-b59cec33d8c3,b8cdcb9dc1b9c305eb38097e957ec82f,8909430944205,EN3302,"580001 (Dharwad, Karnataka)",2025-08-02T10:15:19,whatsapp,expired,{expiry_status_fail}
53112160-bb3d-4a28-94a6-f3b954f4d9f9,e3a8b6b146e73cfa069d93c6da07f544,8909430944205,EN3302,"800001 (Patna, Bihar)",2026-02-10T08:20:29,web,expired,{expiry_status_fail}
af53cdaf-1054-49e9-bc32-6f807f80a544,e490e7735222ac352d2ef11a7c286834,8909430944205,EN3302,"226001 (Lucknow, Uttar Pradesh)",2025-03-30T05:47:31,web,expired,{expiry_status_fail}
0689aa10-171c-47ac-9d6e-04372c109179,b968efdfbaf90483a9573e789bafe08f,8909430944205,EN3302,"440001 (Nagpur, Maharashtra)",2025-10-08T12:43:08,whatsapp,expired,{expiry_status_fail}
ae568112-a0aa-46b1-9dec-44286068c75f,bea6670e925649902e868108acbdf7e6,8909430944205,EN3302,"411045 (Pune, Maharashtra)",2026-04-24T16:17:11,whatsapp,expired,{expiry_status_fail}
fb7e6af4-bc1b-4d1c-bc78-00d6cbfb8e7a,1f0e083950497cbc9f8f500290ef0f14,8909430944205,EN3302,"110001 (New Delhi, Delhi)",2026-05-20T09:58:02,whatsapp,expired,{expiry_status_fail}
d0659200-8978-409a-accf-bdeb34bd1b9c,413a9fa91c89d684a632eab370ec8624,8909430944205,EN3302,"141001 (Ludhiana, Punjab)",2025-12-16T12:47:29,whatsapp,expired,{expiry_status_fail}
39a57bc2-8e0c-43d7-ae6d-d7b63252a985,ddc01b5dbbbf2003e0bf1ea6092145db,8909430944205,EN3302,"452001 (Indore, Madhya Pradesh)",2025-09-06T07:38:57,web,expired,{expiry_status_fail}
3dc3cce7-20d8-4c91-8d09-33955d435d2e,fe806df37bb355e1dced62cd3e059539,8909430944205,EN3302,"302001 (Jaipur, Rajasthan)",2025-06-12T08:30:33,whatsapp,expired,{expiry_status_fail}
b854591b-155e-4612-b503-9c2d85c88768,0b4157c6d166d1e35720ef5a87759a42,8909430944205,EN3302,"462001 (Bhopal, Madhya Pradesh)",2025-10-19T21:48:23,whatsapp,expired,{expiry_status_fail}
ebefe28c-aea2-45c6-8a40-f80867f01c0d,58a87ace6460c4d49e8885b195b0ab0b,8909430944205,EN3302,"360001 (Rajkot, Gujarat)",2026-02-02T19:54:49,whatsapp,expired,{expiry_status_fail}
72765aee-a081-4aab-af94-604be3056d94,f44fdecb77207cda5b4370b2390048d6,8909430944205,EN3302,"221001 (Varanasi, Uttar Pradesh)",2025-10-29T10:06:45,web,expired,{expiry_status_fail}
fc86a824-23dc-4270-a3a3-3c2bfaafa1bb,49e5b4e02e379c557bf50411ebb00f70,8909430944205,EN3302,"390001 (Vadodara, Gujarat)",2026-04-01T15:08:58,whatsapp,expired,{expiry_status_fail}
b393a497-1e5f-49ce-9146-de27ef856565,685726024a4a34a840e59c7052fd62e6,8909430944205,EN3302,"452001 (Indore, Madhya Pradesh)",2026-04-12T11:47:14,web,expired,{expiry_status_fail}
04dc7f43-4d8c-4e07-b3fd-4ae182d27436,ce68d8673899e49a9bd054f65d9e4234,8909430944205,EN3302,"395001 (Surat, Gujarat)",2025-09-27T13:52:00,web,expired,{expiry_status_fail}
6f0be217-e942-4775-be89-66b0a2f99ffa,bc7931bef2578bd950d4b282d73ac3d7,8909430944205,EN3302,"400601 (Thane, Maharashtra)",2026-01-24T18:51:35,whatsapp,expired,{expiry_status_fail}
59938f01-63ac-494f-8943-184a5d0a2bb7,af94390d34d7347b5211e4b413779dd8,8909430944205,EN3302,"141001 (Ludhiana, Punjab)",2026-09-17T20:22:02,whatsapp,expired,{expiry_status_fail}
82469688-9fce-46bb-a4e0-143cde994bb0,21b3ddf4f633cb66d78b26bc600609fb,8909430944205,EN3302,"380001 (Ahmedabad, Gujarat)",2026-02-20T13:17:05,whatsapp,expired,{expiry_status_fail}
e6c44ae6-3b16-4b17-90c3-3d7c273dda52,2e090b73b838d459f9eea2abe4040e56,8909430944205,EN3302,"570001 (Mysuru, Karnataka)",2025-04-01T16:48:36,web,expired,{expiry_status_fail}
f8964b58-3346-4f4b-85d1-24a21cd9c5c1,8b9946ee26748c58102d6a1d4db901d9,8909430944205,EN3302,"302001 (Jaipur, Rajasthan)",2026-03-24T19:06:53,whatsapp,expired,{expiry_status_fail}
11118bc6-8128-4201-8953-7cb97b8d5623,bedfa1ae857c9ed9137334104bc4213e,8909430944205,EN3302,"590001 (Belagavi, Karnataka)",2025-12-07T12:15:06,web,expired,{expiry_status_fail}
96a2197d-352b-4984-a920-cf2e68891991,c934ce80810a8cc46318bb2bd3da0367,8909430944205,EN3302,"682001 (Ernakulam, Kerala)",2025-07-09T02:58:13,whatsapp,expired,{expiry_status_fail}
2ce4da70-cfcc-4c9b-aa98-c6391acb91b5,a9de20f902cc446f94df4e428011696e,8909430944205,EN3302,"600001 (Chennai, Tamil Nadu)",2026-09-07T12:13:00,whatsapp,expired,{expiry_status_fail}
7b77148a-0518-4fbc-9bde-ce1cf07f87ed,4054314ceefd0bc05adae35f9766821f,8909430944205,EN3302,"590001 (Belagavi, Karnataka)",2026-01-05T15:11:15,whatsapp,expired,{expiry_status_fail}
89e586a4-a197-4f03-8bc7-04654fe758e8,25777a5994bcf90e8690d7dc6c80c394,8909430944205,EN3302,"452001 (Indore, Madhya Pradesh)",2026-05-11T17:45:52,web,expired,{expiry_status_fail}
6c5405f1-4234-4fe8-9500-cc7b382f8dcf,1af2c614075528c4133ad996818e57e1,8909430944205,EN3302,"682001 (Ernakulam, Kerala)",2026-09-11T16:18:27,web,expired,{expiry_status_fail}
88353a38-ed12-449a-952b-25540d569324,098688f0915e054a6674058c7a8cea29,8909430944205,EN3302,"625001 (Madurai, Tamil Nadu)",2026-04-01T13:36:44,whatsapp,expired,{expiry_status_fail}
6c5ba41f-1680-4fcf-8140-68e7b41d9d30,2233de677524409219479cf926fa1e65,8909430944205,EN3302,"390001 (Vadodara, Gujarat)",2026-05-16T15:37:53,whatsapp,expired,{expiry_status_fail}
53072314-da47-442d-82ca-4e0ad81e7e92,f0ac7cb354789d9e2ea4096c9a428ae7,8909430944205,EN3302,"641001 (Coimbatore, Tamil Nadu)",2025-04-30T15:55:56,web,expired,{expiry_status_fail}
cddbbb2d-8556-45d3-b702-6da122aea5b0,3f4a1dcac9483ed651a520841ef0a20b,8909430944205,EN3302,"395001 (Surat, Gujarat)",2025-09-12T13:41:09,web,expired,{expiry_status_fail}
b5c666a9-7cee-4faf-a869-a3afbc4b1e7d,1923430a0dc7f03ad83ae7c84146a7de,8909430944205,EN3302,"122001 (Gurugram, Haryana)",2025-05-13T11:51:40,whatsapp,expired,{expiry_status_fail}
c2be1b24-3b8f-44b6-aa76-396d74fdb519,e04f2340f42ab10e2dff36534d5f6d4c,8909430944205,EN3302,"700001 (Kolkata, West Bengal)",2025-11-18T20:47:45,whatsapp,expired,{expiry_status_fail}
e68ce52e-727d-4826-912a-28406e78abb5,3af107644f4d3911a7f70c00b8e0f401,8909430944205,EN3302,"440001 (Nagpur, Maharashtra)",2026-09-12T10:20:28,web,expired,{expiry_status_fail}
e5822a54-2067-4537-b67e-ca6660905580,44147ce6bb2f4bd980458d5903891362,8909430944205,EN3302,"221001 (Varanasi, Uttar Pradesh)",2025-08-14T09:00:25,whatsapp,expired,{expiry_status_fail}
5831786f-81fb-4475-b43b-6845e7ad707b,1121118a1ef676f8211ce9cd1ecb2f53,8909430944205,EN3302,"390001 (Vadodara, Gujarat)",2026-07-23T12:00:49,whatsapp,expired,{expiry_status_fail}
e54529ea-c8bc-474d-bb01-21fb3bd55a5f,ba49e422269a60cd1b9f384ea1834f97,8909430944205,EN3302,"411045 (Pune, Maharashtra)",2026-06-20T06:57:29,whatsapp,expired,{expiry_status_fail}
856c0a7e-8b07-46e2-abf2-3078025cfc40,9f37c79b626b5e8265d27616d7cf2d76,8903443533184,FM9184,"380001 (Ahmedabad, Gujarat)",2025-09-16T05:56:03,whatsapp,red,{nsq_status_fail}
ba11f99c-5f6e-47a4-ba76-2795813af961,96fb3d3b052a8e498bc5a546b7bc0518,8903443533184,FM9184,"411001 (Pune, Maharashtra)",2025-08-23T14:12:44,web,red,{nsq_status_fail}
c64030dc-6786-4247-bd53-51d32d11971b,f5489e7c98a4c22ac8e62140241ccbb3,8903443533184,FM9184,"625001 (Madurai, Tamil Nadu)",2025-09-13T10:04:31,whatsapp,red,{nsq_status_fail}
31a8ebaf-eff6-4a94-89f6-41e3d813df67,dbf56db2745720ddfc05922c429718b7,8903443533184,FM9184,"411045 (Pune, Maharashtra)",2026-07-20T12:33:21,whatsapp,red,{nsq_status_fail}
e98b42ae-fedc-414e-bd3f-97932f7d18ca,aa2e1195f5fdda2303bba72cfbf3d126,8903443533184,FM9184,"682001 (Ernakulam, Kerala)",2025-09-15T10:59:57,whatsapp,red,{nsq_status_fail}
0c197920-d475-4c88-9b32-6c9fe77cd8bc,3dd717809bc8d3abff6231a5efd6aced,8903443533184,FM9184,"110019 (North West Delhi, Delhi)",2025-05-29T12:01:54,web,red,{nsq_status_fail}
f67e69df-c945-404c-8066-920f6c70f772,bec7a607a5de96ad6076d89de2cbc484,8903443533184,FM9184,"682001 (Ernakulam, Kerala)",2025-10-15T09:11:59,web,red,{nsq_status_fail}
b3fc16dc-240b-4e7a-a31e-f79c648ffb73,68090858e1b0f374095aa65878080f80,8903443533184,FM9184,"560001 (Bengaluru Urban, Karnataka)",2025-05-10T11:32:59,whatsapp,red,{nsq_status_fail}
52808302-ab46-43d2-8fc8-962dec1fc2d0,608850b69249e1d66aa8875bc6288fbe,8903443533184,FM9184,"411045 (Pune, Maharashtra)",2025-04-11T08:02:24,whatsapp,red,{nsq_status_fail}
ac3a55c7-c1ee-4053-8ec2-6937f8a532ad,6930436e2880f6efee69aee03ee245fe,8903443533184,FM9184,"110019 (North West Delhi, Delhi)",2025-05-28T17:55:02,whatsapp,red,{nsq_status_fail}
dd8f8880-2340-420f-8b33-63dc9fed8abb,1460fe1c836bc3a688556f00bc2a2413,8903443533184,FM9184,"360001 (Rajkot, Gujarat)",2026-06-16T13:21:57,whatsapp,red,{nsq_status_fail}
808c001b-c5a2-471b-97e5-2768d914fb61,48dedf92d646a389bde35c6d3878f724,8903443533184,FM9184,"302001 (Jaipur, Rajasthan)",2025-12-28T00:40:05,web,red,{nsq_status_fail}
eb078ce2-04f3-4b1e-918c-cdeca1c609eb,506ba4de1d6309d9f11a7eba93c2d0f0,8903443533184,FM9184,"400001 (Mumbai City, Maharashtra)",2026-02-24T14:57:41,web,red,{nsq_status_fail}
b25949e9-9c29-4942-baee-7a2e210c6458,d02095b456ae106a80935ec160aff135,8903443533184,FM9184,"395001 (Surat, Gujarat)",2025-06-26T02:47:19,web,red,{nsq_status_fail}
830116a1-c560-4db9-a0f5-90a7a917110c,88d934f485256be77da69898dd55363e,8903443533184,FM9184,"360001 (Rajkot, Gujarat)",2025-09-22T18:32:49,whatsapp,red,{nsq_status_fail}
905b8b53-de91-483c-b0a4-e47aa8be3f56,4413633b683e7e234433d042a3dc7c15,8903443533184,FM9184,"110001 (New Delhi, Delhi)",2026-09-15T12:46:59,web,red,{nsq_status_fail}
4bdac263-b18f-4f26-9ec2-06e70eebc1fe,324fae1b6abed9fa5e076fb6596be788,8903443533184,FM9184,"560001 (Bengaluru Urban, Karnataka)",2025-06-03T15:37:57,whatsapp,red,{nsq_status_fail}
48b43faa-54f3-4e3a-b708-63b660e30f96,bf9fd72b2222fef83ba10d8c5f7df327,8903443533184,FM9184,"711101 (Howrah, West Bengal)",2025-05-12T22:30:59,whatsapp,red,{nsq_status_fail}
92b30c8f-8409-48a3-97b4-d39bb1cd2a18,6ea86e08ee23c7564ae88e9a9bd8b7b0,8903443533184,FM9184,"440001 (Nagpur, Maharashtra)",2025-11-11T13:59:01,whatsapp,red,{nsq_status_fail}
cf96f45e-02ad-4c3e-91f6-8864ae70e649,e6f40a1289246dcdae330c6bc91f424d,8903443533184,FM9184,"122001 (Gurugram, Haryana)",2026-03-23T12:42:38,whatsapp,red,{nsq_status_fail}
bb7fc9dc-1cf2-43a9-9a47-ec75c00662a0,3fedf84079fbd85e333d89f40c036bd6,8903443533184,FM9184,"110001 (New Delhi, Delhi)",2026-08-11T07:06:11,whatsapp,red,{nsq_status_fail}
e014d72e-0f09-4f2b-b29f-f81d502f09f8,39724b633f4c9f1e9409f5c91c5dd89d,8903443533184,FM9184,"462001 (Bhopal, Madhya Pradesh)",2025-04-06T10:13:28,web,red,{nsq_status_fail}
387d8e4b-c8c9-4e5a-8848-1179e04ccbcd,2525e00a7cf4dd686bbf059b402a96f2,8903443533184,FM9184,"641001 (Coimbatore, Tamil Nadu)",2026-06-12T11:26:31,web,red,{nsq_status_fail}
e5eff8c0-711f-43b8-b3d0-f6fcd8cc1221,c6b890a49df94917b81fa0980b8819ba,8903443533184,FM9184,"625001 (Madurai, Tamil Nadu)",2025-07-05T23:56:53,whatsapp,red,{nsq_status_fail}
469b76ea-4a7f-4b14-89c7-80e4f623ff93,9c25bb8a18a9df7c891a62b56cc250fd,8903443533184,FM9184,"700001 (Kolkata, West Bengal)",2026-01-09T19:43:57,whatsapp,red,{nsq_status_fail}
bb0acfd9-4035-4b96-a19c-1ab02b1c03f2,7438717e5e1e279bffdfded3f5a7b123,8903443533184,FM9184,"143001 (Amritsar, Punjab)",2025-12-22T04:50:13,whatsapp,red,{nsq_status_fail}
1ee651cb-43f6-4bd3-8d33-97b67f998193,ce82faaef74a7b6a3e0bb55e65657e62,8903443533184,FM9184,"143001 (Amritsar, Punjab)",2026-06-16T19:56:57,whatsapp,red,{nsq_status_fail}
e1e2666e-7af3-44e6-8f64-5750b5d138f6,56d5a9f745fec3de3cf9b159d0022eae,8903443533184,FM9184,"695001 (Thiruvananthapuram, Kerala)",2026-08-26T21:19:13,whatsapp,red,{nsq_status_fail}
c71e5d37-37bb-4960-b44f-a5435849b04e,923193b2750a99277546bd50bfa853cc,8903443533184,FM9184,"400001 (Mumbai City, Maharashtra)",2025-10-06T11:07:02,web,red,{nsq_status_fail}
64237f2b-8731-4e12-a34b-aabdec60511c,cbe2643dd39fd764bb367599d3f5a192,8903443533184,FM9184,"500001 (Hyderabad, Telangana)",2026-04-19T11:24:37,web,red,{nsq_status_fail}
a445f9a1-543d-4564-a6d5-aae9263a2fc4,cf87d932fed7632379cb038d2ad45318,8903443533184,FM9184,"226001 (Lucknow, Uttar Pradesh)",2026-01-26T12:33:11,whatsapp,red,{nsq_status_fail}
ec40174d-e036-433f-a6b1-112d6cf1f5f9,ad01818488662d2a6a0283f87786f55c,8903443533184,FM9184,"600001 (Chennai, Tamil Nadu)",2026-03-19T09:09:52,whatsapp,red,{nsq_status_fail}
cb680f21-1b04-4c3f-8050-2298db565344,bdfc149d73c60eb686ee5e9ec044d510,8903443533184,FM9184,"600001 (Chennai, Tamil Nadu)",2026-05-06T11:43:58,whatsapp,red,{nsq_status_fail}
04d14db7-368a-4f54-9d78-b7db137cb081,b39bdee9962d32508633ee4cfea67f09,8903443533184,FM9184,"221001 (Varanasi, Uttar Pradesh)",2025-11-30T16:04:33,whatsapp,red,{nsq_status_fail}
df4d82c3-9933-4931-b73c-68f1eab65a6a,a6d97f482828329628b0a90c0f43f982,8903443533184,FM9184,"580001 (Dharwad, Karnataka)",2026-03-07T09:40:10,whatsapp,red,{nsq_status_fail}
2fa88fd3-06cf-40b6-aed4-3491c15821b4,fef6a782943b0d309eda9472f9472afb,8903443533184,FM9184,"400072 (Mumbai Suburban, Maharashtra)",2025-10-25T20:19:03,whatsapp,red,{nsq_status_fail}
0c5c6a4c-dafe-4220-bad8-62172225d1e2,32f988981a32a52c36f82d56e6fc66cc,8903443533184,FM9184,"400072 (Mumbai Suburban, Maharashtra)",2025-10-18T14:13:48,whatsapp,red,{nsq_status_fail}
7b8d4f02-0222-413f-9fdd-190ee30a1dc3,aef12c67f109e3b850fe39f0a291f305,8903443533184,FM9184,"360001 (Rajkot, Gujarat)",2026-06-30T09:24:27,whatsapp,red,{nsq_status_fail}
fa056936-eb81-444e-9dd1-15cd404d4b31,172c37567f7696e95ed9c47d4d245d0d,8903443533184,FM9184,"580001 (Dharwad, Karnataka)",2026-07-04T17:41:48,web,red,{nsq_status_fail}
7095426c-89c4-4f6b-bc04-d37d947281b9,6cae0c4ebef3e24bca53690a03f2106d,8903443533184,FM9184,"700001 (Kolkata, West Bengal)",2026-07-02T09:56:01,whatsapp,red,{nsq_status_fail}
044de3ec-bd6b-447c-84dc-03de0340065d,cb633fe9c6ee7498abb6e7d905e3eb7c,8903443533184,FM9184,"500001 (Hyderabad, Telangana)",2026-07-26T19:52:44,whatsapp,red,{nsq_status_fail}
41281c89-3836-4989-ad46-76ace84bae4c,d7f669740ae7b2082bd4d8b334f19b74,8903443533184,FM9184,"110001 (New Delhi, Delhi)",2026-02-23T10:40:42,web,red,{nsq_status_fail}
3a4e1daf-e986-41d6-b728-110fb4e91f97,e3fe5807e93d6ebf201d816256d0e10d,8903443533184,FM9184,"620001 (Tiruchirappalli, Tamil Nadu)",2025-06-11T17:13:43,whatsapp,red,{nsq_status_fail}
adbc54a5-de01-4c86-a623-49bdf06c8c4d,99511791a2804dfaa009bcca4e921ea9,8903443533184,FM9184,"110019 (North West Delhi, Delhi)",2025-11-27T20:04:20,whatsapp,red,{nsq_status_fail}
020fb244-4fd0-41b2-b72a-f9c0544a5e07,d251921a0b6b669bf44ef53d958cf553,8903443533184,FM9184,"452001 (Indore, Madhya Pradesh)",2025-07-21T14:41:55,web,red,{nsq_status_fail}
e056d692-ff02-4011-86b8-9fb43e3c6083,b640cb7e446d076b0e4bd11687fc70cd,8903443533184,FM9184,"208001 (Kanpur Nagar, Uttar Pradesh)",2026-03-25T06:36:24,web,red,{nsq_status_fail}
6255322c-a1c0-4a44-86ab-03f42501021a,e5d7563cfed9061b2570461063b81b27,8903443533184,FM9184,"360001 (Rajkot, Gujarat)",2025-10-03T18:28:03,web,red,{nsq_status_fail}
1e674c48-db72-458d-af97-5e1bf0cab8e9,63ecb7ab74c996b4afec81db5a60943a,8903443533184,FM9184,"500001 (Hyderabad, Telangana)",2026-06-08T08:07:44,web,red,{nsq_status_fail}
d0fea4a3-fb1d-437c-9de5-51e20a579a15,f8551d1cec8602e6394ab075161580e2,8903443533184,FM9184,"411045 (Pune, Maharashtra)",2025-05-18T16:05:19,whatsapp,red,{nsq_status_fail}
d341a2ed-92df-42a9-b64a-55e681134f1d,bd4ae466ee60241e0c3962f8f28fd992,8903443533184,FM9184,"141001 (Ludhiana, Punjab)",2026-01-26T07:34:13,whatsapp,red,{nsq_status_fail}
a255cf9c-795f-4463-acea-4b55bd811750,0a41c4e08a74ce596626155a5d04b3ce,8903443533184,FM9184,"302001 (Jaipur, Rajasthan)",2026-01-06T06:54:08,web,red,{nsq_status_fail}
90e9aa9d-7dbf-40ce-8959-a4029911d5db,41c688cb9ddc18ed4b55d7fd202f56b4,8903443533184,FM9184,"600028 (Chennai, Tamil Nadu)",2025-06-14T12:23:46,web,red,{nsq_status_fail}
e8c28083-aa4c-4604-a1cb-a9b53bf329dd,8cc87f70966d286bfa8a46ef0439c33d,8903443533184,FM9184,"530001 (Visakhapatnam, Andhra Pradesh)",2025-12-11T11:39:28,web,red,{nsq_status_fail}
b161531f-0246-4d72-b9fa-ad4402e57727,d79503bb5bd9aa0ed4160fd3869ef698,8903443533184,FM9184,"570001 (Mysuru, Karnataka)",2025-05-15T03:07:42,web,red,{nsq_status_fail}
05f220a8-64f0-44b0-a316-b5ba91281c9a,0ce30f7155b712454d06313e0aa71d9e,8903443533184,FM9184,"711101 (Howrah, West Bengal)",2026-08-13T17:45:57,whatsapp,red,{nsq_status_fail}
f6c51040-5831-463e-ae6c-161ba2db750d,5961162866ebff77935afe0d217c88d2,8903443533184,FM9184,"575001 (Mangaluru (Dakshina Kannada), Karnataka)",2026-04-10T23:09:51,web,red,{nsq_status_fail}
58d2d2ed-7337-4955-9887-64891fbfe88d,bc9923a21e830ca0b9f2ee675cd6684c,8903443533184,FM9184,"695001 (Thiruvananthapuram, Kerala)",2025-12-26T19:06:31,whatsapp,red,{nsq_status_fail}
1c7cfe1b-f8a7-4bcb-97b0-1c8f639523bd,424f4c200feb31c1ca15846c18855490,8903443533184,FM9184,"500001 (Hyderabad, Telangana)",2026-03-26T18:01:54,web,red,{nsq_status_fail}
00fbe777-81e3-4af8-9685-aea1263d174b,e4d6bea45f870f69f40a7fbb1c237cd9,8903443533184,FM9184,"226001 (Lucknow, Uttar Pradesh)",2026-06-15T16:13:47,whatsapp,red,{nsq_status_fail}
521b950f-b6ba-42fd-980d-bc9bd0aa57eb,eb50f30335d4baa3759977c421d51487,8903443533184,FM9184,"590001 (Belagavi, Karnataka)",2025-11-08T16:57:21,whatsapp,red,{nsq_status_fail}
185c778a-56d4-40bd-b083-4f9b5b3e3360,f0d892491279bddbe4ed34506e1140d6,8903443533184,FM9184,"400601 (Thane, Maharashtra)",2026-06-09T12:04:06,web,red,{nsq_status_fail}
89ef8065-b364-44b9-be48-86d478cff169,bdb786fdae33028f8613e5028d580842,8903443533184,FM9184,"695001 (Thiruvananthapuram, Kerala)",2026-07-17T15:06:06,web,red,{nsq_status_fail}
ef9fa916-1164-43ed-a5c8-0ad0bac268c3,4ed9a02193b0f738fd654556cc8d37f3,8903443533184,FM9184,"411001 (Pune, Maharashtra)",2026-02-01T17:14:42,whatsapp,red,{nsq_status_fail}
9fa9461f-238a-4b65-8820-bcf38829cfdf,02cec60568bfee4d50495adc3db5e106,8903443533184,FM9184,"462001 (Bhopal, Madhya Pradesh)",2025-07-04T09:23:15,web,red,{nsq_status_fail}
8a369091-26c0-4346-90a7-e2f15ea31f19,64991ce15797ff2d807d356ac5330b86,8903443533184,FM9184,"122001 (Gurugram, Haryana)",2026-03-06T14:19:11,whatsapp,red,{nsq_status_fail}
1b21061f-6271-4600-a290-a274dede6b19,e800f77da92c252f4b90ca8d213a5950,8903443533184,FM9184,"700001 (Kolkata, West Bengal)",2026-08-08T11:36:33,web,red,{nsq_status_fail}
3c166ea3-bf11-4ebc-b174-5dc6952b25a4,2d5b42b86c91f45b4dd77c9d1af84542,8903443533184,FM9184,"411045 (Pune, Maharashtra)",2025-06-03T06:11:41,whatsapp,red,{nsq_status_fail}
ecf61df2-c43f-41bd-8394-cedc54e5deca,33785538e2da0a1ef8bedae7694350af,8903443533184,FM9184,"570001 (Mysuru, Karnataka)",2026-04-09T00:22:43,whatsapp,red,{nsq_status_fail}
56a6120b-7f27-4ec7-9b1c-c1b44a911736,d637ea65a04e07cb510880e8dec327ad,8903443533184,FM9184,"110001 (New Delhi, Delhi)",2026-08-06T10:01:25,whatsapp,red,{nsq_status_fail}
be96e706-120f-4a21-a5f5-eb61fa13435f,9161693dd0c3fdedd603dc974ba7984d,8903443533184,FM9184,"570001 (Mysuru, Karnataka)",2025-12-27T17:31:09,whatsapp,red,{nsq_status_fail}
57aa0e3a-46bd-4e9b-bb7e-c314f1efd79a,4cf57074349d0f12c39f05000cee2888,8903443533184,FM9184,"700001 (Kolkata, West Bengal)",2026-06-22T12:35:38,whatsapp,red,{nsq_status_fail}
478d92cc-ab56-4e62-8b05-5ba136518934,e2d406797e92f105a15a9bc4946074b5,8903443533184,FM9184,"400001 (Mumbai City, Maharashtra)",2026-09-13T11:03:27,web,red,{nsq_status_fail}
140df887-e9e2-4690-8c5f-7b9879f857c5,6699ce450c1937fb68a39e2db2ebf488,8903443533184,FM9184,"122001 (Gurugram, Haryana)",2025-12-29T11:39:59,web,red,{nsq_status_fail}
22f30db3-dab1-442a-a960-c7abf88f431f,d9faae05a20d7fab6e30d5c9f361450c,8903443533184,FM9184,"620001 (Tiruchirappalli, Tamil Nadu)",2026-07-20T17:44:06,web,red,{nsq_status_fail}
14d99668-d6f0-4ec2-9534-9309452a9568,d2e9b849ccd7658da687ddcd160370f8,8903443533184,FM9184,"530001 (Visakhapatnam, Andhra Pradesh)",2026-02-02T11:31:22,whatsapp,red,{nsq_status_fail}
a72971ac-03f2-4d37-b86c-de7f9095670b,191b4b60272a063fe8d89e3ae8b0a565,8903443533184,FM9184,"560066 (Bengaluru Urban, Karnataka)",2026-04-16T14:04:31,web,red,{nsq_status_fail}
9684719e-ebf4-4637-a203-2ad962f6917f,7ec72b76059a845dce523e85a944aacd,8903443533184,FM9184,"226001 (Lucknow, Uttar Pradesh)",2025-12-31T15:31:04,web,red,{nsq_status_fail}
aa3fb1e4-068b-482c-a897-1db7b3b574f0,91cb77dcc915bddb15512411c964991d,8903443533184,FM9184,"590001 (Belagavi, Karnataka)",2025-11-15T03:45:20,web,red,{nsq_status_fail}
cf5dab92-41aa-4c38-b5f8-b7725dd96f3a,f8f079084674f15423f02f127767d6d8,8903443533184,FM9184,"302001 (Jaipur, Rajasthan)",2026-03-03T09:01:55,whatsapp,red,{nsq_status_fail}
fe751a15-3b0f-40cb-97ce-11dca1086eed,76f0562483406cb2aa138a816957d442,8903443533184,FM9184,"141001 (Ludhiana, Punjab)",2025-12-23T08:16:38,whatsapp,red,{nsq_status_fail}
e8ec49f8-f912-4715-8c8a-dd79d56f8c1d,1326a5ff60748a8623eda3cf89616a9b,8903443533184,FM9184,"700001 (Kolkata, West Bengal)",2026-02-08T01:43:13,whatsapp,red,{nsq_status_fail}
b6111dc8-3dc2-4e99-8dd5-ad73f935768c,469f57ecb837920868d4ab4bf3026066,8903443533184,FM9184,"530001 (Visakhapatnam, Andhra Pradesh)",2026-06-25T10:22:09,whatsapp,red,{nsq_status_fail}
e7238f1a-10e1-4417-b9ee-df42f01de51f,d6fcf60195bbac479138b1ccd6e7ff23,8903443533184,FM9184,"560034 (Bengaluru Urban, Karnataka)",2025-04-07T10:18:21,web,red,{nsq_status_fail}
d2c36c78-33fa-4ec6-b76e-8ac552a21e42,8f005b7d051eff25ea83524a431d362e,8903443533184,FM9184,"560001 (Bengaluru Urban, Karnataka)",2026-02-25T19:45:36,whatsapp,red,{nsq_status_fail}
2a377efc-78cf-4bb3-bc85-326bc005f940,df77f5b29bec692b5ba5a3e73715c48f,8903443533184,FM9184,"560034 (Bengaluru Urban, Karnataka)",2026-04-14T16:41:48,whatsapp,red,{nsq_status_fail}
24b0273c-d4c1-4758-92e1-b37640dddb02,0b8332029c2620bcf872f26999099f07,8903443533184,FM9184,"110019 (North West Delhi, Delhi)",2025-10-19T13:11:31,web,red,{nsq_status_fail}
0ef32e1e-eb5a-458e-9ed6-59b196eb71da,13f75b08ec832e30056a25004f1b5bc8,8903443533184,FM9184,"400001 (Mumbai City, Maharashtra)",2025-07-03T09:02:58,whatsapp,red,{nsq_status_fail}
c9a35e62-b11a-4362-ad00-6de229dbca96,847bf68c8237fb1ad4ea977d79243bc6,8903443533184,FM9184,"226001 (Lucknow, Uttar Pradesh)",2025-06-10T16:16:00,web,red,{nsq_status_fail}
d28a5af7-bf4e-4032-acd9-988327b0bed1,df66f7803b363deccf31ebb2279a836b,8903443533184,FM9184,"500001 (Hyderabad, Telangana)",2025-05-30T06:24:21,whatsapp,red,{nsq_status_fail}
a35fd789-855d-453a-954c-95bf12c8bc30,a54a0a9fddaa60ad7e8dcea362422f75,8903443533184,FM9184,"411001 (Pune, Maharashtra)",2026-06-16T09:33:48,web,red,{nsq_status_fail}
c70ee3c5-9192-4b82-9b02-3a9f10010ca5,59648955048898cf19135f3d49d01a87,8903443533184,FM9184,"208001 (Kanpur Nagar, Uttar Pradesh)",2026-03-21T18:33:36,whatsapp,red,{nsq_status_fail}
c2f293e0-c4eb-4a17-b5f4-593cceff1d7a,4addfe1cb007a8802f88e3e0e6e1c78c,8903443533184,FM9184,"700001 (Kolkata, West Bengal)",2025-06-12T14:57:03,whatsapp,red,{nsq_status_fail}
62f9ee0e-6291-43f9-9b35-8e5c89dff5c5,e9146fbbb8b1a683551c543e75791088,8903443533184,FM9184,"395001 (Surat, Gujarat)",2025-09-14T20:38:23,whatsapp,red,{nsq_status_fail}
66cbc5bd-4725-429d-a052-565ee2cc3933,9aa3577d00134632c94dfa41d0e78307,8900523898688,GH6625,"110019 (North West Delhi, Delhi)",2025-05-20T08:58:27,whatsapp,amber,{single_non_official_signal}
d3c7c842-ccdb-4eb2-9739-4c0ac4a4281f,73615ac68da42fe7ba76f00d3dccd52f,8900523898688,GH6625,"360001 (Rajkot, Gujarat)",2025-06-05T11:39:16,web,amber,{single_non_official_signal}
cad81e1f-d47a-4daf-956a-9e57be823b55,9fa1ffdedbb912000eed3149360b3ae8,8900523898688,GH6625,"600001 (Chennai, Tamil Nadu)",2026-05-25T16:08:19,web,amber,{single_non_official_signal}
e50fa958-c26b-4702-a51c-d212610a8296,1bfc2ad526f1a8d0f914fa4d9191ea26,8900523898688,GH6625,"400601 (Thane, Maharashtra)",2025-09-20T09:42:28,web,amber,{single_non_official_signal}
d9e1c7a5-a9f8-4ffb-ba7a-06d673d39fde,74ac96fad05c6594d9a281e5b152cfb2,8900523898688,GH6625,"570001 (Mysuru, Karnataka)",2025-05-15T12:29:41,whatsapp,amber,{single_non_official_signal}
8be3490a-f235-4e9b-8116-ea52b48e4a23,49ddca2a4e986ce2bfcf8427a294b3a8,8900523898688,GH6625,"462001 (Bhopal, Madhya Pradesh)",2026-06-09T12:24:23,whatsapp,amber,{single_non_official_signal}
e68a5396-e8b5-45dd-966b-498c09b1dd47,d5590e4b5cc2842ae61beae045165c5d,8900523898688,GH6625,"440001 (Nagpur, Maharashtra)",2026-01-07T16:23:46,whatsapp,amber,{single_non_official_signal}
7166990c-64fe-4657-a102-d383a63c120d,0ac59ccf310ce1cb0e451c165df99755,8900523898688,GH6625,"530001 (Visakhapatnam, Andhra Pradesh)",2025-07-23T17:43:09,whatsapp,amber,{single_non_official_signal}
1215bf06-a3d5-4866-bce7-7000daa7c441,429a943dfe23a24b4ae474ad57b7d812,8900523898688,GH6625,"600028 (Chennai, Tamil Nadu)",2026-01-01T15:08:05,web,amber,{single_non_official_signal}
96a5551f-196b-4c50-ac51-13f3d056e750,ca85416f84672f2281be99d453d4f667,8900523898688,GH6625,"600028 (Chennai, Tamil Nadu)",2025-03-28T18:00:50,web,amber,{single_non_official_signal}
cde7ed78-a19d-4395-8681-7114e1833c44,82ce93b9f842d58ed03a36ab6b73166d,8900523898688,GH6625,"560001 (Bengaluru Urban, Karnataka)",2026-05-22T11:13:45,whatsapp,amber,{single_non_official_signal}
94108d60-838e-4410-b054-274aa2b59252,6a1588ff1280a8cfed1be764fa8d9899,8900523898688,GH6625,"226001 (Lucknow, Uttar Pradesh)",2025-08-01T12:38:15,whatsapp,amber,{single_non_official_signal}
62b10690-52d0-49b3-b6ff-601acec422e8,17654f94a459d4426cd91a42e165107a,8900523898688,GH6625,"641001 (Coimbatore, Tamil Nadu)",2026-04-17T11:09:55,whatsapp,amber,{single_non_official_signal}
720a68d2-81fb-439d-bdf6-88f87f13d99d,d5cf986c2aa855abddb23ffeaaa6f834,8900523898688,GH6625,"221001 (Varanasi, Uttar Pradesh)",2025-06-04T10:44:28,whatsapp,amber,{single_non_official_signal}
9e73db09-8cc1-43b1-a553-b5c7f1dabd5f,e4b85160259d6dc6f75d9c617722a737,8900523898688,GH6625,"711101 (Howrah, West Bengal)",2025-09-05T11:31:10,whatsapp,amber,{single_non_official_signal}
c59e1797-f80d-49be-8808-e004b100ee0e,d56d8f91b1f291553a17de9159333655,8900523898688,GH6625,"110019 (North West Delhi, Delhi)",2025-11-01T14:28:50,whatsapp,amber,{single_non_official_signal}
27078131-895b-49cc-9bc4-7a19e14adbd7,4ca9057c8ad44b17ae54a92bffe75ed9,8900523898688,GH6625,"110019 (North West Delhi, Delhi)",2025-03-30T10:42:44,whatsapp,amber,{single_non_official_signal}
355edc3b-df00-447d-a734-2ba68965429e,b98a286a5d1b28b8de46e81fb717b729,8900523898688,GH6625,"711101 (Howrah, West Bengal)",2025-05-10T14:20:47,whatsapp,amber,{single_non_official_signal}
8e4226e0-c63a-4d2f-a5ff-a38dcc8837d8,de9bd96e8d51e9c27f8ff00cb1048972,8900523898688,GH6625,"560066 (Bengaluru Urban, Karnataka)",2025-04-09T20:56:53,whatsapp,amber,{single_non_official_signal}
3ba990e2-72e5-4136-b526-7948504972d4,67628e5ad60dcc72faf6ad23120e17f1,8900523898688,GH6625,"110019 (North West Delhi, Delhi)",2025-11-06T13:52:47,whatsapp,amber,{single_non_official_signal}
b648c695-6425-4570-b84c-58d616497038,00a81e3eaa37a0f22b0d4f3ae4683536,8900523898688,GH6625,"141001 (Ludhiana, Punjab)",2025-10-26T17:40:04,whatsapp,amber,{single_non_official_signal}
9104a2d7-166a-4db9-a166-3bfede9eeac8,ad4deb9e6d9b8f013503dd3355138982,8900523898688,GH6625,"695001 (Thiruvananthapuram, Kerala)",2026-01-17T16:34:27,web,amber,{single_non_official_signal}
59b2918d-bcfd-4796-abf5-aaf1867fad46,74faea9f44fc2371a84f3f3fc0971b8a,8900523898688,GH6625,"570001 (Mysuru, Karnataka)",2026-02-18T08:51:46,whatsapp,amber,{single_non_official_signal}
eab4be84-9895-43fb-95dc-93fa7d54b3dd,41f776c13c4718517b72c984d10df017,8900523898688,GH6625,"625001 (Madurai, Tamil Nadu)",2025-04-22T11:30:22,web,amber,{single_non_official_signal}
c05da039-d727-475d-b272-1353bad9dc35,8b452eb1337d9dec8e1f087fa8528977,8900523898688,GH6625,"452001 (Indore, Madhya Pradesh)",2026-09-05T19:18:21,whatsapp,amber,{single_non_official_signal}
1f1013b7-9a1b-4d3d-a1f8-222a30447c59,5cf1e4815cdf3b82912f7bf1f8ae09fe,8900523898688,GH6625,"711101 (Howrah, West Bengal)",2025-12-07T10:22:37,web,amber,{single_non_official_signal}
00de3d9b-fb87-457b-b44a-c3963a063e58,b0dba237d3b0eec5530a2f47a1498d43,8900523898688,GH6625,"400601 (Thane, Maharashtra)",2026-07-17T06:46:43,web,amber,{single_non_official_signal}
fa2490ec-f63b-4a5c-93ae-09d1d9ae4138,732cc2541b7060d6b986cf1471d739c9,8900523898688,GH6625,"302001 (Jaipur, Rajasthan)",2025-11-02T13:39:59,whatsapp,amber,{single_non_official_signal}
44cd310f-9081-4eea-a90b-fe82e7f3abd3,13f61141f9ed1b8cd138ce13de8a0703,8900523898688,GH6625,"110019 (North West Delhi, Delhi)",2025-04-06T18:16:17,whatsapp,amber,{single_non_official_signal}
1edbeaa3-2309-433e-9c8f-9a2c9a7fa72d,c6b305957774f23809d9fada0baea5cb,8900523898688,GH6625,"530001 (Visakhapatnam, Andhra Pradesh)",2026-06-04T07:39:04,web,amber,{single_non_official_signal}
35894c25-3212-4c04-b1e9-339bd016c0c9,0d6d1e590bd5380282b5abbdbd665434,8900523898688,GH6625,"560066 (Bengaluru Urban, Karnataka)",2026-05-06T10:38:05,whatsapp,amber,{single_non_official_signal}
437ec366-36f3-488f-b2c7-aef9066ec3fb,d8b527140368693f7cf7c2aff7346eb0,8900523898688,GH6625,"580001 (Dharwad, Karnataka)",2025-09-09T12:02:02,web,amber,{single_non_official_signal}
6daa0b85-8b20-45cf-9614-7db614379269,3893254743b328244039cd044afe821b,8900523898688,GH6625,"530001 (Visakhapatnam, Andhra Pradesh)",2025-06-30T09:09:54,web,amber,{single_non_official_signal}
843d7bf3-1b8a-494e-864f-0cb564b0869c,d172900240f239f7b4bed7a9d8f5a747,8900523898688,GH6625,"600001 (Chennai, Tamil Nadu)",2025-07-31T19:25:58,whatsapp,amber,{single_non_official_signal}
b444121f-e699-4761-b240-eb3efdc84b2f,1dba4391b6ab1a67dd43cdb3310e9be8,8900523898688,GH6625,"560066 (Bengaluru Urban, Karnataka)",2026-08-07T21:15:44,whatsapp,amber,{single_non_official_signal}
dc8f7a99-35a3-45f3-879d-c3c26c8ad560,e1d11fa607ee90cfc6255b634f3dd6d4,8900523898688,GH6625,"462001 (Bhopal, Madhya Pradesh)",2025-07-04T14:59:11,whatsapp,amber,{single_non_official_signal}
c6901ee6-2390-4df9-8000-e5f3186d6619,d66fb90519784f8bd6b76857f5ee58d3,8900523898688,GH6625,"800001 (Patna, Bihar)",2025-06-18T14:10:11,web,amber,{single_non_official_signal}
59601e37-c13f-4f44-8805-80b42e920014,eef0480c049db5da00122178d9fb5309,8900523898688,GH6625,"575001 (Mangaluru (Dakshina Kannada), Karnataka)",2025-12-30T10:45:42,web,amber,{single_non_official_signal}
f071aa9f-8e8a-45a3-b834-07a3b07c214f,60207c2cf087f8c6109529da9690031c,8900523898688,GH6625,"700001 (Kolkata, West Bengal)",2025-07-01T14:44:17,web,amber,{single_non_official_signal}
09ec8af7-fdb6-4588-9b94-b422e04c7775,b8ea0356d1f755d387a5e8e9fd50a16d,8900523898688,GH6625,"422001 (Nashik, Maharashtra)",2025-11-09T16:06:00,whatsapp,amber,{single_non_official_signal}
ba9e50db-5dc2-4144-9de3-e44712ebec2f,19fdf71a5ef6754322450fdf601bd1d3,8900523898688,GH6625,"452001 (Indore, Madhya Pradesh)",2025-12-25T15:46:15,web,amber,{single_non_official_signal}
477a802a-b6a0-4713-8efc-e6b9c20c833a,b156002735a5291704056f61b7bfb205,8900523898688,GH6625,"141001 (Ludhiana, Punjab)",2025-09-01T09:26:49,whatsapp,amber,{single_non_official_signal}
cba5a4d2-660b-43b2-94af-7c5454eb3501,ccf670024cfafb252fc8eab446da3740,8900523898688,GH6625,"462001 (Bhopal, Madhya Pradesh)",2025-07-26T16:29:41,whatsapp,amber,{single_non_official_signal}
b5c5cce1-cb0b-428d-a232-4f693cd44c71,5dadaaff0fe929d8ddd201bc554f44ac,8900523898688,GH6625,"682001 (Ernakulam, Kerala)",2025-04-17T09:00:14,whatsapp,amber,{single_non_official_signal}
f6f1a90e-8c5f-4ee6-9929-bd94d3654ba3,aa8b1e2b8e117ec931100813b184ab35,8900523898688,GH6625,"462001 (Bhopal, Madhya Pradesh)",2026-06-18T19:32:53,whatsapp,amber,{single_non_official_signal}
79ee6b63-cc2a-4066-94f0-8271ab1e5193,ac9ecf9a09701e24002af3c7b9f23199,8900523898688,GH6625,"400601 (Thane, Maharashtra)",2026-04-25T12:13:13,web,amber,{single_non_official_signal}
b128bb88-73b8-4a6c-a185-f47b4d6eb041,0b59675de89ec9d81d06bf8523349f2f,8900523898688,GH6625,"208001 (Kanpur Nagar, Uttar Pradesh)",2026-01-09T20:26:47,whatsapp,amber,{single_non_official_signal}
a60e896a-5bfd-47b5-88d9-de2670c964a9,dde09e215d4cb911620bc5da6f9bbdaf,8900523898688,GH6625,"400601 (Thane, Maharashtra)",2026-06-13T12:01:00,web,amber,{single_non_official_signal}
aaac0817-d6a2-4583-ac22-4b9e3080f8fb,9bad0cd7f55f2b86c992ddb8bc1723af,8900523898688,GH6625,"560001 (Bengaluru Urban, Karnataka)",2025-12-20T09:33:56,whatsapp,amber,{single_non_official_signal}
c0b150f2-936e-403e-bb5f-d72b2aa40948,a08139ec3a4f580c59761f54b5e345a3,8900523898688,GH6625,"700001 (Kolkata, West Bengal)",2025-09-23T16:20:07,whatsapp,amber,{single_non_official_signal}
c235f2a4-770c-4bac-ab44-80e01fa8383b,dc87f085c2ffb4e502c7211a074b6081,8900523898688,GH6625,"682001 (Ernakulam, Kerala)",2025-11-03T15:59:24,whatsapp,amber,{single_non_official_signal}
f570bd4f-5777-4a71-8ecc-eda588c45c5b,14a9658b5f34121c9961bf7e22b0ce10,8900523898688,GH6625,"700001 (Kolkata, West Bengal)",2026-06-04T15:19:07,web,amber,{single_non_official_signal}
ee61d4a3-305c-4297-99d3-ef1fa40da89d,370860e706529c30447637dec246b44b,8900523898688,GH6625,"711101 (Howrah, West Bengal)",2025-11-09T16:39:12,web,amber,{single_non_official_signal}
2e0d8ce8-83dd-4172-8a47-80713ee8b934,b9a8719769cdb3d7a502819040d326ef,8900523898688,GH6625,"143001 (Amritsar, Punjab)",2026-09-03T18:50:35,whatsapp,amber,{single_non_official_signal}
dbb9df08-47c7-425a-9b51-b81a367f50dc,aaaf4474a9a91e1d7ae9bd322143bdb2,8900523898688,GH6625,"800001 (Patna, Bihar)",2025-04-18T13:30:07,whatsapp,amber,{single_non_official_signal}
e836ba8d-131d-4083-9bfe-ce76064e13f3,aedd2e7367bcabdb9de60127705279c0,8900523898688,GH6625,"800001 (Patna, Bihar)",2025-04-10T09:52:44,whatsapp,amber,{single_non_official_signal}
8c3a7478-0df9-4b3d-8a61-cd0ffa5e3c7f,ae415811d6b38f4becf426d7c49277e7,8900523898688,GH6625,"695001 (Thiruvananthapuram, Kerala)",2026-01-01T11:17:08,web,amber,{single_non_official_signal}
b50cb33d-bc67-4159-b2c9-2b82a5c6d7ce,882bf4aa48d651cef33aabeebdcd488a,8900523898688,GH6625,"110019 (North West Delhi, Delhi)",2025-10-16T12:26:23,web,amber,{single_non_official_signal}
9570066c-5b57-4258-98d3-82931934d650,bcee58ec7770c387a5fab24c909801ee,8900523898688,GH6625,"440001 (Nagpur, Maharashtra)",2026-06-14T09:01:40,web,amber,{single_non_official_signal}
b79ba0cb-fbbc-44c0-8ed2-8da2c774e897,b82c86f725a083781087cd65e6b96a27,8900523898688,GH6625,"682001 (Ernakulam, Kerala)",2026-08-23T05:00:16,whatsapp,amber,{single_non_official_signal}
0317689f-8f40-4c38-aa18-1a7c04b4acd3,cfa6a6ba1a0f8e3fdc6d5ba47754e7ca,8900523898688,GH6625,"620001 (Tiruchirappalli, Tamil Nadu)",2025-05-22T13:59:54,whatsapp,amber,{single_non_official_signal}
92e1ebd2-f8a3-4b36-b7d2-229ca1407301,7332e82a6a574c9f0f0e1d50e2af92c7,8900523898688,GH6625,"800001 (Patna, Bihar)",2026-08-11T15:06:40,whatsapp,amber,{single_non_official_signal}
3afb1ffd-ec05-4da2-95c2-6d2e96042279,2923a4d8df0773dd5e4827d8d5c030ed,8900523898688,GH6625,"695001 (Thiruvananthapuram, Kerala)",2025-06-17T10:35:32,web,amber,{single_non_official_signal}
f8201210-34d0-472c-a5b1-3f59c24950ac,c6a7c88b0da1823606d8bb9c0078bfc2,8900523898688,GH6625,"440001 (Nagpur, Maharashtra)",2025-05-23T12:03:43,whatsapp,amber,{single_non_official_signal}
f04d35e9-dd8f-46d8-868d-041c7693bbca,68b0ca6ebc94bf7d77ac80cca5979c10,8900523898688,GH6625,"695001 (Thiruvananthapuram, Kerala)",2025-08-04T16:26:56,whatsapp,amber,{single_non_official_signal}
26924175-b61f-41f7-81c1-3c1722c4ae37,e1d6aade2cfcd4b3b20bf1310c87f374,8900523898688,GH6625,"641001 (Coimbatore, Tamil Nadu)",2026-02-04T17:42:09,whatsapp,amber,{single_non_official_signal}
8e417d83-cc45-4185-ab5f-d793dc54871c,70ca55c216300229286e55c6fe382250,8900523898688,GH6625,"122001 (Gurugram, Haryana)",2025-07-02T12:12:25,whatsapp,amber,{single_non_official_signal}
7aa63907-bff8-4e15-bba9-6cc3c5aed752,eda0d3816c8028847b031d6e9e06e253,8900523898688,GH6625,"400072 (Mumbai Suburban, Maharashtra)",2026-01-30T16:46:02,whatsapp,amber,{single_non_official_signal}
86847e64-19e3-42bc-9d64-4792afeab845,2347b37b97819b6a4cdecf4aa3e61a4c,8906631628447,JK4471,"360001 (Rajkot, Gujarat)",2025-05-23T18:54:47,whatsapp,amber,{single_non_official_signal}
ff808445-114f-4218-b7a2-855fd29f163c,484f7c15725816f5b378e83c5febac73,8906631628447,JK4471,"208001 (Kanpur Nagar, Uttar Pradesh)",2026-04-15T21:16:27,whatsapp,amber,{single_non_official_signal}
98a9bd14-9417-4faf-81ee-ab11ac50dc53,2c437eabf271457cd7ca4a34d905a421,8906631628447,JK4471,"122001 (Gurugram, Haryana)",2025-06-02T13:52:09,web,amber,{single_non_official_signal}
31307944-69d1-4c2a-a2a6-7ac5dd0e02e3,74a056e40365b7603349fa01f7684da8,8906631628447,JK4471,"570001 (Mysuru, Karnataka)",2025-05-09T05:24:36,whatsapp,amber,{single_non_official_signal}
131546ea-c8a1-4217-896b-17f284c2a480,aa35d6b9f8264cf62fcb63b7081f45d8,8906631628447,JK4471,"641001 (Coimbatore, Tamil Nadu)",2026-06-17T17:49:31,whatsapp,amber,{single_non_official_signal}
df3e80f9-f344-465d-987c-ef565763d4bf,e157822305d7174f8e1490f8921fb59a,8906631628447,JK4471,"208001 (Kanpur Nagar, Uttar Pradesh)",2025-08-20T18:25:59,web,amber,{single_non_official_signal}
2df9c239-5618-4321-97f9-c57b693e686c,b9cb05537e44a0508e3f03f173755eca,8906631628447,JK4471,"390001 (Vadodara, Gujarat)",2026-01-28T12:07:31,whatsapp,amber,{single_non_official_signal}
1af2b058-8b81-4e9d-bad0-f1db2d65882f,fbb038dd69761b2a2a5e4efb71f91b03,8906631628447,JK4471,"575001 (Mangaluru (Dakshina Kannada), Karnataka)",2026-02-23T14:45:12,web,amber,{single_non_official_signal}
f509104d-99c1-4bd3-899c-299c4b4edd3b,b89023b99e69b24516ff2d0a663e0dc2,8906631628447,JK4471,"711101 (Howrah, West Bengal)",2025-07-28T09:15:03,web,amber,{single_non_official_signal}
03ba71cd-9ec0-4468-95f8-6db7b7e7e150,722b3a2af30013023fb5bbcf7df15510,8906631628447,JK4471,"411045 (Pune, Maharashtra)",2026-04-20T14:42:18,whatsapp,amber,{single_non_official_signal}
8e2143af-7bcc-4614-b097-ed1e1f967a77,cd18c6d9d04f2af70a548c73220b7c04,8906631628447,JK4471,"700001 (Kolkata, West Bengal)",2025-09-09T19:13:17,whatsapp,amber,{single_non_official_signal}
e63d8530-827f-43ae-acf8-537394da6694,78fd22576198136902cf97f7ba15a598,8906631628447,JK4471,"411045 (Pune, Maharashtra)",2025-07-11T12:42:55,whatsapp,amber,{single_non_official_signal}
99251285-509e-448d-bd12-f5b2b4b6636c,38bfe9ce5a0fcd5945a2a1355436bbaf,8906631628447,JK4471,"143001 (Amritsar, Punjab)",2026-05-21T07:50:51,web,amber,{single_non_official_signal}
acfc1043-9414-4eb7-9c85-5d9410f13db8,5c5e1b2784af5fa63393dc0f2f95766a,8906631628447,JK4471,"380001 (Ahmedabad, Gujarat)",2025-11-16T17:08:46,whatsapp,amber,{single_non_official_signal}
ebfe6427-b3df-4caf-991f-27df69e3ab66,5673e0ce68076f26d4c2331438301702,8906631628447,JK4471,"500001 (Hyderabad, Telangana)",2026-06-04T10:34:57,whatsapp,amber,{single_non_official_signal}
f7645fd0-00d4-46e6-b3f0-26c58acdb835,ec0eb6f28a6a0e4bb94bc844deb9dbb5,8906631628447,JK4471,"208001 (Kanpur Nagar, Uttar Pradesh)",2025-10-24T14:56:40,web,amber,{single_non_official_signal}
3a97ae8f-2915-41b9-b799-fde711a45e2e,d586249bbc97c8e9193e8826b8d8dddc,8906631628447,JK4471,"590001 (Belagavi, Karnataka)",2025-09-16T11:52:34,web,amber,{single_non_official_signal}
d96a8604-82c3-4732-bcd7-766d8afc654e,07a82e9fb6c0b25933501f1ff139e277,8906631628447,JK4471,"462001 (Bhopal, Madhya Pradesh)",2025-07-01T08:12:59,web,amber,{single_non_official_signal}
101b8a78-fcc5-4b6c-b8b8-66a5bc6e243a,de247e4740668b5aae0d4378800cfad3,8906631628447,JK4471,"625001 (Madurai, Tamil Nadu)",2026-08-04T10:28:43,whatsapp,amber,{single_non_official_signal}
06cc819e-d27f-4bf5-ae6e-cf0782135e52,f2f0c6530ac1cd70e30dd65986032211,8906631628447,JK4471,"390001 (Vadodara, Gujarat)",2025-11-17T12:54:48,whatsapp,amber,{single_non_official_signal}
73c0b413-b21d-4ec6-8bbb-42cef26580b8,479a120878046b71bb921f0e02dd96c2,8906631628447,JK4471,"600028 (Chennai, Tamil Nadu)",2025-10-01T14:35:20,whatsapp,amber,{single_non_official_signal}
7993caa8-3864-4cc9-9a0c-0090d17c3f85,837463472d66637153bc60c813633bc6,8906631628447,JK4471,"302001 (Jaipur, Rajasthan)",2025-11-05T09:59:03,whatsapp,amber,{single_non_official_signal}
c8cd7b54-f646-4a90-b65b-0f4b952e9154,b69d6d5c618643f6f6e6d7622cbc4850,8906631628447,JK4471,"452001 (Indore, Madhya Pradesh)",2025-05-31T13:58:07,web,amber,{single_non_official_signal}
3865d7c4-8a5a-4b29-82b2-b84e9c73fe5a,44bda42892b50de3ed3cd1e015daf1b5,8906631628447,JK4471,"530001 (Visakhapatnam, Andhra Pradesh)",2026-06-25T08:13:56,web,amber,{single_non_official_signal}
961c53a8-51f0-474f-bcdd-0f5d5d9bfd4e,3d20a947fc95786792cf9b56694c8b26,8906631628447,JK4471,"530001 (Visakhapatnam, Andhra Pradesh)",2026-01-22T19:48:19,web,amber,{single_non_official_signal}
f0cafab7-b9d8-4c9f-a690-5a5fb3822ca0,79a2f4d8fbe362ba678bf6e1ddbb90be,8906631628447,JK4471,"360001 (Rajkot, Gujarat)",2026-02-14T19:15:13,whatsapp,amber,{single_non_official_signal}
153b693c-9c36-4a26-afb4-5ca1be2a288c,c18b040aeafe1ead0134875a67b0806b,8906631628447,JK4471,"411045 (Pune, Maharashtra)",2026-09-05T07:30:52,whatsapp,amber,{single_non_official_signal}
a5c05083-e757-4ee4-bafd-8f5bf67d36f8,900c212fd5450c54a8bdf5e38200a5c5,8906631628447,JK4471,"711101 (Howrah, West Bengal)",2026-02-21T10:19:16,whatsapp,amber,{single_non_official_signal}
d1c0e22b-ead0-4458-a962-b5c4106640cf,b91fb928aa96378df7f5d8c2f1237f20,8906631628447,JK4471,"590001 (Belagavi, Karnataka)",2025-03-29T20:58:25,whatsapp,amber,{single_non_official_signal}
da43acb2-d441-4b60-82c3-0afc15dce7d9,26aef3cee5f3c9e6f57782ba800416b8,8906631628447,JK4471,"400001 (Mumbai City, Maharashtra)",2025-10-20T02:35:03,web,amber,{single_non_official_signal}
c6c8c9b2-a7bb-4ae2-bf17-6f49fef3b2cf,6d2450112e9c9167d1028187bce4b1ad,8906631628447,JK4471,"700001 (Kolkata, West Bengal)",2026-03-26T11:47:17,whatsapp,amber,{single_non_official_signal}
c46760bc-5741-48cc-93bd-73901e73d79f,b47a2ebffda6f3def3a0892f872ef85e,8906631628447,JK4471,"143001 (Amritsar, Punjab)",2026-06-01T12:21:16,web,amber,{single_non_official_signal}
f61007fb-331c-4193-b72d-96acd3988632,89570adb0b974b0399dc5e6dd53402c6,8906631628447,JK4471,"590001 (Belagavi, Karnataka)",2025-06-24T19:46:55,web,amber,{single_non_official_signal}
78558d61-54b0-48d3-a530-4d798c13a821,f716b0b4fd123a083885d20d32d1f2ac,8906631628447,JK4471,"620001 (Tiruchirappalli, Tamil Nadu)",2025-04-21T15:11:36,whatsapp,amber,{single_non_official_signal}
de55b68f-16c3-411b-886d-1577f3494853,47b71bd129699afa2d1545cf18df3dcf,8906631628447,JK4471,"380001 (Ahmedabad, Gujarat)",2026-06-14T13:12:26,whatsapp,amber,{single_non_official_signal}
6e0dc776-68ea-456b-851c-f4bf8ca8089e,410151d0ac3902272883e8a3fcbcc94e,8906631628447,JK4471,"440001 (Nagpur, Maharashtra)",2025-05-05T10:39:12,whatsapp,amber,{single_non_official_signal}
8bbb2026-14e2-41d7-9ca8-a9b44fe0118d,e3d4b94a2cd98abd7d59e682f4c97fdb,8906631628447,JK4471,"625001 (Madurai, Tamil Nadu)",2026-07-09T21:25:30,web,amber,{single_non_official_signal}
0c619398-6fac-4b53-a3fb-30c598dc1ee4,3a499bbdb35f70b72dbb0f5397b62462,8906631628447,JK4471,"400601 (Thane, Maharashtra)",2026-05-18T02:13:22,whatsapp,amber,{single_non_official_signal}
59075ee9-b14d-4924-bdb2-88cbca6df792,5ae997b496fafd361db05a5e275221ee,8906631628447,JK4471,"400601 (Thane, Maharashtra)",2026-03-28T19:26:13,whatsapp,amber,{single_non_official_signal}
69a63025-aaea-499d-84f6-733931ef637e,a46b5332ccbf76fe50364b0da38ecd46,8906631628447,JK4471,"625001 (Madurai, Tamil Nadu)",2026-06-03T12:17:05,web,amber,{single_non_official_signal}
3c603780-62e0-4365-981b-51e2757f2009,dfca2b73dff91fa9f7479e9c937a7eba,8906631628447,JK4471,"575001 (Mangaluru (Dakshina Kannada), Karnataka)",2025-10-19T11:48:19,whatsapp,amber,{single_non_official_signal}
b525333f-a626-4480-8100-aea25d6eadc2,ea0d290ad59b284e2afbe23367ca0ff2,8906631628447,JK4471,"400001 (Mumbai City, Maharashtra)",2025-08-28T11:00:49,whatsapp,amber,{single_non_official_signal}
efb1cc9c-5cd1-4894-847c-2415ac016b34,edddb704146e7ad5c89c2b21719e0175,8906631628447,JK4471,"400001 (Mumbai City, Maharashtra)",2026-07-25T07:24:54,whatsapp,amber,{single_non_official_signal}
9054c48c-d1bf-416b-857e-3d3ddaa8a6ad,3ab51e6096d9ec58d56711a65208b7b3,8906631628447,JK4471,"590001 (Belagavi, Karnataka)",2025-08-09T10:25:08,whatsapp,amber,{single_non_official_signal}
ac91cadd-dc42-48f3-a460-3b03ad61738b,8246333b75013dabb4b52f53d69e07fa,8906631628447,JK4471,"452001 (Indore, Madhya Pradesh)",2025-10-31T13:07:36,web,amber,{single_non_official_signal}
3c4cc9d9-7d6e-4b39-8931-2baf35356243,a7c36e984c1a195661be175bebc9462a,8906631628447,JK4471,"452001 (Indore, Madhya Pradesh)",2026-04-03T09:48:31,web,amber,{single_non_official_signal}
cdbc07d1-635a-4150-933d-5a6df90527e5,71b1bb902e6e5abae5e6549e4ce4603a,8906631628447,JK4471,"600028 (Chennai, Tamil Nadu)",2025-10-25T14:20:52,whatsapp,amber,{single_non_official_signal}
6af42832-2bb5-4adc-adff-06bed4f78358,2a4f11926b55a634ed3e47f1f82d7a14,8906631628447,JK4471,"620001 (Tiruchirappalli, Tamil Nadu)",2025-08-30T12:14:55,whatsapp,amber,{single_non_official_signal}
a40fe0d9-804c-4c81-b235-394ffcb379f0,f5d8382d7b6602f439e5abc2e2c388ff,8906631628447,JK4471,"226001 (Lucknow, Uttar Pradesh)",2025-06-11T11:54:46,web,amber,{single_non_official_signal}
09da11a5-2f22-4393-a161-363614506ee3,8170ff829a01c3c50a216e17b06e546a,8906631628447,JK4471,"570001 (Mysuru, Karnataka)",2026-05-06T17:56:29,whatsapp,amber,{single_non_official_signal}
797db14e-1994-4872-8201-cda40572ff67,7e31751eb45e527941ffbdd5db2bdd7e,8906631628447,JK4471,"400072 (Mumbai Suburban, Maharashtra)",2025-08-31T12:59:37,whatsapp,amber,{single_non_official_signal}
4714b3ca-febd-4c9c-a05f-f52de60d9fb3,99816c9f3e6788ef3bebf9d53f68e425,8906631628447,JK4471,"570001 (Mysuru, Karnataka)",2026-05-16T01:59:16,web,amber,{single_non_official_signal}
9f80a4e8-c095-4028-926b-7443eb83d930,a88a0980658e0e24d7d0f96dfcbf10bd,8906631628447,JK4471,"695001 (Thiruvananthapuram, Kerala)",2026-02-06T12:11:51,web,amber,{single_non_official_signal}
a919ca50-c82f-45e9-84b9-c48a3aaec846,ca8e33c2fc078607a77c409085a6b799,8906631628447,JK4471,"400072 (Mumbai Suburban, Maharashtra)",2026-07-22T07:03:51,whatsapp,amber,{single_non_official_signal}
edbe105d-d120-4583-9351-cc6adba1f228,1f169a33d7f92d46770f6d2b0b816d4c,8906631628447,JK4471,"575001 (Mangaluru (Dakshina Kannada), Karnataka)",2025-09-18T13:12:39,whatsapp,amber,{single_non_official_signal}
d010e28b-0db2-4b02-b68d-a5d1eed58f34,3673cfb7526415b47f81296eea168415,8906631628447,JK4471,"560034 (Bengaluru Urban, Karnataka)",2026-09-10T17:10:57,web,amber,{single_non_official_signal}
9495076f-069c-4090-ac44-1a899a0bbdaf,770e4fe66028453fd0fa5331aab9091d,8906631628447,JK4471,"682001 (Ernakulam, Kerala)",2025-06-14T13:26:35,whatsapp,amber,{single_non_official_signal}
d91c7a5c-95ab-4ff8-ae1d-bc345c0f1e54,442e2d264fa1c7e696ec4cd8610ce4c5,8906631628447,JK4471,"143001 (Amritsar, Punjab)",2025-08-18T08:14:44,whatsapp,amber,{single_non_official_signal}
ce025997-76b8-4daa-b942-8d1017b28446,b950dd988cceba90ff3f057285907156,8906631628447,JK4471,"530001 (Visakhapatnam, Andhra Pradesh)",2025-06-23T18:50:13,whatsapp,amber,{single_non_official_signal}
a51601e7-355a-47e9-9b1f-86384af38c8e,9fa86da449ea003fc0691a658e3b7700,8906631628447,JK4471,"620001 (Tiruchirappalli, Tamil Nadu)",2025-10-08T11:18:06,whatsapp,amber,{single_non_official_signal}
6ec824eb-cbc5-421b-944b-d3c9bcfa4ea3,9fb17a3ba93456284dd18daecf483c49,8906631628447,JK4471,"695001 (Thiruvananthapuram, Kerala)",2025-07-05T12:28:01,whatsapp,amber,{single_non_official_signal}
18307efb-db60-4248-9627-be1de86f58b3,342db1abb89d4a60746bb7fa168829ad,8906631628447,JK4471,"570001 (Mysuru, Karnataka)",2026-05-29T17:57:13,web,amber,{single_non_official_signal}
9c13fa75-51ac-4230-8dce-f0095b45e1a6,115d6b541ac91ae0ef7b326777cb744a,8906631628447,JK4471,"400001 (Mumbai City, Maharashtra)",2026-07-11T16:48:39,web,amber,{single_non_official_signal}
9e8c0ec6-4b61-4889-a5bd-a7e7dedc897a,dbc5cae3db56e3604086f61c8fff48cc,8906631628447,JK4471,"221001 (Varanasi, Uttar Pradesh)",2025-07-21T11:48:21,whatsapp,amber,{single_non_official_signal}
8966053a-2999-4a3d-b43a-9e7f3075705b,4092bf2e12f699a5ec93708ea5ffb500,8906631628447,JK4471,"462001 (Bhopal, Madhya Pradesh)",2026-04-04T14:17:15,whatsapp,amber,{single_non_official_signal}
916a2521-648f-48e1-9e65-692ca346a2c1,eff30e008ee834d254dd55085935b12c,8906631628447,JK4471,"380001 (Ahmedabad, Gujarat)",2025-11-30T06:33:32,web,amber,{single_non_official_signal}
aa6f0120-90b6-45fd-9b68-da1c386cf35f,8485783702535d3844c264fced9a68f7,8906631628447,JK4471,"711101 (Howrah, West Bengal)",2025-09-16T01:57:18,whatsapp,amber,{single_non_official_signal}
be659625-6832-4332-b4b7-8d2827d90abb,4a5d5a2e6a0ee02a321f53555eb0f449,8906631628447,JK4471,"422001 (Nashik, Maharashtra)",2025-08-22T16:20:07,web,amber,{single_non_official_signal}
2ea11be4-279a-4ac9-af1c-531e3b009adc,f71667f5a195a3a986a886a17a12319f,8906631628447,JK4471,"395001 (Surat, Gujarat)",2026-02-22T09:54:33,web,amber,{single_non_official_signal}
453b318a-525a-46fe-83f4-4a8c08e3e2e6,614ed86b4b11400ed870dc4b9c39a582,8906631628447,JK4471,"625001 (Madurai, Tamil Nadu)",2025-07-17T18:19:15,web,amber,{single_non_official_signal}
01bd7e08-1f83-4b79-9c19-13fb62b4cbb0,91698b3b2ff463fa8c846e9cefd4c682,8906631628447,JK4471,"560001 (Bengaluru Urban, Karnataka)",2025-09-17T11:03:25,whatsapp,amber,{single_non_official_signal}
3dbf197f-34e6-4f4b-9b6c-f18b55d47c1d,82bd6fba832024640e5a47e0af3d58ef,8906631628447,JK4471,"580001 (Dharwad, Karnataka)",2026-06-16T23:37:27,web,amber,{single_non_official_signal}
6bd792ff-51bd-4812-9af4-0439cb22e278,91ae8d669f8dd0d229d1b1c38011fbf4,8906631628447,JK4471,"208001 (Kanpur Nagar, Uttar Pradesh)",2025-05-17T16:35:18,whatsapp,amber,{single_non_official_signal}
4b4043e0-fdf1-4af0-94d5-5da5735add91,93e7f2248db869326729228a02dfa4b7,8903443533184,LP2098,"570001 (Mysuru, Karnataka)",2025-05-10T14:28:40,whatsapp,amber,{single_non_official_signal}
9bfbaf73-5eac-4dbb-9d1e-11ea33d3505d,7be6d43327780a03152d279969e29f7c,8903443533184,LP2098,"641001 (Coimbatore, Tamil Nadu)",2025-12-27T08:42:02,web,amber,{single_non_official_signal}
9d1561f1-5aa6-46ed-bde4-411b83172d85,3625bd12b2bdf826d4788c63b0b6d27e,8903443533184,LP2098,"452001 (Indore, Madhya Pradesh)",2026-09-14T18:52:14,whatsapp,amber,{single_non_official_signal}
cf128242-2516-42a0-9d4f-e65eb25a02fe,271814f6ba2ee3e0f3469150c016ba63,8903443533184,LP2098,"530001 (Visakhapatnam, Andhra Pradesh)",2026-06-18T11:59:51,whatsapp,amber,{single_non_official_signal}
dd0f8c25-fa96-4647-bfa0-21947298e9ad,78a2969e946ea097483e079498e2120d,8903443533184,LP2098,"695001 (Thiruvananthapuram, Kerala)",2026-02-13T13:10:20,whatsapp,amber,{single_non_official_signal}
4ced7fe0-fa01-4694-b39a-e94086356883,464fed9149285d0842ce4cf10d13ac71,8903443533184,LP2098,"695001 (Thiruvananthapuram, Kerala)",2026-04-08T18:18:47,whatsapp,amber,{single_non_official_signal}
95f0e8d6-e649-4fdd-b95f-0587f4146544,930926eb0f8f1f260526178ee49c54db,8903443533184,LP2098,"625001 (Madurai, Tamil Nadu)",2025-11-17T18:24:06,web,amber,{single_non_official_signal}
50290572-8aac-4e69-b3e3-4e8dea1662c0,5f08a29dd7b2ade8ac51e1739af4ee03,8903443533184,LP2098,"800001 (Patna, Bihar)",2025-10-18T07:21:09,whatsapp,amber,{single_non_official_signal}
94fc66ec-cae0-45d9-90dd-5e2835d90e01,f5788dd99e1374dacff84a9f0c8bf442,8903443533184,LP2098,"462001 (Bhopal, Madhya Pradesh)",2025-06-25T12:26:28,whatsapp,amber,{single_non_official_signal}
c77e699d-0bdc-4e88-b7fb-ab58728c7516,01d94c5ae1af141188bbabf524d0f41d,8903443533184,LP2098,"110001 (New Delhi, Delhi)",2026-09-02T16:06:38,web,amber,{single_non_official_signal}
f99368e4-fb20-4726-9f1b-8ed56d648b47,9848636c6cbe75d2ce9173c5260970ad,8903443533184,LP2098,"395001 (Surat, Gujarat)",2025-04-13T22:11:02,whatsapp,amber,{single_non_official_signal}
040992ad-cc39-4297-8f20-f90ec0027a82,ea76039fc7c37ee7cbf7801c939becc3,8903443533184,LP2098,"411045 (Pune, Maharashtra)",2025-06-15T08:08:25,web,amber,{single_non_official_signal}
d0f6adb8-91b6-47d4-a931-bb0c16e39a36,e8d8dd2089be978d1a55e1e208c01099,8903443533184,LP2098,"560034 (Bengaluru Urban, Karnataka)",2026-02-03T16:07:47,whatsapp,amber,{single_non_official_signal}
621e313a-6ad4-4155-8caa-dc72cefb3b07,5ecaba38e8ff649046bdbfb40ddb73c3,8903443533184,LP2098,"395001 (Surat, Gujarat)",2025-12-23T09:51:10,whatsapp,amber,{single_non_official_signal}
4b03bc82-7198-4572-9e3e-04ae9eaf919b,f6ba51a2e886442326546a092046a653,8903443533184,LP2098,"380001 (Ahmedabad, Gujarat)",2025-12-27T18:23:46,web,amber,{single_non_official_signal}
b7d1aa6b-1340-4252-8c65-e3f0931e5dd0,d9d0ddaa465ed7efed71dffbb2f417a1,8903443533184,LP2098,"625001 (Madurai, Tamil Nadu)",2026-06-02T12:29:43,whatsapp,amber,{single_non_official_signal}
cecb6a97-6f6c-4e12-9d50-dbf95943e3cf,8c4e54d472c29c2fe7526b7bdffda081,8903443533184,LP2098,"682001 (Ernakulam, Kerala)",2026-09-09T18:49:23,web,amber,{single_non_official_signal}
14256767-0450-42cd-9004-f6d4e2b1b976,e4294884616b998d1d78aa49db89616f,8903443533184,LP2098,"575001 (Mangaluru (Dakshina Kannada), Karnataka)",2025-05-29T18:32:53,whatsapp,amber,{single_non_official_signal}
bee412ae-b02e-42f6-aa0d-e6c28853296c,39b01233eaf13bcf946d4553d27019c9,8903443533184,LP2098,"700001 (Kolkata, West Bengal)",2026-08-16T00:04:57,whatsapp,amber,{single_non_official_signal}
a3495a7b-1f79-47b3-b9d6-cfdbd481ffa5,b31d80ab8905594225061bcd67aa2dd1,8903443533184,LP2098,"208001 (Kanpur Nagar, Uttar Pradesh)",2025-06-14T19:32:34,whatsapp,amber,{single_non_official_signal}
f62c5fd8-7e53-4394-9fe5-b75e5ac9c83d,756c63e260585c98665611d330454128,8903443533184,LP2098,"141001 (Ludhiana, Punjab)",2025-10-02T06:40:26,whatsapp,amber,{single_non_official_signal}
e6ea4be6-9c91-407d-b958-516484f84370,5167930fa34fb65db1a08599152421e9,8903443533184,LP2098,"682001 (Ernakulam, Kerala)",2026-09-02T18:16:51,whatsapp,amber,{single_non_official_signal}
619ec7b8-38f1-4cb1-93ad-0346cf51d591,4a5f34a9f915361ff24aa19e5b594994,8903443533184,LP2098,"625001 (Madurai, Tamil Nadu)",2025-09-22T18:24:30,whatsapp,amber,{single_non_official_signal}
2ac8b160-fec1-4634-8924-470113bb0d6a,86853c7680f3ecb57f7d8bc5e839f3ca,8903443533184,LP2098,"530001 (Visakhapatnam, Andhra Pradesh)",2026-01-02T16:32:55,web,amber,{single_non_official_signal}
dce535c6-07c9-4817-8155-f4e06fe801d4,92da30647add5d7c40a9f0523b162e9e,8903443533184,LP2098,"208001 (Kanpur Nagar, Uttar Pradesh)",2026-07-17T08:54:40,whatsapp,amber,{single_non_official_signal}
8fb58080-42fe-49c2-b307-51370e475d7a,51f9f92e2b5b6edc3be785ac98c5adeb,8903443533184,LP2098,"400072 (Mumbai Suburban, Maharashtra)",2025-11-24T16:15:02,web,amber,{single_non_official_signal}
427a564b-1358-4bfc-aef7-ef215b9c8c9d,0c5d7b4224bb14b7b4b187af5c509cfd,8903443533184,LP2098,"395001 (Surat, Gujarat)",2025-07-13T10:19:55,web,amber,{single_non_official_signal}
6bcdba36-1bab-47a2-8856-9ab552b604c0,9979a1aebedbc3e1c0a9ec799b2c6da5,8903443533184,LP2098,"560034 (Bengaluru Urban, Karnataka)",2025-10-09T12:40:47,web,amber,{single_non_official_signal}
e9ff268f-14a2-43db-814d-4aa94c7445ac,3f45d64a5ca50f8ea2f34ef1380213d8,8903443533184,LP2098,"530001 (Visakhapatnam, Andhra Pradesh)",2026-02-09T22:48:54,whatsapp,amber,{single_non_official_signal}
31814f08-a5f1-48b9-af10-661d7a5f209c,d8aea6a69779106b83ee9d95dcf19cf1,8903443533184,LP2098,"110019 (North West Delhi, Delhi)",2025-03-27T08:36:44,whatsapp,amber,{single_non_official_signal}
73846f9d-9ea0-4b77-bd98-bcdf238623dc,940cbbe77ded56443b575e1ec9152ab9,8903443533184,LP2098,"380001 (Ahmedabad, Gujarat)",2025-12-24T17:15:58,whatsapp,amber,{single_non_official_signal}
5bffdd37-e002-484a-a059-341f73375e58,f58645d91cd9fc8ff8dd1e6f22d9fb99,8903443533184,LP2098,"600001 (Chennai, Tamil Nadu)",2026-01-29T17:39:30,whatsapp,amber,{single_non_official_signal}
f39de126-99e0-4dde-8998-47f6d935b483,77f575f65673958517a4d8fa4f219796,8903443533184,LP2098,"208001 (Kanpur Nagar, Uttar Pradesh)",2025-04-18T12:14:00,whatsapp,amber,{single_non_official_signal}
7e7f3c78-e77b-4669-9550-3c4cea1216b1,05b2a71e0dfca7654676667138c4cf8b,8903443533184,LP2098,"440001 (Nagpur, Maharashtra)",2025-08-05T18:16:17,whatsapp,amber,{single_non_official_signal}
bf141c44-7a50-4547-acb9-c49ccbdd7f96,8c497f5365eec587fc96c7bacd842b36,8903443533184,LP2098,"411001 (Pune, Maharashtra)",2026-02-07T18:33:15,whatsapp,amber,{single_non_official_signal}
37ee31f0-6afe-4b01-953c-1efae71ad490,f57eb1837977ddb3c1e5e52f65e2b4c8,8903443533184,LP2098,"110019 (North West Delhi, Delhi)",2025-11-11T12:47:59,whatsapp,amber,{single_non_official_signal}
f37f662b-09cf-405d-b5d2-691404f31458,fc09bcf4502307a13f75c5c8bf996217,8903443533184,LP2098,"380001 (Ahmedabad, Gujarat)",2026-09-10T17:17:22,whatsapp,amber,{single_non_official_signal}
2967b01e-bb0f-49b9-9ad2-ba9c15b55244,1cb26a0b268f8fca3cd6ded166d28420,8903443533184,LP2098,"422001 (Nashik, Maharashtra)",2026-04-09T14:26:33,whatsapp,amber,{single_non_official_signal}
d30af8e0-9381-4421-9ca5-633e9ea59cb4,09d67c95508d57b64345127bb957e1b7,8903443533184,LP2098,"400601 (Thane, Maharashtra)",2026-02-20T19:45:04,whatsapp,amber,{single_non_official_signal}
60d1003c-819a-4538-961b-344a5f9a33fc,411a7aac8296f44aefde6a2752cd8e95,8903443533184,LP2098,"700001 (Kolkata, West Bengal)",2025-11-15T07:39:40,web,amber,{single_non_official_signal}
7cd91c44-9274-4c30-beb9-73c774a9aace,c35a9e135c6246c1ad52b0543bf8d9d7,8903443533184,LP2098,"700001 (Kolkata, West Bengal)",2025-05-27T17:16:28,whatsapp,amber,{single_non_official_signal}
4562d78a-b370-4d27-bb4e-382cbbcc2dad,e4c1a46406cbab5f52baec333c45076f,8903443533184,LP2098,"560066 (Bengaluru Urban, Karnataka)",2026-03-24T09:38:57,web,amber,{single_non_official_signal}
ba6147dd-b995-4547-be5b-50d237aa7da7,a27dab24ab37c017617e3bdc4330265b,8903443533184,LP2098,"590001 (Belagavi, Karnataka)",2026-02-20T10:47:41,whatsapp,amber,{single_non_official_signal}
0152e213-7ac2-43ba-855d-3d7f97866aa0,16005a9a0af33487daa4fa7016842aea,8903443533184,LP2098,"500001 (Hyderabad, Telangana)",2025-09-20T10:13:21,whatsapp,amber,{single_non_official_signal}
6cef1c40-365d-41f2-b0cb-17963c2b269e,4ccb0bdeab920c0f0fe29a49302217df,8903443533184,LP2098,"620001 (Tiruchirappalli, Tamil Nadu)",2025-10-26T08:19:54,web,amber,{single_non_official_signal}
a048bc7f-c2da-42e6-80a8-829b0990513c,64b3a189ddde8ce338cdc2c6b48d4576,8903443533184,LP2098,"530001 (Visakhapatnam, Andhra Pradesh)",2025-04-13T16:16:43,whatsapp,amber,{single_non_official_signal}
25fd1956-3561-4784-844a-f9aafdc82966,2ebdbd519e31d7aed575c9954057544a,8903443533184,LP2098,"560034 (Bengaluru Urban, Karnataka)",2025-10-31T16:05:54,whatsapp,amber,{single_non_official_signal}
b3d99751-d472-4015-9d55-15105da3d1cb,ee23c0d3a47e310d703c73773f33a45b,8903443533184,LP2098,"700001 (Kolkata, West Bengal)",2026-05-12T08:00:18,whatsapp,amber,{single_non_official_signal}
721d1eb0-b8ca-4b88-b420-9c9ef6d3dc77,25fc1c1a17e1033bcd91365ff1e9e918,8903443533184,LP2098,"143001 (Amritsar, Punjab)",2026-05-21T07:54:50,web,amber,{single_non_official_signal}
2e039306-61f2-4a30-96b8-fc00955bf598,73cfec251e6a280af1abbd9e09c07be1,8903443533184,LP2098,"620001 (Tiruchirappalli, Tamil Nadu)",2025-06-26T15:30:40,whatsapp,amber,{single_non_official_signal}
b49991ae-982b-4874-9d5b-89e6a6cfb23d,145f6e00cf02a70a272afce829d0dcdb,8903443533184,LP2098,"390001 (Vadodara, Gujarat)",2025-04-11T09:15:39,whatsapp,amber,{single_non_official_signal}
e41bc688-1fc4-49cc-b3d4-fd6d1ada2a60,72e01347d43474d930129754853a28ed,8903443533184,LP2098,"625001 (Madurai, Tamil Nadu)",2025-10-30T17:32:12,web,amber,{single_non_official_signal}
23811d44-29d0-45cc-9838-357c45ac5cff,1f6ad21a12e870ddf676d2cfa58f8a11,8903443533184,LP2098,"530001 (Visakhapatnam, Andhra Pradesh)",2026-02-14T10:07:01,web,amber,{single_non_official_signal}
2e55d4ea-d08a-493a-9b31-b39495d601ed,503a9e868458a92b66bf54f5532507f7,8903443533184,LP2098,"395001 (Surat, Gujarat)",2026-02-17T14:46:52,web,amber,{single_non_official_signal}
2a3e03b8-53fb-4554-97e1-7a5e7c09e6de,3c45e1287a8b4b47f7ae74f6d390c4b1,8903443533184,LP2098,"208001 (Kanpur Nagar, Uttar Pradesh)",2025-06-21T08:20:29,whatsapp,amber,{single_non_official_signal}
ab8201dc-4159-48f6-9f8e-fe546731f3f2,84a5c7e9b4c320fb9181d500dfef4f1f,8903443533184,LP2098,"226001 (Lucknow, Uttar Pradesh)",2025-06-18T10:50:30,whatsapp,amber,{single_non_official_signal}
7f1ab95d-d129-45ce-88fd-ca5a53033417,68ffa7cf8ebc2d69fb2bbc2d815692f5,8903443533184,LP2098,"411001 (Pune, Maharashtra)",2026-03-08T17:36:05,whatsapp,amber,{single_non_official_signal}
3b2dd8c4-c9a6-4d3b-8e92-0187800dfc48,f64c91ead0afca8acec053deccc3850d,8903443533184,LP2098,"570001 (Mysuru, Karnataka)",2026-07-24T15:11:54,whatsapp,amber,{single_non_official_signal}
7bb82ffb-bf2a-4f73-90c3-832a183e0710,3926a23847ce4c6d05628eb00383cb28,8903443533184,LP2098,"400072 (Mumbai Suburban, Maharashtra)",2026-01-11T14:43:05,web,amber,{single_non_official_signal}
b5979a23-4431-420f-8615-1229d54119f1,bdd8b9f8e0399889744d2cbdc0f1a1e1,8903443533184,LP2098,"590001 (Belagavi, Karnataka)",2026-03-14T07:31:28,whatsapp,amber,{single_non_official_signal}
42f5d703-160f-4350-8625-07ef5b301c49,b588036961c9870eb59046c97138d2d3,8903443533184,LP2098,"625001 (Madurai, Tamil Nadu)",2025-03-27T08:08:01,web,amber,{single_non_official_signal}
ec4a51ab-7cf8-43ef-9fe3-215f2fa5043e,5dddfce29d1a501069806a9fb7659a09,8903443533184,LP2098,"700001 (Kolkata, West Bengal)",2026-09-18T08:13:57,web,amber,{single_non_official_signal}
60812afe-64ca-403e-a0d1-6bfe346f7022,f08635aca92aa7c6d6c6524c4b776fc7,8903443533184,LP2098,"411001 (Pune, Maharashtra)",2025-12-22T13:58:42,web,amber,{single_non_official_signal}
9fef622f-b055-4d7f-8e87-24c0adbeb8a0,31cdd83f376973cd9a2ab6a6b5ec027e,8903443533184,LP2098,"570001 (Mysuru, Karnataka)",2025-11-24T17:38:24,whatsapp,amber,{single_non_official_signal}
4f71eda2-6ba2-4008-ab7e-91246897fac4,6fd061ae63806ab9948addc4d8da3693,8903443533184,LP2098,"800001 (Patna, Bihar)",2026-04-01T15:46:57,whatsapp,amber,{single_non_official_signal}
2b979326-971a-46a4-8303-0ed27b41ee98,e28bdb6b68767cb44215ff43cf9085c0,8903443533184,LP2098,"600001 (Chennai, Tamil Nadu)",2025-10-06T12:40:05,whatsapp,amber,{single_non_official_signal}
16b5bfbf-9902-496a-be04-8256a1ad75b6,55341516951de1ed262bed90b94f7330,8903443533184,LP2098,"110001 (New Delhi, Delhi)",2025-11-18T16:02:19,whatsapp,amber,{single_non_official_signal}
9c030edd-963b-4bfa-9269-d0ff2176924a,d7fddbe4b025bde3849a14259a23b9cc,8903443533184,LP2098,"208001 (Kanpur Nagar, Uttar Pradesh)",2025-07-06T16:08:42,web,amber,{single_non_official_signal}
ac990efb-afe4-4223-8a0d-d77bf6d25613,637e8cb83d8c6aede98e01efce506dd3,8903443533184,LP2098,"400001 (Mumbai City, Maharashtra)",2026-02-07T00:27:27,web,amber,{single_non_official_signal}
1266060c-d415-4add-a652-35e2a38ccf80,f947b57d4143a64f124a404dbfe1cd93,8903443533184,LP2098,"395001 (Surat, Gujarat)",2026-07-29T11:07:27,whatsapp,amber,{single_non_official_signal}
373d3ae2-f033-4f2f-880d-0f3755c6454b,87869bc147951182da3287968d37960c,8903443533184,LP2098,"590001 (Belagavi, Karnataka)",2025-12-02T19:06:36,web,amber,{single_non_official_signal}
bff62266-3468-4a20-9941-5252e9625de1,dc439554da804e26d1dbd3a37b5f4853,8903443533184,LP2098,"695001 (Thiruvananthapuram, Kerala)",2025-05-31T21:51:25,whatsapp,amber,{single_non_official_signal}
0a81cdd2-d7e0-4af2-b0c2-475f5ac504de,6122cdc7f9643b35b9ff026391350103,8903443533184,LP2098,"400001 (Mumbai City, Maharashtra)",2025-08-24T11:23:58,web,amber,{single_non_official_signal}
7a9fc81b-c03a-4e6a-9780-cc6444d4d224,051219f93074e3f72a7e9a15c434d485,8903443533184,LP2098,"110001 (New Delhi, Delhi)",2025-05-25T12:51:02,whatsapp,amber,{single_non_official_signal}
1537c151-4b13-4e88-89ec-a3c3eeda47e8,65e65b61addbe7b6f5a83303c03e4dce,8903443533184,LP2098,"575001 (Mangaluru (Dakshina Kannada), Karnataka)",2026-08-14T19:53:22,whatsapp,amber,{single_non_official_signal}
f43712ac-9e0b-4b44-9e69-508b6dce6b86,ba279abe577e6406104a2cefc7986315,8903443533184,LP2098,"600001 (Chennai, Tamil Nadu)",2025-12-01T13:21:05,whatsapp,amber,{single_non_official_signal}
d6c8c3c6-b349-400c-b6db-226aa95a86db,e65a8cbb29e72c89e089b3396ce7d981,8903443533184,LP2098,"560001 (Bengaluru Urban, Karnataka)",2025-12-10T11:51:30,whatsapp,amber,{single_non_official_signal}
269b5b81-b5e0-4d8f-b657-967cbce7e680,5865d6e0047236995f2667a34fb42282,8905140837385,MQ7756,"226001 (Lucknow, Uttar Pradesh)",2026-08-16T07:12:07,whatsapp,green,{}
29eb8817-3754-4717-91e5-fcaf8da17e2e,f8cd423286972be438fdd83f09ba0263,8905140837385,MQ7756,"400072 (Mumbai Suburban, Maharashtra)",2026-01-27T09:58:58,whatsapp,green,{}
82ee812b-a190-4626-93ad-e10472a04be8,eb688a0c850b059c3eb284dd2bf97e1e,8905140837385,MQ7756,"422001 (Nashik, Maharashtra)",2025-06-02T10:29:50,whatsapp,green,{}
c98e15da-f4fb-4a08-9872-2e9e35a8ba50,28f9bb705507ea293a52bf8bfb193fb3,8905140837385,MQ7756,"500001 (Hyderabad, Telangana)",2025-06-25T17:15:06,whatsapp,green,{}
188c5f8f-61bb-42c5-85e9-b8d651c2fe18,13546249e6017e2ff45f4232afe39e4d,8905140837385,MQ7756,"400001 (Mumbai City, Maharashtra)",2026-06-23T11:00:37,web,green,{}
092e7b54-7d01-4dec-bcc4-e02e7bbe3974,4391e9172bde60ded1557863d3dd11cd,8905140837385,MQ7756,"411001 (Pune, Maharashtra)",2025-08-18T20:22:40,web,green,{}
28f6f6ae-33db-4405-ad27-24e7c6d43e1b,de27e0cad09766ebe1561fb10219eb6d,8905140837385,MQ7756,"400072 (Mumbai Suburban, Maharashtra)",2025-06-27T20:46:28,whatsapp,green,{}
ebae8c67-921c-4b83-9a02-15a075fb28b4,4712c50200a1a3f1f6b6fcbffabbdefc,8905140837385,MQ7756,"695001 (Thiruvananthapuram, Kerala)",2025-11-18T16:13:48,whatsapp,green,{}
3afd94a0-756b-41d8-a8de-53cbbe2fc4d0,c89c566f8af03d7e7c2a943f2bd7ee92,8905140837385,MQ7756,"226001 (Lucknow, Uttar Pradesh)",2025-11-18T15:48:34,whatsapp,green,{}
350c0ded-fa0d-41dd-825e-ac7699edc13c,90cc701815c0a101ac029fed49d70924,8905140837385,MQ7756,"462001 (Bhopal, Madhya Pradesh)",2026-01-20T13:26:23,web,green,{}
34129335-7efd-45a5-ae79-2bacc4e59527,467a4b591586593b03fe37fb29f98984,8905140837385,MQ7756,"411045 (Pune, Maharashtra)",2026-02-21T08:20:05,whatsapp,green,{}
578a78fd-3ba3-4d47-a899-ac8108b8997b,abcf38fd15015d35ef38998e35a43d19,8905140837385,MQ7756,"641001 (Coimbatore, Tamil Nadu)",2026-01-17T16:54:33,web,green,{}
6fa278c0-81df-4946-ab6f-e35be668b472,ae3d018fd664f5b8a03ec0d5b8c3ea33,8905140837385,MQ7756,"360001 (Rajkot, Gujarat)",2025-04-30T18:59:59,web,green,{}
fd2c429f-eb92-4de6-93b4-2146087c80ee,b8717f7ae455b6c8004906245babd660,8905140837385,MQ7756,"711101 (Howrah, West Bengal)",2026-05-23T13:23:02,web,green,{}
9ecba601-b9d6-4947-8826-122d463d8981,f87d6132fa9624faaac2062ad2d1fbc1,8905140837385,MQ7756,"570001 (Mysuru, Karnataka)",2025-05-19T10:47:36,whatsapp,green,{}
adeb2474-5381-4cf5-b6b5-5b0d0496078a,ca27571e9964dfdcf6a4a69bca5bc2a2,8905140837385,MQ7756,"141001 (Ludhiana, Punjab)",2025-10-30T19:37:42,web,green,{}
7e4c5d20-44ad-409a-94bd-1f1c70bc4331,ac21f4f12c5ef44ba5af3cf035f04147,8905140837385,MQ7756,"141001 (Ludhiana, Punjab)",2025-06-22T08:14:24,whatsapp,green,{}
15bf475d-c9e4-4b5d-9fb1-ad38223e85c5,646ec209235712fc45bff65f0a0e6819,8905140837385,MQ7756,"302001 (Jaipur, Rajasthan)",2026-02-21T12:50:31,web,green,{}
030c1051-a616-4769-945b-009e23c320af,132c946f0b6724026587ee0d581d4161,8905140837385,MQ7756,"570001 (Mysuru, Karnataka)",2026-08-30T03:13:41,whatsapp,green,{}
2b66bb86-8083-43f2-b6d9-21bff4ce340e,c380778856c965cb6f69fff0cf5546a2,8905140837385,MQ7756,"641001 (Coimbatore, Tamil Nadu)",2026-05-29T15:46:23,whatsapp,green,{}
84f8ab03-e133-4a73-97ea-393618114f9c,413d9e5438e768393a447a1fe6596bec,8905140837385,MQ7756,"560066 (Bengaluru Urban, Karnataka)",2025-11-09T11:52:56,web,green,{}
95e6d9af-fb5e-42e4-95f5-6a94b5ccc0e9,35002dd563ba668c01b887ccbdf0b358,8905140837385,MQ7756,"143001 (Amritsar, Punjab)",2025-11-08T19:05:06,whatsapp,green,{}
2fc78bb6-71b2-4bd1-97c9-db7abe5ce126,f0cc38b830c9fe177845e89795bf7b93,8905140837385,MQ7756,"625001 (Madurai, Tamil Nadu)",2025-09-29T15:18:08,whatsapp,green,{}
dd4fb8a1-8ec2-4416-bbfd-856e1352fe45,68eba980dfe91d34c4a7488f7fce48fa,8905140837385,MQ7756,"422001 (Nashik, Maharashtra)",2026-09-17T16:59:33,whatsapp,green,{}
5d302dec-cdd6-4425-b2da-39ad2d6efc3d,fd921d7657d6553b2c0cebcc70a739a2,8905140837385,MQ7756,"360001 (Rajkot, Gujarat)",2025-11-02T15:34:25,web,green,{}
88770233-a377-4676-939c-880454028e85,290d6f5f08eb29bdf2340f4602197bb1,8905140837385,MQ7756,"711101 (Howrah, West Bengal)",2025-05-01T00:01:34,whatsapp,green,{}
18a22872-2ea3-427b-981c-551c43a0062a,a1a8bcf69d34a72fc80283a15b2ef8d6,8905140837385,MQ7756,"122001 (Gurugram, Haryana)",2025-07-18T14:23:15,whatsapp,green,{}
d3192109-9c72-4aa8-8124-29b44a821ef2,b68b076cf2b48aeae4dc901b1057ad63,8905140837385,MQ7756,"580001 (Dharwad, Karnataka)",2026-08-18T13:34:05,web,green,{}
12a20986-60f1-4a49-932c-3d5f64cb2cbe,6a2c9b29d1e4b8fa59e4006392752635,8905140837385,MQ7756,"560066 (Bengaluru Urban, Karnataka)",2025-08-09T17:28:49,whatsapp,green,{}
57c2f934-6c1e-45e5-ad4b-d1aacc8b9492,9eb5cb5bbe07ebf3b6be7be775e69b19,8905140837385,MQ7756,"580001 (Dharwad, Karnataka)",2026-07-13T19:36:59,whatsapp,green,{}
2e18c9fd-f3dd-44d5-b205-11849d2a2233,684cd71e3be93501e25c6e87501a1b12,8905140837385,MQ7756,"302001 (Jaipur, Rajasthan)",2026-03-14T11:43:30,whatsapp,green,{}
a413778b-adfa-4cfe-9369-556217f0a464,e973ec6bda069ae84a0967d311aeda37,8905140837385,MQ7756,"422001 (Nashik, Maharashtra)",2025-11-06T11:11:27,whatsapp,green,{}
92a62bd4-0b76-4df7-ab3a-b2629c9b12c7,a084b86b7d2f1262da05dac54c5d9d2b,8905140837385,MQ7756,"143001 (Amritsar, Punjab)",2026-05-12T10:33:45,whatsapp,green,{}
0d87cf1a-c190-4a72-9619-99b248668c96,008ca7a8a8c15d1351bb35799dd90f70,8905140837385,MQ7756,"695001 (Thiruvananthapuram, Kerala)",2026-02-18T14:31:25,whatsapp,green,{}
764173c7-89dd-40f4-945b-3aaaf301ce77,31cbb316f6e047925c4fe6f5d42d0c0d,8905140837385,MQ7756,"360001 (Rajkot, Gujarat)",2025-06-14T10:29:01,whatsapp,green,{}
1dd7c4e7-2b14-43da-851b-db367b3b20c1,37e69a7dc2fa0efbf977bfdf3704f3fa,8905140837385,MQ7756,"110019 (North West Delhi, Delhi)",2026-04-26T16:16:47,whatsapp,green,{}
c593b794-d661-4c08-88e4-c7ff508ee059,8b4d0a1dd462816d6ac68c50ee29fe9f,8905140837385,MQ7756,"500001 (Hyderabad, Telangana)",2025-08-23T09:32:24,whatsapp,green,{}
d0ab5358-7bbe-4d07-bf41-53e4850196c0,fe4db45608a69a3bb81e1c7342610530,8905140837385,MQ7756,"700001 (Kolkata, West Bengal)",2025-10-10T12:33:41,web,green,{}
942085c6-96ee-4d73-896f-d8ac85f44602,34f670563230f381f9b76afe842a984f,8905140837385,MQ7756,"560066 (Bengaluru Urban, Karnataka)",2026-02-26T12:56:02,web,green,{}
079ec809-6419-48e4-9662-c9fc69c0ea3d,9f480e13b6bc16a65b67f447aa661b18,8905140837385,MQ7756,"400601 (Thane, Maharashtra)",2025-11-29T05:37:12,whatsapp,green,{}
6224034b-3e57-4eba-a0f1-71472a19fb58,f8da7733fdf5b4af4fa1840134012e16,8905140837385,MQ7756,"395001 (Surat, Gujarat)",2025-10-16T07:11:18,whatsapp,green,{}
70e6eee9-af17-42af-aeee-2e4689cdf1f8,fb617002aa99f958b4fb1ea4805f81f1,8905140837385,MQ7756,"141001 (Ludhiana, Punjab)",2025-03-29T16:07:23,whatsapp,green,{}
6c0f0277-e3ad-42ee-9c10-f77e7bc2a630,b3e2923a6cdd6d40c8280e2cc8611101,8905140837385,MQ7756,"600028 (Chennai, Tamil Nadu)",2026-04-06T09:22:50,whatsapp,green,{}
c19476f8-de1d-458a-9e32-2f1915bff902,864f4857eeab6b3390956e89820a834b,8905140837385,MQ7756,"141001 (Ludhiana, Punjab)",2025-10-25T00:54:16,whatsapp,green,{}
1d81e3d2-0d83-46fa-8ba8-8896a217128d,d677ce539adb86c1878a653bb44f8ba2,8905140837385,MQ7756,"400601 (Thane, Maharashtra)",2025-12-20T09:13:34,whatsapp,green,{}
c43450aa-03d5-4410-b695-c988adc0f404,1bf5dcbcf16acbfd18994ece32cd8e3e,8905140837385,MQ7756,"141001 (Ludhiana, Punjab)",2025-09-30T11:44:22,whatsapp,green,{}
b42f9a77-f27b-4cb4-8409-14e1ab98dbc9,e69c2dee9cd16129f8c7c82586ace160,8905140837385,MQ7756,"800001 (Patna, Bihar)",2025-12-13T18:49:38,whatsapp,green,{}
d67640d6-1a89-458b-a76d-c868426f8d28,cf17661cf8abce32464a17f011745526,8905140837385,MQ7756,"221001 (Varanasi, Uttar Pradesh)",2025-12-30T19:21:42,web,green,{}
13205fac-c4f2-407e-a530-a0a1573cb66f,25815464a7b85d35afe531b2869eb58c,8905140837385,MQ7756,"695001 (Thiruvananthapuram, Kerala)",2025-10-24T20:15:09,web,green,{}
d8b4ae62-4505-4803-8787-13fbcaf467d2,c8ea3960d28d255b52921347bf9d0b29,8905140837385,MQ7756,"462001 (Bhopal, Madhya Pradesh)",2026-08-17T11:07:35,whatsapp,green,{}
97725f5f-1248-45de-a539-ce31eb3b95a0,c022047215935707ee4b349b3ed3f13e,8905140837385,MQ7756,"600028 (Chennai, Tamil Nadu)",2025-04-22T11:46:57,whatsapp,green,{}
e5c5df81-a5e4-4857-8f78-d7d82134a6f1,72047b12cc9b9928c0100423d639584c,8905140837385,MQ7756,"575001 (Mangaluru (Dakshina Kannada), Karnataka)",2026-04-08T05:56:30,whatsapp,green,{}
75e71a28-52d9-4353-89cc-db9563ba8c46,4d565fce7d8527e47aa6d46b3802d032,8905140837385,MQ7756,"711101 (Howrah, West Bengal)",2026-01-31T07:14:34,whatsapp,green,{}
1dc75790-6e5b-4d1e-a09f-884736354de3,0f7c9a1f8fe79c6d8943d48193572a69,8905140837385,MQ7756,"360001 (Rajkot, Gujarat)",2026-03-19T07:13:52,whatsapp,green,{}
fad8d733-ee3d-4b53-91b7-76329c7e30c3,a3cd89d23d353e7425c1ea5334023284,8905140837385,MQ7756,"226001 (Lucknow, Uttar Pradesh)",2025-10-02T03:43:49,whatsapp,green,{}
140e026a-90ef-48b3-b45d-e07b11f4cea0,9416e175a6d9bdd633a6d76cbeec179c,8905140837385,MQ7756,"390001 (Vadodara, Gujarat)",2026-03-02T19:26:21,whatsapp,green,{}
6ced313c-da55-4ce1-9c1c-7537ef25e6dc,4509e183edb153236a538c37700e2f68,8905140837385,MQ7756,"390001 (Vadodara, Gujarat)",2026-05-16T17:21:43,web,green,{}
3e7d408c-3281-40d9-91d7-7fd3867a2aad,7385530f3cbd088b07999b0898572d74,8905140837385,MQ7756,"143001 (Amritsar, Punjab)",2026-09-11T15:57:02,whatsapp,green,{}
1bd55ecc-bbb5-4778-8401-099710304372,a32f184131edb0fbb2f7ec9bd3747ad1,8905140837385,MQ7756,"800001 (Patna, Bihar)",2026-07-10T19:12:09,whatsapp,green,{}
14c57f28-1b65-40e7-b748-0b86aeaf8d19,b915e886f718edfe525c0fe056d54e12,8905140837385,MQ7756,"380001 (Ahmedabad, Gujarat)",2026-08-21T12:00:06,web,green,{}
9ec1e0c4-3d1c-43ef-ab71-d08a328a3f7e,1543d0c4736552af244d19d915c2ea5b,8905140837385,MQ7756,"600028 (Chennai, Tamil Nadu)",2025-10-02T12:10:14,whatsapp,green,{}
272208aa-a091-441a-9251-15bb7ad0ac1e,7920dfced630897350109186ee3f4011,8905140837385,MQ7756,"208001 (Kanpur Nagar, Uttar Pradesh)",2025-05-14T09:27:28,web,green,{}
e233ccfc-fd2f-43bb-9b6e-28cff5bea181,e711557ac27005bc117f2f254e39c1d5,8905140837385,MQ7756,"440001 (Nagpur, Maharashtra)",2026-09-18T17:27:46,web,green,{}
5df167cb-7a7d-457d-904a-695858242841,4c995484ead421bd08d5032bf341d4a5,8905140837385,MQ7756,"500001 (Hyderabad, Telangana)",2025-09-06T17:35:02,web,green,{}
8630dfbf-85a0-4c30-b718-2d01f9dc166b,947f19b6b3fe7f358b195e410c1fe0fd,8905140837385,MQ7756,"208001 (Kanpur Nagar, Uttar Pradesh)",2026-06-13T16:10:50,whatsapp,green,{}
a72fe2ba-e1b9-438d-a793-4ee83a80a5af,4aa5df82506157c76ffd27d3a450adce,8905140837385,MQ7756,"302001 (Jaipur, Rajasthan)",2025-12-22T04:21:05,whatsapp,green,{}
1dd495dd-bc5b-416e-b71d-8e35d307fcaa,c01bd6fdd6412ae9ade97745cdcd50b6,8905140837385,MQ7756,"141001 (Ludhiana, Punjab)",2026-03-05T16:53:52,web,green,{}
55b36352-60aa-4a7f-8c79-e7e2ba83648a,cc3b41ae37d1d4ca86a35c861066abab,8905140837385,MQ7756,"590001 (Belagavi, Karnataka)",2025-08-20T10:54:24,whatsapp,green,{}
883266a1-9922-43c2-b608-3d16375106ad,ab2c541b838cef5fc4e0c7e78a8cf5e5,8905140837385,MQ7756,"395001 (Surat, Gujarat)",2025-10-22T12:24:38,whatsapp,green,{}
5de44e11-dff7-4591-8dab-a6fe8577ea1e,2e58bbc098b84fd45f0592c98e4716d8,8905140837385,MQ7756,"711101 (Howrah, West Bengal)",2025-08-09T08:15:51,whatsapp,green,{}
36ff722a-bf7b-4b51-8a0d-79ea1f971453,405bd4a7b26669855d2716897274fb27,8905140837385,MQ7756,"360001 (Rajkot, Gujarat)",2026-06-17T13:51:21,whatsapp,green,{}
03e940c1-3352-4728-9aa3-240cc3fc2923,fe96fc5b8cb316590d2f57f63bf8a861,8905140837385,MQ7756,"580001 (Dharwad, Karnataka)",2026-05-19T10:24:14,web,green,{}
e59454ff-c310-4934-8ef7-46c29058b00f,3c9a1a28aaeb401d29decc034d0d2680,8905140837385,MQ7756,"221001 (Varanasi, Uttar Pradesh)",2025-07-30T23:22:39,whatsapp,green,{}
be8644b3-42ca-4cd8-be63-929cc412ef66,a392b1fa16904b25b577547d82e6adaa,8905140837385,MQ7756,"208001 (Kanpur Nagar, Uttar Pradesh)",2026-02-06T16:48:00,whatsapp,green,{}
ae0f8838-53ca-4442-a8f7-f969391aa0ad,e19bfd176d9f69c6b1e2d98479513ee5,8905140837385,MQ7756,"226001 (Lucknow, Uttar Pradesh)",2026-03-26T18:12:20,whatsapp,green,{}
d339274b-36f0-4dbe-ba43-20d7f201f04c,ba85c4a371985106887a84dfd3661b9f,8903972376374,NS3340,"110019 (North West Delhi, Delhi)",2025-09-07T12:21:43,whatsapp,green,{}
1325893f-1d6b-4fc1-b297-3fea5bae566b,cc3862ee623e4eaad1a27141fdf6aaec,8903972376374,NS3340,"422001 (Nashik, Maharashtra)",2025-11-10T15:13:28,whatsapp,green,{}
da6b6955-b9da-478a-8bb5-95ff7ec203ac,78532dab04693e255df864cc6f081e28,8901213895693,PT8813,"620001 (Tiruchirappalli, Tamil Nadu)",2026-07-15T16:41:37,whatsapp,red,{nsq_status_fail}
fe518a9b-5a03-4db8-b094-7b71019895f1,550ebfb1d6d2518ed9d4799794e62186,8901213895693,PT8813,"625001 (Madurai, Tamil Nadu)",2026-04-11T15:32:48,whatsapp,red,{nsq_status_fail}
a9f3cb3b-fe85-48d6-b820-34d452492245,52ae9f1ddbf41e10d94e71306d3cb383,8901213895693,PT8813,"395001 (Surat, Gujarat)",2025-10-10T11:24:20,web,red,{nsq_status_fail}
e9c2cd17-d407-42c2-aa62-c865c48fd70f,e7abbc816d0bf3a0cd36dd4869737891,8901213895693,PT8813,"560034 (Bengaluru Urban, Karnataka)",2026-05-18T13:06:40,whatsapp,red,{nsq_status_fail}
4725159a-cf0b-4261-a3b6-4a884871cdaa,f769a3efd16440eadc6d1660429c3b56,8901213895693,PT8813,"122001 (Gurugram, Haryana)",2025-07-17T21:34:40,whatsapp,red,{nsq_status_fail}
3c79801c-85b3-42ca-ae7e-93dd9862eb0a,96adda12a238652a1aa2a720deceedf2,8901213895693,PT8813,"122001 (Gurugram, Haryana)",2025-10-20T11:58:16,web,red,{nsq_status_fail}
1ce7a382-a7a9-4876-8e73-9d262fe4458e,c8ab7891e45a742792e520b2b6cca6ef,8901213895693,PT8813,"221001 (Varanasi, Uttar Pradesh)",2025-09-25T11:08:45,whatsapp,red,{nsq_status_fail}
444471d9-57bc-441a-b37a-becc359004ab,8a78f78ef17627b074647f6d052aaa8a,8901213895693,PT8813,"580001 (Dharwad, Karnataka)",2026-05-25T18:45:40,whatsapp,red,{nsq_status_fail}
4f8881ba-8a50-4f7a-b016-73d014151a8f,5357c28cd9f11d1f19ef53c0f31a2f90,8901213895693,PT8813,"570001 (Mysuru, Karnataka)",2025-11-12T23:51:56,web,red,{nsq_status_fail}
dde4d966-c54c-423d-82b7-86391434f42a,9dbffe92067945df34f9d6c8e33cfa59,8901213895693,PT8813,"122001 (Gurugram, Haryana)",2026-06-19T16:38:07,web,red,{nsq_status_fail}
61b826c1-aa6c-467b-8602-df7e94760c25,6218ab7888a51179a6e16849f76a2de0,8901213895693,PT8813,"395001 (Surat, Gujarat)",2026-08-10T10:39:08,whatsapp,red,{nsq_status_fail}
50804871-b492-4dfb-a7b6-76add07488f3,8ee1eb9bcccdde2fe537a0d9a5ce4158,8901213895693,PT8813,"800001 (Patna, Bihar)",2026-08-04T17:37:00,whatsapp,red,{nsq_status_fail}
3e7606f2-ce47-4bfd-8a67-b3751dc38018,83ec4216fedf17b894f6203d5363158c,8901213895693,PT8813,"360001 (Rajkot, Gujarat)",2025-06-04T18:15:20,web,red,{nsq_status_fail}
022dc687-041e-4086-8bc2-f5f219110ebc,653c6164d676ecec415bff5456892084,8901213895693,PT8813,"400601 (Thane, Maharashtra)",2025-06-08T11:30:20,whatsapp,red,{nsq_status_fail}
905b7ba0-9849-489e-830d-3d4a788d44a4,b6f8599684816dc75be03843794be896,8901213895693,PT8813,"462001 (Bhopal, Madhya Pradesh)",2025-07-02T13:31:33,whatsapp,red,{nsq_status_fail}
1f6f8daa-18ec-4b64-89a1-dc2a56cf0362,a29d233b9e2ba698421ea4486e2cf1e8,8901213895693,PT8813,"400001 (Mumbai City, Maharashtra)",2025-04-30T13:23:51,web,red,{nsq_status_fail}
9c760be9-5694-4e0d-adc7-82cdb1f9b05c,3e3c77aa6c2043c6df235627f87ff5b0,8901213895693,PT8813,"800001 (Patna, Bihar)",2026-06-21T16:16:06,web,red,{nsq_status_fail}
aa6d9eba-297d-4344-b930-77eb22915e9b,7eaf08b8c222f1c5509b3353a070eb75,8901213895693,PT8813,"462001 (Bhopal, Madhya Pradesh)",2026-01-15T13:07:40,whatsapp,red,{nsq_status_fail}
99ce1c64-67e4-4681-be89-016eb6ed544d,db9ad7e78d0b7f21ee9285f51156c7ce,8901213895693,PT8813,"560001 (Bengaluru Urban, Karnataka)",2026-04-16T13:36:00,whatsapp,red,{nsq_status_fail}
efb9726f-757d-4f34-8f86-569a5cc4a1e6,3f0e3998648738b44b6fe44158bfcf7c,8901213895693,PT8813,"122001 (Gurugram, Haryana)",2025-04-13T03:34:16,web,red,{nsq_status_fail}
189ac25d-d110-4ddc-958a-58b9f6a515d6,95dad48d9df57f899837068793c39049,8901213895693,PT8813,"590001 (Belagavi, Karnataka)",2025-07-05T11:45:44,whatsapp,red,{nsq_status_fail}
45e3adab-84f3-430f-a5d0-cba48288feb5,becf82211cee25c153ff9b72fefd42fd,8901213895693,PT8813,"560066 (Bengaluru Urban, Karnataka)",2025-09-29T23:45:13,whatsapp,red,{nsq_status_fail}
b2909898-3d10-4604-b83f-f381132f2cde,6846e232c5a79c67b6621837e9a04c4c,8901213895693,PT8813,"560034 (Bengaluru Urban, Karnataka)",2025-08-20T08:46:15,whatsapp,red,{nsq_status_fail}
44115c09-72a8-4cf8-b69c-a5007dba0e7a,7f71652c21d1328acfdca58e87218d3f,8901213895693,PT8813,"221001 (Varanasi, Uttar Pradesh)",2025-12-19T13:18:52,whatsapp,red,{nsq_status_fail}
1ff3876a-cb68-4e52-ba90-b2e689966f32,893312bfc94a66674b3d95950d3071ab,8901213895693,PT8813,"360001 (Rajkot, Gujarat)",2025-10-01T06:32:21,whatsapp,red,{nsq_status_fail}
df8bff46-77ed-4ec8-8720-482f7adb5254,c41f83905bdb313f8508f156de3c9297,8901213895693,PT8813,"711101 (Howrah, West Bengal)",2026-01-04T10:03:46,whatsapp,red,{nsq_status_fail}
f5ef1f78-e270-4df4-a199-78653e8d67ad,c429f0468da80b60335b83177ba61a3f,8901213895693,PT8813,"700001 (Kolkata, West Bengal)",2025-12-17T13:30:09,whatsapp,red,{nsq_status_fail}
4fa9b697-4344-48a1-ba3a-9a2c4253eeb7,ca1548d3405fb5bbd8b66d9ed92459b4,8901213895693,PT8813,"411045 (Pune, Maharashtra)",2026-03-14T21:28:40,web,red,{nsq_status_fail}
14c40e58-86e9-4223-810e-4895cfc6a009,fb635ded5e06cfa48ccbc42749b681ff,8901213895693,PT8813,"400072 (Mumbai Suburban, Maharashtra)",2026-08-16T13:39:03,whatsapp,red,{nsq_status_fail}
7c8821e6-b693-49bf-8ded-cfe2a40b19bc,df771a41865b3a32a3208a2747cf68a4,8901213895693,PT8813,"695001 (Thiruvananthapuram, Kerala)",2025-04-17T13:18:22,whatsapp,red,{nsq_status_fail}
8679095c-d87d-4b2f-a075-3950f98675b8,3883abf3da928f734eb6f1d261369666,8901213895693,PT8813,"580001 (Dharwad, Karnataka)",2026-08-31T15:45:28,whatsapp,red,{nsq_status_fail}
a0664946-dbe1-4fea-90ca-7c923811addb,fa0238c7d8b82a03520ac18bf5acee42,8901213895693,PT8813,"570001 (Mysuru, Karnataka)",2025-07-20T08:36:37,whatsapp,red,{nsq_status_fail}
6a15d831-fda4-4203-98bf-0987944de3d1,43b7b64312f114ca62820c5b4951f43c,8901213895693,PT8813,"600028 (Chennai, Tamil Nadu)",2025-06-30T15:57:49,web,red,{nsq_status_fail}
51815f26-8c8b-450b-a07c-bc1eae5e76a5,a03bd6113c95842b3cc7edbc5f048e98,8901213895693,PT8813,"600001 (Chennai, Tamil Nadu)",2026-03-24T11:49:30,whatsapp,red,{nsq_status_fail}
fa59a46e-2382-4f69-9f27-d1cf35fd71ad,e73388b8c52c4a497507f8b5958aac2e,8901213895693,PT8813,"625001 (Madurai, Tamil Nadu)",2026-05-20T20:20:35,web,red,{nsq_status_fail}
040255c3-0f65-4f69-ab99-4a1a08240ff4,30892dfb86ab8715f6c0f7210998af9f,8901213895693,PT8813,"122001 (Gurugram, Haryana)",2025-09-24T20:44:48,whatsapp,red,{nsq_status_fail}
035a0b10-68d4-4c2d-b8e8-5357d4f96950,4cf6e2dea5ad19eed8c07d1ae3b2f564,8901213895693,PT8813,"360001 (Rajkot, Gujarat)",2026-07-11T11:32:25,web,red,{nsq_status_fail}
0213421f-c6d1-4d2d-b24d-b05dfc18d453,180460a0479e19b64ea76d48b1a88257,8901213895693,PT8813,"380001 (Ahmedabad, Gujarat)",2025-09-04T20:29:07,whatsapp,red,{nsq_status_fail}
8565a522-ad86-4c05-ace2-11bc68d0fc96,34c9a6206c020cc61ee949d969df529e,8901213895693,PT8813,"302001 (Jaipur, Rajasthan)",2026-09-17T16:46:23,web,red,{nsq_status_fail}
a83f3f09-7f5f-4d30-a20e-5d73da4dd41b,15bf878e7155a06e664765ce0c33620e,8901213895693,PT8813,"226001 (Lucknow, Uttar Pradesh)",2025-11-14T09:20:32,web,red,{nsq_status_fail}
3a7ef31d-1a86-4f7e-a763-d2a6a85bb61b,f6762196459381c5903aaf5b00af6673,8901213895693,PT8813,"711101 (Howrah, West Bengal)",2025-12-02T18:52:24,whatsapp,red,{nsq_status_fail}
75ddf327-4198-4691-9ae0-18ef8eec6dd6,4547e73b9cb5b8c42294f65070edc187,8901213895693,PT8813,"590001 (Belagavi, Karnataka)",2026-07-06T13:38:22,whatsapp,red,{nsq_status_fail}
0306b8a7-3ba4-40f5-9b61-23a62562d16e,6dcd0f420232d3a438b627eec22d0f9f,8901213895693,PT8813,"400072 (Mumbai Suburban, Maharashtra)",2025-08-30T10:12:26,whatsapp,red,{nsq_status_fail}
18bd94a5-edbd-4bf6-8831-0099d18b6db4,62ae91f9aa87a3fc4605341e3faa561e,8901213895693,PT8813,"110019 (North West Delhi, Delhi)",2025-06-06T19:05:48,whatsapp,red,{nsq_status_fail}
974641c2-1614-4a47-b46e-1123ff4c1a31,4dd6f60063b9e979976bf56501c08c96,8901213895693,PT8813,"110001 (New Delhi, Delhi)",2025-12-09T06:52:00,web,red,{nsq_status_fail}
b7f084b6-d0d7-4bb1-aa49-f56b5d5065d7,f696ea6285b07e0afc99e56a558b7235,8901213895693,PT8813,"462001 (Bhopal, Madhya Pradesh)",2025-11-09T11:25:49,whatsapp,red,{nsq_status_fail}
cb1300e1-9798-4b2b-a3b9-b303d13bc049,0dab5ce704b7b1e5a3bb88393e2ec43b,8901213895693,PT8813,"110019 (North West Delhi, Delhi)",2025-05-08T08:11:08,whatsapp,red,{nsq_status_fail}
9f075898-7705-4ab2-aa0b-4cb0035f2ba5,2f5832739fed53e6d6d1bf0601229842,8901213895693,PT8813,"682001 (Ernakulam, Kerala)",2026-06-02T13:36:32,whatsapp,red,{nsq_status_fail}
29255824-4fc6-40da-9f6c-70d22c012d28,645d8473cd128a8e8834f4dea86062b4,8901213895693,PT8813,"226001 (Lucknow, Uttar Pradesh)",2025-07-17T20:44:07,whatsapp,red,{nsq_status_fail}
8e0ccd0c-26d2-4db6-a784-fe2f8b1aab0d,9ad43b27b12ac1d927faaecc9da0399c,8901213895693,PT8813,"682001 (Ernakulam, Kerala)",2025-07-29T19:11:52,whatsapp,red,{nsq_status_fail}
78dca565-7ee5-4084-8fdf-add94f5cc303,701aa71628ed522e801424a759119a4e,8901213895693,PT8813,"452001 (Indore, Madhya Pradesh)",2025-11-20T13:56:58,web,red,{nsq_status_fail}
d5bc42e8-5051-49d6-85a8-e4aed1ad5190,941045ddacdaf500fe140ee1160fed6e,8901213895693,PT8813,"560001 (Bengaluru Urban, Karnataka)",2026-09-07T05:13:24,whatsapp,red,{nsq_status_fail}
e1f84e88-49ed-49df-8ac4-d8a90e47d32f,22219ff5aa5337d5259db21cdcaf6e2c,8901213895693,PT8813,"400601 (Thane, Maharashtra)",2025-06-28T13:26:27,whatsapp,red,{nsq_status_fail}
24ee9a47-5641-4593-89ca-79808e82717d,d5c63b34f188bdc941cb54c4df8bebc4,8901213895693,PT8813,"400601 (Thane, Maharashtra)",2025-09-18T11:49:30,web,red,{nsq_status_fail}
e4151b92-93f6-44c5-843b-e86871ec3272,418ad432427f2cecfddea69da4cb7bc7,8901213895693,PT8813,"110001 (New Delhi, Delhi)",2026-04-05T15:48:40,whatsapp,red,{nsq_status_fail}
59b913c6-ca12-4cc5-83d9-c78a7c6c2935,547c79e75f4264f85037f33cb88190f4,8901213895693,PT8813,"141001 (Ludhiana, Punjab)",2025-10-07T19:17:11,whatsapp,red,{nsq_status_fail}
ed1f3152-b948-41d1-bf7e-b70380b5d40d,7d4ed049c6f524619bb611ffeecc4325,8901213895693,PT8813,"452001 (Indore, Madhya Pradesh)",2026-08-09T15:58:00,whatsapp,red,{nsq_status_fail}
18688cb9-3e42-4aac-a490-8cd15880cfb0,b14f9f1fd07c69ef72997c7778fd788d,8901213895693,PT8813,"400001 (Mumbai City, Maharashtra)",2026-01-07T20:30:38,whatsapp,red,{nsq_status_fail}
3e1a8df6-ff7c-4964-9fdd-565527f54fe7,045fa8307c52cdc64cb4b75f03676553,8901213895693,PT8813,"695001 (Thiruvananthapuram, Kerala)",2025-04-08T06:55:20,web,red,{nsq_status_fail}
d7e512be-5a2b-4376-8c55-41cf339ea7f0,31877c3116027728a188a2f3c2f19c23,8901213895693,PT8813,"221001 (Varanasi, Uttar Pradesh)",2026-02-28T20:26:14,whatsapp,red,{nsq_status_fail}
93f86683-9a22-46a6-adf9-707829cf5c42,05d3fc18c67db6cb8e2c1a4ed12cb8e1,8901213895693,PT8813,"600001 (Chennai, Tamil Nadu)",2025-09-14T12:07:04,whatsapp,red,{nsq_status_fail}
b497c14f-cd6c-41e0-aa53-c39a49026bfa,1f1f0f5523a7ac13284e450aeff0ae8c,8901213895693,PT8813,"560001 (Bengaluru Urban, Karnataka)",2025-12-30T06:42:32,web,red,{nsq_status_fail}
db4c2af1-88fe-4af4-ab42-4d374910ca2a,2483b1cd0304701e7f4ac8f78f3e0661,8901213895693,PT8813,"122001 (Gurugram, Haryana)",2025-10-23T18:54:03,whatsapp,red,{nsq_status_fail}
f96c133d-659c-43a7-a886-566c20378e70,c77e4d6df40ec45edbf07ee4e932130d,8901213895693,PT8813,"411045 (Pune, Maharashtra)",2026-05-10T18:14:58,whatsapp,red,{nsq_status_fail}
bf2901d8-0a01-4f31-a7c8-b04c24356b06,c9fde9bba4bfb4f67d9e88db0c8a63c4,8901213895693,PT8813,"141001 (Ludhiana, Punjab)",2025-11-27T11:49:58,whatsapp,red,{nsq_status_fail}
2860faa5-5f00-4c9d-87a0-555423d743bc,6f73b26c0053de2ecfeb1be46a78f2e2,8901213895693,PT8813,"143001 (Amritsar, Punjab)",2025-12-22T11:50:02,whatsapp,red,{nsq_status_fail}
1f85cd98-9f0f-4eeb-b2cd-a5c228bc7b96,6e9534dd80247511b6015c4afb74db10,8901213895693,PT8813,"695001 (Thiruvananthapuram, Kerala)",2025-06-25T20:51:36,web,red,{nsq_status_fail}
d213c0e5-1c2d-4f88-ae97-0e9aa9b1173d,e8317c409eda0cb86ea0449aa31509cd,8901213895693,PT8813,"400001 (Mumbai City, Maharashtra)",2026-03-01T19:31:12,whatsapp,red,{nsq_status_fail}
60c1f38f-a5f5-418a-8f86-7a1e6b4947e3,e2ee2d410c91c52b7d4c662eae0180dd,8901213895693,PT8813,"600001 (Chennai, Tamil Nadu)",2025-05-09T16:28:12,whatsapp,red,{nsq_status_fail}
910251bd-616d-47f3-9341-727276b200fa,5000ab2b034aae7635d28421a8fba251,8901213895693,PT8813,"641001 (Coimbatore, Tamil Nadu)",2025-03-31T17:18:12,whatsapp,red,{nsq_status_fail}
b5b588e4-9cf2-4658-a288-39adeec9c46a,1c294e74ec1b9f979a3d175f6bdd9839,8901213895693,PT8813,"208001 (Kanpur Nagar, Uttar Pradesh)",2025-04-04T07:52:47,whatsapp,red,{nsq_status_fail}
a4b45d31-2375-4d30-a4c3-458c5b49abb7,1ccf94c31281ade57c487dacbb26a897,8901213895693,PT8813,"208001 (Kanpur Nagar, Uttar Pradesh)",2026-09-13T10:05:27,whatsapp,red,{nsq_status_fail}
b85a2e03-00b1-4ed2-92de-c7a59f8b1de7,63b8de2ca9161d67497efb8e4680f646,8901213895693,PT8813,"380001 (Ahmedabad, Gujarat)",2025-11-19T10:44:55,whatsapp,red,{nsq_status_fail}
e3d2cdb9-6ae3-4c95-82db-3b3de3d2e0a4,78e612804e624d827133254c1f60f9c7,8901213895693,PT8813,"302001 (Jaipur, Rajasthan)",2025-09-21T18:58:14,whatsapp,red,{nsq_status_fail}
ce720009-c05b-4498-8c80-f9aa9f5ff2e5,129f89e7a4aaa154eecdc496e1547738,8901213895693,PT8813,"462001 (Bhopal, Madhya Pradesh)",2026-03-05T10:12:13,web,red,{nsq_status_fail}
626ba125-abb0-4a00-8230-c1bb4025b3fc,61e16d8df64d33f9d9f879f195d7dc41,8901213895693,PT8813,"600001 (Chennai, Tamil Nadu)",2026-07-08T11:06:38,whatsapp,red,{nsq_status_fail}
66247c3c-bef0-41d5-b198-73aa52c77bf5,466c80d42d7d6a76d989bcc7a5e33a68,8901213895693,PT8813,"600001 (Chennai, Tamil Nadu)",2026-07-31T15:36:21,whatsapp,red,{nsq_status_fail}
2ff3e6ee-fa10-4453-8849-044fd439b589,61490a0c5b7492be4d5597cffa5c2a40,8901213895693,PT8813,"800001 (Patna, Bihar)",2026-01-31T06:15:21,whatsapp,red,{nsq_status_fail}
0239b4c6-837a-41f3-a4ff-db55008bd4c1,6ccd8411997abaa99c750dbc10003e9b,8901213895693,PT8813,"580001 (Dharwad, Karnataka)",2026-05-19T14:39:56,whatsapp,red,{nsq_status_fail}
5a70b43d-adec-4bf9-82a4-f7c0297f0629,ae87b2104198d5550dc27d960d846ccf,8901213895693,PT8813,"462001 (Bhopal, Madhya Pradesh)",2025-06-19T14:35:15,whatsapp,red,{nsq_status_fail}
5be66fdc-5500-4222-a69d-91cad7d8c690,215bbe426d90deff9586403915fa947d,8901213895693,PT8813,"560001 (Bengaluru Urban, Karnataka)",2026-08-26T15:25:56,whatsapp,red,{nsq_status_fail}
9767518b-74d1-4e85-8c22-0627a6f3aa62,78c07fdf1ccb9378e0c743b97bce7753,8901213895693,PT8813,"500001 (Hyderabad, Telangana)",2025-07-25T08:17:30,whatsapp,red,{nsq_status_fail}
9f60a7ae-0e71-4634-8535-53d4e04637be,24b0910d7539a78d06da718a04a51ad3,8901213895693,PT8813,"122001 (Gurugram, Haryana)",2026-09-05T13:10:17,whatsapp,red,{nsq_status_fail}
5ec54083-6d2d-493c-be34-c8a61ff68e00,213fde01013c63d456e757db1455498b,8907651954380,RV5567,"226001 (Lucknow, Uttar Pradesh)",2026-04-08T20:07:51,whatsapp,green,{}
2cdc66cb-ecf1-46c8-b4b9-d4475d592e65,0fd5248677802eb2c1658b91c65d56a6,8907651954380,RV5567,"620001 (Tiruchirappalli, Tamil Nadu)",2026-08-19T20:26:50,whatsapp,green,{}
11a28db9-049a-4644-9838-f6afe22dd1d8,70ea11a1f2e5c73c023f8700df433136,8907651954380,RV5567,"625001 (Madurai, Tamil Nadu)",2025-07-21T11:17:49,web,green,{}
17d6440c-9aa7-4580-a178-0f78b3e2f109,8f27fc04d99e65439fa8ddc09de986c9,8907651954380,RV5567,"400072 (Mumbai Suburban, Maharashtra)",2025-11-11T14:13:30,web,green,{}
e2f1cbec-65a5-46d6-b3c6-9c9175ebd325,613bd4a1a3fdce8c4543d81d729b0dbb,8907651954380,RV5567,"620001 (Tiruchirappalli, Tamil Nadu)",2025-04-03T18:16:29,whatsapp,green,{}
e29a72aa-fb07-498e-8c66-49087f01bea6,cf1f3b9e7053ab6c0d26e088a007c6cb,8907651954380,RV5567,"641001 (Coimbatore, Tamil Nadu)",2026-06-01T09:41:17,whatsapp,green,{}
33db53a1-3d13-4ace-873b-b1f2e9a882bf,7ee9937edc207e192c0b95bd9e9e07e7,8907651954380,RV5567,"600028 (Chennai, Tamil Nadu)",2026-06-17T09:39:39,whatsapp,green,{}
2fb69f7c-e717-4a19-8b07-6345aca38b40,7c125fbb1478c84874d77133c54415a4,8907651954380,RV5567,"560066 (Bengaluru Urban, Karnataka)",2026-01-15T12:59:19,whatsapp,green,{}
057936fa-7bce-4968-b5a4-ff6c802b5adf,fc181f318f878c3d5a03c01c1273f56f,8907651954380,RV5567,"530001 (Visakhapatnam, Andhra Pradesh)",2025-11-15T13:16:08,whatsapp,green,{}
bf2a859f-1bc4-487c-a4b3-0052a06cd4fd,0759f657c8f5f7ff08943d21fd501c8a,8907651954380,RV5567,"580001 (Dharwad, Karnataka)",2025-06-23T09:15:42,whatsapp,green,{}
a259fa70-1e8f-4979-9a87-1041f21a541e,0b9fcc8eda2f460288b0e9c98d794bf2,8907651954380,RV5567,"600028 (Chennai, Tamil Nadu)",2026-04-19T15:00:02,whatsapp,green,{}
eb8e91e4-42f3-4062-9537-287eff5e5b10,ef8ccd96f7b96d0706911366ebaceaf3,8907651954380,RV5567,"590001 (Belagavi, Karnataka)",2026-06-16T12:42:08,whatsapp,green,{}
7a1dd932-ab54-4c38-9332-ea6a62b30009,1f78d1cf95512d8c48fe745331a3a069,8907651954380,RV5567,"695001 (Thiruvananthapuram, Kerala)",2025-11-17T12:21:29,whatsapp,green,{}
c5dc9886-97e1-4034-919e-4345c330a14d,cd1e043f7032acd053c34243aa96b5a7,8907651954380,RV5567,"575001 (Mangaluru (Dakshina Kannada), Karnataka)",2025-10-09T16:32:39,whatsapp,green,{}
e4139cbe-592b-42cc-a0d1-b5124f057050,6c0e2889b0ea68aba31e736841563e71,8907651954380,RV5567,"422001 (Nashik, Maharashtra)",2025-07-10T05:56:14,whatsapp,green,{}
01b7a27f-f149-4312-b9d9-21c6d4de760f,517228c03dadb9f282e4bd9644d07d57,8907651954380,RV5567,"560066 (Bengaluru Urban, Karnataka)",2025-08-08T07:29:16,whatsapp,green,{}
786e3f99-fd6f-4d98-bd2f-c1a068d413d0,f25ea6bff9f6f8e75a11343bd501988b,8907651954380,RV5567,"695001 (Thiruvananthapuram, Kerala)",2026-08-03T08:08:54,web,green,{}
0b4452a1-6ddc-4005-8152-25094d37fca0,7ddfef09b5b48c774975959c1e1b2027,8907651954380,RV5567,"682001 (Ernakulam, Kerala)",2025-05-07T16:42:38,whatsapp,green,{}
9579a707-b9e4-486a-91e5-2a17472710de,365bcbae4446266a5873b6bd978d85bf,8907651954380,RV5567,"641001 (Coimbatore, Tamil Nadu)",2026-08-08T06:04:56,whatsapp,green,{}
34645ea3-12bb-4fa3-82a0-69c51b28f4b6,2773da3c3498799196c25e17a01c73d3,8907651954380,RV5567,"560034 (Bengaluru Urban, Karnataka)",2026-08-28T18:19:35,whatsapp,green,{}
4160c8f1-74c3-4ca9-9a20-2a70739b1a12,4fb6ef453ef0e7c05fb3481494a2fd44,8907651954380,RV5567,"590001 (Belagavi, Karnataka)",2025-10-03T17:14:10,whatsapp,green,{}
9020e08f-d71b-442c-bb0d-a14ab645be08,d0995d68ef35245a001f8867ed51249b,8907651954380,RV5567,"500001 (Hyderabad, Telangana)",2025-11-24T09:31:10,whatsapp,green,{}
3d9d2e5e-3ada-481d-bba9-9b4149e868d5,799a7f15625b06b1a351f2c22ab737a9,8907651954380,RV5567,"400601 (Thane, Maharashtra)",2025-10-01T12:10:33,web,green,{}
86220bbf-f66a-4738-9bc2-0ed2f67181ee,3420f4db980324b68f27929cfabdea79,8907651954380,RV5567,"400001 (Mumbai City, Maharashtra)",2025-09-16T15:05:07,whatsapp,green,{}
a4d1bcd7-cbf9-4227-a333-8b3c4497ae90,558a8bf3e8ae32eff46d0e90165c11df,8907651954380,RV5567,"560001 (Bengaluru Urban, Karnataka)",2026-02-05T09:30:31,web,green,{}
76bcc7bf-5792-4493-abcd-698777ca5a01,64799e14df0693f75e5d6e0f3f1a3ed6,8907651954380,RV5567,"411001 (Pune, Maharashtra)",2026-01-21T08:13:01,web,green,{}
e0a420f2-2a13-4c53-9ab6-e5a929380f55,f9808fb9492e585e27dcb3be0c5a83dd,8907651954380,RV5567,"560034 (Bengaluru Urban, Karnataka)",2026-02-02T19:48:50,whatsapp,green,{}
44054c5f-5f8b-410c-8e6e-952b69a92937,c520fc28ff361e4c94499a5b2d79283f,8907651954380,RV5567,"208001 (Kanpur Nagar, Uttar Pradesh)",2025-12-06T12:27:56,whatsapp,green,{}
a571f4e3-8eb1-4881-9a29-d974b90904e7,20e2a0fdcacbc4235fe6dd6d77114a4c,8907651954380,RV5567,"570001 (Mysuru, Karnataka)",2025-05-23T13:18:05,whatsapp,green,{}
943dfe05-2a6a-4db9-85da-427312cf8f3c,ecfbfba7c4948ebf83ad8cf9113be505,8907651954380,RV5567,"380001 (Ahmedabad, Gujarat)",2026-06-08T16:48:59,whatsapp,green,{}
8672edab-d0f6-4c4f-8491-99dabd64da40,6c8553e3cfa5b1168f2e3e4e72c55c19,8907651954380,RV5567,"800001 (Patna, Bihar)",2025-12-09T12:37:29,whatsapp,green,{}
372ed0b8-e369-48c5-a26d-d5f020890c60,8178af93f29bac390b0005ba38b12c20,8907651954380,RV5567,"711101 (Howrah, West Bengal)",2026-08-03T07:24:25,whatsapp,green,{}
c02f0e19-0a50-40e6-8bd6-dc8a9678653a,1c1bac6845dc6265b28ef6c7d18031fa,8907651954380,RV5567,"711101 (Howrah, West Bengal)",2026-03-11T10:22:52,whatsapp,green,{}
98a9d7ce-6645-4c78-9058-21dc5ebe98cf,e86f62eaedd6f4831bbba0ba2991c7ce,8907651954380,RV5567,"226001 (Lucknow, Uttar Pradesh)",2025-12-13T20:40:38,whatsapp,green,{}
a7e06e95-61fb-422a-afae-6ab5096f1f30,2d6d22a35503a270bafaba1de53a3636,8907651954380,RV5567,"580001 (Dharwad, Karnataka)",2025-12-28T10:27:28,whatsapp,green,{}
12a154b4-2e02-4828-8de1-adca477662ea,c659920d0fbb6044308e86a8f40c3d21,8907651954380,RV5567,"411001 (Pune, Maharashtra)",2025-04-08T07:00:14,whatsapp,green,{}
c06173e2-3a4b-4ef4-8048-d49bc273f2c9,4d313dae486e2e8425203f97a98d579f,8907651954380,RV5567,"560001 (Bengaluru Urban, Karnataka)",2026-04-27T14:37:38,whatsapp,green,{}
1a6c1352-6033-4d57-bee3-9e7b930b237c,ee83d8e4aec07d8a9201d29fff199263,8907651954380,RV5567,"122001 (Gurugram, Haryana)",2025-04-08T13:35:22,web,green,{}
5d38f16b-b2e7-4b69-8ec9-183c79b32249,8123f2ad3c19342f7043c5f0a759b5ba,8907651954380,RV5567,"695001 (Thiruvananthapuram, Kerala)",2025-08-26T13:55:49,web,green,{}
adc2d305-1ff4-4cf6-acb7-69ae141d814e,084c43fdbf0c75429e2e83fc06bdcc7d,8907651954380,RV5567,"452001 (Indore, Madhya Pradesh)",2026-07-22T08:27:38,whatsapp,green,{}
d311a8b8-b0f1-4aa5-b1d4-8c608b23b574,7dc74e1143355bd1427208139f908ca3,8907651954380,RV5567,"590001 (Belagavi, Karnataka)",2025-08-23T14:48:57,whatsapp,green,{}
29e127ae-e408-4bcc-b4fa-7292240fcec1,85836675a8cbbfb9be242012410d60b5,8907651954380,RV5567,"390001 (Vadodara, Gujarat)",2025-11-17T11:02:40,web,green,{}
e2c4bbaa-6d92-43a6-a986-929736a759fa,d381340b933de655486c87f08723ba0e,8907651954380,RV5567,"221001 (Varanasi, Uttar Pradesh)",2025-10-30T09:32:52,whatsapp,green,{}
d3e9fdae-fa7d-4f5a-b002-6d2524f124c2,4498480cdc43f3bd2cb96df0e11515ca,8907651954380,RV5567,"411001 (Pune, Maharashtra)",2026-05-25T18:07:25,whatsapp,green,{}
054b5337-7f5a-436b-a310-5c0afaf86871,656b75377e9b995172d0bd72f265a0d3,8907651954380,RV5567,"440001 (Nagpur, Maharashtra)",2025-09-20T08:32:47,whatsapp,green,{}
8c988955-7ec0-4b85-a88d-4a1ea39c5c30,a9889ac356d39df54ad9a0b3c7271f1f,8907651954380,RV5567,"141001 (Ludhiana, Punjab)",2025-08-21T17:08:35,whatsapp,green,{}
ccbebb0b-76ea-4088-b3b2-f708f0eec44e,7a690f964f1485088dccaf126ce55ba3,8907651954380,RV5567,"302001 (Jaipur, Rajasthan)",2025-07-31T10:53:06,whatsapp,green,{}
e9c054c4-156b-4e0d-9b43-67d6b556aa56,0027d803f074f8b0b1b5cab51a9175ca,8907651954380,RV5567,"400001 (Mumbai City, Maharashtra)",2025-07-14T11:05:29,whatsapp,green,{}
cffd5d7d-756c-4aad-882d-bace6de30b01,cb82acc85914662ed6fc7d70d0a7404f,8907651954380,RV5567,"221001 (Varanasi, Uttar Pradesh)",2025-11-21T16:07:34,whatsapp,green,{}
3948c12e-2923-4474-a66b-e1c4f195a114,a67c6e56fdeedb59b23b28f5f65ba019,8907651954380,RV5567,"400072 (Mumbai Suburban, Maharashtra)",2025-09-29T12:40:57,whatsapp,green,{}
f6c817cf-22e3-49d6-8b82-424053447a75,c6e0dff63f6ff89fc0148dd324606978,8907651954380,RV5567,"226001 (Lucknow, Uttar Pradesh)",2026-01-08T10:03:59,web,green,{}
d0695474-6d7e-43d5-880e-138245084b4a,1fc363dcf09441b79dea1f64359b737d,8907651954380,RV5567,"575001 (Mangaluru (Dakshina Kannada), Karnataka)",2025-12-12T14:35:05,whatsapp,green,{}
7429778f-970d-47c6-a27c-c580c0e0c6f9,042654c747d81b927d5954ffabefd078,8907651954380,RV5567,"500001 (Hyderabad, Telangana)",2026-04-22T14:53:42,web,green,{}
7beeb447-8d08-4043-b58e-b555480da283,350491776f53aeede9ae1f464cbd47c9,8907651954380,RV5567,"500001 (Hyderabad, Telangana)",2026-05-06T09:48:09,whatsapp,green,{}
9adaeea8-bf8b-47f4-90bb-833d5a57e98f,e2000a5d39c67d76c735e9b695ddf09e,8907651954380,RV5567,"600001 (Chennai, Tamil Nadu)",2026-01-12T08:24:38,web,green,{}
69c4a5cf-5b63-49a2-921f-15900432f18f,c0b68554453d57d9d7d8e460460f5ed4,8907651954380,RV5567,"560034 (Bengaluru Urban, Karnataka)",2026-02-20T13:08:37,web,green,{}
4bc6966e-a891-4bcf-a4c7-552e9cb499cb,15b55553e28b6592ed2800bf64cec5bb,8907651954380,RV5567,"462001 (Bhopal, Madhya Pradesh)",2026-09-18T13:23:25,whatsapp,green,{}
a13c5cfd-9a05-46f8-99d3-f479e1e5d02f,f7b9b8b5ac8a354ef1c58074627691ea,8907651954380,RV5567,"560034 (Bengaluru Urban, Karnataka)",2026-04-15T09:07:28,whatsapp,green,{}
a23ebae0-7d7c-4750-ba3c-fde5410c921b,3c23d26f5d0a783d5248fe665bc9be0f,8907651954380,RV5567,"452001 (Indore, Madhya Pradesh)",2026-05-03T09:42:40,whatsapp,green,{}
d4aa5acb-4395-464f-8e2e-eec03f126550,5f4e9c75a95b621d5d5ecbc52434aaec,8907651954380,RV5567,"575001 (Mangaluru (Dakshina Kannada), Karnataka)",2025-12-03T18:05:01,whatsapp,green,{}
1b0d86bc-b8cb-4a42-8c5a-efeb5d7e072f,9d668baab3ea7968820319f1a0b6635c,8907651954380,RV5567,"390001 (Vadodara, Gujarat)",2026-04-06T10:28:58,whatsapp,green,{}
f5ca607d-59f8-4ab2-b3f1-757e2f6e4ded,caa1ce1ee570145c7d69d75ca40a6271,8907651954380,RV5567,"600028 (Chennai, Tamil Nadu)",2026-09-18T10:25:42,web,green,{}
0d126f6a-53a2-4fd5-8fe7-b1f6c397001f,fdbc4d6b40c4233384170af26562d0d8,8907651954380,RV5567,"360001 (Rajkot, Gujarat)",2026-06-29T15:09:19,web,green,{}
cc9152f2-5bf5-45aa-8b86-87093969c9e6,2f276037d7e99d4daabe08fb3d9022a4,8907651954380,RV5567,"221001 (Varanasi, Uttar Pradesh)",2025-12-20T07:57:42,whatsapp,green,{}
acf9a125-f086-4c07-a215-3450c185b3f6,db13b10c624ffb75eb60629e4aa73fcc,8907651954380,RV5567,"302001 (Jaipur, Rajasthan)",2026-01-10T10:28:25,whatsapp,green,{}
e8dd242b-6352-47d8-b8fe-a9132ef6eb8f,c94f12c2be79d2e4c6db910a8ed74430,8907651954380,RV5567,"590001 (Belagavi, Karnataka)",2026-04-29T13:17:15,whatsapp,green,{}
2cc2167f-7f6b-4914-bb5d-b9d7f2d824a0,f2b20c0f585e311541fb08e2eb72c627,8907651954380,RV5567,"500001 (Hyderabad, Telangana)",2026-01-19T06:56:33,whatsapp,green,{}
88bb6850-18d3-4c32-97c6-9d613f6a9846,d09dedd3789f3f2063188f6ba3d19411,8907651954380,RV5567,"800001 (Patna, Bihar)",2026-05-16T19:17:26,web,green,{}
7d832b63-4913-4640-9103-29db18b66840,c6155d477680d2251c0d826bea06d8dd,8907651954380,RV5567,"110001 (New Delhi, Delhi)",2025-09-07T11:37:01,whatsapp,green,{}
04129c2a-986f-4428-b041-93d65cf192f1,23c217561ba186cf46b8e0c231f6df33,8907651954380,RV5567,"500001 (Hyderabad, Telangana)",2026-08-27T19:06:59,web,green,{}
03917c84-49ed-4ca0-b583-1aac16625c6a,d4a85112375fd2c955e43122c0865222,8907651954380,RV5567,"400601 (Thane, Maharashtra)",2025-04-12T14:01:09,whatsapp,green,{}
67a25e40-33b4-458f-af8f-321298b95cf9,e318208661e4a2666a11cac77024aad5,8907651954380,RV5567,"360001 (Rajkot, Gujarat)",2025-04-05T14:15:37,web,green,{}
c6271041-406c-4bdc-b4dd-d445796a936a,7edb88b1779a2f170d03f90c71536707,8907651954380,RV5567,"462001 (Bhopal, Madhya Pradesh)",2025-06-07T08:54:09,whatsapp,green,{}
3389d4c1-27fe-42c5-b511-b57a468bd8aa,1c845441de4c91544573585eea7c76cc,8907651954380,RV5567,"695001 (Thiruvananthapuram, Kerala)",2025-06-27T19:29:10,whatsapp,green,{}
36bf7a5f-d117-41b3-9965-9343f6353c42,0dfcde6de8698153c62e77691dc8e04c,8907651954380,RV5567,"400001 (Mumbai City, Maharashtra)",2026-04-03T17:16:52,web,green,{}
89a2053d-29af-4e21-b953-f47ff552616d,e192ade6d35b3a2a545eb3934aab4f81,8907651954380,RV5567,"452001 (Indore, Madhya Pradesh)",2025-07-31T19:50:29,whatsapp,green,{}
25ab9433-ecb8-4aa2-9b3b-3f574586fc72,7e2ea6c4c708b68ffc5f1c0207c88fb8,8907651954380,RV5567,"110001 (New Delhi, Delhi)",2026-05-11T15:02:57,whatsapp,green,{}
9a4140b3-05a2-4bd2-8a92-b6fff131ec6a,28dbce40529bdf1fc4ea48cc250c646e,8907444651473,SW1123,"400001 (Mumbai City, Maharashtra)",2025-08-19T13:59:56,whatsapp,green,{}
5c68cc13-4523-4a07-a5e8-0d95bbd10312,7e2494d8474d1b35bc90bad201d5fc37,8907444651473,SW1123,"411045 (Pune, Maharashtra)",2026-01-31T18:01:27,whatsapp,green,{}
a97d93ff-8ccf-4f5e-a3c7-bc823c329ea7,addf33cb2ffe2cbc71a3dbcb782be5a0,8907444651473,SW1123,"422001 (Nashik, Maharashtra)",2026-01-02T16:11:39,web,green,{}
7d3ad349-82a7-44d6-866c-9c393d5551f0,491da208aaefff137b0a100bf803f560,8907444651473,SW1123,"700001 (Kolkata, West Bengal)",2026-03-10T09:11:37,whatsapp,green,{}
c3bab86a-2d94-4ad7-9e25-173005cbabac,ed3363c3565d183f196c4ad9af789155,8907444651473,SW1123,"226001 (Lucknow, Uttar Pradesh)",2025-12-29T14:54:54,whatsapp,green,{}
0b30e4e8-fabc-4525-9f57-ed26ca741685,b087de695de4153f874a4b2fc6215476,8907444651473,SW1123,"625001 (Madurai, Tamil Nadu)",2026-04-01T14:03:32,whatsapp,green,{}
8b599509-1dde-4586-a5d5-13cfd379e3ca,084523e560ec11951234b27f53a8e52d,8907444651473,SW1123,"570001 (Mysuru, Karnataka)",2026-06-08T16:45:29,whatsapp,green,{}
aabedb78-f8a0-415b-ab8a-1814d471e1aa,5fb32ba4634e3f8fa0bf6f8ac7f045e1,8907444651473,SW1123,"390001 (Vadodara, Gujarat)",2026-08-10T21:14:43,web,green,{}
f9e951d3-36ac-4fa1-83f7-858635f6772e,4a4b7b15ce4fa72aaffadf27202071fe,8907444651473,SW1123,"560034 (Bengaluru Urban, Karnataka)",2025-10-19T16:56:56,web,green,{}
96b916f9-08d5-4391-ae14-018adf62888c,357b7e66e606c895425a5e14a3bc1608,8907444651473,SW1123,"560034 (Bengaluru Urban, Karnataka)",2025-09-25T08:57:54,web,green,{}
834b4286-000e-4ce0-8a83-bf5660ae32a9,d584ea4557c6e37f2c222471bf9891fd,8907444651473,SW1123,"600001 (Chennai, Tamil Nadu)",2026-08-19T11:40:53,web,green,{}
d0a4fb74-6ee2-4cf0-abd4-40df1350fd7e,d455f57c461bfbc8f8f84890fdd40b23,8907444651473,SW1123,"141001 (Ludhiana, Punjab)",2026-08-12T05:44:44,whatsapp,green,{}
36c5c978-4b4b-421d-9c3d-dc2265c176c9,3788778b3690863b886f994379e23924,8907444651473,SW1123,"695001 (Thiruvananthapuram, Kerala)",2026-07-12T10:33:36,web,green,{}
55e5ed8a-8a31-418a-b370-1c7002c229da,d7ef713b14e0e14ec7b96b3109793f84,8907444651473,SW1123,"530001 (Visakhapatnam, Andhra Pradesh)",2025-07-24T16:38:05,web,green,{}
f46a6f20-3721-45b7-99e5-e6b3533d755e,603fd219e391624cb62d93772a250dbf,8907444651473,SW1123,"440001 (Nagpur, Maharashtra)",2026-07-03T13:29:28,whatsapp,green,{}
ea28ec89-d365-40d1-911a-85f49adbd9b0,9dfdfdb7d38fbe81798f7d74d80971e1,8907444651473,SW1123,"600001 (Chennai, Tamil Nadu)",2025-12-27T18:54:16,web,green,{}
188b28be-74d8-4ad2-8870-c2b3fa84cb9b,8314727a8573e09816cc338c75f28c58,8907444651473,SW1123,"395001 (Surat, Gujarat)",2026-08-08T19:05:57,whatsapp,green,{}
52964ecd-5999-4ee1-964f-0a2e8cb5f884,8b8fe3806e04913920669c79963640ba,8907444651473,SW1123,"500001 (Hyderabad, Telangana)",2025-08-15T12:19:30,whatsapp,green,{}
b844cf7f-826e-4b8d-9a43-01ae2ca61cc8,685c736f5f7cda2c1c31a39e46dfa815,8907444651473,SW1123,"560034 (Bengaluru Urban, Karnataka)",2026-02-07T12:36:00,whatsapp,green,{}
d0483389-0eaa-4b35-a032-9173f12304bd,9eeca740f377a3e65ded155bbcfcb7c6,8907444651473,SW1123,"400072 (Mumbai Suburban, Maharashtra)",2025-11-21T11:47:49,web,green,{}
fa6c473b-dfde-47be-99cb-377e2767a0fe,17853804ac11c680802ca0544af1fb13,8907444651473,SW1123,"625001 (Madurai, Tamil Nadu)",2026-08-15T13:14:24,whatsapp,green,{}
6080cb41-4c5d-491f-a89c-be703b0b9a4a,2ed7e9026a25f0bce6aa1788df52addd,8907444651473,SW1123,"500001 (Hyderabad, Telangana)",2025-11-15T02:53:27,whatsapp,green,{}
c37780a1-d968-4d2b-9c08-4721baaef0c0,474f8ee4f507df26de2114f10dad6069,8907444651473,SW1123,"143001 (Amritsar, Punjab)",2025-11-27T09:31:31,whatsapp,green,{}
97b4719c-df8f-4ddf-87c1-6a8e6bc4e4bb,aaee476e033c0b4e3ea13dbac3f3f13b,8907444651473,SW1123,"560066 (Bengaluru Urban, Karnataka)",2025-09-19T07:13:26,web,green,{}
541b7bd6-026a-4419-a0e6-cdea6f0dc038,407f28b7c1f34c63b8e0eb2cbc016a57,8907444651473,SW1123,"800001 (Patna, Bihar)",2025-12-06T12:26:25,whatsapp,green,{}
991af3f0-9c41-4dc2-bd7e-72d7c6dae287,026d1dd3956816d5460d8a60056a7056,8907444651473,SW1123,"143001 (Amritsar, Punjab)",2025-07-15T16:36:24,web,green,{}
21c7751a-882a-4b5c-8b3d-33d954020b99,723c016b3aae9acecb563959f8ba097b,8907444651473,SW1123,"221001 (Varanasi, Uttar Pradesh)",2026-05-20T17:02:20,whatsapp,green,{}
a6bdd99e-307c-48e3-9379-3ae3f38fca1c,e9f20ac1b679bc5575e0ce135db68b9d,8907444651473,SW1123,"221001 (Varanasi, Uttar Pradesh)",2025-05-19T05:36:36,whatsapp,green,{}
1f01e5e7-9c78-40e9-8508-354e20e1decb,0d0869161af39ca15f39a4793d0735f8,8907444651473,SW1123,"411045 (Pune, Maharashtra)",2026-05-25T06:48:11,whatsapp,green,{}
c774995e-a8c3-490d-8a52-d398bd860c3e,931f4d25f0e86c86c91fabe76ea8931e,8907444651473,SW1123,"400072 (Mumbai Suburban, Maharashtra)",2026-07-18T15:33:48,web,green,{}
84e1febb-f5c9-4bcf-9d58-acf0d315cde9,2a802a48bed781b3077dd910abf87c0c,8907444651473,SW1123,"575001 (Mangaluru (Dakshina Kannada), Karnataka)",2025-11-29T12:19:04,whatsapp,green,{}
70d4a8cf-a67c-4bd6-9e10-897e1b0c502a,f92952eaab13f772f385381d02980c2e,8907444651473,SW1123,"395001 (Surat, Gujarat)",2026-06-19T01:32:36,whatsapp,green,{}
82e3833d-2d76-439d-916d-783625a3a287,b3926dd26482f1348f817ed14509f454,8907444651473,SW1123,"580001 (Dharwad, Karnataka)",2026-02-04T17:36:22,whatsapp,green,{}
5b77d280-f9df-4353-a932-ba407014cb35,c1511c97354a8f3ca383a9949fafe777,8907444651473,SW1123,"600028 (Chennai, Tamil Nadu)",2025-04-28T14:51:06,whatsapp,green,{}
b5cf4dc8-4907-4f6c-9a78-a09457d37ca6,56b6e73132f198ce1f29b251d1271973,8907444651473,SW1123,"452001 (Indore, Madhya Pradesh)",2026-08-29T22:21:07,whatsapp,green,{}
d16f3c54-3cac-4976-8891-fc544c011aa4,919656afe0d5c32b1fb55d7a1a4f3401,8907444651473,SW1123,"226001 (Lucknow, Uttar Pradesh)",2026-05-10T19:08:22,whatsapp,green,{}
c491660a-0519-41f1-9ac8-42f196370bba,a5cf9a312baa06958e4d1da6fdc0b8be,8907444651473,SW1123,"590001 (Belagavi, Karnataka)",2026-05-18T15:35:56,web,green,{}
94ada573-e0ab-4d0e-9d18-bab8d20488da,cab5591fd8d4a64931b341635a1d0507,8907444651473,SW1123,"590001 (Belagavi, Karnataka)",2025-12-16T17:40:58,web,green,{}
6b0376a9-66bd-4cc6-9242-9cf8d5db2973,12ddcc12b9cbc6bb2515c7b4a4754d86,8907444651473,SW1123,"560001 (Bengaluru Urban, Karnataka)",2025-06-20T14:06:06,whatsapp,green,{}
029d4be3-fd91-4538-a5b3-9df844d69538,51d81fbd581047f22a30a7851e265190,8907444651473,SW1123,"682001 (Ernakulam, Kerala)",2025-10-24T04:09:01,whatsapp,green,{}
5eac8bf8-e395-418e-ba68-db4c131183ea,d60087d96b5c098c092cbd4f852ec5e5,8907444651473,SW1123,"600028 (Chennai, Tamil Nadu)",2026-08-21T07:18:24,whatsapp,green,{}
c3130744-5a1f-4f9b-885f-3221dfd3ee47,445b3a42bf44febd8290caf80c9a6efe,8907444651473,SW1123,"110019 (North West Delhi, Delhi)",2025-05-22T13:38:05,whatsapp,green,{}
8d96ebed-7ecd-4971-a41a-322230a5f453,ce5784ce00717f8091d3660fa8b0f48a,8907444651473,SW1123,"700001 (Kolkata, West Bengal)",2026-09-15T13:22:38,whatsapp,green,{}
953d700e-bd82-4152-a80a-ed114b7919eb,74f836ffcda31e187523a6eab4b543b5,8907444651473,SW1123,"560001 (Bengaluru Urban, Karnataka)",2026-06-25T14:06:38,web,green,{}
f7bf256e-2e5c-446e-a911-a17afba7720b,6592150aec04f5f0bb92be3608fabdf1,8907444651473,SW1123,"800001 (Patna, Bihar)",2026-05-02T09:30:35,whatsapp,green,{}
a73b2d13-2028-442c-afb2-2d6946761882,980024a1e926bfa8f4a0e507fa551c34,8907444651473,SW1123,"800001 (Patna, Bihar)",2025-09-01T17:13:14,whatsapp,green,{}
1a29c9b8-0a81-41a2-9363-2e815b941a67,c82431c58915eef1425724ba8b11b07d,8907444651473,SW1123,"380001 (Ahmedabad, Gujarat)",2026-05-26T13:37:52,web,green,{}
dbf355ac-c747-4187-bc28-ebb4b620b2e6,75692f850affbf908e50fd97bafe1882,8907444651473,SW1123,"500001 (Hyderabad, Telangana)",2025-07-10T19:07:27,whatsapp,green,{}
bf7373b2-7c1d-4dc9-83bd-98628a6b6307,4e021bf07336f371ea2d4c9d9de929e0,8907444651473,SW1123,"226001 (Lucknow, Uttar Pradesh)",2025-11-01T13:48:22,whatsapp,green,{}
139d623f-c25e-4ab0-9730-46a4d5b3d152,6c3d697173721664c6d3d9e5cff476c5,8907444651473,SW1123,"695001 (Thiruvananthapuram, Kerala)",2026-08-04T12:22:08,web,green,{}
cd851e16-fc60-4a1b-858e-f936ff41c5f2,ef486348f37b497fb88c1b7e57506ecf,8907444651473,SW1123,"411045 (Pune, Maharashtra)",2025-12-05T20:33:08,web,green,{}
4efb992c-d9ad-44a7-85ed-7531f00cbc16,a31100e7cb09838d97924f79ca5602bd,8907444651473,SW1123,"302001 (Jaipur, Rajasthan)",2026-05-22T10:13:42,whatsapp,green,{}
9c2493a0-6769-430a-92d6-a1f5730fef45,283d84deb2c215df124cb043a4af08a3,8907444651473,SW1123,"625001 (Madurai, Tamil Nadu)",2026-04-03T12:59:28,web,green,{}
b758996b-666f-47e7-bce2-1eeb41e046fc,7d228950f29e3de9cea1de9de48df20f,8907444651473,SW1123,"208001 (Kanpur Nagar, Uttar Pradesh)",2025-03-30T10:19:24,web,green,{}
af58c9e1-e417-4ff8-a285-78b3a3d60695,2b4a503eb9df9ed7ac98eb0cd99449fe,8907444651473,SW1123,"500001 (Hyderabad, Telangana)",2025-08-26T05:45:19,whatsapp,green,{}
4ed3449a-b91f-4398-9b0e-1a2a2d63184b,651bdc65cfac7bdc805770b8acd4af04,8907444651473,SW1123,"575001 (Mangaluru (Dakshina Kannada), Karnataka)",2026-09-17T20:59:52,web,green,{}
c0e4749e-bb3a-415d-a81e-b36a77976f05,cc911161911ce936275d5023b7d4ae1f,8907444651473,SW1123,"208001 (Kanpur Nagar, Uttar Pradesh)",2025-08-06T12:48:18,web,green,{}
2e9b6d08-bdeb-447d-be63-3ed4ce959d9b,dc49fe22c3bbe0e578085f170ba249a4,8907444651473,SW1123,"440001 (Nagpur, Maharashtra)",2026-01-07T15:01:33,whatsapp,green,{}
abb2d58e-3bb6-4fb3-bc63-f48621d99f23,88e9e0db151ac2fa5ecda9b75e3fa0ff,8907444651473,SW1123,"141001 (Ludhiana, Punjab)",2025-04-10T16:41:34,web,green,{}
73123d9d-6b6a-49d0-9f38-390f65cffa79,282d55d63e053cfc6622a83cc112f3c1,8907444651473,SW1123,"682001 (Ernakulam, Kerala)",2026-05-22T16:13:03,web,green,{}
e6fdcfc4-a9c3-4b32-8107-9fbf6ba56fff,4bad8220444d618baf8f74c29c2c1fde,8907444651473,SW1123,"110001 (New Delhi, Delhi)",2025-05-27T14:47:51,whatsapp,green,{}
c7500a75-5e82-48ef-bcd2-16d3b012568f,04c4e047ff368b69237a4b8993e42fb0,8907444651473,SW1123,"360001 (Rajkot, Gujarat)",2026-07-01T22:34:39,whatsapp,green,{}
c5c8a60f-3f0b-45bb-b88e-57654307aed4,9141cc491cfede18ed5b39ed7daf73cb,8907444651473,SW1123,"208001 (Kanpur Nagar, Uttar Pradesh)",2025-11-14T15:45:29,whatsapp,green,{}
fea862d9-9d07-4596-ace1-47cfdcd8e106,f5c7f354346388d4643a68a1eee0f289,8907444651473,SW1123,"580001 (Dharwad, Karnataka)",2026-03-21T20:37:42,whatsapp,green,{}
29ad599d-c126-4edf-a4f2-fa49618ae150,d88b33a296c5a7f83ad1bb523eef0e2e,8907444651473,SW1123,"395001 (Surat, Gujarat)",2026-07-21T11:24:32,web,green,{}
4293b963-f275-42cb-8e55-e27e00c2af46,7e5a773e8c1028f0d29739e72f78897f,8907444651473,SW1123,"560066 (Bengaluru Urban, Karnataka)",2026-01-19T17:08:55,whatsapp,green,{}
a0bd1147-a3b5-481c-a786-b5a59c003a84,d298becfc6afac36caeb769a8535deb5,8907444651473,SW1123,"500001 (Hyderabad, Telangana)",2025-11-26T20:52:55,whatsapp,green,{}
3eac6b80-ad7a-478c-9e89-0118ab42dff4,53e9fc686b7cdc64d89610411cd7c72c,8907444651473,SW1123,"625001 (Madurai, Tamil Nadu)",2025-06-04T11:54:03,web,green,{}
0a8efc97-a566-4204-993e-c44cd90d7ef1,d84252cf433c816743f70b8e8fd22ef3,8907444651473,SW1123,"590001 (Belagavi, Karnataka)",2025-09-03T18:01:49,whatsapp,green,{}
879dbcb1-0821-459e-86f7-a3fc3d38149f,02ca7d1bb47bd1c82e7d8969c41a416c,8907444651473,SW1123,"110001 (New Delhi, Delhi)",2026-06-29T15:39:07,whatsapp,green,{}
9388626b-77d5-403a-ac3b-caccef063fae,b3d1fb6e58a5ee21eb4ac47ae5bf3dcf,8907444651473,SW1123,"440001 (Nagpur, Maharashtra)",2026-07-01T16:48:50,web,green,{}
368fee5c-4303-4667-8f7f-ea6f951c7a91,db4368785177bd912ff4e56ecbe4df9c,8907444651473,SW1123,"462001 (Bhopal, Madhya Pradesh)",2026-05-30T21:44:40,whatsapp,green,{}
2ea2708f-99c3-4a9b-8f99-40ce5a62bfcb,e27621358de9068d30bec15ecabc24ae,8907444651473,SW1123,"625001 (Madurai, Tamil Nadu)",2025-04-09T14:38:28,whatsapp,green,{}
8ed1272a-74d2-4314-9121-9705483ea779,033eae257607735c4391f56e70cdf320,8907444651473,SW1123,"110001 (New Delhi, Delhi)",2026-03-05T19:14:16,web,green,{}
57923099-697a-491b-b968-bcaa515c9f07,207da81a933d0316d13928b5223a7dd2,8907444651473,SW1123,"411045 (Pune, Maharashtra)",2025-05-27T08:07:21,whatsapp,green,{}
767960c1-6a3d-4992-bb94-04b8d0b72064,dc0b9e603638f047b45a49d438df079a,8907444651473,SW1123,"575001 (Mangaluru (Dakshina Kannada), Karnataka)",2025-10-05T16:14:20,whatsapp,green,{}
1339d9c2-91b6-4b2d-988e-eeef69f09cb3,9aeb11259c17ab869a2df18711d1cec8,8907444651473,SW1123,"560034 (Bengaluru Urban, Karnataka)",2025-05-07T21:29:29,whatsapp,green,{}
22c5a169-8af7-4f52-b504-377b2b950d16,7a645e86dd6b2bf0eefe79625e009ebd,8907444651473,SW1123,"560001 (Bengaluru Urban, Karnataka)",2025-12-09T12:58:17,whatsapp,green,{}
0fdded1e-93ef-4454-b695-90d5db572a99,2060ac7fc9217f19d1bb69227a3d40b0,8907444651473,SW1123,"575001 (Mangaluru (Dakshina Kannada), Karnataka)",2025-07-09T05:00:35,web,green,{}
86cbfd48-3ad6-4eb8-8719-6288c2c4b736,9be2590bcb4c5649819fd0e691a683fa,8907444651473,SW1123,"143001 (Amritsar, Punjab)",2026-07-28T20:30:40,web,green,{}
d0091f13-7f93-4051-af1c-6d7c0ab6490b,7979dee043a34adbb845bc3c066d418f,8907444651473,SW1123,"462001 (Bhopal, Madhya Pradesh)",2026-04-13T07:30:17,whatsapp,green,{}
70fc0778-21df-4bf6-822f-de7275220376,fd2a62a97456acf6228408b92be4456d,8907444651473,SW1123,"620001 (Tiruchirappalli, Tamil Nadu)",2026-02-23T08:09:39,web,green,{}
3d68d6e4-b166-4698-b099-c03bf83023e2,a368de59da4bc8cfb214efc44096526f,8907444651473,SW1123,"411045 (Pune, Maharashtra)",2025-06-12T12:10:37,whatsapp,green,{}
2311ce74-6ab0-41d3-9000-01465c265f56,287f66ccd9ef040c1e1837aea52dbd03,8907444651473,SW1123,"395001 (Surat, Gujarat)",2026-02-22T17:26:34,whatsapp,green,{}
99291267-46c0-4272-ba44-b86838a9eff6,e3bf60ad4da5ac0c362de90ea24aebde,8907444651473,SW1123,"560034 (Bengaluru Urban, Karnataka)",2025-09-10T10:19:40,web,green,{}
3fd87484-1924-474c-8440-1013bc3e6468,6b385fff5a4bdce14260fbe7fb9333ee,8907444651473,SW1123,"360001 (Rajkot, Gujarat)",2025-05-21T10:33:44,whatsapp,green,{}
0756bca2-fbda-461d-83f4-f97ac658189b,fbca8323a55caec49918d44fb83a58d0,8907444651473,SW1123,"110001 (New Delhi, Delhi)",2026-07-04T10:24:51,whatsapp,green,{}
84f02230-d46e-4dfb-8438-2e21839b0d1f,4fe11e2787f5f7ba3484b750159ccadc,8907444651473,SW1123,"122001 (Gurugram, Haryana)",2026-02-22T10:20:32,whatsapp,green,{}
8316e09f-1a4d-4dff-9007-03eabe31e468,f14781d852ea8bdee30392bc7dd10c62,8907444651473,SW1123,"452001 (Indore, Madhya Pradesh)",2026-07-08T11:59:26,whatsapp,green,{}
6f2ba33f-5348-4e59-b6ef-b4548127fc9a,98429a1b525f434301e8229db584ad7f,8907444651473,SW1123,"411045 (Pune, Maharashtra)",2026-01-23T17:20:28,web,green,{}
e52eb44d-12c5-4265-bae4-2f10baa7528c,c957d6c83ef1a741f722eeb42c5c37de,8907444651473,SW1123,"530001 (Visakhapatnam, Andhra Pradesh)",2025-06-01T14:48:35,whatsapp,green,{}
eb245a5d-1415-42ab-a227-a849d5fe49b9,0962c043ecc94899000e1c0eeba8fd63,8907444651473,SW1123,"380001 (Ahmedabad, Gujarat)",2025-11-26T02:10:10,web,green,{}
e695c00a-1d95-49e4-b82d-9c3b52a636cd,4149a258fff865ee0fbc6412414a0e36,8907444651473,SW1123,"800001 (Patna, Bihar)",2025-04-02T19:57:00,whatsapp,green,{}
130704cc-d644-470a-a647-1c8a70d36695,98429a1b525f434301e8229db584ad7f,8907444651473,SW1123,"600001 (Chennai, Tamil Nadu)",2026-02-01T16:39:33,whatsapp,green,{}
09f0532e-1ab9-480e-9b79-702393b37090,4a0a860f3315618b4637264ff6b8c8dc,8900471959291,TX6690,"411045 (Pune, Maharashtra)",2025-10-08T18:59:05,whatsapp,red,{nsq_status_fail}
c93a77fb-648a-4568-be1a-4fbb23432462,d840c629e272cb54052e4e42ac90f02f,8900471959291,TX6690,"110001 (New Delhi, Delhi)",2025-07-20T15:31:54,whatsapp,red,{nsq_status_fail}
dd2a0335-16be-4053-a1af-58c29c924b09,35670e9f25062218e52937afe2cdef24,8900471959291,TX6690,"141001 (Ludhiana, Punjab)",2026-06-26T14:49:45,whatsapp,red,{nsq_status_fail}
d6e86aab-006d-4abc-bad7-f87948b8de90,986a2852d3b84127b45c83c74739b054,8900471959291,TX6690,"695001 (Thiruvananthapuram, Kerala)",2025-06-19T22:25:03,whatsapp,red,{nsq_status_fail}
ab6e63cb-47a7-44c1-8582-abbc936520b3,e589f982ee91533ffd3e6dc07de6e882,8900471959291,TX6690,"700001 (Kolkata, West Bengal)",2025-11-13T19:14:22,web,red,{nsq_status_fail}
1c683afa-05bb-4d6c-90c9-5980f7fd815b,2f201361847cf11384f890f22dc3761f,8900471959291,TX6690,"302001 (Jaipur, Rajasthan)",2026-07-11T08:32:02,whatsapp,red,{nsq_status_fail}
479c2fd6-efa1-4cb6-8671-24a253b06110,2e842a7c16f5008cd50f511847e0e9fd,8900471959291,TX6690,"600001 (Chennai, Tamil Nadu)",2026-02-12T17:58:45,whatsapp,red,{nsq_status_fail}
467d3679-7873-4160-9347-a8221881f846,676e285d2ab4c5bb4204b4e1884e9772,8900471959291,TX6690,"390001 (Vadodara, Gujarat)",2025-04-13T09:16:38,whatsapp,red,{nsq_status_fail}
8c0085b1-a2eb-4084-8216-ea0b0d3d2452,997793bc5ab55eed58ec71a79107ab40,8900471959291,TX6690,"143001 (Amritsar, Punjab)",2025-06-16T18:34:11,whatsapp,red,{nsq_status_fail}
824ecec4-8d01-4207-908a-5ca6b22cb6cd,af6132bfa7d42bc1241429650daa4334,8900471959291,TX6690,"440001 (Nagpur, Maharashtra)",2026-05-21T03:56:41,whatsapp,red,{nsq_status_fail}
b3c87180-611f-47ae-8a41-4817ed497416,970aa400a52d17e0809db15a1feed210,8900471959291,TX6690,"208001 (Kanpur Nagar, Uttar Pradesh)",2026-04-10T16:37:31,whatsapp,red,{nsq_status_fail}
7f5652a9-0503-46f4-b159-eb1318a57981,0686679eff0200e7d5779501a47ac84b,8900471959291,TX6690,"395001 (Surat, Gujarat)",2025-11-10T16:55:28,web,red,{nsq_status_fail}
cb7157fb-c927-4401-b4e5-280aeb95c930,53f57ef298d0e2f7dbb2782264f4e7b4,8900471959291,TX6690,"711101 (Howrah, West Bengal)",2026-07-03T17:57:41,whatsapp,red,{nsq_status_fail}
2a5c4e31-69a1-4843-ae1b-189df5f11ac1,3ab5a3044b688cbdbcab68e9d0879e5a,8900471959291,TX6690,"208001 (Kanpur Nagar, Uttar Pradesh)",2026-02-21T15:10:46,whatsapp,red,{nsq_status_fail}
aaada912-173c-478d-8043-8a5e1c73d697,e84c039f7dfdc7cc53977ee63c4d27aa,8900471959291,TX6690,"600028 (Chennai, Tamil Nadu)",2026-02-02T10:39:50,web,red,{nsq_status_fail}
9c3347d2-599b-4a68-99bc-e4ce68b4e6b5,3b0be0986e7ad0c494e71dd77354782a,8900471959291,TX6690,"360001 (Rajkot, Gujarat)",2025-04-16T11:10:16,whatsapp,red,{nsq_status_fail}
d0d8ce9f-3206-41f6-9b7c-b3cfe8958f14,445b4f9f96637baf472f9d0642624196,8900471959291,TX6690,"570001 (Mysuru, Karnataka)",2025-11-05T21:01:08,whatsapp,red,{nsq_status_fail}
ca1f07c8-12a2-435c-b378-a529711ef390,9cc59492ca22400d5ed1b65fde2a074c,8900471959291,TX6690,"625001 (Madurai, Tamil Nadu)",2026-06-10T07:59:00,web,red,{nsq_status_fail}
24469364-5853-428e-8980-ab322ef03bc0,b71e8bd144c970f8855c18fa1067091a,8900471959291,TX6690,"800001 (Patna, Bihar)",2025-05-10T12:42:38,web,red,{nsq_status_fail}
7de517f2-4fa6-4eab-b162-e6d358b68858,d755e0dd41c2e35eb459cf32c296c10f,8900471959291,TX6690,"600028 (Chennai, Tamil Nadu)",2025-12-15T14:55:03,whatsapp,red,{nsq_status_fail}
02c7cec9-be43-4f19-b844-0a5beb6c9bd4,72369e6867b034ed8ef8e52957561674,8900471959291,TX6690,"800001 (Patna, Bihar)",2026-06-19T11:52:46,whatsapp,red,{nsq_status_fail}
451d3301-cb15-49e8-a69e-b4626601f8d2,6c1d97561c030ae3aae44c2eee982e90,8900471959291,TX6690,"110001 (New Delhi, Delhi)",2025-12-18T11:39:40,whatsapp,red,{nsq_status_fail}
3db1a609-66c6-471f-9781-fbf43a66d079,9221552fd8615852428bbd3fb7d40212,8900471959291,TX6690,"452001 (Indore, Madhya Pradesh)",2025-06-29T18:37:49,web,red,{nsq_status_fail}
5b430e85-12b3-4108-8933-fd317dfd9909,6d41316c137ea99d75988698dc222843,8900471959291,TX6690,"380001 (Ahmedabad, Gujarat)",2026-07-28T10:40:41,web,red,{nsq_status_fail}
0d37b9cc-a777-4e9b-9ecf-1b348763143e,cda20c4ab6f8e898cd23d9962dfed875,8900471959291,TX6690,"143001 (Amritsar, Punjab)",2025-06-25T12:22:46,web,red,{nsq_status_fail}
957ef73e-32a5-4960-9292-81d5abf7b487,207c0dcb968648f8dd9d825449ccc59b,8900471959291,TX6690,"580001 (Dharwad, Karnataka)",2025-12-03T15:09:41,web,red,{nsq_status_fail}
c2720a2b-691f-421c-b491-8b825a5dffed,3f27b00a9ac134fe465509b35379e22f,8900471959291,TX6690,"641001 (Coimbatore, Tamil Nadu)",2025-12-20T06:55:25,whatsapp,red,{nsq_status_fail}
ffc0c40e-3b8d-4451-bb1c-3426e2eba893,70e1314460a2c6912f83ab3954da2dfb,8900471959291,TX6690,"411001 (Pune, Maharashtra)",2025-11-11T12:42:24,whatsapp,red,{nsq_status_fail}
ac8e461d-d03b-4ee8-a6da-0f08a1fac8bf,4e294530d25bde05a51ef8d6de9b08a9,8900471959291,TX6690,"560034 (Bengaluru Urban, Karnataka)",2025-06-13T12:22:22,web,red,{nsq_status_fail}
79cb9905-a4b2-40e6-b82c-875318c88fb3,4d094437c05253bc464bd2eb32ffba27,8900471959291,TX6690,"411045 (Pune, Maharashtra)",2026-05-28T14:08:21,whatsapp,red,{nsq_status_fail}
fb84a557-893e-4ddb-a358-3cf6a4c559c4,d8f340b13fd49a7d5b53a063cab06eb7,8900471959291,TX6690,"600001 (Chennai, Tamil Nadu)",2025-09-30T09:31:19,whatsapp,red,{nsq_status_fail}
9a081336-c384-4f50-aca5-59450a4ca6c1,f8cf9167fea145c76019b48a5f83e531,8900471959291,TX6690,"620001 (Tiruchirappalli, Tamil Nadu)",2025-12-19T09:37:19,whatsapp,red,{nsq_status_fail}
77180b93-fcfd-488d-a5c3-4afd43097134,d8fa217514d111c7d822a86cce9e6ee1,8900471959291,TX6690,"395001 (Surat, Gujarat)",2025-10-27T14:04:14,whatsapp,red,{nsq_status_fail}
8f526aeb-e370-4bb3-8ae0-7c0b9b0e55e2,cba4ae554c1adcc7a85ee5fe85577984,8900471959291,TX6690,"695001 (Thiruvananthapuram, Kerala)",2025-08-20T07:53:45,web,red,{nsq_status_fail}
0b347037-f901-4ff5-b5b6-0cb6339035fe,c5f71916046bb011e81596f5a78fae03,8900471959291,TX6690,"462001 (Bhopal, Madhya Pradesh)",2025-10-08T20:03:17,web,red,{nsq_status_fail}
63bad323-5064-4e4b-adbe-62890ed3d312,8c20afd829154e55b67c64a035db93c1,8900471959291,TX6690,"208001 (Kanpur Nagar, Uttar Pradesh)",2026-03-19T13:07:29,web,red,{nsq_status_fail}
d5b12802-7a60-4731-a4a6-d454fc19b818,d339c83b18c047e28f0dc6f5ac24c356,8900471959291,TX6690,"625001 (Madurai, Tamil Nadu)",2025-08-06T05:31:07,web,red,{nsq_status_fail}
80b938c5-7279-4f0b-a308-c0fe9318b5e5,0df3569799676237c84f0eaf738e08db,8900471959291,TX6690,"641001 (Coimbatore, Tamil Nadu)",2026-02-23T10:58:41,web,red,{nsq_status_fail}
98eec3a6-50af-4f32-a5ec-d759b74d7436,7c6e388aa9893afd9f7feecb5b9c5667,8900471959291,TX6690,"682001 (Ernakulam, Kerala)",2025-11-15T18:29:19,whatsapp,red,{nsq_status_fail}
0cf9cfca-a5b9-4fd6-adfc-376588843969,e18db5887236ac69a91d0bf11ddffeb0,8900471959291,TX6690,"208001 (Kanpur Nagar, Uttar Pradesh)",2026-04-10T15:01:55,whatsapp,red,{nsq_status_fail}
54f54a14-4347-4bcf-b7cc-a08f91675063,503c02de33ce1bad4e9beacc550e9487,8900471959291,TX6690,"800001 (Patna, Bihar)",2026-07-10T09:43:54,web,red,{nsq_status_fail}
b0b52cab-a7c4-4c83-8598-ee1945b71155,34111a34581809396a888106e0efcf1b,8900471959291,TX6690,"590001 (Belagavi, Karnataka)",2025-09-28T14:53:47,whatsapp,red,{nsq_status_fail}
3daab3b2-5ba9-46fc-a92d-21fe265b0030,d8f9d4f892c90e1b307f9b98c8e8a916,8900471959291,TX6690,"380001 (Ahmedabad, Gujarat)",2026-03-02T10:47:04,whatsapp,red,{nsq_status_fail}
fa7f4b66-d52f-4c5c-bd92-ee00dd838003,6b05c8d97b09724cf3b8d973ceae4fea,8900471959291,TX6690,"143001 (Amritsar, Punjab)",2025-12-09T18:05:21,whatsapp,red,{nsq_status_fail}
96d2a287-1444-447f-95fb-8595ecc2c4c1,2fa9a836ad3770109ab40158a810e75d,8900471959291,TX6690,"600028 (Chennai, Tamil Nadu)",2025-08-17T03:35:29,whatsapp,red,{nsq_status_fail}
999769b0-71fd-442e-aa30-571a3de9beb5,c02b07c4e1ce9c8752725af17622b0a4,8900471959291,TX6690,"800001 (Patna, Bihar)",2025-06-15T22:09:26,web,red,{nsq_status_fail}
1e539827-8afe-4fb1-8639-b5c409c844e7,cdeb3e9996e53367e7569629f59bbb7f,8900471959291,TX6690,"625001 (Madurai, Tamil Nadu)",2026-02-09T13:33:22,web,red,{nsq_status_fail}
43365742-e692-484e-9cc7-5e6e7ad03d19,c50b590142ee81cf1bc6d3115a5cd2b7,8900471959291,TX6690,"560066 (Bengaluru Urban, Karnataka)",2026-07-06T15:15:38,whatsapp,red,{nsq_status_fail}
fa3c0431-aa94-4d44-b565-491c3bec1863,f0b0845ecd7d6e3365116af0f0d110cf,8900471959291,TX6690,"440001 (Nagpur, Maharashtra)",2025-08-22T18:50:41,web,red,{nsq_status_fail}
003ef116-7f9b-4114-bf84-80592cbb9749,443e25c1406d9d2f2bea53003601bb56,8900471959291,TX6690,"711101 (Howrah, West Bengal)",2025-05-01T13:36:20,web,red,{nsq_status_fail}
143c9d1e-8175-4622-8dd4-e70a3e369c45,a3157678ce321116cb21c4cf8088ef2c,8900471959291,TX6690,"800001 (Patna, Bihar)",2025-07-03T15:24:26,web,red,{nsq_status_fail}
586a4ea9-5abc-4ba0-a3a2-6ba09d83a099,60f032e8d9051dcc67d7275a47f2a2b8,8900471959291,TX6690,"462001 (Bhopal, Madhya Pradesh)",2025-06-04T21:42:29,web,red,{nsq_status_fail}
02a78360-e694-47b3-a357-08e3b7b2caeb,d3e6fa336a92c461e637b1466176072c,8900471959291,TX6690,"411045 (Pune, Maharashtra)",2026-03-22T12:41:11,whatsapp,red,{nsq_status_fail}
6382dc90-27a2-470d-8298-0200887d22d4,06bba2de007d7f37cfb7c7eb6eb63cf7,8900471959291,TX6690,"122001 (Gurugram, Haryana)",2025-06-24T02:00:56,whatsapp,red,{nsq_status_fail}
418e206b-5821-48ac-b8ee-187b47be2fe1,1c6e8e195c10ae213850fefabda3758e,8900471959291,TX6690,"141001 (Ludhiana, Punjab)",2025-04-20T08:36:51,whatsapp,red,{nsq_status_fail}
8d63a259-9e3e-47f7-874f-7b2fbe978874,e92ac11299d9af1840d3c83511075e65,8900471959291,TX6690,"400601 (Thane, Maharashtra)",2025-06-06T08:45:17,whatsapp,red,{nsq_status_fail}
58c1e37a-350a-47f0-9e8d-3f460adcdd1d,3baf96853fbe11d414d8c976b22a92e7,8900471959291,TX6690,"422001 (Nashik, Maharashtra)",2025-04-09T22:48:49,whatsapp,red,{nsq_status_fail}
b1cdd434-bd49-4426-9c3f-fa00626d7e1b,4fad8e3e45161c07ce4e1c121811e79d,8900471959291,TX6690,"360001 (Rajkot, Gujarat)",2026-08-14T18:04:23,whatsapp,red,{nsq_status_fail}
f1ab8f34-6a3e-4f6f-9fb8-3082884a0a6f,92563aad1f25a5bd155fd3901671344f,8900471959291,TX6690,"560001 (Bengaluru Urban, Karnataka)",2026-01-19T11:01:40,whatsapp,red,{nsq_status_fail}
0109f363-d21d-4998-a1f9-7edbf20cddfd,9c91b0e5586d721252c54949bf720060,8900471959291,TX6690,"380001 (Ahmedabad, Gujarat)",2025-09-17T12:12:44,whatsapp,red,{nsq_status_fail}
ddef1e0e-659a-417b-bd95-a9d508a9f4e7,17511a68c812260014f01aa0fc247eee,8900471959291,TX6690,"570001 (Mysuru, Karnataka)",2025-06-07T12:49:34,web,red,{nsq_status_fail}
8e4bbefb-e78d-4a7d-86df-70a63f678ea0,4b7a3a712617705e5c5ea125bb84e1fa,8900471959291,TX6690,"641001 (Coimbatore, Tamil Nadu)",2026-06-11T14:13:55,web,red,{nsq_status_fail}
84109a13-92ca-4f09-a8b3-b4cdc0b5a5a5,f24a12a5f83c9f1fbfbb8c2273ff7658,8900471959291,TX6690,"580001 (Dharwad, Karnataka)",2025-06-24T08:52:28,whatsapp,red,{nsq_status_fail}
1291b4c3-7241-40ec-a5cf-3b22352cbd4d,b954cd6bf3299aa3f7bd47600e4690ba,8900471959291,TX6690,"390001 (Vadodara, Gujarat)",2025-11-13T10:53:16,whatsapp,red,{nsq_status_fail}
0969ff47-8c62-4e54-843e-c7916f9e4f3a,ca7fa59fc79a2c936a55c36169e9169e,8900471959291,TX6690,"580001 (Dharwad, Karnataka)",2026-08-30T19:11:10,web,red,{nsq_status_fail}
cf9d031b-9f9e-4cae-915a-77cbd4afe771,295ded639c96fcfff5ae196ac970d15a,8900471959291,TX6690,"411045 (Pune, Maharashtra)",2026-08-24T17:56:09,web,red,{nsq_status_fail}
4b4d83bc-1cbb-4b11-9724-df1ce7819978,70c084d6de4344f29d066c1144b1e747,8900471959291,TX6690,"600001 (Chennai, Tamil Nadu)",2026-07-08T12:34:22,web,red,{nsq_status_fail}
b76e65ee-6e30-4dc0-8912-9b0b8cdc9fa2,da4f934429b6f9527f54d7c924a10518,8900471959291,TX6690,"625001 (Madurai, Tamil Nadu)",2025-09-30T16:59:02,web,red,{nsq_status_fail}
021e0878-31ae-49f9-8c2d-b86321053a71,c5d5d633308d912439fcb6281a4032b5,8900471959291,TX6690,"530001 (Visakhapatnam, Andhra Pradesh)",2025-09-09T17:32:49,whatsapp,red,{nsq_status_fail}
d68de29f-3cff-4660-9338-aef81a913b48,1b6363758c4f1ae80f6ee8a6cdcd9f05,8900471959291,TX6690,"695001 (Thiruvananthapuram, Kerala)",2025-11-21T09:12:40,whatsapp,red,{nsq_status_fail}
d94178af-eb73-4a7f-aad2-f544747ea743,107e0794d1f9712116df729a2cb38c1a,8900471959291,TX6690,"390001 (Vadodara, Gujarat)",2025-07-31T07:20:34,whatsapp,red,{nsq_status_fail}
d8d6c01b-4630-46b1-b26a-d70bfcf0d6f6,2edd945f6ac210f6020a808ae2fc17bd,8900471959291,TX6690,"110001 (New Delhi, Delhi)",2025-12-02T16:55:22,whatsapp,red,{nsq_status_fail}
ab3a4f8a-b3a2-4d26-a56d-619752aeea69,d45c7696aecc2ea203948921ec5b03a1,8900471959291,TX6690,"641001 (Coimbatore, Tamil Nadu)",2025-08-04T07:58:52,whatsapp,red,{nsq_status_fail}
e393db6d-57ff-4507-a909-b29c332491b4,2a73fa2d9b383578d98f73a628f9f0bb,8900471959291,TX6690,"641001 (Coimbatore, Tamil Nadu)",2025-03-31T10:23:53,whatsapp,red,{nsq_status_fail}
957481d3-1ede-46d8-9c92-a0b826ae479a,43a402ae89e60f850dbb61155f88190b,8900471959291,TX6690,"221001 (Varanasi, Uttar Pradesh)",2026-04-20T13:37:16,whatsapp,red,{nsq_status_fail}
6f8093a2-0ab7-4774-b9aa-277c28d6c8f0,2acfb66796d9f87b8cea1e92254063fd,8900471959291,TX6690,"141001 (Ludhiana, Punjab)",2025-08-03T14:17:43,whatsapp,red,{nsq_status_fail}
adbcd180-297c-4c76-8862-b147f8527f3a,24b276a7b50a784f11fe47ba1ba0e3d5,8900471959291,TX6690,"625001 (Madurai, Tamil Nadu)",2026-08-06T09:16:28,whatsapp,red,{nsq_status_fail}
ca672182-e96f-419d-b933-275866d4b60c,a5a162224a449198c8892706b5c8b86d,8900471959291,TX6690,"620001 (Tiruchirappalli, Tamil Nadu)",2026-06-15T08:40:33,web,red,{nsq_status_fail}
2faf092a-6f45-4220-a8b3-671d4892f3df,ab01b4079f64b6d678f322ea23b9e1f9,8900471959291,TX6690,"141001 (Ludhiana, Punjab)",2025-12-26T06:15:23,whatsapp,red,{nsq_status_fail}
7d0c6957-2690-4a60-a311-0594c328af4c,34d4f1a5085e6541e8edc98efe53ee7f,8900471959291,TX6690,"590001 (Belagavi, Karnataka)",2025-06-17T19:41:15,whatsapp,red,{nsq_status_fail}
e031a650-4a2f-4007-ab65-629a764bdccf,368f874b5adf7bb07ee466a015c9738b,8900471959291,TX6690,"682001 (Ernakulam, Kerala)",2025-04-12T23:08:51,whatsapp,red,{nsq_status_fail}
06366810-ebae-4a97-baa9-648fedbf6b0c,21fd952d66aaa81accfa362ac6c59fde,8900471959291,TX6690,"620001 (Tiruchirappalli, Tamil Nadu)",2026-07-25T18:21:44,whatsapp,red,{nsq_status_fail}
0a4bbfe2-f320-438f-8677-49f7a9d1289a,be86dcaf2c3ae46b1415b4e0fdce81d1,8900471959291,TX6690,"208001 (Kanpur Nagar, Uttar Pradesh)",2025-12-31T10:27:29,web,red,{nsq_status_fail}
c7587636-0c8b-4ec5-bc57-759195fe1701,f59fe97e4f7831620cb86291fa552261,8900471959291,TX6690,"560066 (Bengaluru Urban, Karnataka)",2026-08-31T08:35:16,whatsapp,red,{nsq_status_fail}
b3883714-cc3b-49ae-9fbd-e3a826f85659,2a092f72d7a606e5de04747bf5ba6947,8900471959291,TX6690,"360001 (Rajkot, Gujarat)",2025-04-11T15:05:27,web,red,{nsq_status_fail}
3e6c6b1f-19e7-4457-9c49-72687dc85a02,b65e576ca35491027ad81d70df2ba886,8900471959291,TX6690,"560066 (Bengaluru Urban, Karnataka)",2026-08-30T12:55:19,whatsapp,red,{nsq_status_fail}
63aa7768-2880-480f-b811-23cacc947670,1eb9f53828c50b87c88eac7fa2382162,8900471959291,TX6690,"530001 (Visakhapatnam, Andhra Pradesh)",2025-12-20T09:58:42,whatsapp,red,{nsq_status_fail}
06edc04a-d1fb-4fed-8778-fefd3bfc7ce5,9e994e08a6dd336a381ad1b017d3f534,8900471959291,TX6690,"143001 (Amritsar, Punjab)",2026-01-17T00:29:08,web,red,{nsq_status_fail}
e778afb5-18a8-470f-ad94-1735c18ce296,53fbfc86464af602affc174b12c8e0fa,8900471959291,TX6690,"560034 (Bengaluru Urban, Karnataka)",2026-02-14T09:14:28,web,red,{nsq_status_fail}
89bf76f9-0d63-4965-832c-7de76dc8d5cc,a9b4ba2443d3dc8f4d25742dc2d9c135,8900471959291,TX6690,"302001 (Jaipur, Rajasthan)",2025-07-28T18:03:01,whatsapp,red,{nsq_status_fail}
a1d15b7e-2e40-4801-b7bc-bc9b500506f9,132765d7898714a4b49358b4b59dbf44,8900471959291,TX6690,"641001 (Coimbatore, Tamil Nadu)",2025-07-29T11:20:29,web,red,{nsq_status_fail}
1fc3855a-1e9d-479c-b906-404e40238e4a,aabafb6fb408f3090890b2073ddce988,8900471959291,TX6690,"452001 (Indore, Madhya Pradesh)",2025-06-03T16:59:38,web,red,{nsq_status_fail}
95bfff24-91e3-4d70-bdc6-150cb5d1319b,ca2e728634c96fc3d7314c5eeeda29e2,8900471959291,TX6690,"400601 (Thane, Maharashtra)",2026-08-16T08:25:48,web,red,{nsq_status_fail}
30ba67dd-10cb-4f20-a477-6ae8a565ca6a,589205f2b05029076a663c9056febba7,8900471959291,TX6690,"400001 (Mumbai City, Maharashtra)",2026-05-29T13:09:44,whatsapp,red,{nsq_status_fail}
44c5d381-4da1-4888-9198-9e3dcf491a16,1c06bece3f00dc78f0b3f884e7d52eac,8900471959291,TX6690,"440001 (Nagpur, Maharashtra)",2025-07-18T23:16:55,whatsapp,red,{nsq_status_fail}
a8813aab-eba0-4b29-ad06-38f885b4820b,849b74aed2a3152741694add70c6e2ab,8900471959291,TX6690,"360001 (Rajkot, Gujarat)",2025-11-16T23:56:42,whatsapp,red,{nsq_status_fail}
18905c62-c0bc-4a4d-aafe-52fecc12b506,0081f4377a9114743296db9a5c67be5a,8900471959291,TX6690,"440001 (Nagpur, Maharashtra)",2025-11-22T13:10:54,web,red,{nsq_status_fail}
ce5db053-f496-40bf-8aa2-f0c5b738d84c,a34707a41be42c2453162ba319062f05,8901936426455,LOT24D439,"682001 (Ernakulam, Kerala)",2025-12-16T03:16:03,web,green,{}
955e8791-61a1-4f67-b5d2-dbdfc691c60a,82ca8488d09fbf72585f88b5569db71d,8902260951139,XY1521,"560034 (Bengaluru Urban, Karnataka)",2026-08-09T14:01:34,whatsapp,green,{}
a9cc4774-4c86-49bd-8420-b7e966f6bd09,fb408e51b5345c7433818f122e8d616c,8902260951139,XY1521,"530001 (Visakhapatnam, Andhra Pradesh)",2026-06-04T15:14:10,whatsapp,green,{}
7b685819-91f2-4995-a576-936d46cef503,9057d3083463e6596f3cb848f5d6ff94,8907684236474,LOT24A711,"570001 (Mysuru, Karnataka)",2025-10-03T07:17:02,whatsapp,green,{}
44c589c5-abf7-4d88-bde7-18252380f365,ea5c8a0c7094989ef2a8ad255f9bcda3,8907684236474,LOT24A711,"700001 (Kolkata, West Bengal)",2025-05-14T11:41:06,web,green,{}
51355ded-51c8-4fc7-b243-cdc56a5a80d0,9e1c5f2725df4eebca16c083e92b66d5,8900001499706,24087816,"226001 (Lucknow, Uttar Pradesh)",2026-03-09T13:57:46,whatsapp,expired,{expiry_status_fail}
2026e0ce-0ed9-48bb-994c-9959a41e9444,1f82d47ade262122103c293b6634af7b,8900001499706,24087816,"620001 (Tiruchirappalli, Tamil Nadu)",2025-12-05T17:05:53,whatsapp,expired,{expiry_status_fail}
13e5141f-9c34-46a9-bd33-91335b2b3185,467527cc26e12864c200c2ddba07eb5e,8908995169817,LOT25A315,"143001 (Amritsar, Punjab)",2026-09-09T02:12:23,web,red,{nsq_status_fail}
87f3c060-2e4b-41da-a5cc-390603b1216f,1dbdceaf62447287a069b25845154ae8,8908995169817,LOT25A315,"380001 (Ahmedabad, Gujarat)",2026-08-10T13:37:12,whatsapp,red,{nsq_status_fail}
3eb3db6a-3a7e-4a3f-97f5-ffea43f4d14a,b37cef1edf8997e353434ca92dec60fb,8909807559534,LOT26C626,"575001 (Mangaluru (Dakshina Kannada), Karnataka)",2025-12-13T15:58:55,whatsapp,green,{}
ce8ffb6d-fa4f-4dba-b39c-fa8948ff8d4f,247cbcd2db3e535b333ea0d6119c21f2,8909807559534,LOT26C626,"110019 (North West Delhi, Delhi)",2025-05-28T11:09:17,whatsapp,green,{}
e5dcec04-108b-464c-8a8f-a5788bd4318e,4420267320f00a9b2af616223d163488,8903280387266,26123737,"440001 (Nagpur, Maharashtra)",2025-11-10T15:14:26,whatsapp,green,{}
83cc59ec-3f17-47af-aac0-a0dacc0eda49,3ba1c9103f535db171f5a29ddc439e6a,8902993146925,LOT26G721,"700001 (Kolkata, West Bengal)",2026-06-15T20:30:30,whatsapp,green,{}
066772ee-3c1c-49fa-9075-f76f3262303b,a24f8a071cad78f8357f1001fc999238,8901506705318,25072386,"575001 (Mangaluru (Dakshina Kannada), Karnataka)",2026-08-01T06:26:09,web,green,{}
008a70a3-9e9f-4b3a-a085-3ea4df014958,25cc33684cf5caa44735693a1930d5ed,8901506705318,25072386,"302001 (Jaipur, Rajasthan)",2025-08-01T11:07:02,whatsapp,green,{}
7c0f5cc1-13b8-4d13-90eb-64438abe87de,dc2ea252442ea90ea7c42965af46365e,8909352684043,25019671,"440001 (Nagpur, Maharashtra)",2026-07-04T09:35:16,whatsapp,green,{}
127b7e5c-9006-48f2-b3dc-e470009c984f,3850be70ac85771c85334e54771303ad,8909352684043,25019671,"400072 (Mumbai Suburban, Maharashtra)",2026-03-17T18:00:34,whatsapp,green,{}
0ba14595-18d9-48b4-80f1-82d8b648db94,66d66da5ef1b68bfac175b27391d8c4d,8902941165461,LOT26C617,"440001 (Nagpur, Maharashtra)",2025-08-29T18:41:50,web,green,{}
c1d84674-71ca-4261-82e0-84e2f6ea9888,da08001101ab1f1a97436336db316844,8902941165461,LOT26C617,"700001 (Kolkata, West Bengal)",2025-11-21T08:22:31,whatsapp,green,{}
805b9b56-b216-4be4-b6f9-53e945895d9e,5e043d3c5e97498af6750b245a842913,8902941165461,LOT26C617,"452001 (Indore, Madhya Pradesh)",2026-03-07T06:32:50,web,green,{}
b86e95a9-7040-48e9-a23a-ef7849281c75,69d2e5ea84cf136ec643a188f973af60,8902527998151,JE4109,"575001 (Mangaluru (Dakshina Kannada), Karnataka)",2026-02-22T19:51:01,web,green,{}
db1fdc62-95d1-41d3-918f-ee70c12ff3b4,cae87ffe59294ab61f9376e427df1e27,8909873411325,ZD8998,"620001 (Tiruchirappalli, Tamil Nadu)",2026-04-21T10:43:16,web,green,{}
f62b9c82-073a-43b7-a912-709f10b06378,ab1d211120ba51f781c723a6fd5287be,8901213895693,AR2414,"302001 (Jaipur, Rajasthan)",2026-02-19T00:30:13,web,red,{nsq_status_fail}
ffaf382e-39f7-4d19-a965-46e1333dd355,82e869c0601d2b2983a1bad01398f7b3,8901213895693,AR2414,"580001 (Dharwad, Karnataka)",2025-10-30T16:06:44,web,red,{nsq_status_fail}
b80e4974-6fc8-4190-865e-e11b62399960,ed700daf42b7f76a715dce075674cdc3,8902334315255,UP3209,"590001 (Belagavi, Karnataka)",2025-08-08T15:42:58,whatsapp,green,{}
08d966fe-d981-4c51-972b-00171ef3783e,5c036b9f04f1adfb759a98ff88a9a7b8,8902334315255,UP3209,"711101 (Howrah, West Bengal)",2025-09-04T08:26:58,whatsapp,green,{}
5b900b4e-2c34-4e0c-bbdd-f408fbd4c2a4,903ac0bd4bb5b482d3e84c4890cea08e,8902334315255,UP3209,"110001 (New Delhi, Delhi)",2025-05-03T12:09:34,web,green,{}
7c4b03fd-9174-4027-9999-a08b7f360a70,5769f3245e4d5454dab4e73f85e148da,8909430944205,LOT24H122,"570001 (Mysuru, Karnataka)",2026-09-08T14:58:31,web,green,{}
ecb3bdfd-54e3-4489-ace7-b7f935f70c35,e2fe62ecfd4b29ae99ca9cf811fc2dde,8909430944205,LOT24H122,"560001 (Bengaluru Urban, Karnataka)",2026-03-03T08:38:19,whatsapp,green,{}
c20a149c-8c44-4058-adf1-0d819c8b9988,aa909d57cc10a91df6f4825e4559d002,8901179453447,25026333,"560001 (Bengaluru Urban, Karnataka)",2026-03-16T03:00:04,web,expired,{expiry_status_fail}
933423dd-5ed8-42c7-a70e-7b6a3e5200da,45754d542a19a3ad5544c3cd0965e45d,8907684236474,LOT25G889,"110001 (New Delhi, Delhi)",2026-05-10T10:40:31,whatsapp,green,{}
567ed203-54bf-4727-8895-33b117c5b46b,dfc9f9f3a2a6c21cd263c0b1c8008c8a,8907684236474,LOT25G889,"462001 (Bhopal, Madhya Pradesh)",2025-04-22T12:13:14,web,green,{}
595607ad-b6f6-4c45-83d6-ab9b747f04ac,d8f49bcf530415317d24d9f391f378d4,8907684236474,LOT25G889,"110019 (North West Delhi, Delhi)",2026-01-10T02:53:57,whatsapp,green,{}
d91f6ef1-f6ab-4382-bd03-d260c2e36a9f,93eb130471397acb0f1ffbb99132ffdf,8901179453447,NL5377,"625001 (Madurai, Tamil Nadu)",2026-05-25T19:13:10,whatsapp,green,{}
542a4c5f-73c9-48d1-9477-85e5f104f71c,24dff9590dc10d262b95c0560d00cfda,8901442334331,DY5511,"695001 (Thiruvananthapuram, Kerala)",2025-11-12T06:46:51,whatsapp,amber,{single_non_official_signal}
ac2f0f4e-f7ea-4f92-a431-ee0e3d2cda43,82e97a5f34edc3412ed4ef239beb629d,8901442334331,DY5511,"600001 (Chennai, Tamil Nadu)",2026-01-04T10:31:08,web,amber,{single_non_official_signal}
339901ac-5f24-4eac-9888-20f583b1926b,5a8ea96848d2972bcd1dfc2ac8fe6f44,8905835677909,LOT26H952,"143001 (Amritsar, Punjab)",2026-08-21T18:05:27,whatsapp,red,{nsq_status_fail}
a4b40047-2055-4970-b1e0-294e287a3fda,d1b009ca5cf1dae16342010a4ff572a4,8905835677909,LOT26H952,"625001 (Madurai, Tamil Nadu)",2025-04-01T17:33:04,whatsapp,red,{nsq_status_fail}
e7c0b988-d9c7-4efd-a14e-6ff07b5bb8fc,f06857580ea1ec80a5a9fe4286a9b81c,8907877908912,LOT24E420,"620001 (Tiruchirappalli, Tamil Nadu)",2026-04-20T15:19:49,web,green,{}
9ddd16d3-062b-4146-b1eb-b51762326560,bf362070373cc259e815c85ac7c75226,8907877908912,LOT24E420,"400001 (Mumbai City, Maharashtra)",2026-08-15T12:38:41,whatsapp,green,{}
6a62d5f3-be48-461a-af5c-65e8ea448722,db62d20940047145fc1aa591f836bafe,8907877908912,LOT24E420,"500001 (Hyderabad, Telangana)",2025-08-09T09:24:11,web,green,{}
1e8ccab5-5037-45ae-983d-6a252197d761,6d76844cf3a6aa014e9b59f0e9ecf623,8909873411325,25102049,"360001 (Rajkot, Gujarat)",2025-04-01T07:42:17,whatsapp,green,{}
b7161e8b-2683-4be5-97d4-81c6c039060f,e6a8f70aff382ddb382c867a6fb025ab,8904772360610,LOT25A675,"600028 (Chennai, Tamil Nadu)",2025-10-11T14:34:30,whatsapp,green,{}
8820426c-a0b6-43cd-bace-66ac89b4ddba,4d5f15cd4a72d435b3c1044ffdd2c68a,8904772360610,LOT25A675,"360001 (Rajkot, Gujarat)",2026-01-27T09:35:07,whatsapp,green,{}
5a679108-e894-4edb-81ff-85e76ca2a478,c54f45e01c9b7d0046742b6ddb5d5a6f,8900001499706,RP9668,"141001 (Ludhiana, Punjab)",2025-04-17T15:01:42,whatsapp,green,{}
5a0ca0fa-8d9e-47db-944d-6406254d5dc0,3fcfdda31e1a7fc4d40a2c0462d9a692,8900001499706,RP9668,"625001 (Madurai, Tamil Nadu)",2025-10-18T17:45:39,web,green,{}
7dc474f6-b5cb-4b63-9190-23cf98264982,fca4bb255e6c38c1f4b163a5948556eb,8900001499706,RP9668,"390001 (Vadodara, Gujarat)",2025-08-26T14:46:05,whatsapp,green,{}
b0f1aa9c-fe9e-4400-9c3a-351189961aab,a6841ac7bdeb59238588fe4ae77d1e75,8904047855131,PC5596,"400001 (Mumbai City, Maharashtra)",2025-11-17T17:17:24,whatsapp,green,{}
24c49ab2-6797-46a0-a50c-325d9b7fc18d,dc0639b141d0c000d430a7ae07c88bfe,8904047855131,PC5596,"600028 (Chennai, Tamil Nadu)",2026-03-14T16:55:20,whatsapp,green,{}
367a7e5c-76a5-48fc-b324-51fde398a76d,b03e3cf30cf9fd9f311c3aab09fbc8e4,8905067392604,25099211,"400072 (Mumbai Suburban, Maharashtra)",2025-03-31T21:11:30,web,green,{}
42f4399d-2df4-4d3e-bfe4-095b68a1349b,cc296bce7fd9d4f80b220e289ad2b3cf,8901228543833,NW3099,"360001 (Rajkot, Gujarat)",2026-08-12T22:35:40,whatsapp,green,{}
6aee93b1-cf8a-44d3-9987-d69f14fcc3a4,acda62396aae50762e84a4ceb7c6407e,8901264866977,LOT25C750,"560034 (Bengaluru Urban, Karnataka)",2025-10-02T17:04:03,web,green,{}
8cef02fa-eaef-4765-99c8-0055d2e2ce38,aefa2d2df5eeea8a577ae0fd5d5073e0,8901264866977,LOT25C750,"110001 (New Delhi, Delhi)",2026-02-28T11:52:33,whatsapp,green,{}
507b23f7-0873-4e0b-aa62-ed7b1ad5083e,5c2ef731b3db971d2d861e0d3febb1ad,8903453348821,24122139,"400072 (Mumbai Suburban, Maharashtra)",2026-04-01T17:17:25,whatsapp,green,{}
2152bb8c-f3f0-45e0-bea4-0871e009d9d9,2181358eea4f50ef3aeb2a4925bf6030,8906047361152,LOT24H348,"462001 (Bhopal, Madhya Pradesh)",2026-06-23T15:04:33,whatsapp,green,{}
afed3f90-c8cb-4dfa-8564-ff845eb55d34,2d53d8c6026e40745dcaf356dc0f352e,8906047361152,LOT24H348,"625001 (Madurai, Tamil Nadu)",2026-07-06T09:22:35,web,green,{}
1aa98a46-4ac5-4873-9fa6-8cc485408202,387e8eb13ee44c0783980bca31adbd5d,8906047361152,LOT24H348,"411001 (Pune, Maharashtra)",2025-05-28T07:29:47,web,green,{}
307678a2-e4cb-4133-a389-554fc4d4331c,71f8f137a42d2e5f58ec4982b771578e,8902260951139,LOT25C218,"530001 (Visakhapatnam, Andhra Pradesh)",2025-07-26T20:49:05,web,green,{}
f4ca72f4-d20e-4fef-9bd9-36b56a580bd8,6d6eafed22a389300d4ae69c0dcafa61,8902260951139,LOT25C218,"302001 (Jaipur, Rajasthan)",2026-04-24T07:06:01,whatsapp,green,{}
344f5848-9bac-444d-81f7-39326bf44222,902b1c3933adecc108e7dc7721bd275e,8901475352413,LOT24A269,"390001 (Vadodara, Gujarat)",2025-04-11T15:14:03,whatsapp,expired,{expiry_status_fail}
b3693f4a-7129-4bc0-8da3-9409d02a07d6,b63132cba08b9f16d110b00c16b039b9,8901475352413,LOT24A269,"530001 (Visakhapatnam, Andhra Pradesh)",2025-09-13T08:44:33,whatsapp,expired,{expiry_status_fail}
66731e3c-46d9-4048-a714-c285f478afdb,4838a550a175adae3d29c6e3e7206727,8903504169052,TQ3842,"208001 (Kanpur Nagar, Uttar Pradesh)",2025-04-21T17:05:26,web,red,{nsq_status_fail}
6fddfbf0-2fe0-4092-94be-f0da5cd05542,f32ad628b617b6d6b363357bc31bbf9d,8901475352413,NJ6473,"620001 (Tiruchirappalli, Tamil Nadu)",2025-04-05T17:33:54,whatsapp,green,{}
a31adb4b-e278-4411-b954-5faacb0b7807,27c8bd477e834477c067b8175719b4bc,8906113462677,JV2905,"530001 (Visakhapatnam, Andhra Pradesh)",2025-05-08T10:56:00,whatsapp,green,{}
a994fbfd-dc13-499e-8af8-6a83d4bca993,c24d545f793fa618aecb96b0c139875a,8902447939089,CM6493,"711101 (Howrah, West Bengal)",2025-11-16T10:32:43,web,green,{}
aa92baf7-c143-40e4-91c6-eee59acd5214,06c5512c2a95b49c6340863c026d2f1d,8909807559534,25091379,"422001 (Nashik, Maharashtra)",2025-05-01T15:37:59,whatsapp,green,{}
f0f47304-6602-4cb9-8638-b2ac59d20251,ffbfc9fe0a2c38e7c89340a070c16adf,8904477882870,KM3535,"221001 (Varanasi, Uttar Pradesh)",2026-03-06T18:31:26,whatsapp,green,{}
488a6fdf-ff51-4248-80d6-b3d2cdf6afdc,6207800a117a01472b7a07b913fd54bc,8904477882870,KM3535,"695001 (Thiruvananthapuram, Kerala)",2025-12-18T10:35:50,whatsapp,green,{}
b0ee2b3e-cd7b-40be-9309-ce8f90a0153e,06633f63e3bab3c2b854eb372deed81f,8902183033258,26073593,"110001 (New Delhi, Delhi)",2025-12-26T17:17:56,whatsapp,green,{}
1b2eb358-9150-43d6-b1a4-0dc11b9cb39e,99df89cda50fc04095f7a02620d3bb26,8902183033258,26073593,"221001 (Varanasi, Uttar Pradesh)",2026-01-06T11:54:46,whatsapp,green,{}
9666d218-7d59-4f34-be96-119228c04d33,2a8be6ffaf337e7bd04ae2cd6edb8105,8903504169052,SC0887,"625001 (Madurai, Tamil Nadu)",2025-11-02T14:14:29,whatsapp,green,{}
0c8fdfcc-7556-4c0b-a728-e65f3743878a,ac24c5900a47414f223b552d5c73d9f1,8903504169052,SC0887,"208001 (Kanpur Nagar, Uttar Pradesh)",2026-03-26T18:16:35,whatsapp,green,{}
be28af40-762d-4ff2-9a2f-8056be5beafe,6e4a15cdfd235f96dad4d0c95d99fd6e,8903504169052,SC0887,"620001 (Tiruchirappalli, Tamil Nadu)",2026-05-17T17:02:15,whatsapp,green,{}
c8ca87a5-6b91-45cf-8e24-4d45bd7e28fe,180b8e023cba37157b3e0865a7ab15e9,8907444651473,25101642,"400001 (Mumbai City, Maharashtra)",2025-08-08T15:26:50,whatsapp,red,{nsq_status_fail}
4cc8ba4a-7ccc-4106-a004-162056db0fb9,9d011c89cda6752d720ca62ad5f0da64,8906405574592,LOT24H440,"400001 (Mumbai City, Maharashtra)",2025-04-25T10:06:13,web,red,{nsq_status_fail}
7925a114-2150-4baf-992e-d62bd0ce13e6,b176c707a16baadd6b728d339532096d,8903280387266,LOT25A160,"411001 (Pune, Maharashtra)",2025-03-27T14:55:24,whatsapp,expired,{expiry_status_fail}
4b6fc29e-30bb-48c5-a44a-bf1f6d0b441b,a58ae67664b61eab0419d73a80fa58d2,8903280387266,LOT24A576,"800001 (Patna, Bihar)",2026-01-17T07:57:27,whatsapp,expired,{expiry_status_fail}
2d6d5fff-a44f-47b2-a580-54de447d8fa2,026672e684b115a7c8b9c6b2df11ad49,8905936743689,WE1206,"600001 (Chennai, Tamil Nadu)",2025-04-16T08:10:26,whatsapp,green,{}
dc39680d-53ff-4aa0-ae11-c12f9f2cad33,49c74bcf00e3c6d0582950b7ac8a6989,8905936743689,WE1206,"422001 (Nashik, Maharashtra)",2026-02-15T17:11:33,whatsapp,green,{}
4a00d925-efff-4675-897b-319465bf146b,0e3bf39abb9960634b71317f2fd9f664,8906712472899,26024914,"800001 (Patna, Bihar)",2026-05-17T15:10:20,whatsapp,green,{}
cf25cbd9-c942-4462-b7e0-7c14c6994e5a,ce39d71a5afd3670356945e99beb8d3b,8904520635707,LOT25G685,"302001 (Jaipur, Rajasthan)",2026-07-10T06:34:24,whatsapp,expired,{expiry_status_fail}
264d397b-ea0a-4a06-8e0a-c7b3276e2674,b7a1802fad8069c5f94e0c91f6b7b716,8904520635707,LOT25G685,"530001 (Visakhapatnam, Andhra Pradesh)",2026-08-23T11:33:09,web,expired,{expiry_status_fail}
1a0a6e37-a82e-4907-ba9d-8019eb7f6b67,d41c968ced01cd59d42a660d72001aa6,8904520635707,LOT25G685,"700001 (Kolkata, West Bengal)",2026-02-20T10:08:27,whatsapp,expired,{expiry_status_fail}
ec943758-2c93-4001-adc3-6ea3cae69df5,56b9c26aca5a441e2caf6ecce7e16b50,8901402727471,25032105,"221001 (Varanasi, Uttar Pradesh)",2025-12-08T18:06:38,whatsapp,green,{}
0e961362-75a5-461f-ba07-271390f7abcc,8d1ca806935f20e0e38042714e6f95ab,8901402727471,25032105,"400072 (Mumbai Suburban, Maharashtra)",2026-09-10T14:55:43,whatsapp,green,{}
970bf878-02dc-475a-ae2a-c887bfc3bcdf,3903bc96abfed881821a40b3dbe945f0,8901402727471,25032105,"141001 (Ludhiana, Punjab)",2025-06-24T06:16:02,web,green,{}
9f87ff3f-679f-4152-8005-ac1fbe247db4,696b59b0a6df067325af33c83923a6ca,8909873411325,GA8613,"560066 (Bengaluru Urban, Karnataka)",2026-02-18T07:37:51,whatsapp,green,{}
57907d71-f265-4847-884b-f33e1b4204de,fb31bb1b0a781a6a72ac38b25e05347b,8909873411325,GA8613,"110019 (North West Delhi, Delhi)",2026-08-17T11:39:16,whatsapp,green,{}
0448750d-4c0e-4e88-8a0d-2d5f01f6cd1c,9f6a29f3f3f7c50a2a5051f07eddc479,8909873411325,GA8613,"711101 (Howrah, West Bengal)",2026-05-31T13:37:04,whatsapp,green,{}
f161a30c-c0c4-49b3-b796-4398cc0b4857,c3d5da51e6195080b89661119e53aef8,8902941165461,CY2568,"400072 (Mumbai Suburban, Maharashtra)",2025-09-29T14:50:49,whatsapp,green,{}
395e890b-e774-48cd-80ac-1498c0045cbb,b21345806af5c0c65886b236349322d6,8906047361152,25079788,"411001 (Pune, Maharashtra)",2025-04-19T14:02:20,whatsapp,amber,{single_non_official_signal}
2e6c7f9e-f5f9-4aa2-bce1-035d53fec5c5,2a98eee58e9faab41fff1add9e1a575d,8906047361152,25079788,"530001 (Visakhapatnam, Andhra Pradesh)",2026-01-23T19:18:36,whatsapp,amber,{single_non_official_signal}
de0bde18-e0b4-440b-8b10-0ed11d15e7db,54ba7c8876f97ff6717d4da395a2a137,8906047361152,25079788,"600001 (Chennai, Tamil Nadu)",2025-04-08T10:45:04,whatsapp,amber,{single_non_official_signal}
2be0f253-6faf-414a-a6ed-006b0fac665e,5dc4504b85f0f26e791fb4991beb7644,8904313264691,EU7991,"682001 (Ernakulam, Kerala)",2026-07-30T13:17:44,web,amber,{single_non_official_signal}
967478b5-2792-4860-ad77-625951549c83,3326f3fa2e2e9d21b5c232b6800512a5,8904313264691,EU7991,"440001 (Nagpur, Maharashtra)",2025-08-12T14:09:27,whatsapp,amber,{single_non_official_signal}
51797493-fd68-4e56-8458-2a94eaea099c,cfc8b110767fe4636ab54866bd0949b1,8906816703415,AR8412,"226001 (Lucknow, Uttar Pradesh)",2025-04-02T09:29:30,whatsapp,red,{nsq_status_fail}
f39464f6-fe46-4f11-b7d5-1904e5de531f,80a9f7f9b7fd7960c85e1a9bbed4ae00,8906816703415,AR8412,"422001 (Nashik, Maharashtra)",2025-04-05T09:28:38,whatsapp,red,{nsq_status_fail}
6018f6bf-ba2c-4c27-8b76-aca4b0f34e2f,a3abac21a0f5be1d9680838fc79a675e,8901402727471,UW5645,"440001 (Nagpur, Maharashtra)",2025-04-11T13:01:07,whatsapp,green,{}
c479a108-2dad-496b-97a3-ea1c87e70ba5,1df6de60639732f27f83bb2c21ee6b08,8901402727471,UW5645,"500001 (Hyderabad, Telangana)",2026-05-21T13:43:28,whatsapp,green,{}
73dad18a-089b-4624-bf9e-464a6a53afbe,726aeee435e38c8d89263a89d6a5d511,8901795675954,LOT24A304,"700001 (Kolkata, West Bengal)",2025-08-18T23:12:19,whatsapp,green,{}
fa9d8abf-3811-44fa-b52f-e8f033529623,7fed36b4be9153ba31dcb0dfb5bdf87d,8904942727187,25017579,"695001 (Thiruvananthapuram, Kerala)",2026-04-09T18:55:00,web,amber,{single_non_official_signal}
7d7d381c-d34d-4e35-b62a-eab7c11f693f,9431d054b8d32f2cea35d4b213f3ea2c,8904942727187,25017579,"530001 (Visakhapatnam, Andhra Pradesh)",2026-01-12T15:54:25,web,amber,{single_non_official_signal}
d6b6e681-12fe-40fb-a55e-261cce5ad81c,456eac168bf2ba4a039ad388e26ffe49,8902623846571,LOT24G813,"682001 (Ernakulam, Kerala)",2025-08-21T11:15:10,whatsapp,green,{}
1551235e-e9d6-45f6-8db8-2b84253c16aa,0765fa6f959dbf5a67bfaccdb23d0c99,8902623846571,LOT24G813,"682001 (Ernakulam, Kerala)",2025-10-13T16:38:53,whatsapp,green,{}
a9c8e76e-91b5-4a46-adde-2eb9e977f1ee,e1dece5a905e588ac285b2ece62d1cdd,8900151108194,LOT25F150,"620001 (Tiruchirappalli, Tamil Nadu)",2025-10-03T16:19:29,whatsapp,green,{}
83c13531-2197-4226-8617-989b188f0fa9,b4a92b1d4ae2790dbbc2c7e0457dec09,8900151108194,LOT25F150,"400601 (Thane, Maharashtra)",2025-04-30T15:57:26,whatsapp,green,{}
25759936-2b4e-443c-ab4a-392d1d7b1b99,36d88a013df5082679883a707c2cf511,8900138357454,ZJ8663,"400601 (Thane, Maharashtra)",2025-11-24T09:19:53,whatsapp,green,{}
d5f50554-d614-4105-84dc-b619b8f8cff2,665c7952f9cacfb24c1079393e646d0d,8907651954380,FY6679,"400072 (Mumbai Suburban, Maharashtra)",2025-12-24T12:46:23,whatsapp,red,{nsq_status_fail}
fe32a617-fa39-4585-b182-a8853b092c7d,6337eab8a6879cceb125e6f9ad986e9b,8907651954380,FY6679,"302001 (Jaipur, Rajasthan)",2026-07-13T12:04:38,whatsapp,red,{nsq_status_fail}
fae1e27d-6b3c-443e-91de-7e0336dc7583,3d888aad611efbf24e2f30a2c2544ac6,8907651954380,FY6679,"600028 (Chennai, Tamil Nadu)",2025-08-05T15:59:24,whatsapp,red,{nsq_status_fail}
1df22cf6-9a0d-402b-b92f-4d80b5c12a27,af497045216e0ece83db6c7a6168b843,8903635461183,MC1018,"302001 (Jaipur, Rajasthan)",2026-03-01T17:50:49,whatsapp,green,{}
25859d43-2e3a-4e23-aeca-78ae1f5f6026,0124b2790e22fa6ee5c6c109568d265d,8908336324249,LOT24H115,"110019 (North West Delhi, Delhi)",2026-05-03T15:33:22,web,green,{}
e6a5e9e7-e5b4-411a-b1ef-1dbab3a303e9,5b387fe1d84b8d5a7926358eb0d47703,8908336324249,LOT24H115,"110019 (North West Delhi, Delhi)",2025-12-22T16:38:05,whatsapp,green,{}
887172d5-9691-4175-8eca-aff7420a8f32,4e5c5966b471ef2cc045ea6a8426592d,8908336324249,LOT24H115,"711101 (Howrah, West Bengal)",2025-10-11T09:54:27,whatsapp,green,{}
a78941d6-7e5e-49ca-ba0f-5e4e3c42b156,d76c96a151b8bff7235535a478d2058d,8901550734699,DW0138,"695001 (Thiruvananthapuram, Kerala)",2025-08-07T13:09:28,whatsapp,red,{nsq_status_fail}
89898f8b-32c5-4bd8-a456-3dc86c6e1c9e,f71473cb7ba6b3061af56457d2970802,8901550734699,DW0138,"600028 (Chennai, Tamil Nadu)",2025-05-14T09:51:07,whatsapp,red,{nsq_status_fail}
a5b60fc2-0e2f-48a1-bfcc-8c329ce40328,4f7b75ec916ddbbca87acf58bcafbbc4,8901550734699,DW0138,"600028 (Chennai, Tamil Nadu)",2025-05-14T19:33:53,whatsapp,red,{nsq_status_fail}
3c82538b-d983-422e-95df-54f15f54e8ac,974af207da7f1319540f7385d395b46c,8901550734699,DW0138,"221001 (Varanasi, Uttar Pradesh)",2025-06-01T11:59:53,whatsapp,red,{nsq_status_fail}
c83bf56d-30d2-4d11-8065-0e70a1cb64a5,09c657f3b520d30f4d03a1109385385c,8901550734699,DW0138,"395001 (Surat, Gujarat)",2026-01-02T09:08:31,whatsapp,red,{nsq_status_fail}
664616ed-0186-48be-8d33-3b9e79f3adb7,d865f144ae60e7ca1fc171ea3985f37f,8901550734699,DW0138,"600028 (Chennai, Tamil Nadu)",2025-06-16T14:19:18,whatsapp,red,{nsq_status_fail}
73c70f57-1bcd-4536-b147-26ffe640f113,98956cb145b11633c082d9941f673f95,8901550734699,DW0138,"110001 (New Delhi, Delhi)",2026-06-02T10:59:43,whatsapp,red,{nsq_status_fail}
7739e9ec-bcb6-419f-a00b-298a4da29a66,0694d6308b7594f4fb6a535d72a3974b,8901550734699,DW0138,"560034 (Bengaluru Urban, Karnataka)",2025-11-22T00:40:04,whatsapp,red,{nsq_status_fail}
97ed78bd-bf36-4dae-9041-61319d5e5260,4dce649755e3b755189f84d8402b215b,8901550734699,DW0138,"580001 (Dharwad, Karnataka)",2026-02-25T10:11:06,whatsapp,red,{nsq_status_fail}
0433d1bc-5599-4c74-beb2-89b4c6dddc58,f5ba0c98f668c5bda47a992954a2b7df,8901550734699,DW0138,"560001 (Bengaluru Urban, Karnataka)",2026-01-12T14:28:28,web,red,{nsq_status_fail}
a3a8cb5d-ddda-4fcb-a6cb-e938656b23a6,a40d645a3fc16acf368537635c27f00d,8901550734699,DW0138,"560001 (Bengaluru Urban, Karnataka)",2026-05-12T11:20:54,whatsapp,red,{nsq_status_fail}
a28a8bed-d2f2-46b4-8113-5e72b02e1e32,d264155ef42d84048c657a41c2094aaf,8901550734699,DW0138,"695001 (Thiruvananthapuram, Kerala)",2025-10-25T11:49:02,whatsapp,red,{nsq_status_fail}
dbae6c33-ec87-4d8f-9a13-cafacd5f17a5,bddaff9bfe3b3d0673089cb678124306,8904009648411,25015384,"122001 (Gurugram, Haryana)",2026-03-03T13:39:02,whatsapp,red,{nsq_status_fail}
97ae2d8f-51f0-48f6-8e39-f56fc85d72c3,ab806b3249a10d1996c84963d7c8f254,8904275270366,24096542,"530001 (Visakhapatnam, Andhra Pradesh)",2026-03-24T09:18:11,web,green,{}
f3dfb164-8b63-4aca-83ab-49cfb4b6a999,d745fcbe5d45a662081f612fa713cefc,8904275270366,24096542,"221001 (Varanasi, Uttar Pradesh)",2026-03-12T13:34:19,whatsapp,green,{}
ff314231-192f-485f-a764-9994e65bce60,2abedacce5b3e530c63cbf830eb96a82,8901636102071,BD1260,"462001 (Bhopal, Madhya Pradesh)",2025-06-11T18:19:35,whatsapp,green,{}
4259a98d-0915-40f2-a00e-269c376577e9,528e2d71236c38910423ddd2ecec041e,8901636102071,BD1260,"380001 (Ahmedabad, Gujarat)",2025-11-01T18:58:19,whatsapp,green,{}
06cd0c8e-a4f0-4726-b549-6e3fc5a399ab,2edb5f40a0c21a3e333a2962e0d5eb3b,8901636102071,BD1260,"440001 (Nagpur, Maharashtra)",2025-04-05T07:50:47,web,green,{}
06c06888-48b7-4387-aff0-6931a8cc98a2,0b6928e9c586d470f07a6e129cc87407,8903504169052,LOT26E291,"226001 (Lucknow, Uttar Pradesh)",2026-04-26T16:43:24,whatsapp,expired,{expiry_status_fail}
349a6581-1ffc-48b1-993c-c6ad7ca6b80d,15cd72c442966d9bdf389ba4ffaf9612,8903504169052,LOT26E291,"302001 (Jaipur, Rajasthan)",2026-07-08T11:17:08,whatsapp,expired,{expiry_status_fail}
8cd94081-05b4-4c40-95f4-3d324a275aaf,d5b7d43c3c884580508f3496f41a547c,8903504169052,LOT26E291,"411045 (Pune, Maharashtra)",2025-07-22T17:57:33,whatsapp,expired,{expiry_status_fail}
1daf1091-926c-4100-93d1-bc82d432583b,4fe00faa83689eacb420bb3ba4ece378,8908773619281,25054978,"141001 (Ludhiana, Punjab)",2026-06-27T11:13:56,whatsapp,green,{}
bf5444ac-a2c6-43ae-9f41-de56af385e29,a425c7c658754f3994310e3ebd5a971a,8900707956726,LOT24D233,"711101 (Howrah, West Bengal)",2025-05-26T18:38:04,whatsapp,green,{}
3279a553-fd1f-47f6-bbda-1c481dee6be5,80e43a11314a8ff4d494d7e097310aaa,8900707956726,LOT24D233,"575001 (Mangaluru (Dakshina Kannada), Karnataka)",2025-05-19T09:02:13,whatsapp,green,{}
dc28e16d-d8fc-4316-882c-5f5c7247d7fe,c5c260e85ba7e94cccccd8a963703c12,8900707956726,LOT24D233,"440001 (Nagpur, Maharashtra)",2026-09-05T11:04:41,web,green,{}
e11ad348-af94-4fca-8a03-565c19ed96fb,22a02a7c56feec44f21e3b17a30499f8,8908428361777,LOT26B147,"390001 (Vadodara, Gujarat)",2026-07-30T11:13:07,web,amber,{single_non_official_signal}
28a5cb47-887d-4e7a-b82d-b1c5a509545b,ee69a56a623fbb71f7cf077eb1f1cd78,8908428361777,LOT26B147,"800001 (Patna, Bihar)",2026-03-30T12:12:06,whatsapp,amber,{single_non_official_signal}
9bd0eccc-1c1c-4ae9-abba-281f82f03517,4ba8b74b4473899f641c025659a96e2b,8908428361777,LOT26B147,"560001 (Bengaluru Urban, Karnataka)",2026-07-22T14:30:44,whatsapp,amber,{single_non_official_signal}
c4e02c56-7204-4077-a65e-7aa00aade60a,0dd38a5531cc1b552d3a4a57a08039de,8908794237475,SU9699,"695001 (Thiruvananthapuram, Kerala)",2026-04-27T16:01:03,whatsapp,green,{}
1a3df07b-4dcc-45ae-9bbf-581410d668a2,370551d1a7f48aa649e2774bc6f1d6e8,8908794237475,SU9699,"440001 (Nagpur, Maharashtra)",2025-03-28T14:28:05,whatsapp,green,{}
6593207a-1e77-4190-84fc-4e9be4644cd4,7b81581bed301d3a16d1ece999d56b10,8908794237475,SU9699,"400001 (Mumbai City, Maharashtra)",2025-10-21T20:55:40,whatsapp,green,{}
7501502a-db36-4b25-a275-95b349a86ce2,67388185b6ee65e0c15a89fc315c229b,8905929968825,25056007,"695001 (Thiruvananthapuram, Kerala)",2025-11-30T16:40:58,whatsapp,green,{}
ce5be910-b7a7-42be-abfe-ed3621b85f98,39d82ec1e19d1cf024d16079d053187b,8905929968825,25056007,"221001 (Varanasi, Uttar Pradesh)",2026-04-19T14:55:05,whatsapp,green,{}
bad610b6-608e-4d68-91f5-3f43ef07de5c,a89e545370d85d107b67b1a3251d7eb6,8908424419897,24019419,"400072 (Mumbai Suburban, Maharashtra)",2026-05-13T13:17:01,whatsapp,red,{nsq_status_fail}
8bc86118-04b8-4540-9d3e-3f9e4981778f,7092be13183c5958b9b356adda355939,8908424419897,24019419,"400072 (Mumbai Suburban, Maharashtra)",2025-07-30T16:32:55,whatsapp,red,{nsq_status_fail}
87f78189-7768-445d-9776-7cdf74f33a37,6d8a294a8dc637eb7bd6325e446633e1,8901179453447,LOT25F504,"110001 (New Delhi, Delhi)",2026-09-18T11:39:22,whatsapp,green,{}
0aba0640-fa83-4314-a709-efb11a57c9d4,05c0853cabea8c5705e715af3ce64911,8907877908912,26016470,"226001 (Lucknow, Uttar Pradesh)",2026-03-20T18:00:07,whatsapp,green,{}
d379352d-f9db-49b9-ac4a-d771a29c7e96,68982c0ddb7ede8bc8ddf6055ac7f0ce,8903972376374,LOT25G230,"682001 (Ernakulam, Kerala)",2025-08-11T09:39:03,whatsapp,green,{}
726daf4f-02ba-4d03-8634-3dd25121d9cc,e3b9fa92471058dcdc756d697f7afabf,8900707956726,RY3806,"500001 (Hyderabad, Telangana)",2026-01-07T00:44:18,web,green,{}
11e83881-8eec-4fa1-a7a2-ef689f40d424,2397db9db2196d9e7b2de18d925504f8,8900707956726,RY3806,"695001 (Thiruvananthapuram, Kerala)",2025-07-04T14:37:21,web,green,{}
52fea333-4a9b-4ff0-a05f-8e1371fb455f,3748ce625bdf58c3ecbae61001e3fe30,8908673062232,LOT26H973,"110001 (New Delhi, Delhi)",2026-07-04T17:01:48,whatsapp,green,{}
0be8f90c-0206-4004-8002-48c0d0c8b7d2,596f9d4428bbccf343f6b8fbb30456a5,8908673062232,LOT26H973,"580001 (Dharwad, Karnataka)",2026-01-08T07:04:59,web,green,{}
3cb182e4-c2d6-4f02-941e-c4fb869342d2,3fc170c02f584b72e4db1ccf4e554b8d,8908673062232,LOT26H973,"390001 (Vadodara, Gujarat)",2026-02-12T20:00:21,whatsapp,green,{}
80cf92ff-4de0-4cce-9ad0-b68e7f543a7b,eb46e5c436504ff9dee456625e56f890,8905936743689,WR6575,"411045 (Pune, Maharashtra)",2026-03-17T13:31:43,web,green,{}
8461176a-540e-42ba-b663-308054c2c00b,b54eb7365af47771f7b6f28cec67374b,8905936743689,WR6575,"110019 (North West Delhi, Delhi)",2025-07-07T17:09:46,whatsapp,green,{}
d7822288-eb38-4422-951d-6dc10162498f,708b88ecb2f04496462ad0f57c3ba9e9,8905936743689,WR6575,"641001 (Coimbatore, Tamil Nadu)",2026-04-10T16:35:20,whatsapp,green,{}
67c01bc4-64a6-41d2-8fa3-f890874afedf,9a0a49a8a9e9b8073a329ea841a46648,8909640162122,24122134,"122001 (Gurugram, Haryana)",2025-12-13T17:37:41,whatsapp,green,{}
9310e764-ad76-411d-811c-37e40ea2171a,402ef206ca33e909ee8ed8676861633e,8909640162122,24122134,"411045 (Pune, Maharashtra)",2025-11-26T13:49:44,whatsapp,green,{}
ee33f399-680a-45dd-b152-4c3c4b4a809c,7b8f9d3eab3366a38f001b396ba60be2,8909640162122,24122134,"400601 (Thane, Maharashtra)",2025-09-09T09:13:31,web,green,{}
32bbb352-e7fc-443b-af09-87590811e233,4b6fad863bde824968e5d28b7b892c22,8908884408084,LOT24A280,"620001 (Tiruchirappalli, Tamil Nadu)",2025-05-16T15:08:43,whatsapp,green,{}
5c33f30b-177e-4516-936b-c39b53ef8a37,a561ba5c1de0b383745c3d3a9f2be1f6,8908884408084,LOT24A280,"620001 (Tiruchirappalli, Tamil Nadu)",2026-04-27T12:05:12,whatsapp,green,{}
7056adfc-c065-41b7-b2ec-04a61497da2c,f8f99743cae8ab2fa4d7854fa5511dbb,8908884408084,LOT24A280,"226001 (Lucknow, Uttar Pradesh)",2025-11-03T10:50:05,whatsapp,green,{}
ab43133e-85d9-4336-9605-f8dffe83742b,7f689eda3e87eb5fa5e1cfcc6c7d13bc,8907573869302,25126043,"590001 (Belagavi, Karnataka)",2026-08-03T10:23:58,whatsapp,green,{}
cbb3d2c0-3f0f-4bac-a56a-4433bc9c19b9,074fa771ad65f4bb01bc0491c68808ac,8907573869302,25126043,"600001 (Chennai, Tamil Nadu)",2025-04-12T01:56:53,whatsapp,green,{}
f2f2b46e-3187-4db7-843f-ee649e725203,d85ddee7653883d8fdbbb720ead7fb2c,8907573869302,25126043,"530001 (Visakhapatnam, Andhra Pradesh)",2025-05-06T06:00:24,whatsapp,green,{}
fe5b1506-b68a-4279-86b7-35e0039a1f0f,017124c4e1b9131db172659af73a6cb3,8909808947427,24122974,"641001 (Coimbatore, Tamil Nadu)",2026-05-07T16:40:37,whatsapp,green,{}
e88d572c-5252-45db-ac09-753e3d4f2436,18721283fda9c9ea1329c13c2bae73b9,8909808947427,24122974,"695001 (Thiruvananthapuram, Kerala)",2026-03-02T02:21:36,whatsapp,green,{}
50a883ec-d5d4-4449-a80a-85ca788e712d,ea323be21982c0088ec34df797a8ba93,8907651954380,YQ5021,"575001 (Mangaluru (Dakshina Kannada), Karnataka)",2026-08-15T04:26:47,whatsapp,red,{nsq_status_fail}
88259367-072d-4bb3-8be6-4fd204b62448,cf8d32a2aec178e461018935d66a8b1c,8907651954380,YQ5021,"620001 (Tiruchirappalli, Tamil Nadu)",2025-04-30T14:12:18,whatsapp,red,{nsq_status_fail}
6a483718-a7b2-4e69-9545-478b546a7af2,df15a64eed72b223fde985fbb79a83fe,8905797726421,FS1967,"452001 (Indore, Madhya Pradesh)",2025-12-25T11:29:04,whatsapp,red,{nsq_status_fail}
a984429b-6993-46ce-81b8-9636a8044ec2,0132f5c4f72b19726a9c65070ed8ce60,8906712472899,NB7180,"360001 (Rajkot, Gujarat)",2025-08-09T17:42:31,whatsapp,green,{}
09d43d08-0b2a-4017-a43a-27b618d90c04,1d3d3a0ad439f8fba5b7604d395dcfae,8906712472899,NB7180,"226001 (Lucknow, Uttar Pradesh)",2025-12-29T16:31:51,whatsapp,green,{}
08601956-eb46-4e4b-ad97-39dfbd4f793c,a482615cd6849fa223af71d4ac61e3f8,8909808947427,LOT24G950,"302001 (Jaipur, Rajasthan)",2026-09-07T07:28:57,whatsapp,green,{}
3708dfe7-55a4-401f-8c45-2412c48c261b,2a16b8f2bdaef00c082767521becd1b8,8908673062232,24114283,"400601 (Thane, Maharashtra)",2025-12-13T16:41:24,whatsapp,green,{}
a356d235-8fc3-4e4f-95f5-80d8a20bd2df,aa1f87f634f1caacf8d276d0209dd9a0,8908673062232,24114283,"221001 (Varanasi, Uttar Pradesh)",2026-07-29T11:52:18,whatsapp,green,{}
1a609b37-c68b-4fdc-9344-d47ca54a78ed,804463dc1a751cea4e18268139ac1722,8905074921237,24037665,"462001 (Bhopal, Madhya Pradesh)",2025-05-22T07:19:04,web,green,{}
bb1c4613-e460-4a4c-83f8-40ff0c8affe4,e138fbb0251f0185771e0dd92ad6f9bd,8905074921237,24037665,"422001 (Nashik, Maharashtra)",2026-03-18T12:41:23,whatsapp,green,{}
26e11c07-0bb9-45d1-835d-961039ccdd74,393a586bf8b08e2b1d57bd8ea4d4b190,8901257474364,GU5785,"440001 (Nagpur, Maharashtra)",2026-07-27T04:34:48,web,green,{}
ffad28e4-b2a7-4080-8d8b-498c23bc8ad1,6662deb8d7bb219b6edcf5dae7b6a83f,8901228543833,26118616,"411001 (Pune, Maharashtra)",2025-07-13T13:06:08,whatsapp,green,{}
fe0f6817-89c1-4319-b092-43855714d3d1,ff1172c3bfb83613e67e3dd8d2523462,8901228543833,26118616,"700001 (Kolkata, West Bengal)",2026-04-05T10:13:29,whatsapp,green,{}
d6ad9e5d-10b0-4c49-b384-1182237451e6,b96a036029131d0da7afe7ed53d3be1e,8901228543833,26118616,"560066 (Bengaluru Urban, Karnataka)",2025-11-19T17:47:32,web,green,{}
3d0ce990-45c4-4149-a1c9-732394023478,95cfdeed9fb051fe0d4413ce74e0677a,8900707956726,LOT24E684,"600028 (Chennai, Tamil Nadu)",2026-03-09T14:44:20,whatsapp,green,{}
fa84f6ae-dc7f-4543-84b6-9a7665b3501d,aebca240cd54956154370b2b1d0d2512,8900707956726,LOT24E684,"500001 (Hyderabad, Telangana)",2026-02-23T15:31:26,web,green,{}
662e8bdb-01eb-4cbc-a86b-ef69a1c1b6ad,0bcaf5be732b17e830f7d76aee2edee5,8906113462677,26064336,"695001 (Thiruvananthapuram, Kerala)",2026-01-14T16:45:09,whatsapp,amber,{single_non_official_signal}
0799dc1c-629d-44ab-b475-bae431622730,9fb9d6103568c44b2abf954e00fad8b8,8901247814274,QH3076,"580001 (Dharwad, Karnataka)",2025-11-24T14:32:44,whatsapp,green,{}
08c0c317-a888-4f84-adf0-80e558536d44,9399d4d4f87abcbab3a389aea02bee29,8901247814274,QH3076,"575001 (Mangaluru (Dakshina Kannada), Karnataka)",2026-05-12T21:44:38,web,green,{}
1dc5e38f-06ba-4227-8c2e-f284a06503ef,c2c07379916eb70c519362f5bc11d729,8904275270366,LN9051,"620001 (Tiruchirappalli, Tamil Nadu)",2026-06-24T17:27:41,web,green,{}
b18f3fd5-fda0-487c-9faa-956bebb36ea5,939529da934f36d0c836ae0ae0a50548,8904275270366,LN9051,"530001 (Visakhapatnam, Andhra Pradesh)",2026-05-06T12:47:06,whatsapp,green,{}
2233995d-a5da-44e3-8641-7f65d7c7ee61,3afc6aa639c027fd4ce1d75de11621d9,8904275270366,LN9051,"682001 (Ernakulam, Kerala)",2025-09-10T19:29:58,web,green,{}
f599170e-61c4-4ae9-aeb6-ab8a8ec2ee28,881de9b8f8dc3647b66d56098ed4e17c,8903972376374,24079386,"422001 (Nashik, Maharashtra)",2026-07-29T15:41:11,web,green,{}
171659bf-52d8-473e-af90-a1c89fa26cfb,90b331ff28ee89b1971bd5acf204f940,8903972376374,24079386,"226001 (Lucknow, Uttar Pradesh)",2026-02-04T11:32:40,web,green,{}
6c8830bc-90cb-4e1e-a8a0-4d16f1c871c6,acf95bd7a66f4ebc609c077dae8c80d3,8909077773430,LOT26H957,"600028 (Chennai, Tamil Nadu)",2026-04-29T15:45:41,web,red,{nsq_status_fail}
c9eb69bb-b40b-4a1d-b28d-1f666f7393c2,0715c4bc78d66fa70a93d528c7a91123,8909077773430,LOT26H957,"390001 (Vadodara, Gujarat)",2026-03-12T09:59:45,web,red,{nsq_status_fail}
120978d6-8faa-4910-89e6-d9619f27fa52,c610fd55702eb20a2298f010c7ffd69e,8909077773430,LOT26H957,"711101 (Howrah, West Bengal)",2025-12-21T17:06:49,whatsapp,red,{nsq_status_fail}
70bac636-4464-4298-b936-229ab4336cb2,66e23b102ff2311c8714c6fdb3d8b48e,8908884408084,EM5365,"500001 (Hyderabad, Telangana)",2026-07-31T16:42:36,whatsapp,amber,{single_non_official_signal}
ba0ceb5d-48a4-4225-9808-01dd6fd95005,2863fcf63041fa4ca0cc807ba65db790,8909808947427,LOT26B929,"600028 (Chennai, Tamil Nadu)",2026-03-17T18:29:14,whatsapp,green,{}
7646011e-0c77-4bcc-9f72-848841b0c0b2,c05d6cc2ab80c21268d8cd20c70efbc2,8909808947427,LOT26B929,"570001 (Mysuru, Karnataka)",2025-11-14T16:35:08,whatsapp,green,{}
b622e8cf-4841-4a67-abb6-23f5871bad72,38b4156b32acf15db6281fc49afab50a,8909808947427,LOT26B929,"695001 (Thiruvananthapuram, Kerala)",2025-06-07T16:07:18,web,green,{}
9260d7e4-022f-404d-9946-217c4ce07bfe,9fd231ecb374590206b01d16eec46f89,8908336324249,TZ7623,"530001 (Visakhapatnam, Andhra Pradesh)",2026-06-24T17:28:26,whatsapp,expired,{expiry_status_fail}
9bb92906-9722-4a2f-bc8b-0d2d847f74f6,df4a9575d7d567be6795747cd64ade48,8908336324249,TZ7623,"440001 (Nagpur, Maharashtra)",2026-01-03T14:33:11,whatsapp,expired,{expiry_status_fail}
4f715125-8e6e-458e-ae16-06ec2ee573b0,353a88b56fdec6d8f87e92e28c910bcc,8908336324249,TZ7623,"560001 (Bengaluru Urban, Karnataka)",2025-09-26T16:43:30,whatsapp,expired,{expiry_status_fail}
6598e9cb-0457-49bd-9981-d370b7a4152b,dcc8d2a2ff35e34c38404d73571fd8aa,8908234464910,26081022,"390001 (Vadodara, Gujarat)",2025-08-16T13:41:20,whatsapp,expired,{expiry_status_fail}
1482ca37-2b58-487f-b515-3e5d3737b0cd,99a1db5e1bf63c59c8da550f36148990,8908234464910,26081022,"380001 (Ahmedabad, Gujarat)",2025-04-02T14:37:59,whatsapp,expired,{expiry_status_fail}
c9cbfdd5-1254-4d4f-98fe-b829c2a70bf7,b3e057cdc1c465ec9bf4685139447ff1,8905027043841,LOT26A712,"110019 (North West Delhi, Delhi)",2026-09-18T08:29:37,web,expired,{expiry_status_fail}
b1d80bae-1171-42ee-815b-22af5038d8b7,6ecf67b58f9845100e6abca7551117e2,8902822344786,26058910,"411001 (Pune, Maharashtra)",2026-09-14T13:06:47,web,green,{}
824ac25e-ed6f-4ac0-95b7-7bd01d218ef1,434320b8bd389bc145e751942de9117b,8902822344786,26058910,"800001 (Patna, Bihar)",2026-05-02T12:43:49,whatsapp,green,{}
26b21464-ffde-4319-be78-341d15f950a6,91a73172212d13c4cb79260bf2ed8201,8905074921237,25102559,"411045 (Pune, Maharashtra)",2025-11-08T10:27:59,whatsapp,green,{}
9327465f-8138-41d6-8b32-0bc4c5054f46,dd1a9983ff18663f6e71196ffc6eab2e,8907877908912,DY9752,"695001 (Thiruvananthapuram, Kerala)",2026-07-11T15:51:03,whatsapp,green,{}
d9746d6c-44c7-4c2c-bb5a-e12c33c20d4f,a940a7df2b19e019da38cfd3c5f2cdaa,8907877908912,DY9752,"110019 (North West Delhi, Delhi)",2025-05-22T13:05:10,whatsapp,green,{}
471edca7-b27b-484c-b385-8723c6362898,6f9164051e0203a318ddd21dc942dc28,8902334315255,BB1098,"711101 (Howrah, West Bengal)",2025-04-17T18:15:40,whatsapp,green,{}
f4c53337-4422-48e6-8968-3efebbcd5d26,7a8001640957c68ac823b135284b71b7,8902334315255,BB1098,"590001 (Belagavi, Karnataka)",2025-07-07T16:15:45,whatsapp,green,{}
6d51edcf-5979-4368-9097-a86d3a41eb8e,eb61f6b875fb0be5db25ad34414e9cd8,8902334315255,BB1098,"411001 (Pune, Maharashtra)",2025-09-25T18:45:44,web,green,{}
02a5e482-846d-4542-adc8-ef67d9bfd7c4,d9e68381cd240d71b1b72c5354628fe0,8905936743689,LOT24H181,"600028 (Chennai, Tamil Nadu)",2026-04-11T08:29:50,whatsapp,green,{}
e38b710c-18f1-45d5-bd87-fc0438825098,7b9e6699bb1cb8108af9dd789df85fbe,8905936743689,LOT24H181,"360001 (Rajkot, Gujarat)",2026-08-03T18:16:51,web,green,{}
19c89716-df4f-4a59-b7b7-658cc504c338,e529d1ff08bd9e280bcb0abc1823593c,8905074921237,PX3301,"302001 (Jaipur, Rajasthan)",2026-07-02T04:14:36,whatsapp,green,{}
1874af4b-273c-4774-b3c8-3e11b9f8c501,cced1faa95208482cafd7206077fc7a4,8905074921237,PX3301,"411045 (Pune, Maharashtra)",2026-06-23T09:39:28,whatsapp,green,{}
ca06509f-39fb-4ccb-b982-44378527008c,b6411f045ade29e7c6eaf5001773f728,8909808947427,WT7081,"422001 (Nashik, Maharashtra)",2026-03-06T16:13:45,whatsapp,green,{}
4711059b-0e6b-472f-9231-95266ecf24d9,e13c1679001aca22aa139578cccfdf44,8909808947427,WT7081,"695001 (Thiruvananthapuram, Kerala)",2025-10-26T13:51:49,web,green,{}
4975056c-9c00-42b6-8947-804c9949b880,4ee2ecdf01cf7a8b97b61c4e016464ea,8900151108194,EJ6655,"711101 (Howrah, West Bengal)",2026-06-20T17:06:25,whatsapp,green,{}
e9e1d45d-6b90-44af-9770-67b902fbb900,026921f2b7b89a4fec68c6e9caf51fdf,8900151108194,EJ6655,"700001 (Kolkata, West Bengal)",2025-06-28T02:06:10,web,green,{}
9c7d0536-5363-46ea-b25c-5b69e803ce60,be08a210078ccc076a711ba72249db7e,8901475352413,VC9564,"110019 (North West Delhi, Delhi)",2026-02-25T17:09:45,whatsapp,green,{}
f9fe2814-480f-480d-93c7-3566f91251be,7a9d51d42eac57ee48cb32cd8db69f3d,8902941165461,LOT24D559,"711101 (Howrah, West Bengal)",2026-08-12T14:16:51,whatsapp,green,{}
c03e7592-d6c0-44f4-8672-f363ebdd4005,7852499e8f4fd2e89198fde764b97be7,8902941165461,LOT24D559,"395001 (Surat, Gujarat)",2026-07-31T21:15:42,web,green,{}
a7a49260-6130-4d3d-a7f0-bc00e1f3ae03,06a57ba0952a900ccd8da7649140ef31,8902941165461,LOT24D559,"390001 (Vadodara, Gujarat)",2026-05-11T17:46:59,whatsapp,green,{}
13eeb01f-4e6e-46c8-b2f2-f6994defb3eb,1499073bb4f18825110bed374fd1f0b3,8902822344786,24061560,"560066 (Bengaluru Urban, Karnataka)",2025-11-14T14:56:36,whatsapp,green,{}
0794b3fb-7618-471e-8fcf-ef3a100ad68c,ffe426e6c8e72245be28cc5055232a3d,8902822344786,24061560,"400072 (Mumbai Suburban, Maharashtra)",2026-02-20T17:28:32,whatsapp,green,{}
e189a21a-d860-4338-b56d-d31af19490dd,ba46af75f9e657530dda4a9e66047147,8902822344786,24061560,"641001 (Coimbatore, Tamil Nadu)",2025-07-10T18:18:43,web,green,{}
368e6cdd-08f4-408b-81cd-32b6a6b8e451,a85b3d7c7ea90c5b4ccfd7354382197a,8904196790188,LOT26B101,"380001 (Ahmedabad, Gujarat)",2025-05-18T18:08:59,whatsapp,green,{}
4ed25442-69cd-4476-b99d-631f03f4638c,f5138a1f3ce331a53b7ef983d3baa249,8904196790188,LOT26B101,"580001 (Dharwad, Karnataka)",2026-06-30T16:27:57,web,green,{}
877dda05-2c17-40de-b72a-a932110e4dcd,56f9c21d36f9d3e31b261c86b396f869,8902623846571,LOT26G355,"590001 (Belagavi, Karnataka)",2026-02-08T07:42:02,whatsapp,green,{}
03472bca-4632-4862-99e3-b0bc1c0a2ba0,5b8ac334dd9e5cfa2dbaa9925e5e1b69,8909808947427,LOT26C194,"462001 (Bhopal, Madhya Pradesh)",2026-04-08T19:51:03,web,green,{}
5ffe21c3-651c-4e8e-8be1-88dd0a9d8c6f,7842fb1297c49d31ebf0df66caa6c794,8909808947427,LOT26C194,"700001 (Kolkata, West Bengal)",2025-09-20T09:34:48,whatsapp,green,{}
51becb92-7d3c-48cb-8c13-3a7d3b7c70c6,3646d91f99326644a549de8e08e52336,8909808947427,LOT26C194,"380001 (Ahmedabad, Gujarat)",2026-02-02T01:21:50,whatsapp,green,{}
11d6249b-484c-4656-b1cc-e23f96f12039,e4346e873df3d84ed7f83a3735aa47a4,8909808947427,LOT26C194,"590001 (Belagavi, Karnataka)",2026-09-04T18:26:09,web,green,{}
97a3e594-f745-40c1-8e11-e0441067560d,243df70d31c8d47425bd3fa356d68a07,8909808947427,LOT26C194,"575001 (Mangaluru (Dakshina Kannada), Karnataka)",2025-07-31T10:37:46,whatsapp,green,{}
0b153071-0b4c-46af-9854-d58efd2f9bcd,06046a9e3cb8ef3bb913c42de9e79cd4,8909808947427,LOT26C194,"711101 (Howrah, West Bengal)",2025-10-31T03:37:13,whatsapp,green,{}
b767c0b5-b13f-4963-ae72-a11c3880e8d9,d15da65d8bc1908d10568acf5c511e73,8909808947427,LOT26C194,"625001 (Madurai, Tamil Nadu)",2026-05-16T17:48:18,web,green,{}
633fbca3-0865-45e8-84df-0c4c479aa2ca,c73949b8bb0d0beb0ec79b74633b5e1e,8909808947427,LOT26C194,"600028 (Chennai, Tamil Nadu)",2025-07-11T17:11:56,web,green,{}
ea848588-fb15-4fdc-b20a-394e91c8e068,846291e6c5cb49096c63e7c803f7e173,8909808947427,LOT26C194,"411001 (Pune, Maharashtra)",2025-06-19T16:52:38,whatsapp,green,{}
d7204caf-06a8-414a-84d2-278e86e4faff,dd415b0394bc3435493b1a14dd37207e,8909808947427,LOT26C194,"700001 (Kolkata, West Bengal)",2025-12-27T11:01:03,whatsapp,green,{}
5ae29300-3ebd-4a79-a15c-692563988c70,499f81d7567dfce816fbe576f8147e9d,8909808947427,LOT26C194,"575001 (Mangaluru (Dakshina Kannada), Karnataka)",2025-04-07T06:07:08,web,green,{}
ad43b048-259d-4a8c-8ff3-9ddf004a0f38,173670d60df031baa4f0e469a78354bd,8909808947427,LOT26C194,"208001 (Kanpur Nagar, Uttar Pradesh)",2026-06-15T17:23:14,web,green,{}
2855c7a7-510c-45d6-be03-628f7adb107a,c4de63b2c5337552a398ac9601e0e002,8909808947427,LOT26C194,"422001 (Nashik, Maharashtra)",2026-08-02T14:50:51,whatsapp,green,{}
0393f0ca-5bec-4366-af89-d18056072e7a,ee4d3f39a7aaf31a4b99221be0a31976,8901795675954,CR3885,"620001 (Tiruchirappalli, Tamil Nadu)",2025-12-07T07:33:24,web,green,{}
090d2b61-044a-40cb-8b13-7f80e51a8897,1a46222d72ee6afd1e1b08b51fe83133,8900523898688,24041775,"143001 (Amritsar, Punjab)",2026-02-04T21:36:26,whatsapp,red,{nsq_status_fail}
a9e17174-c092-4d8b-a2ca-4abafacc0c6c,1bf84699391345a06dbb38b3d01abc60,8901506705318,LOT26E145,"226001 (Lucknow, Uttar Pradesh)",2026-04-20T09:56:12,whatsapp,red,{nsq_status_fail}
b320a5ef-fecb-4868-b26a-4d869b320d51,d3be848f5fa14069b724a3d3a703d370,8901506705318,LOT26E145,"711101 (Howrah, West Bengal)",2025-08-19T16:06:15,whatsapp,red,{nsq_status_fail}
8cb00d75-e2b7-46c5-96ec-0d69020b2d65,efec45e79b4cde9eafc673e6b4702178,8901506705318,LOT26E145,"452001 (Indore, Madhya Pradesh)",2026-01-29T11:02:00,whatsapp,red,{nsq_status_fail}
e7abfcbb-1a41-41ff-9de8-b3aa182fe7fd,32c31cf5deed73d9228d05abbc9cb642,8908428361777,26024029,"390001 (Vadodara, Gujarat)",2025-09-20T16:32:29,whatsapp,green,{}
b0ebb34c-99b5-48fb-8405-af9380014349,03045216d913888d7d9a1f47fa4eed46,8908428361777,26024029,"302001 (Jaipur, Rajasthan)",2026-03-09T17:18:46,whatsapp,green,{}
7eb8c4dc-df97-459f-bdd9-39ff1503eaad,ab1ab545fd11587035fb4288e10afc49,8904942727187,LOT24H927,"700001 (Kolkata, West Bengal)",2026-06-24T09:01:30,whatsapp,green,{}
531c7d7d-5d1c-47e0-a914-3d6002b4af34,0590b066bb2b1be81311ed3e46a63eb0,8904942727187,LOT24H927,"390001 (Vadodara, Gujarat)",2025-06-29T19:21:15,whatsapp,green,{}
8c02343a-5593-4706-9140-374015776a60,4e9a8a4ef8947a645fc6a5528f68f4b1,8900627956866,24035158,"411001 (Pune, Maharashtra)",2026-04-11T14:37:11,whatsapp,green,{}
9470f784-6c92-4164-bd31-7c43b5cb631c,e9fc4ba1b5d949238dcc4bd81ab662b7,8900627956866,24035158,"411045 (Pune, Maharashtra)",2026-07-23T17:50:20,whatsapp,green,{}
153e6e41-df73-4f82-930d-71798b7fc477,24bc2dee15d193d85d29dbbdeee9f1dc,8903280387266,GS7579,"575001 (Mangaluru (Dakshina Kannada), Karnataka)",2025-05-21T21:14:34,web,green,{}
063c6800-5cae-4341-9e8d-2939de6aea43,d485dd6d1128d1fc5bd802f0ff4d4d87,8903280387266,GS7579,"226001 (Lucknow, Uttar Pradesh)",2025-09-30T15:55:38,whatsapp,green,{}
83edf55f-2f0b-4224-a581-75e823364e28,fac617f8bd6e7fa472d904511f8276d2,8903280387266,GS7579,"711101 (Howrah, West Bengal)",2025-08-05T10:11:06,whatsapp,green,{}
d7330a5b-8fbf-45d6-9737-55bda5ded2da,ea896a3e4878ac604ab659dfc7053e6e,8902374543839,LOT24C346,"360001 (Rajkot, Gujarat)",2025-12-28T16:17:13,whatsapp,green,{}
5d89c57a-0200-4be6-b789-4df994948814,3e51e849063c8447f5eaecb6c6dcfbd6,8902374543839,LOT24C346,"400601 (Thane, Maharashtra)",2025-07-03T12:13:21,whatsapp,green,{}
e09507c3-8503-463a-a273-8dc25f94c463,68a24fc8697cda6ec4a1e3b92c5838df,8908773619281,26033022,"560066 (Bengaluru Urban, Karnataka)",2026-06-05T09:46:02,whatsapp,green,{}
54c80b4c-ee5a-4479-ab12-27c1d848b62b,fa676cd52d8aee737c63af3312471bc0,8908773619281,26033022,"440001 (Nagpur, Maharashtra)",2025-10-16T08:31:56,whatsapp,green,{}
126c8890-509c-465c-ab67-dff89e549059,a0a60a21e1d9a2f9a797beee86b15957,8900627956866,SB4724,"620001 (Tiruchirappalli, Tamil Nadu)",2025-12-13T07:15:50,whatsapp,green,{}
655e1cb9-ba98-40a1-ad0e-7231453fbae6,21a68fdd330e2f5e80e20f2761e63cc1,8900627956866,SB4724,"570001 (Mysuru, Karnataka)",2026-09-11T17:20:13,web,green,{}
2f9e5047-66b9-459b-b847-f8297d8ee869,6efa82cd1cf30b1e146181af37a25435,8900627956866,SB4724,"422001 (Nashik, Maharashtra)",2026-02-28T13:09:02,web,green,{}
03fc9225-6fb2-44e9-af76-3dced211e3a7,566948950171fbc98b0ad167f6fd39a6,8909077773430,25018104,"380001 (Ahmedabad, Gujarat)",2025-09-09T15:54:53,whatsapp,red,{nsq_status_fail}
00478376-a4bb-4fe0-942e-ed32243e258b,3c5c01e2421f7fa2b2672c1136f04b1d,8909077773430,25018104,"560034 (Bengaluru Urban, Karnataka)",2025-11-16T11:17:27,web,red,{nsq_status_fail}
ec21464f-5709-482b-9fe4-95467a193a82,44e73f0bb0399954017b245423a19b1d,8909077773430,25018104,"411045 (Pune, Maharashtra)",2026-06-14T17:49:57,whatsapp,red,{nsq_status_fail}
3937f2f1-0364-4cb3-bc97-0d9fb52a1157,438c61f9b99c7b2768dd55dc2d0bbc44,8900001499706,LOT24C164,"390001 (Vadodara, Gujarat)",2026-05-23T16:59:12,web,green,{}
547b5ffc-9830-470e-a433-f15a192462a3,36abb3c256b07a32db0b923724388926,8900001499706,LOT24C164,"500001 (Hyderabad, Telangana)",2026-04-25T07:15:19,web,green,{}
83c791a4-68ba-48d5-81d3-a968fdc050e3,90cf1c5d8bd11508060c5e960fb0cad2,8900001499706,LOT24C164,"110001 (New Delhi, Delhi)",2025-04-17T09:01:09,whatsapp,green,{}
14b202ae-2745-4fad-925c-c4dc5fd4ee6a,a8b2cd574cb790253fa0588f8db90dcb,8901179453447,25064826,"620001 (Tiruchirappalli, Tamil Nadu)",2026-05-08T19:23:22,whatsapp,green,{}
c7f794dd-2994-41a5-8a2d-76b2d4046683,f7811ba5a04ea4215cd412250a7abe71,8901636102071,25049940,"560001 (Bengaluru Urban, Karnataka)",2026-08-08T13:23:02,web,expired,{expiry_status_fail}
036fad47-01cb-4e33-9bf0-d603707d6afb,083e3f18db50cca9d1504cabb7e9668b,8901636102071,25049940,"122001 (Gurugram, Haryana)",2026-09-01T17:06:26,whatsapp,expired,{expiry_status_fail}
bd5d4ddc-febb-461d-9dbe-9146d40a9169,63ff16e00ccab5c215962a1334db7d21,8901636102071,25049940,"440001 (Nagpur, Maharashtra)",2026-09-07T13:42:16,whatsapp,expired,{expiry_status_fail}
75cd4fb0-1679-453c-8d34-8b4372d72af0,d039785b7acff41983f4197ff64c093b,8907573869302,LOT25G919,"226001 (Lucknow, Uttar Pradesh)",2026-06-30T15:55:00,whatsapp,green,{}
917017e7-b78a-4ed4-9cd8-e72484cbb880,9648daa129ea45a5f76813f57f4b8507,8907573869302,LOT25G919,"530001 (Visakhapatnam, Andhra Pradesh)",2025-12-27T21:01:46,whatsapp,green,{}
ddf05a8f-490c-4de3-82b0-dbb4b6e9b0fc,7920fccd37c8faee51327bd04c713b33,8907573869302,LOT25G919,"143001 (Amritsar, Punjab)",2026-03-04T07:39:49,whatsapp,green,{}
36a18269-5e03-4063-9dc8-a38bb5cdfbb4,4b8cd0c1287ff715baa305bdfc28f9f0,8905067392604,LOT25G409,"560034 (Bengaluru Urban, Karnataka)",2025-09-14T19:09:37,whatsapp,green,{}
70a75a02-3afc-42c3-97a2-98ab5cf6d73d,cd0263d8e728163225c80a6aec5148cf,8905067392604,LOT25G409,"560066 (Bengaluru Urban, Karnataka)",2025-11-10T02:18:48,whatsapp,green,{}
74d7d85e-4b87-4287-9e6e-81d917ab0a28,cfea451ad4cc611c27acb4d1dcb8a4e6,8908660480376,LS7884,"620001 (Tiruchirappalli, Tamil Nadu)",2025-07-06T07:32:26,web,green,{}
8a7323f8-4988-4057-b0ee-9b238f5a02e5,d413f6544920a159c999620d7894c408,8908660480376,LS7884,"221001 (Varanasi, Uttar Pradesh)",2025-07-15T09:03:56,whatsapp,green,{}
020453b2-4a69-4bf8-8f5c-9fcf5f5bacc0,61d162762306e1767c3f8377c22d19ed,8908660480376,LS7884,"395001 (Surat, Gujarat)",2026-09-01T09:08:55,whatsapp,green,{}
7f89b477-e539-49e9-a92c-00c83de91778,f081245d743699b3f0200eff4810ecf1,8906816703415,PY9868,"560066 (Bengaluru Urban, Karnataka)",2025-04-12T18:47:05,whatsapp,red,{nsq_status_fail}
b5672ec7-c2ea-4d65-9c8c-4d3986375630,b505dc71a7e6ee26d1bdaac5c285de4d,8906816703415,PY9868,"400072 (Mumbai Suburban, Maharashtra)",2025-08-16T06:09:15,web,red,{nsq_status_fail}
96d7c170-9f7f-4eac-92c5-a5d85c39b0ec,6040c238a41c4ab5fae2478925e667da,8906816703415,PY9868,"625001 (Madurai, Tamil Nadu)",2026-03-22T02:47:12,web,red,{nsq_status_fail}
89c44d36-d89f-4d4e-9764-9069b184cfec,65460599ee2b862e38a6ad6deca0cff8,8906816703415,PY9868,"302001 (Jaipur, Rajasthan)",2025-04-12T12:28:20,web,red,{nsq_status_fail}
54ff7e86-700d-4f63-a8f3-7156e1612c02,1d96a2989eaff6221dcd175b705231ec,8906816703415,PY9868,"143001 (Amritsar, Punjab)",2026-06-04T11:47:45,whatsapp,red,{nsq_status_fail}
68de157f-ed78-4b01-ae32-6ceb8710cdfd,107f6f3396a5aed4d6779281a1dd5a55,8906816703415,PY9868,"600028 (Chennai, Tamil Nadu)",2026-06-24T17:06:35,web,red,{nsq_status_fail}
0b211dc6-e902-4418-82bb-8df5fdcebefc,6fee3ac4aa774feaf17a864d4e1cd169,8906816703415,PY9868,"462001 (Bhopal, Madhya Pradesh)",2025-10-09T17:23:16,web,red,{nsq_status_fail}
7e4eca45-f651-4063-999e-28eef9f899f8,33d3e9cbdaa1143d08482849f209707c,8906816703415,PY9868,"575001 (Mangaluru (Dakshina Kannada), Karnataka)",2026-01-14T14:55:19,whatsapp,red,{nsq_status_fail}
3e80ca52-f6fa-44e1-bef8-7b63a753468f,5fb42f9bf26495bc1f042ff65623f154,8906816703415,PY9868,"560066 (Bengaluru Urban, Karnataka)",2026-05-02T07:03:15,whatsapp,red,{nsq_status_fail}
63fb2a17-6fa4-4a4b-8e47-62b937292d39,40ace56c12b66a3fd91610d042625170,8906816703415,PY9868,"695001 (Thiruvananthapuram, Kerala)",2026-04-16T17:02:27,whatsapp,red,{nsq_status_fail}
fe98ea2d-7743-4afc-b0c2-3d8df511d3d9,d03f49d107b0ca2fd8ee748b19fa3c12,8906816703415,PY9868,"560066 (Bengaluru Urban, Karnataka)",2025-06-09T14:24:18,whatsapp,red,{nsq_status_fail}
c5070ef4-fdbb-4194-ab72-19f9771dd0c7,c95e6ea5e2dbd3fcf0fcd01a91a13751,8906816703415,PY9868,"570001 (Mysuru, Karnataka)",2026-03-25T12:33:04,whatsapp,red,{nsq_status_fail}
0ec04b88-1802-47e8-940c-78d0c1fc8b32,548af3e721df05c3fee9b11ab5cdc93c,8906816703415,PY9868,"695001 (Thiruvananthapuram, Kerala)",2025-09-23T07:26:51,whatsapp,red,{nsq_status_fail}
16cd4251-1f70-4fe8-b7c6-be2d63cd1f2c,d8e833420625a9c534e7ca025a178795,8906816703415,PY9868,"422001 (Nashik, Maharashtra)",2026-08-29T11:50:10,web,red,{nsq_status_fail}
c312fbdc-e660-4175-bc11-f959d7779fed,94a4bef950fc672a4760dde546feebe4,8907345735765,LOT24B172,"800001 (Patna, Bihar)",2026-01-05T16:41:31,web,green,{}
f780ffa2-0ef7-4ae6-af47-7388d7647c92,bbc12dbc1244a03743a11eea509924f9,8908884408084,24128403,"560001 (Bengaluru Urban, Karnataka)",2025-10-25T11:44:04,whatsapp,green,{}
1a00f057-9625-4e35-acbe-0eb2e2984e97,af0bed91136fd5f6a29406e06255281a,8908884408084,24128403,"440001 (Nagpur, Maharashtra)",2025-04-27T23:06:46,whatsapp,green,{}
11d78e4c-7ee5-4f1f-81c0-7e5f30d8f40d,8bef8f58c757351805489d30e3fb724f,8908884408084,24128403,"641001 (Coimbatore, Tamil Nadu)",2026-09-16T16:58:43,web,green,{}
0e93f6ba-6a18-4357-8748-6e98ca1a776d,2c24ae07fdb1c745436511041fc32ffe,8901179453447,LOT24F967,"600028 (Chennai, Tamil Nadu)",2026-05-29T19:43:56,web,amber,{single_non_official_signal}
fb13080f-aefe-4c66-a165-468565cace2e,1a8617a3dc638525356435b1811d89d1,8901179453447,LOT24F967,"560066 (Bengaluru Urban, Karnataka)",2025-12-17T10:23:58,web,amber,{single_non_official_signal}
ceabc4b6-05de-4ef3-a8c4-350b212b63ab,23cecf0f7543d98f1b49b13f712b0f15,8901179453447,LOT24F967,"380001 (Ahmedabad, Gujarat)",2026-06-19T18:00:25,whatsapp,amber,{single_non_official_signal}
843cb066-1629-4da2-8e42-dc7f981575dd,e1271ae2dbeb20dc6ad4e5787283b1e9,8903330584397,25114425,"620001 (Tiruchirappalli, Tamil Nadu)",2026-06-24T12:29:20,whatsapp,green,{}
4db20668-84fe-4fe3-81ab-115257c27ae9,0c16c2e07582b2ff3aa03baaf66cfbe4,8903330584397,25114425,"682001 (Ernakulam, Kerala)",2026-03-10T17:31:26,web,green,{}
7f044b7b-7eda-4fdd-9afd-baedab7af03e,071cce5d533d78fce704605002db8efa,8907281013737,FX9558,"625001 (Madurai, Tamil Nadu)",2025-05-08T10:19:34,whatsapp,green,{}
2a9f1ff8-d36f-473f-aebb-b85988416e5b,92ca75fd56457f9a415c20f00acbadc6,8906418238378,26051415,"110019 (North West Delhi, Delhi)",2026-01-07T19:29:58,web,green,{}
a81d7488-d30d-4ca0-9140-b5c2e1cb0712,8668b4c66f0505fa816d037879c863ee,8906418238378,26051415,"625001 (Madurai, Tamil Nadu)",2026-04-11T12:07:04,whatsapp,green,{}
3cd49def-6ed5-43b5-9f3a-6c05b3a0355b,705c05dedb6c9e6dd3f8dec418e664bc,8907684236474,CX4291,"530001 (Visakhapatnam, Andhra Pradesh)",2025-07-19T16:11:49,web,green,{}
b0d84b02-7e5e-412c-b71d-2637207c42bf,e3c8773de0f1e5a0169124c90adaad05,8907684236474,CX4291,"400001 (Mumbai City, Maharashtra)",2026-02-20T08:03:19,whatsapp,green,{}
e556398b-e4db-4578-b35f-48956ca384c7,c23d3816444866f9670b97cfb6320f61,8908794237475,LOT26F997,"400601 (Thane, Maharashtra)",2025-06-03T15:14:10,web,green,{}
cd012e58-4552-4a50-a1ee-a9ad90e8f1b0,5ccc9d5e1924e39fbc63656429ed4d18,8908794237475,LOT26F997,"395001 (Surat, Gujarat)",2025-12-03T22:05:24,whatsapp,green,{}
bb394a51-443b-4916-ab45-cc97762d5cd8,73b2647706665c6a117a9312cf07c3b7,8906047361152,RX4070,"711101 (Howrah, West Bengal)",2026-08-20T18:06:49,whatsapp,expired,{expiry_status_fail}
38c6d7dc-a5ac-40e2-bba5-f7a72e96dce8,628921c67bd5944bdaede41e41680377,8906047361152,RX4070,"530001 (Visakhapatnam, Andhra Pradesh)",2025-11-02T09:10:40,whatsapp,expired,{expiry_status_fail}
07dde1dc-234d-4e0a-97ac-c307f9590b34,fcdfccab0086e6d476e983ffb65528ab,8906047361152,RX4070,"221001 (Varanasi, Uttar Pradesh)",2025-12-03T20:54:59,whatsapp,expired,{expiry_status_fail}
fc4f1a57-f930-4092-8d82-e50ff4836096,167450cbbcba58ecb91544cb9f151ca3,8907005083373,26075126,"570001 (Mysuru, Karnataka)",2026-04-02T12:03:10,whatsapp,green,{}
956643aa-5d82-46ea-ad26-bb66539c4890,eb3e497d33e8f2b43998745a83f5fb9f,8907005083373,26075126,"570001 (Mysuru, Karnataka)",2025-07-07T11:52:24,whatsapp,green,{}
1943396f-7698-4e92-8d0b-081ea5116dc2,9c4951f443df3608cd095cb047390f42,8907005083373,26075126,"141001 (Ludhiana, Punjab)",2026-05-14T16:31:23,whatsapp,green,{}
a1847165-43bd-424f-8db5-837ee55d9baa,122ee6eaef012ec7101d4ade338146d2,8901228543833,26122404,"620001 (Tiruchirappalli, Tamil Nadu)",2025-12-18T17:51:35,whatsapp,green,{}
847535d7-630c-4ed0-8c6d-aa10d11e8ce6,b0ff998965f79a431237cd74fe51c820,8901228543833,26122404,"530001 (Visakhapatnam, Andhra Pradesh)",2025-10-07T14:35:37,whatsapp,green,{}
1e5c5e36-4803-4f42-b3c8-2e89fd3823fd,8a32db047e25a1b94adc8c3d1b660ec6,8901228543833,26122404,"226001 (Lucknow, Uttar Pradesh)",2026-07-30T17:41:19,whatsapp,green,{}
ab93d07f-309d-4029-ad65-939e473a6247,a1a731ab02e9b7cd2e6b8b890ffb094f,8904942727187,MQ8570,"110001 (New Delhi, Delhi)",2026-08-01T15:36:12,whatsapp,green,{}
bebcf2bf-5072-4ae6-92f7-a761993dc226,00f0b46d995a7aa792cc4d7a24b047e3,8904942727187,MQ8570,"380001 (Ahmedabad, Gujarat)",2025-04-17T09:43:27,web,green,{}
b9f58684-f670-450f-bb53-6e076fb7fd29,c0ed0e47ecb7d912d79fb884e7bba268,8904942727187,MQ8570,"700001 (Kolkata, West Bengal)",2025-06-01T10:31:14,web,green,{}
b29b5b63-e302-4a7f-8e2d-d7f1c1f7d864,02796f80b279a4e48b165e86301e6221,8905929968825,26013804,"500001 (Hyderabad, Telangana)",2026-09-10T18:08:52,whatsapp,green,{}
bdde5e68-16b5-4f0a-a6e4-21f4ae837792,48490f0dd8dc083028c3417b5bbc3bc2,8905929968825,26013804,"226001 (Lucknow, Uttar Pradesh)",2025-10-06T12:00:37,whatsapp,green,{}
56c7bea6-6d50-4789-b918-d08215b09e15,38d5330819ed18dbe8b0c1693171be4c,8905929968825,26013804,"600001 (Chennai, Tamil Nadu)",2026-02-14T09:46:25,whatsapp,green,{}
23c33dab-dd2a-4708-8966-a7a1e8221333,1492607c97274758df0a23bd3d0b102d,8901475352413,LOT25C276,"400001 (Mumbai City, Maharashtra)",2025-06-27T08:08:28,web,expired,{expiry_status_fail}
fc84d4ff-735e-4c84-b03f-a4ce2039290e,e623310c6463d6e9d82ba54a7c29b3b0,8901475352413,LOT25C276,"400001 (Mumbai City, Maharashtra)",2025-09-26T12:56:55,whatsapp,expired,{expiry_status_fail}
bbe0a7a0-232f-4d88-a26f-7cb06d33a7e3,c913b2b9f9ec4711213b8576b9c6fd93,8908773619281,24097707,"141001 (Ludhiana, Punjab)",2025-05-02T14:28:52,whatsapp,green,{}
e08eaee0-4b5c-4974-8465-51655182e951,57c56cfd7ad917c01667ecf34d591061,8908773619281,24097707,"641001 (Coimbatore, Tamil Nadu)",2026-05-21T19:37:34,whatsapp,green,{}
1ab9d6cb-1cfe-4867-9e1d-a6a847070e76,b4e53da2abcd5f6b8305e61b5a4740c8,8901092721721,26055247,"700001 (Kolkata, West Bengal)",2025-11-09T08:25:44,whatsapp,green,{}
236b7d7e-4ebc-4296-8da8-ec1db75d7ae7,a4f6aa20a188ace88600a9a17cbcbb19,8901092721721,26055247,"580001 (Dharwad, Karnataka)",2026-08-23T11:28:11,whatsapp,green,{}
0cdcb4ef-8dbf-410e-b6b5-a6cf621a0104,d2d1ed9c5b7ba40eda54cdafc4526859,8901092721721,26055247,"711101 (Howrah, West Bengal)",2025-07-22T13:29:29,whatsapp,green,{}
144a156c-2384-47ff-89fc-a5bec80c4e1d,59c66bf356df8513f10a4152b54d9fa6,8904772360610,LA1910,"560066 (Bengaluru Urban, Karnataka)",2026-01-31T16:15:47,web,expired,{expiry_status_fail}
82aeecd1-bf68-4a9d-bf7e-7273cf4f9814,2d68e5c45e15e3c026b76276918ee12a,8904772360610,LA1910,"575001 (Mangaluru (Dakshina Kannada), Karnataka)",2025-09-21T14:53:51,whatsapp,expired,{expiry_status_fail}
4f51e7ef-464d-4cbf-a545-aaa3fdf16ae1,8fa5b60d6a2801e8405e2546e3ade860,8904772360610,LA1910,"560034 (Bengaluru Urban, Karnataka)",2025-08-27T16:49:12,whatsapp,expired,{expiry_status_fail}
af3ffa03-1553-49ef-995f-0b0a5ce9b28e,fc7ac7e4acac04d9da26cd9a8803c1b6,8901636102071,AD5981,"302001 (Jaipur, Rajasthan)",2025-08-15T15:26:53,web,green,{}
358bd75f-c211-4280-8583-e2a63b2dad31,e0db2d0aea013682935d9a3c95878a93,8901636102071,AD5981,"462001 (Bhopal, Madhya Pradesh)",2025-05-03T22:06:05,web,green,{}
e979fbb7-62ef-42ab-b4a9-537e8f84cb6c,b83223dc20abeb509f5f4abf34dc17eb,8903504169052,26065774,"462001 (Bhopal, Madhya Pradesh)",2025-07-22T20:49:57,web,green,{}
fe50d27e-73ab-4e97-8c55-eab373025177,e9f0079c876cbbf542970735bc24b3bf,8904520635707,DB6342,"570001 (Mysuru, Karnataka)",2025-10-23T08:38:21,whatsapp,amber,{single_non_official_signal}
8257ef17-d318-40bd-9032-9117dc7dc12e,03a40a48f86692be27868cdc4e62adbc,8904520635707,DB6342,"711101 (Howrah, West Bengal)",2026-03-31T11:12:47,whatsapp,amber,{single_non_official_signal}
0f5c57ac-dd35-40fd-84d4-4cb020c74b91,acd65a715a095c5d6bf6349460650d6a,8904520635707,DB6342,"682001 (Ernakulam, Kerala)",2026-05-01T15:29:41,whatsapp,amber,{single_non_official_signal}
4081983b-d920-429a-ac51-62421ffd8792,e0a1b61839921cbacb1d52e834718e25,8908996591367,XU9853,"695001 (Thiruvananthapuram, Kerala)",2026-01-01T02:49:34,whatsapp,green,{}
4bdb5e4d-0c7a-4124-a4d8-82450d0c0b0d,65c97033a466ab22055f10dca627f0f2,8906712472899,24123817,"122001 (Gurugram, Haryana)",2026-02-09T16:50:03,whatsapp,green,{}
ebce56c5-1164-4c47-bfd7-2e1f968d58b4,6eae9a6c8ad400cd050e5e5a3d82b026,8906712472899,24123817,"590001 (Belagavi, Karnataka)",2026-07-15T10:30:38,web,green,{}
f3509468-41ff-448e-b35a-3ff432124e6c,21c97538206da33844b8bfa94817b1a6,8908884408084,LOT24G125,"122001 (Gurugram, Haryana)",2025-10-25T13:29:04,whatsapp,green,{}
8aafd012-421a-46ac-a974-93a4bb2e7d0e,0246e134002229f31120e0f700a01379,8908428361777,26099135,"221001 (Varanasi, Uttar Pradesh)",2025-11-04T11:12:15,whatsapp,green,{}
a7013b88-cb6c-4025-94cc-a513e48743fd,083a3480abf7186fec33468af8e79533,8908428361777,26099135,"620001 (Tiruchirappalli, Tamil Nadu)",2026-04-10T20:24:04,web,green,{}
94a4d4ec-14be-4cc4-a0dc-aafc90f0ac84,219577209111512647d0973f7fead67b,8903453348821,LOT25B219,"575001 (Mangaluru (Dakshina Kannada), Karnataka)",2025-08-27T08:25:09,web,green,{}
e72f1222-419c-4aa6-97cc-74aed8eb8433,ba5e1ada2d7d4c73c11012a486219238,8903453348821,LOT25B219,"141001 (Ludhiana, Punjab)",2026-05-31T08:08:48,web,green,{}
97bbc764-276a-41bb-8677-7e336182df52,337c2053dbb7b560ef15d9c27991085c,8903453348821,LOT25B219,"141001 (Ludhiana, Punjab)",2025-11-25T17:35:32,whatsapp,green,{}
f48cbcfa-407d-4183-a98c-9108c891ea06,a369c48ce7e8e3719275f2db2ff5cee1,8906113462677,25111736,"110019 (North West Delhi, Delhi)",2026-07-14T19:51:22,web,green,{}
cd1448c6-5e3b-4994-b56e-26ddef13a40d,eb2205a908cf8d8aa3912a2a24064fe4,8906113462677,25111736,"560001 (Bengaluru Urban, Karnataka)",2025-05-19T17:55:06,whatsapp,green,{}
24798c15-5076-41f0-83db-8a529dd7e0aa,edd744306cb77b01d6cfb9eeb624bcf5,8906113462677,25111736,"400072 (Mumbai Suburban, Maharashtra)",2025-10-23T11:28:02,web,green,{}
544bf767-9b33-409b-a7a4-61875c8863ca,8b20d250d58582a60dfb60e64c2007ec,8909776485357,EC5681,"390001 (Vadodara, Gujarat)",2026-06-20T21:26:04,whatsapp,green,{}
0de61366-3982-4b61-b20e-18f08c00a064,9d6a8ae2c34cb8c906e3aa7227f08a39,8909776485357,EC5681,"620001 (Tiruchirappalli, Tamil Nadu)",2026-06-28T17:44:15,whatsapp,green,{}
2c08fe04-db35-4010-9d05-0f951865eee2,2d274e0957fc46e65a55e9f30ee22bdd,8901522284492,YP7001,"500001 (Hyderabad, Telangana)",2026-04-29T17:27:57,web,green,{}
f55109a9-1fdd-49ab-b14b-af8ddfc16b35,222e26c89508ec898f5c205fdd5c3860,8901522284492,YP7001,"711101 (Howrah, West Bengal)",2025-04-18T07:52:39,web,green,{}
ffa31e2a-8583-4d05-bce1-12405d1d366d,fbed3f75825ee1e3784970661e79f4ea,8909776485357,26109653,"560034 (Bengaluru Urban, Karnataka)",2026-04-22T12:24:42,whatsapp,green,{}
1b6dde14-acbf-4bad-9e4a-410220f45067,73105af896579ca27cd1fb661564c1b7,8907130711211,LOT25A898,"560001 (Bengaluru Urban, Karnataka)",2026-08-28T19:04:12,whatsapp,green,{}
2a83a14e-8f8d-4392-8ee9-6571ba114dfd,d8fed04bd2801e3f45f6ad918bba370b,8908424419897,BP3439,"560034 (Bengaluru Urban, Karnataka)",2026-09-18T09:04:07,whatsapp,red,{nsq_status_fail}
2175b96c-109b-49ca-9e25-0bceb86c9cf2,3ec56a8b24ee2f4cd4b02b945b994d51,8908424419897,BP3439,"411001 (Pune, Maharashtra)",2025-08-08T19:10:37,whatsapp,red,{nsq_status_fail}
9078c8c6-96fc-460e-89b2-6b856e638767,97668bc4cf66f3ff5a904ab900caffab,8901264866977,LOT25B137,"620001 (Tiruchirappalli, Tamil Nadu)",2026-04-11T18:55:54,whatsapp,green,{}
28679f72-8b2e-4ec4-8e7d-9fa993a6332d,53b29dbe57e1fd622e3bcc79653ec74c,8901264866977,LOT25B137,"530001 (Visakhapatnam, Andhra Pradesh)",2026-02-16T09:12:57,whatsapp,green,{}
2c5da20f-c41c-4726-b37c-0ad88f3fb467,1c7cac32a84bc0fc059b261313afe576,8901264866977,LOT25B137,"390001 (Vadodara, Gujarat)",2026-04-27T10:10:41,whatsapp,green,{}
7daad88a-e6a2-4935-a2d7-8e766544515f,062ca062e4efd9d95976f103b7b70ac8,8902374543839,GK0733,"110019 (North West Delhi, Delhi)",2026-05-05T13:51:42,web,expired,{expiry_status_fail}
8d81b542-27b4-420a-bfbf-6d50d997ba37,978a4e8a7e8658725a0f60f747064d43,8902374543839,GK0733,"110019 (North West Delhi, Delhi)",2025-12-14T16:29:35,whatsapp,expired,{expiry_status_fail}
c15f3295-6d96-4b94-ab54-54c8ef2ebb54,9e8a211248d25a7da6b96739d8c22c77,8902374543839,GK0733,"360001 (Rajkot, Gujarat)",2025-05-18T08:10:02,whatsapp,expired,{expiry_status_fail}
7476eab3-a8ce-4d74-b10b-6190749da7ee,8665a015446cf64068dad63fcdf3f765,8902941165461,PZ2627,"462001 (Bhopal, Madhya Pradesh)",2026-06-21T17:16:11,whatsapp,green,{}
3a9254ae-a38a-4ea6-8384-658de187ddc8,7c9e6b8575398a3d33b27b203390d2d5,8902941165461,PZ2627,"400001 (Mumbai City, Maharashtra)",2026-01-29T20:32:01,whatsapp,green,{}
025f2d57-d189-4ebc-b8b2-91693f478ab6,094ee5cf5bf1a5ded2ad8adea298e6e8,8902457859302,LOT24F231,"411045 (Pune, Maharashtra)",2026-04-23T07:56:21,whatsapp,green,{}
4dcc5b23-6c12-41ec-9f20-1f1124e6a224,e7ca808633a14645d15d447715d201b1,8901257474364,26086336,"530001 (Visakhapatnam, Andhra Pradesh)",2025-11-09T18:21:30,whatsapp,green,{}
1d27d9df-99a7-4197-9b04-b0baa5dbf8ab,99408d12180777ec712c3445abd079fa,8908996591367,26078126,"462001 (Bhopal, Madhya Pradesh)",2025-11-27T00:07:11,whatsapp,red,{nsq_status_fail}
f08b7466-cd29-4eb8-959a-64254ff74f61,8517f2be9bf25facb6315095a7ba99cb,8908996591367,26078126,"141001 (Ludhiana, Punjab)",2026-06-05T20:00:12,whatsapp,red,{nsq_status_fail}
ecbf9750-a532-4aeb-bdc8-b88079d07b97,19bc9b990130bd39e1ec43d668040586,8908996591367,26078126,"411045 (Pune, Maharashtra)",2026-05-04T09:26:38,whatsapp,red,{nsq_status_fail}
a309339a-1f54-4127-829c-d100a9136354,d40d1ec67c264aeb6ae6ce596ede23a4,8901442334331,PJ2724,"141001 (Ludhiana, Punjab)",2026-08-02T16:54:06,web,green,{}
d24e858b-30e5-4517-941f-d5d98a1c4980,4bff50d1005f7154578b3b9e879a9e13,8907005083373,ZS0634,"625001 (Madurai, Tamil Nadu)",2026-04-18T19:34:19,whatsapp,expired,{expiry_status_fail}
46f42839-08a7-4708-a461-52282c9b478c,0aaa6cf2f5d9f24f7cc3d0fb615a23f2,8907005083373,ZS0634,"440001 (Nagpur, Maharashtra)",2025-08-26T02:02:09,whatsapp,expired,{expiry_status_fail}
b64ce764-cdfc-4226-8a8c-a7a0fdc55f8d,c420929de32ed3be4e6b9e7a375105f7,8901522284492,LOT26C629,"380001 (Ahmedabad, Gujarat)",2026-04-09T08:32:01,whatsapp,green,{}
ef66adc4-e826-4617-ae15-8c36c0d144f0,765f8da68364cffd54ae5992f9030c14,8901228543833,GJ3577,"390001 (Vadodara, Gujarat)",2025-06-15T09:52:37,whatsapp,green,{}
6593af0f-1311-49bc-b1de-a0ef4b78a394,dc795e6f585a90c38fccdac34f4c6b66,8901228543833,GJ3577,"440001 (Nagpur, Maharashtra)",2026-04-25T19:52:01,web,green,{}
05c927f9-0b2f-4d9f-9c17-9899381b170d,0b6d7e74c51ec5265b791c1eaf01f13a,8903635461183,LOT25H722,"208001 (Kanpur Nagar, Uttar Pradesh)",2025-11-17T09:08:21,whatsapp,green,{}
6f9ed3e8-f86f-46f2-88e7-8f002ccff67c,2efb7b7d2a430bea0eddb08facaab86c,8903635461183,LOT25H722,"560001 (Bengaluru Urban, Karnataka)",2025-11-12T10:07:47,whatsapp,green,{}
1209520e-66b5-43b0-9bf4-8530475f9ff4,932b9c387f3f0d8f5e21c6cf34cc3fbf,8901264866977,25029403,"360001 (Rajkot, Gujarat)",2025-08-07T15:18:50,whatsapp,green,{}
741f206f-c625-4f61-877b-1a6b40540827,6901b48484d88496958039ef15156357,8901264866977,25029403,"360001 (Rajkot, Gujarat)",2025-12-01T12:48:23,whatsapp,green,{}
939cd591-5210-45a3-8c28-58f7cea82eaa,b913bff2ab94c338509a484c5839230a,8904942727187,NE8602,"452001 (Indore, Madhya Pradesh)",2026-07-22T14:02:27,whatsapp,green,{}
61c6e254-c9e4-433a-bc60-4a540647e973,75836421b70899d6e2ecd0bd3cf54f1c,8904942727187,NE8602,"302001 (Jaipur, Rajasthan)",2025-10-16T19:16:59,whatsapp,green,{}
387a5075-d728-4c3c-bfd9-af17e132d475,115d7fbbdfab1caf36f8be907fc1ef0d,8900138357454,DM3869,"711101 (Howrah, West Bengal)",2026-07-24T15:08:14,whatsapp,green,{}
db9e623c-6f26-43ac-b547-190499fdffea,bd36d94117e4eec6125a9a3b77dbcaac,8900138357454,DM3869,"411001 (Pune, Maharashtra)",2025-03-31T10:56:28,whatsapp,green,{}
4af7a6f6-e438-4e3a-b42a-e2b30309440c,164c25c431189d4cc5ab882d5e6c8f22,8900001499706,SJ3479,"590001 (Belagavi, Karnataka)",2025-11-29T06:45:00,whatsapp,green,{}
ab7411be-b1c1-4728-a375-b54ff137bb5b,4ab2747798cc40ce0ca343b1bbf28cd9,8900001499706,SJ3479,"400001 (Mumbai City, Maharashtra)",2025-12-07T15:16:30,web,green,{}
7297317a-2f79-42c5-b3e2-8ec61dc07263,e36b4531a793a4bc02315a7631933000,8900001499706,SJ3479,"530001 (Visakhapatnam, Andhra Pradesh)",2026-01-15T19:28:32,whatsapp,green,{}
817713c5-2185-4dda-823b-987228dba26c,df5690f1457b780fbd07e7683fe50f5a,8907345735765,25116959,"110019 (North West Delhi, Delhi)",2026-03-06T14:19:30,web,green,{}
f99d5936-e825-46a0-a53d-3a44b80bef29,46704c6f2e4825ebe58eb69107c9dd1a,8907345735765,25116959,"390001 (Vadodara, Gujarat)",2025-12-26T16:47:24,whatsapp,green,{}
dcac836a-de56-40a6-86b3-b8f6979374be,6d7321891c99a985d80caaf45e7a85d0,8907684236474,26072387,"590001 (Belagavi, Karnataka)",2025-12-14T06:11:42,web,green,{}
d1974fba-a646-4139-b0e5-75dfb5cabd23,b4a53ec5d4ab5f6aca6bd3de31248175,8907684236474,26072387,"500001 (Hyderabad, Telangana)",2026-01-12T19:14:02,whatsapp,green,{}
48f1de31-55dd-47d4-ad9c-3005350acdef,d43597f3d82636e4b3e178cfa31b4e04,8907684236474,26072387,"411001 (Pune, Maharashtra)",2026-07-21T15:01:17,web,green,{}
57a16438-1f79-48a5-ad97-a3327cc3b98a,b6ab65dc8900fccdfef427087d46a62b,8907684236474,26072387,"141001 (Ludhiana, Punjab)",2025-12-31T00:18:19,web,green,{}
45190aea-2374-4fee-b32e-6938832078bf,8d2ea7170fe2402a858a3b2cd731c327,8907684236474,26072387,"600028 (Chennai, Tamil Nadu)",2025-07-08T12:34:57,web,green,{}
fbf5c911-1841-423b-b230-892f5c16cdbc,ead06a743d623f195412c7d37f941313,8907684236474,26072387,"143001 (Amritsar, Punjab)",2025-08-20T12:17:09,web,green,{}
ec651c88-aee4-4d5d-a89a-796ae367e78a,eca8e772de01471b43c5f43b0f449e4f,8907684236474,26072387,"530001 (Visakhapatnam, Andhra Pradesh)",2025-10-01T06:37:15,whatsapp,green,{}
5197895f-2124-4dba-a228-ce9337af4620,c474bde92156cf83e99bdd4ae9739582,8907684236474,26072387,"682001 (Ernakulam, Kerala)",2026-08-20T10:53:31,web,green,{}
5576af6f-3124-480c-adbc-d7256cb5eba4,2d7cbaa6112db728f5bc35815f03bcc2,8907684236474,26072387,"143001 (Amritsar, Punjab)",2026-06-12T20:33:34,whatsapp,green,{}
fc1c545f-acba-48ed-b9a4-68db9b3f5d33,9eedb418b3d8682e256fa750c61f169a,8901228543833,UH5509,"422001 (Nashik, Maharashtra)",2026-04-17T12:24:07,whatsapp,expired,{expiry_status_fail}
e9f93f11-5697-4d1c-ac3e-26db4ceffba8,907449092d21edf54131612422f0c9f9,8901228543833,UH5509,"682001 (Ernakulam, Kerala)",2025-08-14T13:29:59,whatsapp,expired,{expiry_status_fail}
32c285f1-b51a-412c-a352-7dce35ff0f3d,61b07526e7b7e6e3ae3ef109ef093a90,8908428361777,UX1816,"600001 (Chennai, Tamil Nadu)",2025-09-10T13:17:42,web,green,{}
515ff844-6185-4234-ac44-1d7bffc6633d,478f51081742293d0b136487892eb8b2,8908428361777,UX1816,"620001 (Tiruchirappalli, Tamil Nadu)",2026-03-03T11:36:30,whatsapp,green,{}
9caa91a6-5fb8-4076-8081-03355628be31,ca32ef40e0e0d7886cfd584b5fd632a0,8908428361777,UX1816,"400001 (Mumbai City, Maharashtra)",2025-11-20T19:15:54,whatsapp,green,{}
3f28eaa3-27d5-48e2-b1d6-dc211d2afef9,88d541856d7befb7a1fabb8f659257ae,8908996591367,25057377,"575001 (Mangaluru (Dakshina Kannada), Karnataka)",2025-07-02T14:44:10,whatsapp,expired,{expiry_status_fail}
15ba376f-d12c-404a-b967-fe7d8226cc07,7f514500e59bebcd9c64c7bef5e34e0e,8906418238378,26102492,"302001 (Jaipur, Rajasthan)",2026-04-29T08:34:32,whatsapp,green,{}
602536c3-18de-4b59-a51f-c5e9912daa22,1eacbc74e12634fa483a1c475ac8b1ee,8906418238378,26102492,"530001 (Visakhapatnam, Andhra Pradesh)",2026-06-24T10:28:02,web,green,{}
f8842eb1-ce17-4909-bd99-97cf50fd70d6,d22be68eeb7bae628691da03dd2f4cac,8908424419897,25017959,"462001 (Bhopal, Madhya Pradesh)",2026-05-24T17:36:13,whatsapp,red,{nsq_status_fail}
e668e34c-b3f5-4767-8457-636ab8efac70,58f07e99396f846a85d940edd7f3e26b,8908424419897,25017959,"682001 (Ernakulam, Kerala)",2025-06-12T10:49:20,web,red,{nsq_status_fail}
6f728194-fdb0-4fe3-ad0d-da0711bdcfb0,94b4815d859e383a4f24845203aa2c32,8908673062232,ZV2172,"400072 (Mumbai Suburban, Maharashtra)",2025-07-19T01:58:27,whatsapp,green,{}
fe5a4652-dd63-4369-88cf-fcd5b64f78ef,3bae5f5849523c4b6dce0d4454c9198a,8908673062232,ZV2172,"221001 (Varanasi, Uttar Pradesh)",2025-07-06T12:35:12,web,green,{}
9d0b8315-09d2-46c8-b258-6e57e124f110,a34a2b162b4346efc8acb45403f98109,8904313264691,LOT24F516,"380001 (Ahmedabad, Gujarat)",2025-06-14T16:59:31,whatsapp,green,{}
b2cb1f3c-9da8-4178-92a0-7d619b0815b9,800ef359595498fee4bba5619d7638b8,8904313264691,LOT24F516,"110019 (North West Delhi, Delhi)",2025-09-13T13:41:23,whatsapp,green,{}
af8c9e76-1d2c-47b3-9d91-f0e5e62c746e,00e61414698903503a7db51d18f155ac,8901402727471,LOT26C351,"141001 (Ludhiana, Punjab)",2026-08-14T15:03:08,web,green,{}
ad0d5801-4b3e-4f6b-ac07-c702e0b2cb4c,2d0f18c8953c4cbb965e0c30f9b12d01,8901402727471,LOT26C351,"462001 (Bhopal, Madhya Pradesh)",2026-06-06T17:43:50,web,green,{}
c608a1db-fca8-4ae8-afbc-da42141e20ed,fe644b3ad2d589394d742face0a858aa,8908660480376,LOT26E804,"411001 (Pune, Maharashtra)",2025-03-31T10:35:50,whatsapp,green,{}
cc7a0aff-45cd-4f4d-bd97-eda3cbc034c6,dc67997bfc0d7217898da0282e697096,8908660480376,LOT26E804,"302001 (Jaipur, Rajasthan)",2026-05-17T12:53:12,whatsapp,green,{}
b779c171-0345-4f32-92a3-958a434f4bee,535df49e132e0ac03bff32dcfbccaa79,8905936743689,LOT24A483,"620001 (Tiruchirappalli, Tamil Nadu)",2025-04-24T16:56:31,whatsapp,green,{}
ea8793c6-4df4-44be-9492-ebe8c98e3711,d34fdfac15c8832ee0ad2951a2a82d37,8903532527174,PC4472,"560066 (Bengaluru Urban, Karnataka)",2025-08-22T07:25:23,web,green,{}
d0e7f115-aa5f-442f-a03d-9cee794b335c,26c4c026232909d11961520fa165cd88,8903532527174,PC4472,"380001 (Ahmedabad, Gujarat)",2025-12-20T10:44:10,web,green,{}
b16a44df-9df3-4742-b7c6-69667230acc9,a0282e919ae61ff57e3cda39b57182e4,8902183033258,LOT26G725,"452001 (Indore, Madhya Pradesh)",2025-08-18T06:02:38,whatsapp,green,{}
98908414-379a-475a-b5df-f55ccdff3ec1,4e51c7a217dd69d5ad9ee07288cc9ba9,8902183033258,LOT26G725,"641001 (Coimbatore, Tamil Nadu)",2026-01-30T00:57:54,web,green,{}
421fd3e3-33ee-49bd-8ad3-70716a22933f,f115bc3d82cbbec8870ce834bc694a44,8902183033258,LOT26G725,"141001 (Ludhiana, Punjab)",2025-05-21T21:04:05,web,green,{}
7e0bd161-ad6f-4b0a-b6c3-02cf73c2fa62,df767336fa1db4b8e207c6389251d63e,8909807559534,26013397,"110001 (New Delhi, Delhi)",2025-05-01T19:31:35,web,green,{}
136774d5-7c86-4a82-be3f-eedebaa980ba,f180bd5dbca82839dff4b8fb2c040687,8909807559534,26013397,"143001 (Amritsar, Punjab)",2026-05-26T08:50:28,whatsapp,green,{}
7390c6bb-ae38-4582-b8bf-d47c906704d6,4636a53ea454eba1d94e45e30013c396,8904477882870,26124328,"110001 (New Delhi, Delhi)",2025-04-08T13:31:27,web,green,{}
c86bb891-febe-4ae0-9fa0-d68036ffb9b9,29d06d74b0a3dcd881489d11f4ade3bd,8904477882870,26124328,"226001 (Lucknow, Uttar Pradesh)",2025-10-14T21:11:25,whatsapp,green,{}
6776123e-b3fb-465a-bcd5-b2bb24bab456,8520652cdf4a80c4f33d857c1a8f111a,8904477882870,26124328,"452001 (Indore, Madhya Pradesh)",2026-05-31T03:31:04,web,green,{}
a77829b3-e817-458b-8339-dd175e2cb243,68fd49293d6777ca176d11418bb50eca,8900707956726,24035412,"380001 (Ahmedabad, Gujarat)",2026-06-14T10:16:45,web,green,{}
36a8704b-e818-4ebb-a347-3746194b0d28,fc26e989ed4432a2769dda96e05290c1,8900707956726,24035412,"560066 (Bengaluru Urban, Karnataka)",2026-09-13T07:39:48,web,green,{}
4c4ec6da-4eab-4540-b9c0-f061b3679585,d046d526357e8ac2b1faac82f86843b6,8903635461183,KG6346,"560001 (Bengaluru Urban, Karnataka)",2026-06-30T15:47:37,whatsapp,green,{}
5420dffd-aee6-45cd-add5-64b9166b956b,127e18716421e74339d8087755227761,8903635461183,KG6346,"380001 (Ahmedabad, Gujarat)",2025-05-14T14:42:55,web,green,{}
1a4a4540-427e-4a31-9e1f-47dd0bf14678,1657d6500f10a85bc7adee762286aa41,8902993146925,SJ5437,"110019 (North West Delhi, Delhi)",2025-11-20T16:42:30,whatsapp,expired,{expiry_status_fail}
0f9f4836-3138-4f9a-a3c7-9338e64700c7,f4e113268ff3247a05c94a8ebc0f6bc9,8902993146925,SJ5437,"302001 (Jaipur, Rajasthan)",2025-06-04T04:10:46,web,expired,{expiry_status_fail}
4fb5b814-d2e6-4fab-8237-e3b4a9b342b9,36c7e1f6fd07f50809be15e5574b9a47,8908995169817,25092748,"141001 (Ludhiana, Punjab)",2026-07-06T10:06:22,whatsapp,red,{nsq_status_fail}
ab25fb93-a9e9-48ba-9a23-4cc21f2759d8,ed26ea4709b3c9b7907ac465c369a010,8908995169817,25092748,"122001 (Gurugram, Haryana)",2026-05-20T08:01:38,web,red,{nsq_status_fail}
b175bd35-00fe-4285-8787-f4374e87e87d,70a7a8894ae5e0c2b911b73d4cdd9e2a,8904477882870,26035085,"110019 (North West Delhi, Delhi)",2025-06-24T02:20:22,whatsapp,green,{}
1fb0c5db-45e6-4ee9-a7a6-01a0f174e96d,900bc41a1059e3985a4dc710c8a69759,8902941165461,CP0472,"620001 (Tiruchirappalli, Tamil Nadu)",2026-05-11T05:35:11,whatsapp,green,{}
95e0cf84-e26d-469f-8af1-0b483683e61a,c5999d1d940747c041fd17cb218ac092,8903972376374,LOT24C305,"411045 (Pune, Maharashtra)",2026-04-08T07:40:05,whatsapp,green,{}
07693934-a11b-4a18-b050-064b0aad7761,a761ecf50685e55306dc803e54cca7bb,8903972376374,LOT24C305,"208001 (Kanpur Nagar, Uttar Pradesh)",2025-11-05T17:49:51,web,green,{}
dacd1500-963e-4301-9fad-e228002e3462,4c2ee8eee2a96db7080faa750601d23a,8903330584397,24115661,"695001 (Thiruvananthapuram, Kerala)",2025-04-05T15:48:35,web,green,{}
72ffd874-28ae-422f-9a93-a7022b84befd,95f4f80401509f7d1bf8e24b6278d0c9,8903330584397,24115661,"452001 (Indore, Madhya Pradesh)",2026-03-20T21:06:28,web,green,{}
0d8e3282-0769-4200-9b64-a5926e40028e,094e75b688a1fede109ea216c5e32a93,8908884408084,VP3072,"625001 (Madurai, Tamil Nadu)",2026-03-06T05:14:10,whatsapp,green,{}
f1eeb16f-d080-4e13-8bc3-2822a97ccb10,86b4b9ed9ab665a195dab299b76e2614,8908884408084,VP3072,"560066 (Bengaluru Urban, Karnataka)",2025-04-14T00:46:10,whatsapp,green,{}
6e96a84e-1ef3-4610-85c4-a05eb2c6af9c,0fe8e6468505ac0ff640914af50e6d53,8908884408084,VP3072,"530001 (Visakhapatnam, Andhra Pradesh)",2025-08-16T12:57:03,whatsapp,green,{}
f70215c7-efd5-48be-9257-ae9631c6c391,2200c527f4d66cec6654d2203d5865ef,8908884408084,LOT26F676,"800001 (Patna, Bihar)",2026-09-11T10:23:08,whatsapp,green,{}
a7d50f2c-0759-442c-a0bb-8349a276e977,65f151f00f541435df96db66e134e728,8908884408084,LOT26F676,"143001 (Amritsar, Punjab)",2026-01-01T20:34:33,whatsapp,green,{}
a80a701c-2d1c-45a4-a9ab-3bae4864f015,d45bc4d39f6522e7ddfafc3f20a31e7d,8905140837385,25057458,"122001 (Gurugram, Haryana)",2025-05-17T18:26:23,whatsapp,green,{}
3c3e5c79-760c-400d-a498-cb40cefa8ebe,8bdd95610c77468c300d7cce9f883f53,8905140837385,25057458,"400001 (Mumbai City, Maharashtra)",2025-04-11T12:02:02,whatsapp,green,{}
bce11d11-1178-42bd-a727-226b4e5ea712,32fc9ea69f537c8fbe06573ab9a0cace,8902447939089,24111063,"462001 (Bhopal, Madhya Pradesh)",2026-03-09T10:06:38,whatsapp,green,{}
d8224cfe-4270-4cc1-ad6e-b9bbbf2808ac,dbea29887e3ccba4621bf05f36c1b06e,8902447939089,24111063,"711101 (Howrah, West Bengal)",2025-06-23T21:38:21,whatsapp,green,{}
e47ecdb9-c049-47ed-969a-a9fff8ba0732,ffea5aed96393d7af67587033868c5fd,8900393794873,LOT26G147,"122001 (Gurugram, Haryana)",2026-02-07T16:02:33,whatsapp,red,{nsq_status_fail}
a855d519-6cb6-44e9-a951-924eef654f7a,2fc402d2b0dfc7ba89ff512ea7ab8a03,8900393794873,LOT26G147,"422001 (Nashik, Maharashtra)",2026-03-18T09:27:30,web,red,{nsq_status_fail}
338ee38c-ce47-4608-ba85-68fab4ed0154,a64aa59eee20cf88d9b6ebb902bb9996,8900393794873,LOT26G147,"580001 (Dharwad, Karnataka)",2026-05-26T14:43:48,whatsapp,red,{nsq_status_fail}
d03d81c7-575c-4166-8c1a-d2de88772590,b9a3bb2222e613a1684a5ce3c8bbc563,8904313264691,UH4733,"360001 (Rajkot, Gujarat)",2025-09-28T19:46:08,whatsapp,green,{}
a736d995-cf34-4b87-90b3-8d23818181d0,a57535c100c3e32b95f73430751cef6a,8904313264691,UH4733,"462001 (Bhopal, Madhya Pradesh)",2025-09-14T13:47:18,whatsapp,green,{}
cb7955f1-cc49-45bb-89c4-f92771a53f7a,13b9eff0ebf9655a9fff43254f9640ca,8902993146925,LOT26G566,"452001 (Indore, Madhya Pradesh)",2025-04-24T06:08:27,web,green,{}
7459f373-eeb7-4028-a6bb-5404fccbc609,fe819f6ee55b9da3be044c29feb25e1b,8902993146925,LOT26G566,"800001 (Patna, Bihar)",2026-03-12T11:44:43,whatsapp,green,{}
0073b173-2641-48f1-9eb1-4dee9068b2e2,ef6cee99d986722d7b4782b1820dcaf1,8907345735765,LOT24G803,"800001 (Patna, Bihar)",2025-04-20T02:11:25,whatsapp,green,{}
db61cbfc-2865-48b9-9dae-e51f886fea13,5ee562aca86f956b9e3d2ed0d08c144d,8907345735765,LOT24G803,"302001 (Jaipur, Rajasthan)",2025-08-11T07:40:39,web,green,{}
1f2edb81-d37a-4ef3-9fc1-e33b40412092,54cafdce9bd0e5b409d6856f74caa11b,8907345735765,LOT24G803,"208001 (Kanpur Nagar, Uttar Pradesh)",2026-01-17T07:50:39,whatsapp,green,{}
06edd2d9-f08d-45cc-a239-8cbb46ace676,e6e460abfeaaa986f88a07cc4d05fcb6,8900577768900,LOT25C137,"590001 (Belagavi, Karnataka)",2026-08-27T10:32:07,whatsapp,expired,{expiry_status_fail}
c7c26250-7a53-4239-bdee-c958f3429a3f,a07a4264da0b210bf8a2bcb2f4873441,8908234464910,QH3733,"620001 (Tiruchirappalli, Tamil Nadu)",2026-05-28T17:39:15,whatsapp,green,{}
34ba018a-6897-4813-815b-c7afb672c2da,6d20bb21bba1c4324323acd992564800,8908234464910,QH3733,"400601 (Thane, Maharashtra)",2025-06-10T20:24:28,whatsapp,green,{}
3e1c57b7-83f8-4528-9c4f-19bcaf533717,527dfbb8cc95ef481d845f20957ef25c,8908234464910,QH3733,"422001 (Nashik, Maharashtra)",2026-04-08T10:57:30,whatsapp,green,{}
26398939-86dc-4006-a25f-bbb2164844dc,22c13b0c8107419a6aa2b99db85b0740,8905936743689,LOT24F211,"302001 (Jaipur, Rajasthan)",2025-12-07T08:52:43,web,expired,{expiry_status_fail}
852bf96e-cf0b-4f5b-b2a0-4bffbef6ac75,0f2e2e82e513fd0a1b1498077a827cac,8902183033258,LOT26E955,"422001 (Nashik, Maharashtra)",2025-10-15T06:47:15,web,green,{}
364649b3-d7a1-408e-be8e-542a42290a59,51285b513e05b682386ad3552e69ea73,8907684236474,26093011,"452001 (Indore, Madhya Pradesh)",2025-03-28T21:37:44,whatsapp,green,{}
31669d9e-2fd2-4f32-b501-2aaf08a7ed47,fe3224a3a4a76fa41abc7157d8acd919,8907684236474,26093011,"390001 (Vadodara, Gujarat)",2026-04-06T16:43:28,whatsapp,green,{}
0a8a09a5-81e1-493f-a3dc-9789b0364550,cff15e4bc9c5ac793f80bae963fcb7b9,8903330584397,24023285,"570001 (Mysuru, Karnataka)",2025-09-06T18:07:01,whatsapp,green,{}
f071325f-f44a-4730-b4b5-1545a68a38fa,9939387bcea7f2613812a5fbfa39d5ee,8903330584397,24023285,"221001 (Varanasi, Uttar Pradesh)",2026-07-27T13:31:49,whatsapp,green,{}
2627c701-35aa-49bc-8938-89b7ddee36a1,109c02bf5bac3e026cab89dd665b4b0d,8903330584397,24023285,"560066 (Bengaluru Urban, Karnataka)",2026-07-05T10:37:07,whatsapp,green,{}
b96a17fa-7ff1-4fb9-a9b0-b507f3fe339b,36d02f1c1f2e8800def85b51d55d7568,8903635461183,WH8129,"590001 (Belagavi, Karnataka)",2026-07-21T07:15:27,whatsapp,green,{}
25a2b678-5be5-4c56-87e8-3e0cf6b94227,1aa79831ae599c96f4cec307e06d3e5c,8903635461183,WH8129,"400601 (Thane, Maharashtra)",2025-10-29T11:48:45,web,green,{}
dff11c0c-e9d0-405f-9abc-366f5c2047e2,fc8bb878e57a6bcade262eac0e26a943,8906686825167,SL3864,"600028 (Chennai, Tamil Nadu)",2025-12-12T10:32:07,whatsapp,green,{}
ccaafbdf-6e99-450d-8180-712772d59586,1e64b2f06db68bc4c3943430488f998a,8906686825167,SL3864,"221001 (Varanasi, Uttar Pradesh)",2026-02-24T13:25:55,whatsapp,green,{}
c4eb95dd-e7f6-407d-9163-a3b5b8934974,374c53bb5cf53f00ea24f896f52c7fa8,8906686825167,SL3864,"440001 (Nagpur, Maharashtra)",2025-10-19T13:41:51,web,green,{}
97103184-4bd8-4299-aae0-a3bd46ac85b1,35d0f31333c5851f2d4105f2d65f168f,8901936426455,LOT24H211,"440001 (Nagpur, Maharashtra)",2025-07-05T05:32:59,whatsapp,green,{}
a47fea15-60bd-4e9a-9fde-10460d47aaae,3f187387a505ee12b2c53c0b29bd3b5d,8901936426455,LOT24H211,"600028 (Chennai, Tamil Nadu)",2025-04-15T17:37:05,web,green,{}
65e6f909-7653-458c-829d-b71751afe261,1876183f6ac55ee481ab6f875372e7d0,8901936426455,LOT24H211,"711101 (Howrah, West Bengal)",2025-04-11T01:49:07,whatsapp,green,{}
baf4a748-75ea-4e5c-a374-cd4f5d33466a,8c64ba7e35e8641296c7b4ea27470923,8902260951139,25042741,"400072 (Mumbai Suburban, Maharashtra)",2025-10-02T16:19:31,whatsapp,expired,{expiry_status_fail}
55af1275-b600-46d8-b42e-40df48fe04fc,fb2ca64e83bf1e4b4ac7b6e6579bf6d3,8902260951139,25042741,"700001 (Kolkata, West Bengal)",2025-06-20T17:07:19,web,expired,{expiry_status_fail}
28313750-046b-4284-8168-7436f66eeca8,7898f21f0563e593752bef407006c9f3,8902260951139,25042741,"122001 (Gurugram, Haryana)",2026-04-02T17:28:20,whatsapp,expired,{expiry_status_fail}
4cf787c8-ab01-4a62-891f-10a5b43968a7,3fc43a8ea1c01b2d03e51c716e182c9f,8900577768900,24106354,"570001 (Mysuru, Karnataka)",2026-03-02T04:37:28,web,green,{}
ac774206-f446-484e-8d64-0ce3d2c97249,e3254b6bafc7fb9e335ffa7533cd81e4,8900577768900,24106354,"695001 (Thiruvananthapuram, Kerala)",2026-07-04T15:24:44,whatsapp,green,{}
f4d2d154-45da-4497-ae1b-3b7a2aca2808,81ac3510b4b5f9d95b801e33bc2392c0,8900577768900,24106354,"400072 (Mumbai Suburban, Maharashtra)",2026-02-20T09:20:00,web,green,{}
f4117274-22bc-42a4-a1b3-7dca0191ede9,57970aafafef8e3e4abbda51a797ab51,8901257474364,LOT26E318,"560034 (Bengaluru Urban, Karnataka)",2026-07-27T11:56:40,whatsapp,green,{}
167e2304-8b1c-4114-95cf-0104c45c5aa5,10595278c4710f5991c906c5feef3e8f,8901257474364,LOT26E318,"400601 (Thane, Maharashtra)",2025-04-08T16:59:57,web,green,{}
6849d0f7-97a3-4490-939f-d895eed31e36,76c3d8bdea447f28731b306601f4a2e3,8901257474364,LOT26E318,"560034 (Bengaluru Urban, Karnataka)",2026-02-10T13:59:32,web,green,{}
3066c337-89e2-4fde-969d-b9b6338e7f2f,f0529dfc107ce6566dda61c6e2102917,8905458944388,LOT25D259,"800001 (Patna, Bihar)",2025-11-15T19:06:21,whatsapp,green,{}
689d9a64-080e-4a44-bab7-ed8f06782e86,87117e98e6081428f61ae40c1ccbe3f5,8905458944388,LOT25D259,"226001 (Lucknow, Uttar Pradesh)",2025-07-04T07:04:04,whatsapp,green,{}
f89a0aa4-2c55-4a69-a195-5a8d0bd2540a,f1f17b0c3ae5afc3f3c818fe5c99b30e,8905458944388,LOT25D259,"411045 (Pune, Maharashtra)",2026-01-27T17:07:21,whatsapp,green,{}
90218d6e-a365-41c3-bc21-d6d9d1de296b,a10b6963ea217f9fcde1316b32f4a63a,8902447939089,RD6789,"560034 (Bengaluru Urban, Karnataka)",2025-04-18T13:04:20,whatsapp,green,{}
0f0a6415-4d28-4f47-9497-5859f8d06bb8,2f14391c5723b866fbf558a929672f00,8902447939089,RD6789,"800001 (Patna, Bihar)",2025-10-06T11:31:37,whatsapp,green,{}
e29c2886-3ca2-48a9-b040-a3e7f659c03b,994a5c364be82e87c55e6564f5f61869,8906047361152,24063061,"122001 (Gurugram, Haryana)",2026-03-03T12:44:08,web,expired,{expiry_status_fail}
01a9c55e-5c07-4ba3-973b-ee4fc004532c,d592adce62c43e10e62365772ec239a2,8906047361152,24063061,"411045 (Pune, Maharashtra)",2025-09-23T10:28:55,web,expired,{expiry_status_fail}
daf2cc47-8d25-4970-8859-400ffe65d97c,01852f839d46b97e4e3abde18b6be0f9,8906047361152,24063061,"226001 (Lucknow, Uttar Pradesh)",2025-06-26T20:39:41,whatsapp,expired,{expiry_status_fail}
76f3366d-cddf-4386-8948-50cb4c4dce8e,f038dd0926a9af6f1790965c4dfb5f1d,8905651807948,WZ2442,"380001 (Ahmedabad, Gujarat)",2025-05-26T17:13:18,whatsapp,green,{}
c06da144-f6e3-4410-aec6-fdd16bf71f38,f3f4c441907bd3eb7f8c23a9e5d528cb,8905651807948,WZ2442,"360001 (Rajkot, Gujarat)",2026-02-18T18:02:24,whatsapp,green,{}
f41362ef-175f-4033-9509-3cfaa3e334ac,b44914d3ec587283964da368bdbc4f66,8905651807948,WZ2442,"452001 (Indore, Madhya Pradesh)",2025-12-28T13:34:15,whatsapp,green,{}
8f0d0f85-3873-4fe7-aedd-e9a9013fe5fe,f129bfd9b79c7aaefe213d50d2b256e3,8907338123864,25082169,"800001 (Patna, Bihar)",2026-04-09T12:15:34,web,red,{nsq_status_fail}
1d3fa894-fbd4-4704-8a53-c58dcce2e144,c802ce428701d247c5d1e7de11f2319e,8901442334331,LOT25H648,"620001 (Tiruchirappalli, Tamil Nadu)",2025-11-30T17:35:31,whatsapp,green,{}
241ce72e-9755-4a7b-bb11-f3b33773a176,d56e374b921d8d277a776e2b1924cb45,8901442334331,LOT25H648,"110001 (New Delhi, Delhi)",2025-05-13T20:39:23,whatsapp,green,{}
9ee4b565-3eec-4cb8-af1d-6361567a7976,1aeaad264d33d0de10d3d22ecf3d7c7e,8901442334331,LOT25H648,"600028 (Chennai, Tamil Nadu)",2026-07-16T07:01:22,whatsapp,green,{}
04f5b9bc-a60b-4228-a3bd-600f5cd9e7c3,69a19e8739fc717aa90d3d6d214a25fb,8901442334331,LOT25H648,"110019 (North West Delhi, Delhi)",2026-08-07T16:43:31,web,green,{}
cbbff446-66e9-4445-9d91-f8cebab49787,42ee8d7ed4a1d43190fb3ad1510bba43,8901442334331,LOT25H648,"395001 (Surat, Gujarat)",2025-04-24T15:40:04,whatsapp,green,{}
4683f9e7-d086-47db-a259-8799ddd21734,3e149aa3e7004c18ca0ed5c457485ad0,8901442334331,LOT25H648,"530001 (Visakhapatnam, Andhra Pradesh)",2025-12-07T08:56:26,whatsapp,green,{}
44817a31-ff0c-4f89-96b6-a303d5ac7a79,7e7270705c38c671bc77a0a0e260be0a,8901442334331,LOT25H648,"620001 (Tiruchirappalli, Tamil Nadu)",2026-09-11T15:21:26,whatsapp,green,{}
eb271340-eb77-48ac-876b-014642fd5b7f,cf0c26f9e3365987239aa2e74024e7f3,8901442334331,LOT25H648,"462001 (Bhopal, Madhya Pradesh)",2026-02-20T19:05:00,web,green,{}
7e6bcff1-bbf8-43d9-8135-a200d42c4473,96473c6de0ab8cfaf3a8d902a6c0fd17,8909937337915,LOT24H948,"575001 (Mangaluru (Dakshina Kannada), Karnataka)",2025-11-12T09:41:56,whatsapp,green,{}
91d7ab96-77ca-40bc-9a0c-2bf5d6e4563f,ca7962a3514ec40388fe350a6461c0b5,8909937337915,LOT24H948,"560034 (Bengaluru Urban, Karnataka)",2025-10-19T11:53:54,whatsapp,green,{}
4565864c-1200-48a6-97c8-7c353e7ae9fe,e4c9b01c9775341e7b8b5c235652e763,8900138357454,SK9887,"110001 (New Delhi, Delhi)",2025-09-22T15:34:54,web,green,{}
d0ca6080-1c90-40e6-bcc4-539907605a57,b88fbfa35706dbd349e06479efaecf3a,8900138357454,SK9887,"570001 (Mysuru, Karnataka)",2026-02-01T10:13:53,web,green,{}
5c3a65d2-7c55-47b1-a442-8efc0e89b166,bd194463c92c587163d0f6dc01924600,8906418238378,26051625,"110001 (New Delhi, Delhi)",2026-04-26T12:15:59,web,green,{}
774948e0-73ab-43d2-8a80-2f69a9e067b5,89c689c59bd770d7ebd3804207f19c04,8906418238378,26051625,"411001 (Pune, Maharashtra)",2025-09-18T10:20:10,web,green,{}
264647e8-ad0e-4529-84bb-f405ea236c85,097969b4925e04baef53bc3d33a7805c,8906418238378,26051625,"575001 (Mangaluru (Dakshina Kannada), Karnataka)",2026-05-27T14:54:58,whatsapp,green,{}
5340b822-61b6-4836-ba85-1539f3508c38,de5cfe46a9d88a052b178f16f8603c8f,8905027043841,LOT25B645,"452001 (Indore, Madhya Pradesh)",2025-12-25T19:31:46,whatsapp,green,{}
3dd6850e-2b44-41ec-b841-6d0dc05823a7,69e33bc530a8ab324ef453e5361218c2,8903077944551,24104776,"580001 (Dharwad, Karnataka)",2025-07-28T16:30:02,web,green,{}
36e7b958-1ae8-44eb-9161-280b42d5b89c,badcf9037bb7c47c28c3f796dc9461c8,8904313264691,26122267,"530001 (Visakhapatnam, Andhra Pradesh)",2025-10-07T08:54:56,whatsapp,green,{}
153fe570-b94d-4ae2-a468-116367436692,57645d71d220f6dee8e72327848a0a56,8904313264691,26122267,"400601 (Thane, Maharashtra)",2025-10-27T16:04:38,whatsapp,green,{}
46240831-5253-4c4b-a1c7-d56834289bd0,61e9a682f9f16e8f2fccb3cdf6f8cded,8902993146925,LOT26E695,"695001 (Thiruvananthapuram, Kerala)",2025-04-28T18:16:54,whatsapp,green,{}
9d5cba5a-26f8-499d-a300-42d080e3202b,3af3ed3476cddf4e182cc818db6076a5,8902993146925,LOT26E695,"395001 (Surat, Gujarat)",2026-06-13T08:43:21,whatsapp,green,{}
51a7a801-648c-44fb-8013-eae8bf7a2275,2e67b2193985b8f5529a3dee5694088c,8902993146925,LOT26E695,"141001 (Ludhiana, Punjab)",2026-08-02T15:02:39,web,green,{}
c6a4f9bd-555a-4890-92a6-28a0a5d866b3,ae87e80ce0c004153182ac637d87e7f5,8904477882870,ZG4393,"380001 (Ahmedabad, Gujarat)",2025-11-10T11:20:10,web,green,{}
87fe91d1-d465-412b-9bd7-178c1ea2648b,ad2987933457b9466e59573aa0dcb9cc,8904477882870,ZG4393,"530001 (Visakhapatnam, Andhra Pradesh)",2026-02-15T07:22:06,web,green,{}
c4aa5fdf-54ff-4a1f-a8ab-2b9ae6f77fa6,6e4d7761621c60b502dd11a49c9145df,8904477882870,ZG4393,"221001 (Varanasi, Uttar Pradesh)",2026-03-01T14:53:13,whatsapp,green,{}
45c92b45-0053-48e6-a51b-5541b0dc4e01,25f69b22980393368edad98fe13f7040,8909776485357,26114595,"462001 (Bhopal, Madhya Pradesh)",2026-08-09T18:50:26,web,green,{}
75f41e0e-75c1-4ab2-a63d-281e7b32f8a7,72786b2d3758097a5fea19e8433cff5b,8909776485357,26114595,"711101 (Howrah, West Bengal)",2025-07-16T09:16:56,web,green,{}
6bb7f730-d1f0-4efe-b023-5428a2ddbda8,a6963d51834a1451ffe0f5258e5d0f35,8906113462677,NS6980,"380001 (Ahmedabad, Gujarat)",2026-05-08T12:16:41,whatsapp,green,{}
8cd6f0ea-1d4a-4039-b251-4d544bbd31d7,7e095d735d084fa0fa623a279d908bd9,8909640162122,LOT26A560,"590001 (Belagavi, Karnataka)",2025-09-16T19:25:13,whatsapp,green,{}
76b8b682-0e61-4627-8e2f-b9b715626b9f,83169251607425b207200ffac6bf8f20,8909640162122,LOT26A560,"226001 (Lucknow, Uttar Pradesh)",2026-02-22T18:39:18,web,green,{}
640fafe6-7c29-4657-b166-3f6b67887447,c5d5c21c736974d50e2c0e893a8009c0,8909640162122,LOT26A560,"208001 (Kanpur Nagar, Uttar Pradesh)",2026-01-26T17:01:51,web,green,{}
430a56f1-445e-4e93-9888-469b018a3665,cec518651bcedec365d9a1446b7f294f,8908738948771,LOT25F694,"590001 (Belagavi, Karnataka)",2026-02-24T20:51:48,whatsapp,green,{}
601aa19d-83b8-4a53-ba33-28f41d6cdc5f,ffca21fa5748b60eda7de700ae70be96,8908738948771,LOT25F694,"560066 (Bengaluru Urban, Karnataka)",2025-10-15T12:36:43,whatsapp,green,{}
72f40a58-b8d2-4026-b74e-dbd450a2e99b,10cb363a531573bbb286123cfd8b3ce6,8908738948771,LOT25F694,"380001 (Ahmedabad, Gujarat)",2025-04-30T17:44:33,web,green,{}
6f330c4d-9ad7-4b3d-be5e-1adb362ad8d4,1b94ed65414595b05859c397e857fdab,8908738948771,LOT25F694,"641001 (Coimbatore, Tamil Nadu)",2026-04-16T14:37:15,web,green,{}
3f1f384d-e3a0-48f3-b17f-15a65dbf9d17,389f4789c53357fda51a0f81d3664fca,8908738948771,LOT25F694,"560066 (Bengaluru Urban, Karnataka)",2026-02-23T19:42:05,whatsapp,green,{}
531f0200-314e-471e-841f-b818e6cd4d31,35f8a097c5f0e61d49d7da11dd8d4836,8908738948771,LOT25F694,"440001 (Nagpur, Maharashtra)",2025-09-11T06:57:17,whatsapp,green,{}
36aedd00-26ed-4073-b96a-54920d9f09d1,1dbf3d5d7f6f890da2015ab706449d87,8908738948771,LOT25F694,"380001 (Ahmedabad, Gujarat)",2025-04-27T11:00:10,web,green,{}
27a89190-fb65-48d4-a26d-1ad0fce92ec0,a34082cb044d990ca305791aa7d27bec,8908738948771,LOT25F694,"560001 (Bengaluru Urban, Karnataka)",2026-01-13T02:47:07,whatsapp,green,{}
29cf0e40-9f14-46c6-9a3c-0ab4e57d1e16,ece14bc101e6165fc65fb8d46159aebf,8908738948771,LOT25F694,"411045 (Pune, Maharashtra)",2026-02-27T15:52:21,web,green,{}
85809a15-0d2d-434d-b84b-6a79aeea6d4e,43f46f193a18d6968cdf54d61bc20ed8,8908738948771,LOT25F694,"221001 (Varanasi, Uttar Pradesh)",2026-01-13T16:56:28,whatsapp,green,{}
5ed658c4-dbf4-4a7b-9533-8634114a11f7,ed626f70421ac477d25e50802fde7833,8908738948771,LOT25F694,"440001 (Nagpur, Maharashtra)",2025-04-05T20:43:44,whatsapp,green,{}
19b7b63d-bc0d-4c25-871c-9efaa7115e70,88063c87cd94030ed407c07a29162681,8908738948771,LOT25F694,"141001 (Ludhiana, Punjab)",2026-07-09T12:25:37,whatsapp,green,{}
aa9b754e-1057-4187-b936-c15dc07531a4,6786b1cd5f89096f975cf6dd0764bcdd,8908738948771,LOT25F694,"711101 (Howrah, West Bengal)",2026-02-10T11:30:33,web,green,{}
a8935d27-cbd6-425f-855e-49ab52bb0a9e,480cfa5830ae02775030af1fd9e87b6d,8901636102071,DU0896,"560034 (Bengaluru Urban, Karnataka)",2025-08-07T15:35:49,web,green,{}
5e4b90b8-f726-4f0a-9f08-7b2f7ad39ebc,11720f367982722520428d947c44c283,8901636102071,DU0896,"530001 (Visakhapatnam, Andhra Pradesh)",2026-03-17T13:10:51,whatsapp,green,{}
03b95f42-3b6a-46b7-b6cc-2513ae4b0be5,7184b49d617e14eb193ea1df2e7bcc3f,8901636102071,DU0896,"400001 (Mumbai City, Maharashtra)",2025-10-04T11:48:50,whatsapp,green,{}
77cf2af0-2bc4-4c21-8b4e-60992ce0c8a0,6b04a7621304080770e2d04442f022f1,8903532527174,TV4803,"711101 (Howrah, West Bengal)",2026-06-22T08:57:41,whatsapp,green,{}
9ebdffac-8e95-453b-acc6-23854d79ce98,a909a919868830d751bebde58c7f778b,8903532527174,TV4803,"695001 (Thiruvananthapuram, Kerala)",2026-08-14T13:29:46,whatsapp,green,{}
3e3b35cc-31a4-4932-ada1-07ee3f662489,ef2db841242200b01ca3b535514c44dd,8903532527174,TV4803,"390001 (Vadodara, Gujarat)",2026-05-31T15:10:11,whatsapp,green,{}
0ba4eeae-1c2b-475d-bd7a-382f131b0283,d32a2fada36987c68d5106b575c43817,8903532527174,TV4803,"452001 (Indore, Madhya Pradesh)",2026-05-26T07:07:49,web,green,{}
fa5cfe7d-1f42-4728-a0d0-b1efd741ffe9,1ce27311578bf21f67555d4503cd8249,8903532527174,TV4803,"695001 (Thiruvananthapuram, Kerala)",2025-10-24T18:02:51,whatsapp,green,{}
c015b7bb-8e01-4fad-8c22-4c268c87bcc3,62e3201cd9c9f7d8de179065d0bb3ee7,8903532527174,TV4803,"143001 (Amritsar, Punjab)",2025-10-15T11:20:46,web,green,{}
bbc171a8-1da2-4e1d-bffb-6fc8c95b5f39,105befdb43b33069c824236c772fad65,8903532527174,TV4803,"500001 (Hyderabad, Telangana)",2025-12-11T17:13:46,web,green,{}
6c7395fd-0e6c-4e65-b5a1-80dae360af92,f35a959a0cf64b36cb0615e7115ece27,8903532527174,TV4803,"110019 (North West Delhi, Delhi)",2026-04-24T18:09:16,whatsapp,green,{}
fbf2ef90-e4e2-469b-8461-d5dcaea31703,6990b9679885ba19edde8c93f172565f,8903532527174,TV4803,"390001 (Vadodara, Gujarat)",2025-07-05T10:03:44,web,green,{}
6ab0f31d-bf0d-4f7e-949c-d4ed4189d359,b381598c2dc2a20474a972e89b87c75b,8903532527174,TV4803,"208001 (Kanpur Nagar, Uttar Pradesh)",2025-08-15T17:50:23,whatsapp,green,{}
74c0b27a-a17c-43fe-b2ef-256c2e26c39a,eca45f288f8873eb9f9c5ac067cb3043,8902183033258,24053421,"620001 (Tiruchirappalli, Tamil Nadu)",2026-02-22T13:50:18,whatsapp,expired,{expiry_status_fail}
8025a70a-1d65-4671-9c2b-4cbf0bc70c10,a8adb5dfd6ccb2ce4475f82df5d12de9,8902183033258,24053421,"600001 (Chennai, Tamil Nadu)",2026-06-11T00:22:01,whatsapp,expired,{expiry_status_fail}
a3ea39b5-36bd-47ea-a5a1-b8e0e8a0096a,c76cb93dc7f9accc6517cf1c8a9d6559,8906837996942,XC2578,"700001 (Kolkata, West Bengal)",2025-05-23T12:26:20,whatsapp,expired,{expiry_status_fail}
a810257f-5918-41f6-812d-506746d1ddbd,2cd42d52255e4f4e6c75b8c6562ac53e,8906837996942,XC2578,"226001 (Lucknow, Uttar Pradesh)",2026-06-13T13:43:52,whatsapp,expired,{expiry_status_fail}
7153e479-6738-40fa-a4cc-1fc57c19e860,400f19312ee9042773edea483c901134,8904942727187,LOT25D176,"570001 (Mysuru, Karnataka)",2026-08-16T18:01:14,whatsapp,green,{}
9f96f07d-abe8-4439-8c75-0edb8dd5d8aa,8a34d7a37ddda25bfc7266d7b68900c3,8905027043841,LOT26C606,"440001 (Nagpur, Maharashtra)",2025-06-19T15:18:00,whatsapp,green,{}
a03e432f-f4be-48ab-b63e-6adf1520e77a,b79db72a16e9b5b8c6d149c35974cc3b,8909430944205,LOT25A321,"422001 (Nashik, Maharashtra)",2025-04-27T09:55:03,whatsapp,green,{}
0a3ae02e-b909-4792-bd2c-0cac335bab93,c3365921750dc7681da79617ca2b6466,8902447939089,LOT26H806,"141001 (Ludhiana, Punjab)",2026-03-23T15:09:40,whatsapp,expired,{expiry_status_fail}
8a4c14b3-ede1-4942-81e0-a974f3fc25a5,a118e409bf1d732a1bcbc919b341a86c,8902447939089,LOT26H806,"600001 (Chennai, Tamil Nadu)",2026-06-20T09:28:50,web,expired,{expiry_status_fail}
c4e25247-f804-4f82-ab13-704609b7fd0e,c0878a5d9bfb262ca7e1461561fe4c71,8902447939089,LOT26H806,"221001 (Varanasi, Uttar Pradesh)",2025-07-21T10:53:06,whatsapp,expired,{expiry_status_fail}
024f3de0-5b56-4b31-884a-ae0f96be2805,3178130cd8b3cd9ab61fe1d4ad9bb711,8909807559534,24058095,"411045 (Pune, Maharashtra)",2026-08-02T06:50:18,web,green,{}
b93bde17-1fd4-47fe-a4c9-39a269a6ba01,ef70f808f917320be91ab4f1fe10e71c,8909807559534,24058095,"110001 (New Delhi, Delhi)",2026-03-21T02:20:35,whatsapp,green,{}
93032f5f-23a5-4406-b0c0-61a51ecb2e25,882f4a9c501f2ce10b567b4ebf551596,8909807559534,24058095,"400601 (Thane, Maharashtra)",2025-12-22T11:34:44,whatsapp,green,{}
cf07a174-8420-44bd-98bf-0bda9bc4f75b,726d9b4229fc51b5306a9b5b263ba98d,8907573869302,ED6515,"620001 (Tiruchirappalli, Tamil Nadu)",2025-10-27T14:59:08,whatsapp,green,{}
4e82e718-062a-4bd6-9186-9c948e4fadf4,bab8df6c9fb39be54530b58eea36af16,8907573869302,ED6515,"682001 (Ernakulam, Kerala)",2025-10-19T09:59:13,whatsapp,green,{}
e79a7fdc-6b67-4fe3-8771-99f226d378ce,e129a780b814ac4968674199ca482de4,8900471959291,GL4048,"400072 (Mumbai Suburban, Maharashtra)",2026-06-23T12:04:51,whatsapp,red,{nsq_status_fail}
e3d49ad1-1521-4a1b-8040-295036659c1a,cb46720cea936a071f30a526fae030f0,8900471959291,GL4048,"395001 (Surat, Gujarat)",2025-08-12T16:27:50,web,red,{nsq_status_fail}
e8f7aa94-13ff-414a-bb80-101ad03d66f6,fc0b9eaf72d0e1b2925f378b13a7ce0d,8900471959291,GL4048,"221001 (Varanasi, Uttar Pradesh)",2026-08-18T09:39:16,web,red,{nsq_status_fail}
7934943d-7d2d-4d56-9775-8032e8110397,3fc844b44d2ff81f49dd3128503dd125,8903453348821,LOT24G923,"560001 (Bengaluru Urban, Karnataka)",2026-09-05T06:45:42,web,green,{}
008ae70c-5a04-4df7-b909-82d2366921ef,523cfe8469d327a22e42aa3de24f1699,8901795675954,24104785,"226001 (Lucknow, Uttar Pradesh)",2025-12-22T18:42:38,whatsapp,green,{}
b1703dba-b771-4055-95f7-20b60ddecb5c,9144b1e8c3d21cb9151561c92fcf54b3,8901795675954,24104785,"641001 (Coimbatore, Tamil Nadu)",2025-10-18T12:05:32,whatsapp,green,{}
e4539358-440d-4e99-b100-c467bcb7ca30,ddf251d2a8a216f11a717c4938d9837e,8901795675954,24104785,"575001 (Mangaluru (Dakshina Kannada), Karnataka)",2026-02-19T19:22:06,web,green,{}
57a9f2ce-21af-46db-a099-a59a02badc89,3f79e839d95eb34afe9ef198f34a6f95,8908673062232,YB3944,"570001 (Mysuru, Karnataka)",2026-08-10T17:16:16,whatsapp,green,{}
ac8ff1d6-7b9e-4129-a406-123f28fb56fb,540db3e953504ec78e056d5074498156,8908673062232,YB3944,"620001 (Tiruchirappalli, Tamil Nadu)",2025-06-13T19:48:26,web,green,{}
c3aca184-84c7-48ae-a1d1-00af4f2a96ea,10bdc5751f6afa0bfc417c6698955144,8908673062232,YB3944,"695001 (Thiruvananthapuram, Kerala)",2026-04-23T14:09:10,web,green,{}
24c7a8d8-ec26-4b19-8c4c-93774907fe36,d0e63ba226fd207779fcf53861edc617,8908673062232,YB3944,"800001 (Patna, Bihar)",2025-05-01T10:03:37,whatsapp,green,{}
1dbfc0d2-1e6a-41ac-b165-d19d29b1f58b,6caabbbf9d306c64cbc1777275e67835,8908673062232,YB3944,"600001 (Chennai, Tamil Nadu)",2025-07-19T09:44:53,web,green,{}
276407ef-4249-4d86-b806-829fb3e65c2c,fc9bae1a1b9c7f982a9d7de78c6aa376,8908673062232,YB3944,"600028 (Chennai, Tamil Nadu)",2026-06-20T20:04:51,whatsapp,green,{}
89618537-a837-41a5-81b0-5f645c22bc78,5d05caff86843f9d791718e94e7b8b2f,8908673062232,YB3944,"143001 (Amritsar, Punjab)",2025-11-20T00:17:55,whatsapp,green,{}
231edeea-8a40-493f-9eda-010aa9886b3b,03b03940714767f66d27f1b8c77cd7af,8908673062232,YB3944,"600001 (Chennai, Tamil Nadu)",2026-01-13T08:32:02,whatsapp,green,{}
5c2fce50-a9e4-447f-acda-9d8e946551a6,e78ef28e44866964cdf3d4edd34a5850,8908673062232,YB3944,"400072 (Mumbai Suburban, Maharashtra)",2026-02-14T08:30:23,whatsapp,green,{}
b7613d99-2bd2-4cbe-a458-3a05e1c194ca,80736f0b871089dccda88256526f53d5,8908673062232,YB3944,"462001 (Bhopal, Madhya Pradesh)",2026-01-03T11:14:53,web,green,{}
324a4e54-5f2b-418d-acfa-36c909f20458,0bbffebe05c9381e3812454d96951e25,8908673062232,YB3944,"122001 (Gurugram, Haryana)",2025-12-06T17:16:13,whatsapp,green,{}
6fa08339-356c-433b-81cf-ab29e573a252,e5303fbe2ac544eed9df37ccd0185178,8908673062232,YB3944,"560001 (Bengaluru Urban, Karnataka)",2026-09-16T04:47:54,whatsapp,green,{}
ac26b7e7-5988-4bfe-af3b-fa067dba13d0,e20e0098fd2e678b7c50f6ffebb225f1,8908673062232,YB3944,"422001 (Nashik, Maharashtra)",2026-05-13T11:48:24,web,green,{}
b45fdb17-b6bc-4c91-9507-1c8bf92a0780,f6a3c51b1d288fe456198291bb078882,8908673062232,YB3944,"400001 (Mumbai City, Maharashtra)",2026-02-19T18:13:38,whatsapp,green,{}
c35e3e18-ecec-4de9-9a5f-fb4223c5d290,446bce1e16d48a2fb29eb09ef1e1e6ea,8908673062232,YB3944,"380001 (Ahmedabad, Gujarat)",2025-12-23T23:05:39,whatsapp,green,{}
230b3aa3-b2e4-4b54-991b-d1fcef48d1fe,d12c8cf4461cf734263f9c4eb8c1cf25,8908673062232,YB3944,"500001 (Hyderabad, Telangana)",2026-08-23T19:49:16,whatsapp,green,{}
4d8e7cf9-698c-483c-be88-ed9ecf619855,aaecb986e11722936671c137d9707224,8900151108194,KY3803,"411045 (Pune, Maharashtra)",2025-07-26T17:13:03,whatsapp,green,{}
d324b2d5-5473-448b-bc99-ed5a163ec0a1,a9f25ddca050ea24a0426424cfeb346b,8900151108194,KY3803,"400001 (Mumbai City, Maharashtra)",2025-10-22T13:02:40,web,green,{}
00346b82-18ad-4244-8bfe-d1027b858302,db27bfe717811c0b1c291d53f42d2b8d,8901034230701,LOT25A963,"360001 (Rajkot, Gujarat)",2025-05-04T11:44:34,web,green,{}
e0984eeb-7b40-4bfb-91aa-61fffb9303d6,47728c7840904bfb85e08d7a86bb4581,8901034230701,LOT25A963,"560001 (Bengaluru Urban, Karnataka)",2025-07-04T15:14:23,web,green,{}
a89692c4-e45f-49e3-859b-ecf580bdc794,49ca656b3e46aa39fc7fe1df5d366ade,8901034230701,LOT25A963,"141001 (Ludhiana, Punjab)",2025-12-08T17:35:53,web,green,{}
a164924e-2a96-4ca7-8aa4-50e6ffeaa742,8cdbf7b98182168e29ba405526d3bc2c,8900811342280,26017153,"600001 (Chennai, Tamil Nadu)",2026-08-16T13:35:35,web,red,{nsq_status_fail}
422f96a1-2e35-4182-8795-6af12900a30f,8c17c9dc83b7a23af699de8491979c0c,8900811342280,26017153,"380001 (Ahmedabad, Gujarat)",2025-05-23T09:22:49,whatsapp,red,{nsq_status_fail}
d5805140-2769-4c69-bcd0-20fe9e76a4c6,178d6fc2c8966623b746e0519c3cf53e,8902623846571,TR9134,"800001 (Patna, Bihar)",2026-01-31T21:48:02,whatsapp,green,{}
7a281dfb-602b-4f23-a03c-28170e93097e,0a81f1d10583e025e2bddd1390ec2539,8903532527174,LOT25G965,"226001 (Lucknow, Uttar Pradesh)",2026-07-21T09:40:23,web,green,{}
38f032eb-8f53-4695-bfe1-aa7011140a1c,71cb9ab12d23813d0ba1ccb315615d9d,8903532527174,LOT25G965,"590001 (Belagavi, Karnataka)",2026-06-23T14:07:16,whatsapp,green,{}
6788221e-96dd-44e5-b57e-66835608a42c,92ccc2697180d035e327ec36bcc59c1e,8903532527174,LOT25G965,"682001 (Ernakulam, Kerala)",2026-02-10T16:33:00,whatsapp,green,{}
7fcc9bed-0757-40e0-82ae-6445add3bc5b,9ac00a4c11cce7cdf739908dad436ecc,8901402727471,24057392,"302001 (Jaipur, Rajasthan)",2025-07-26T08:43:38,web,green,{}
feb8994e-c3a3-4126-9a75-abb531db72cb,75d3c4adb8b3854a1f154f38d7b8d8da,8904147383886,ZN4436,"452001 (Indore, Madhya Pradesh)",2025-09-20T13:17:41,web,red,{nsq_status_fail}
fc1502fd-91a0-4fc5-9d9f-bbf78ab42f26,3c54238a01f08bf02b3d81d68ef18171,8904147383886,ZN4436,"462001 (Bhopal, Madhya Pradesh)",2026-01-11T18:23:03,whatsapp,red,{nsq_status_fail}
695c9269-12f9-4a25-b7ca-6a347648e904,bd2ad52dff358c30fd1f83a155e077d1,8904147383886,ZN4436,"390001 (Vadodara, Gujarat)",2025-04-10T07:41:55,web,red,{nsq_status_fail}
372e462b-a96f-4471-a716-3e2ce3288123,d653382d1110fdbc644a259e2df966b4,8907107974795,XW8813,"560001 (Bengaluru Urban, Karnataka)",2025-11-13T10:04:28,web,red,{nsq_status_fail}
6be39a31-7666-483b-9678-4ec1022e2c45,e2911dfda69233bbe929a3a0fdcc9e47,8907107974795,XW8813,"570001 (Mysuru, Karnataka)",2026-05-22T12:44:06,whatsapp,red,{nsq_status_fail}
026192eb-e08d-4fc9-9050-da40c9e7ff7d,bbb1b2eb13345e8426157b56860ed36a,8907107974795,XW8813,"110001 (New Delhi, Delhi)",2025-08-01T13:20:56,web,red,{nsq_status_fail}
01a8b979-6ba0-4387-9d2f-bcc0b8637ba8,8b8d8623925dbfd18385cf3dd1a7fd7a,8906047361152,26111961,"452001 (Indore, Madhya Pradesh)",2025-12-26T15:27:27,web,green,{}
e79582c8-64ed-4c0d-b18c-ab68f0af53d4,442470bb4814f4897508cb7487b4b9fb,8906047361152,26111961,"570001 (Mysuru, Karnataka)",2026-07-25T19:03:49,whatsapp,green,{}
0e4c2c40-c16c-40d7-9393-8d3185de1c21,45e81261619e9f31fd807172af9615bb,8902527998151,HA9637,"625001 (Madurai, Tamil Nadu)",2026-02-02T14:17:53,whatsapp,green,{}
f7550c45-2614-4a71-9c79-b77bf518a7dc,098ad9227e9f25c4b97281fd328b0eaa,8902527998151,HA9637,"462001 (Bhopal, Madhya Pradesh)",2026-02-07T16:47:33,whatsapp,green,{}
321bde96-f903-4b3b-b53c-3fe84d46c61f,7b83ae3f2f0af48a9b18fa66397f739a,8902527998151,HA9637,"462001 (Bhopal, Madhya Pradesh)",2026-01-01T05:48:14,whatsapp,green,{}
5a79b156-e744-4188-b208-643b5c30a158,5ed66931294dd85cedfae78f1992df4a,8901442334331,GV0305,"390001 (Vadodara, Gujarat)",2026-07-25T14:36:04,whatsapp,green,{}
9b02a61a-5acb-45da-b75d-3be0fd4ef0f5,9441b7935ddd3ce9edd7ae7248b650ef,8901522284492,DR8556,"422001 (Nashik, Maharashtra)",2025-06-21T23:09:40,web,amber,{single_non_official_signal}
8592d146-b9d4-4317-bd18-8cc46774d9f1,b0c085e5856d8b2df4083c0043b85a7c,8901522284492,DR8556,"695001 (Thiruvananthapuram, Kerala)",2026-07-28T20:35:48,web,amber,{single_non_official_signal}
580c599f-d971-415b-a0d9-5368cbd37554,81f142ec01c95c517d3a0c7cfccf3ce5,8901522284492,DR8556,"800001 (Patna, Bihar)",2026-08-24T20:57:07,whatsapp,amber,{single_non_official_signal}
dfea00d6-0a6a-41a8-8106-2f09d26c9b7b,73b34e09970027396f4e91f55e00cd50,8900707956726,25038188,"575001 (Mangaluru (Dakshina Kannada), Karnataka)",2025-11-19T09:48:38,whatsapp,green,{}
de1e983b-e194-4ad7-bd0d-50cac522d6cc,df091aaaccefa1137bc9eb64c02b101f,8900707956726,25038188,"590001 (Belagavi, Karnataka)",2025-07-16T14:42:10,whatsapp,green,{}
9baf1824-d7ce-454b-bc3e-718920607dcd,abb70f2492dcbc21862ff6f8e009c2d0,8901880806979,24022728,"600001 (Chennai, Tamil Nadu)",2026-07-03T11:14:55,whatsapp,green,{}
b5860269-cc37-457f-9530-1a8365347d25,b4c54a2a14657b499fad08982cb2f8ca,8901880806979,24022728,"570001 (Mysuru, Karnataka)",2026-05-15T08:31:39,whatsapp,green,{}
98e86450-8184-4c33-9aee-221b10b537c8,dee4b136c0a49955410d408d4a87b63d,8904276537502,LOT25G448,"575001 (Mangaluru (Dakshina Kannada), Karnataka)",2026-01-26T22:59:41,whatsapp,green,{}
61c10025-5242-4fd8-929c-0556e42d2f3d,98002ce0b5c1b53aaa683bb4a63f5e8b,8904276537502,LOT25G448,"452001 (Indore, Madhya Pradesh)",2026-01-28T12:53:50,whatsapp,green,{}
c8d6751d-62d0-4e95-9c38-f0c1a5a80429,1f3e34c68ad13bca5c51a16ddc3be577,8904276537502,LOT25G448,"302001 (Jaipur, Rajasthan)",2026-06-21T13:31:07,whatsapp,green,{}
18a4ff38-8a80-46a3-8bac-59553ff72a98,cb341b996297860c12eb007f8a1fc40b,8905074921237,25032692,"560001 (Bengaluru Urban, Karnataka)",2026-04-18T11:39:00,whatsapp,green,{}
feff1386-f2cd-4ef1-a23e-e4ca5521e965,6e21b852845aad141911523206c366c3,8904347358756,24027817,"800001 (Patna, Bihar)",2026-03-05T08:01:01,whatsapp,amber,{single_non_official_signal}
4a567dd0-ebb5-4784-a9af-ea9b5b2ee11a,69ce97c8a43b7c39726a45161ac09911,8909065355911,LOT24A475,"600001 (Chennai, Tamil Nadu)",2025-11-08T19:05:15,web,red,{nsq_status_fail}
2077f663-ffa6-4aa4-9e6b-d516bbe4d446,bef985069f515fe0ab6b854b3f7b0783,8909065355911,LOT24A475,"411001 (Pune, Maharashtra)",2026-05-19T12:55:37,whatsapp,red,{nsq_status_fail}
03ed7f2e-2c4d-4ac1-8e11-57faeb8ab940,231acd509a89610d25b07aebcd5d6d6d,8904520635707,MW6013,"440001 (Nagpur, Maharashtra)",2026-06-30T15:46:30,whatsapp,green,{}
40ec0b84-c85e-43ee-8e26-c3676e94d8a1,19fd18b6478531b9e08a8b7cac5684d4,8902993146925,DJ0123,"682001 (Ernakulam, Kerala)",2025-11-22T11:11:17,web,green,{}
295a2807-f30b-4f24-8719-8351bcd4f291,422b2d7bd83ab77c76411013d8f0fd48,8906418238378,YZ1444,"560001 (Bengaluru Urban, Karnataka)",2026-09-14T13:10:09,whatsapp,expired,{expiry_status_fail}
7140fccf-11e2-42fc-acfb-6d184d445447,d43b44291eaddb8b57c8485ad944a07d,8906418238378,YZ1444,"580001 (Dharwad, Karnataka)",2025-11-25T09:54:30,web,expired,{expiry_status_fail}
bfa9660c-d1f4-452c-8156-38508e1c5b1c,083be68c3f748ec9e597cbfe2f01cb11,8904520635707,LOT26H890,"462001 (Bhopal, Madhya Pradesh)",2026-08-16T16:43:43,web,expired,{expiry_status_fail}
de8b0fb5-5fb5-4ff3-89e7-18611414c76f,5da2ae7e805a64e1707e406ed1de8d7f,8904520635707,LOT26H890,"641001 (Coimbatore, Tamil Nadu)",2025-12-18T14:08:47,whatsapp,expired,{expiry_status_fail}
358dadcb-8ea5-46dc-9edc-36d6ff3b3218,d1eb78bd9e21911d45513c04a9b9f4ed,8904601938622,JM0508,"625001 (Madurai, Tamil Nadu)",2025-10-01T16:26:18,whatsapp,red,{nsq_status_fail}
4f1518c5-d36d-466a-9e0d-b9e4b10731a2,2ba4f8bfb85d4786277f34bce134656b,8902457859302,LOT26H886,"110001 (New Delhi, Delhi)",2026-06-04T20:10:36,whatsapp,green,{}
4678adab-a39f-4b37-96ed-3d0d2b1aede7,4e65db60404d52e54f5fe0380fe77165,8904998340203,LOT26G918,"380001 (Ahmedabad, Gujarat)",2025-12-19T09:40:51,whatsapp,green,{}
f4256c3e-7f45-4fab-829e-0ae44a9e09a4,2cdbb89b0035578cd01029617af1badc,8904998340203,LOT26G918,"575001 (Mangaluru (Dakshina Kannada), Karnataka)",2025-12-22T20:45:00,whatsapp,green,{}
e12989c6-4c96-4ee1-bd47-c8884453ea59,ebc92b9c360194cfe5a607572f468f08,8904998340203,LOT26G918,"400072 (Mumbai Suburban, Maharashtra)",2026-09-11T13:05:22,whatsapp,green,{}
85270e77-e067-4c41-9b23-da39668c9c8d,c79850231f843719f36586bd47c2e864,8905067392604,SM5334,"641001 (Coimbatore, Tamil Nadu)",2025-07-27T18:58:37,web,green,{}
943a1601-ad6a-49ac-80a8-a1d3f17ba24b,564afdf48b218c51e669e53571824ae0,8905067392604,SM5334,"580001 (Dharwad, Karnataka)",2026-04-08T13:22:52,whatsapp,green,{}
717f7379-1346-4862-9aec-a93ca6b31993,be3ad0db5960211c5e9592b9c42644fe,8905067392604,SM5334,"400072 (Mumbai Suburban, Maharashtra)",2026-04-10T12:37:03,whatsapp,green,{}
1ee4437c-dc2d-4feb-9a9d-48a93f53347b,375b29b24d9923c733fdb2f657177513,8909352684043,YB6323,"530001 (Visakhapatnam, Andhra Pradesh)",2026-06-24T17:37:34,whatsapp,green,{}
27e56e4e-edac-42f0-9fd6-682e652fb4fb,fadca136175b80793f689688e9ba1ca8,8906113462677,LOT24E587,"580001 (Dharwad, Karnataka)",2025-12-25T10:28:39,web,green,{}
38e04c96-fcc1-404c-b6d9-262fcb743b39,4544933f0eb1db51f9096b4dc448458c,8906113462677,LOT24E587,"575001 (Mangaluru (Dakshina Kannada), Karnataka)",2025-05-15T15:32:08,whatsapp,green,{}
2237662d-981b-4cf7-b51b-f629c3ed791e,1a630968fe3d62b8e8341f9b469370fa,8906113462677,LOT24E587,"600001 (Chennai, Tamil Nadu)",2025-09-14T18:55:21,web,green,{}
59cffdf0-aea4-441a-ac8b-895fe01d2a1e,643ae46428144d741346c66502347b58,8900627956866,LOT24D159,"530001 (Visakhapatnam, Andhra Pradesh)",2026-06-21T06:42:43,whatsapp,green,{}
8bcca987-c9b8-41f8-a719-326d71ffe485,6549d2cd655c0e888eb3c4695b6f8c64,8900627956866,LOT24D159,"452001 (Indore, Madhya Pradesh)",2025-06-27T13:15:09,whatsapp,green,{}
abfb57b2-4376-41a6-ac74-f26c55afac2c,bf630abff5cb84cfb970dab1a8e0c727,8902260951139,24121561,"411001 (Pune, Maharashtra)",2026-03-05T11:15:35,whatsapp,green,{}
966e8de3-59eb-4c25-b3d2-731b2fa71b98,1e57ca867ba0cc0fefbc241e05b5bc2f,8902260951139,24121561,"221001 (Varanasi, Uttar Pradesh)",2025-06-01T07:10:18,whatsapp,green,{}
6ced87f9-79e8-4411-9020-f3e1c933050f,29c7de65363dccc7a3134d6b5d27d855,8909352684043,LOT26G485,"560001 (Bengaluru Urban, Karnataka)",2026-04-22T17:14:47,whatsapp,green,{}
2c279a41-5601-40e4-9459-9f34755755a0,6296304d949f7bd2d32f1768eb6841dd,8909352684043,LOT26G485,"440001 (Nagpur, Maharashtra)",2026-01-12T23:36:33,whatsapp,green,{}
a0fac95d-0fd9-4a0f-987c-80b304359593,234e48688b345d5e75c76de498baa94d,8909352684043,LOT26G485,"625001 (Madurai, Tamil Nadu)",2026-05-06T12:27:57,whatsapp,green,{}
5c9bc9cb-7248-4448-98e5-24b0f5ca78f0,b406d74e3362798619c28d4019bb2e77,8900138357454,RJ7638,"221001 (Varanasi, Uttar Pradesh)",2026-02-09T14:10:16,whatsapp,green,{}
392e61f9-e899-4449-96ab-75998c624ece,921f57dad941f7c84e5651cd37714a77,8900138357454,RJ7638,"110001 (New Delhi, Delhi)",2025-05-12T16:25:14,whatsapp,green,{}
92e995f2-9682-4d45-be6d-e5892253913e,5aa9a793944f1594844b87f844e34790,8900138357454,RJ7638,"143001 (Amritsar, Punjab)",2025-12-17T05:53:41,web,green,{}
de9429fd-4749-4045-b03f-c8eed4297642,48a806d83a5889ff072df5555291a3ae,8901707467197,LOT25E966,"695001 (Thiruvananthapuram, Kerala)",2025-11-03T08:15:55,whatsapp,green,{}
1bb7948c-4085-4fff-8d05-4618546e5895,05523c0bef94d82412480046189a6856,8901707467197,LOT25E966,"452001 (Indore, Madhya Pradesh)",2025-11-06T17:56:23,web,green,{}
ea76ad7b-2833-461a-8f22-240c689e5e52,dd1324546858f2ea1e9c6660b0b56a23,8902623846571,LOT25B179,"221001 (Varanasi, Uttar Pradesh)",2026-09-14T16:52:56,whatsapp,green,{}
1504e9ca-ef45-40f8-8e92-078afb0e8764,4bbf2b2e6416ad7fee84185cbf186c25,8902623846571,LOT25B179,"411045 (Pune, Maharashtra)",2026-06-24T08:01:16,web,green,{}
99144788-97e9-43a1-821d-2fa91be1ae10,340720d8707a14bdf14ff0419f2dd8c5,8902623846571,LOT25B179,"590001 (Belagavi, Karnataka)",2026-09-09T21:08:38,whatsapp,green,{}
f8edbb0b-d8e5-47fd-b1cf-557d16e758c2,85b74fb668d6457681ef608e5a3e86c9,8901936426455,LOT26A634,"625001 (Madurai, Tamil Nadu)",2026-04-02T10:55:38,web,green,{}
1bc4b62c-dda6-4364-8f03-50f04f42b3b4,b8da84bcd7ea64e650280fc707df9179,8908234464910,RT0509,"500001 (Hyderabad, Telangana)",2025-04-24T18:54:21,whatsapp,green,{}
ef318c22-cc65-4efd-b3dc-6361e9eede4b,031d21885107bf2a2777bfe33930fba7,8908234464910,RT0509,"440001 (Nagpur, Maharashtra)",2026-08-14T17:07:55,web,green,{}
a6c09ee4-a0e7-43a5-b5e2-e46f683ffd75,1f267fecf8efb541dcf3ec440fa2e23e,8907973860299,QT9143,"570001 (Mysuru, Karnataka)",2026-05-01T18:13:48,whatsapp,green,{}
c97eee41-dfa3-4cd5-9d5e-b7e5b6865dd0,8706455edb958e5462c2b173c13fd0bc,8907973860299,QT9143,"590001 (Belagavi, Karnataka)",2025-07-17T12:19:17,whatsapp,green,{}
6142e907-f0bd-4ff7-91a7-a79c9ce9b35d,9c925db7fb592b74fc3d22f79df1694f,8907973860299,QT9143,"221001 (Varanasi, Uttar Pradesh)",2026-09-13T19:09:46,whatsapp,green,{}
502642ec-8b9f-4d2a-b740-6b2d5ac77762,b428c5eaee7959b6aad2b7ae9cc956b4,8906712472899,LOT26E240,"625001 (Madurai, Tamil Nadu)",2026-03-10T11:37:05,web,green,{}
fd7b3252-826f-47f0-bda1-98671481b2b3,e4fa764907fa151ad4b01ea402fedbae,8909077773430,25106969,"560066 (Bengaluru Urban, Karnataka)",2026-07-19T16:58:41,whatsapp,red,{nsq_status_fail}
1bcba5fe-ca92-4c4c-81f9-f365259f81f7,448fbdb63288ecdc27e4bc6040e3aaf7,8909077773430,25106969,"560066 (Bengaluru Urban, Karnataka)",2025-12-27T17:51:24,web,red,{nsq_status_fail}
2905313d-9a2c-4811-bdd5-1ba670331a0e,97a19010ae03bf3c855fc6a894f0435d,8909077773430,25106969,"110019 (North West Delhi, Delhi)",2025-07-09T09:17:49,web,red,{nsq_status_fail}
7424f6e7-3253-460d-9c5f-7293c1d94249,3c0c706f8b859e5f7caa4a3f22ba2c3f,8902822344786,WJ9002,"110019 (North West Delhi, Delhi)",2025-07-10T12:43:45,web,green,{}
5c2483ce-7530-456b-8aa6-2b3870300d04,26904eda5166d99e5b0ba37148788a96,8902822344786,WJ9002,"560001 (Bengaluru Urban, Karnataka)",2026-02-27T09:32:19,web,green,{}
0f92665c-416a-4aee-975e-df9ecf83d98a,66dd3cff660e12355bed9015ec98483e,8908673062232,25012466,"570001 (Mysuru, Karnataka)",2025-12-15T16:23:40,whatsapp,expired,{expiry_status_fail}
fd9d68fd-39a9-42bc-8eef-506964f5ffa5,bfad76add1188f00cf4962568ab77e2e,8908673062232,25012466,"462001 (Bhopal, Madhya Pradesh)",2026-04-04T14:55:08,web,expired,{expiry_status_fail}
1a4ee81b-e8a2-41a8-8c21-3756c6e90f65,2de1a5ea6f7f2137f2f4c1bd02262b3e,8908673062232,25012466,"208001 (Kanpur Nagar, Uttar Pradesh)",2026-08-03T09:19:16,whatsapp,expired,{expiry_status_fail}
fd8a1b3d-98d1-4a4f-97f4-6fa33a6d5177,0b505a18f3feb5245b24aedf4591c6f1,8908336324249,LOT24B465,"400001 (Mumbai City, Maharashtra)",2026-05-16T00:25:15,whatsapp,green,{}
4967c31d-9269-47f2-8135-1df67ed05fcc,9455aaa851a0134ad37fdf2ddf590acf,8907573869302,LOT26F791,"400001 (Mumbai City, Maharashtra)",2026-02-27T17:09:35,whatsapp,green,{}
0dcbcdfc-fa92-4d41-ad4e-a6c4a392191e,b38f2d5468c7b1a5caa82725fdf75461,8907573869302,LOT26F791,"400601 (Thane, Maharashtra)",2026-05-15T07:17:30,whatsapp,green,{}
b87f43d4-ff7e-4c0a-b1ed-3477667794c2,486c3b3258b355cf228a5988be369043,8907573869302,LOT26F791,"226001 (Lucknow, Uttar Pradesh)",2026-01-02T16:10:40,web,green,{}
4ad6a61d-c895-4ddb-94c8-74ba8f5988df,902548ecdd8fdd87ac0bb641937a6192,8904196790188,SK3777,"395001 (Surat, Gujarat)",2025-03-31T09:28:04,whatsapp,green,{}
094723c7-cded-4b11-9c10-ed876e8bc302,2b267166b2a6d13b2ede467058d2e2b3,8904196790188,SK3777,"700001 (Kolkata, West Bengal)",2025-09-06T11:53:11,whatsapp,green,{}
1571288c-82d0-4ebe-b946-0c8c7ccb34c5,63dcad4cd876c91ff5bf76dcbcbe9cfb,8901707467197,LOT24G176,"575001 (Mangaluru (Dakshina Kannada), Karnataka)",2025-10-25T07:29:50,web,green,{}
6e9a345d-63a5-47de-864a-7cf1b67cc4c5,be51002071a9d44d45c3ddbd610dadc2,8901707467197,LOT24G176,"570001 (Mysuru, Karnataka)",2026-06-16T17:20:47,whatsapp,green,{}
94c81780-37d2-4956-84ff-e7c30decd540,e1a4b0c1dd66d6b91d24358e6d7c5637,8901707467197,LOT24G176,"590001 (Belagavi, Karnataka)",2025-06-24T12:49:49,whatsapp,green,{}
ead74d92-4ca5-4fb7-a16a-cbe87c769ba7,86116d70b4ef53ae66491c52ade21d4f,8901707467197,LOT24G176,"711101 (Howrah, West Bengal)",2026-02-15T19:18:50,whatsapp,green,{}
0d35b13b-6e6e-4ba1-b99d-f79f6df06e6a,ea5d0f0d118c74e1ecb2f97a1c650a31,8901707467197,LOT24G176,"600028 (Chennai, Tamil Nadu)",2026-01-28T10:57:13,web,green,{}
0fd22da6-4a08-4083-a839-4aa0f10b4837,ef21c2a066cd6f7d74c161ebb247eba9,8901707467197,LOT24G176,"110001 (New Delhi, Delhi)",2026-07-20T03:31:55,whatsapp,green,{}
6ab729b9-0e76-4cad-9874-0c7a0b47de4e,58ac3857b72dd7d907898df0a6d6e19a,8901707467197,LOT24G176,"143001 (Amritsar, Punjab)",2025-08-22T11:16:40,web,green,{}
2be20bf7-b5a1-4fb9-917d-3b9a6458b2e2,e1e48d387206615b5ad5528021a2d428,8901707467197,LOT24G176,"226001 (Lucknow, Uttar Pradesh)",2026-01-15T09:51:49,web,green,{}
17fbc94a-f734-4f8e-88c3-f17b5d5a3b46,71bb5bd6bcd80433fe0a37f6cd91e6fd,8901707467197,LOT24G176,"452001 (Indore, Madhya Pradesh)",2026-04-18T16:51:40,whatsapp,green,{}
33cb8f73-2ed4-4fa9-86ce-c4a90c95d19c,6270e84b8cf4db76a00db988efe9bd13,8901707467197,LOT24G176,"620001 (Tiruchirappalli, Tamil Nadu)",2026-08-29T12:42:20,whatsapp,green,{}
9b10e469-ef49-4394-b071-600249e7b0ea,3d47a4c4fcf8d684d7257de619128a68,8905936743689,LOT25C839,"695001 (Thiruvananthapuram, Kerala)",2026-07-09T09:24:39,whatsapp,expired,{expiry_status_fail}
ca2a2fbc-90fe-41e8-98b3-590dfd424a23,8d6cd49d0ca1441c10e4e339dada6760,8905936743689,LOT25C839,"390001 (Vadodara, Gujarat)",2025-10-29T11:00:06,web,expired,{expiry_status_fail}
c9fa6c0b-a0b4-4f0f-b6df-e5a5ad7a6b1c,7a87d192bb89f48e8099e2b99fe56d6c,8905936743689,LOT25C839,"411045 (Pune, Maharashtra)",2026-06-03T15:28:41,whatsapp,expired,{expiry_status_fail}
e20f6b09-b8a8-40ee-a4da-43049e3a622a,e9d03cac3c9f1ccf03c9e38bbf9cc2f0,8901034230701,25052544,"530001 (Visakhapatnam, Andhra Pradesh)",2026-06-13T18:35:37,web,green,{}
e1b876f7-256b-47c4-a5ee-17d2442adf4b,a34d3c9eedf1cafd4db38af52c4d50c5,8901034230701,25052544,"600001 (Chennai, Tamil Nadu)",2026-06-22T18:56:46,web,green,{}
119b9c89-db95-47ad-8b53-7799762bf640,21657232acd519974a45d4d51c5e811a,8901034230701,25052544,"440001 (Nagpur, Maharashtra)",2025-06-20T09:04:37,whatsapp,green,{}
3161e55d-6720-46dc-9d75-c54ae0d83387,0959dba39d9c5d156a38588d63da7a7f,8901506705318,LOT26G696,"122001 (Gurugram, Haryana)",2026-09-08T12:22:22,web,green,{}
6c2de090-46b9-44a7-9c05-9c5c49dcd923,002b2b15111f76577b1ab278b7c4ba36,8909044851939,EU4039,"695001 (Thiruvananthapuram, Kerala)",2025-06-14T11:28:40,whatsapp,green,{}
c2c0a277-93f9-46b6-a155-61b9a2cce649,1991062c4d6cc093d5bb9bcf0bd57316,8909044851939,EU4039,"530001 (Visakhapatnam, Andhra Pradesh)",2026-05-24T09:10:17,web,green,{}
3a1e6974-d614-4c89-966d-117ab08bb5fb,cd002536f32ef68ab515c3b40cae099f,8909044851939,EU4039,"500001 (Hyderabad, Telangana)",2026-03-10T17:29:04,whatsapp,green,{}
84b6113e-61d9-4e9d-85e8-32ee5177a5b8,41da3d4d74a65baca5ccd90a53704a6d,8902993146925,LOT25B559,"395001 (Surat, Gujarat)",2025-08-04T10:14:57,web,green,{}
625e045f-67eb-4187-bb8c-5e78e3a676b7,89dcd943ba8db6c4d15f6005b2f0aa41,8902993146925,LOT25B559,"400072 (Mumbai Suburban, Maharashtra)",2025-05-01T11:02:30,whatsapp,green,{}
dc1d9620-5f8c-49a0-89cf-e6d5a81f023c,bb123410f211117a37a95bd6ade576de,8902941165461,26107871,"390001 (Vadodara, Gujarat)",2025-11-08T15:13:38,whatsapp,expired,{expiry_status_fail}
b3e29ce4-a003-481c-9c93-68b267dc8f51,507c478ab7fd4e9ca8c1a43214015d30,8902941165461,26107871,"400072 (Mumbai Suburban, Maharashtra)",2026-04-01T12:45:08,web,expired,{expiry_status_fail}
80fea2e6-e1fb-42de-a59e-680f0f338ed0,bd81aa9e844ef99bd6222d67d02aaff2,8902941165461,26107871,"570001 (Mysuru, Karnataka)",2025-11-25T18:47:45,whatsapp,expired,{expiry_status_fail}
49e5878d-f774-44ca-9ca5-caa2d5d7ef98,dc2e8885ccff0674c4ea075c671a25c5,8905601284237,LOT25D424,"110001 (New Delhi, Delhi)",2025-10-30T17:25:01,web,green,{}
4523f6d4-3a8d-44da-820e-7381164852ae,ada39a89d3267d4a301e290e1fb3224d,8908660480376,LOT25G551,"411001 (Pune, Maharashtra)",2026-05-14T15:03:16,web,green,{}
f3c2b735-57ad-4757-95a5-e3fea66cadc5,14265282b5479a2f010d60c5cabeaf8b,8908660480376,LOT25G551,"560034 (Bengaluru Urban, Karnataka)",2025-12-17T18:06:49,web,green,{}
27f9ec46-e0a4-43ba-ac0c-2c945c5d5c55,bfebaa684a6e9c25191a4f1de68d337b,8907651954380,25068088,"560066 (Bengaluru Urban, Karnataka)",2025-12-27T07:55:21,web,red,{nsq_status_fail}
41a0317c-68c1-49c4-9f4a-1ab2314a1517,0b822c4607871f89354cdf4f95d309f3,8907651954380,25068088,"462001 (Bhopal, Madhya Pradesh)",2026-02-11T17:50:23,whatsapp,red,{nsq_status_fail}
17de85be-000a-41f0-a40f-facdc869e9e4,a2205b72d9614bf49803fb6f33400009,8908794237475,QK3146,"800001 (Patna, Bihar)",2025-06-21T18:07:01,whatsapp,green,{}
8cf6b84d-9dba-45db-86fd-8c7d637efd7c,68902f9c488d75c8c7e28882cdee6b59,8908794237475,QK3146,"400001 (Mumbai City, Maharashtra)",2026-05-01T09:09:27,whatsapp,green,{}
717a36c5-c92d-44b2-8736-f57c3de71dab,020b530b3523876a88b4c0f45d7eb8f3,8908794237475,QK3146,"641001 (Coimbatore, Tamil Nadu)",2026-09-16T13:34:47,whatsapp,green,{}
1d1ae863-60b2-4766-883b-3216471e7765,98e5b97ed9a9461d61660dd6833de2c3,8907281013737,26035531,"143001 (Amritsar, Punjab)",2025-09-03T18:32:27,web,expired,{expiry_status_fail}
0ff64072-c37a-444b-946c-26c6bb3801f3,3c172ae49676536868754abd88a3b8df,8908738948771,LOT24A215,"800001 (Patna, Bihar)",2025-10-05T09:36:48,whatsapp,green,{}
118ee4d9-fd77-47a2-bfaa-0fe8987ce2f2,0774a6e113159622ee0e6e4b49ce1142,8908738948771,LOT24A215,"208001 (Kanpur Nagar, Uttar Pradesh)",2026-09-01T12:41:55,whatsapp,green,{}
12e4e365-9f14-4283-88d4-0f9e9eeb226c,8927c69ee23546c4833881c4feee8a46,8908738948771,LOT24A215,"360001 (Rajkot, Gujarat)",2026-06-02T15:50:58,web,green,{}
2d27ce85-acbf-4baf-ad92-a42d34054258,38aff676e5f54d3687df480327dbafd6,8908141881974,24023291,"695001 (Thiruvananthapuram, Kerala)",2026-03-26T15:06:56,whatsapp,green,{}
4f5b99cb-c5b8-4b0a-9cf9-5d32119c4290,617b2a44c7f38e917a78e82e5de9ff04,8909776485357,LOT24C441,"122001 (Gurugram, Haryana)",2026-07-10T11:05:19,web,green,{}
27852f06-372f-4c91-99b9-2425663becc1,f25e2fcb1a01e4fe128e233cab6d88c5,8909776485357,LOT24C441,"560001 (Bengaluru Urban, Karnataka)",2025-11-11T13:23:29,web,green,{}
8baacf8b-ee84-494e-8797-f128ed384f26,5d398ce8d09217795f046f06b97b3c0e,8904772360610,LOT24E263,"452001 (Indore, Madhya Pradesh)",2026-04-16T09:26:57,web,green,{}
551f4a13-e9b6-4f4d-8330-6c10e2464a12,31ad86278795394ce7d3dcbe52161760,8902457859302,26059522,"590001 (Belagavi, Karnataka)",2025-08-23T15:25:27,whatsapp,expired,{expiry_status_fail}
661eef01-38d5-4f86-9cff-3cbd68714032,3f765edf4dec280ae3b9ea2545bb6eb9,8902457859302,26059522,"422001 (Nashik, Maharashtra)",2025-06-01T14:42:05,whatsapp,expired,{expiry_status_fail}
650a5972-23d8-4b60-aa66-a1287fbc8313,a5ac3ee687af9f72cf0060b0e077c041,8902457859302,WZ3248,"695001 (Thiruvananthapuram, Kerala)",2025-10-07T14:18:15,whatsapp,green,{}
a9f06a4c-ec44-4b5a-a972-957fd7c62634,5c19b1c5a13c448ca7f8358034e7e724,8901396005660,25012480,"800001 (Patna, Bihar)",2026-09-11T19:37:04,whatsapp,green,{}
57e79bd6-65bf-42db-947c-f5968b81ca7b,e8f39efe5e19dd39b63e790256f6b019,8901396005660,25012480,"695001 (Thiruvananthapuram, Kerala)",2025-07-15T11:41:20,whatsapp,green,{}
1c4e9ac2-e8e2-48fc-ad53-ff5eefe86baa,37d51e9dab63b85a2bbf7002b2166133,8901396005660,25012480,"711101 (Howrah, West Bengal)",2026-09-08T07:28:17,whatsapp,green,{}
82a6d7ce-5519-4acc-82a4-7bff2cd97176,bb48bdddb08b4983be5d04855d303fc4,8908738948771,24017416,"143001 (Amritsar, Punjab)",2026-05-01T11:03:38,web,green,{}
6d06bc0d-8fab-4011-bf55-e59ac5c4d193,503988d25d3618801d27fc7d1c1f37cc,8908738948771,24017416,"600028 (Chennai, Tamil Nadu)",2025-12-03T11:01:23,whatsapp,green,{}
c97c9723-302b-40a2-af09-68f56e1de12d,b1084178b5f665cb9f08ce0e92b33c17,8901264866977,LOT24G469,"400072 (Mumbai Suburban, Maharashtra)",2025-05-14T13:19:18,whatsapp,green,{}
bc61974c-8b33-40c4-85f0-df6d4d5b6b10,73039f494833fd153a3c4ae14ac1cafd,8901092721721,25013914,"800001 (Patna, Bihar)",2026-09-18T08:41:52,whatsapp,green,{}
b92d29a9-e2b6-4b67-b3eb-0602696329af,f0fe08f9d81c6cbc9ed4dfe8f7d80598,8901092721721,25013914,"695001 (Thiruvananthapuram, Kerala)",2026-03-12T18:01:03,whatsapp,green,{}
b3debd5c-2eb0-4fd0-b1fe-3cd71400a77d,5fd7aa333172b4a8dd95fb0212b118cb,8901550734699,LOT25E194,"580001 (Dharwad, Karnataka)",2025-12-09T08:53:16,web,red,{nsq_status_fail}
8dc0c3ec-b52b-402e-93e3-dd23190d564c,f4736aa62f25934461cdca94a15b7ddc,8902334315255,LOT25H501,"625001 (Madurai, Tamil Nadu)",2025-04-06T10:07:05,web,green,{}
22bf0cda-9295-4629-b8e5-8d9b67199fae,bce5fa801489dad2609fd7e3900cdc7f,8902334315255,LOT25H501,"221001 (Varanasi, Uttar Pradesh)",2025-09-16T00:11:26,whatsapp,green,{}
df262a46-158c-4ba2-95c5-295a66d3439f,5bc14c96b63d2ca3ed7b8f68dd6b882f,8902334315255,LOT25H501,"560001 (Bengaluru Urban, Karnataka)",2025-04-16T06:39:45,whatsapp,green,{}
85afbf18-a94b-4609-bdcd-5945d44683b4,e0f767ee8d2fd377a8cf118a866c99bb,8907573869302,GN1244,"226001 (Lucknow, Uttar Pradesh)",2026-07-02T11:48:03,web,expired,{expiry_status_fail}
a7786374-1b60-416e-9180-599c128eb762,927d7166694af601a1211adff04618e4,8907573869302,GN1244,"695001 (Thiruvananthapuram, Kerala)",2026-06-24T15:33:45,whatsapp,expired,{expiry_status_fail}
6f3b49e7-7166-47ea-a5ad-a5081141807a,a5757a38cfb27c6f05ae381c8424f8a7,8907573869302,GN1244,"411045 (Pune, Maharashtra)",2025-10-11T10:29:04,whatsapp,expired,{expiry_status_fail}
4d2c8ac4-2c21-4bde-953b-7435766416b7,4fe472b2f19715d12604b94cb036f46d,8906837996942,24041877,"800001 (Patna, Bihar)",2026-04-26T14:01:44,whatsapp,green,{}
c2607a93-a3f6-4a79-977a-a14389159085,cf88a596069cdad506634d870f404509,8906837996942,24041877,"711101 (Howrah, West Bengal)",2026-06-28T09:42:31,whatsapp,green,{}
20caa91b-6b48-46e0-853e-96891576994d,bc93f91d45bddba58f3e16a3fabf5da6,8900811342280,DK5108,"143001 (Amritsar, Punjab)",2025-08-16T08:29:38,web,red,{nsq_status_fail}
cb260b77-4c01-407f-bb4e-fd2d180227d7,8c910751d5cf2ec87b2c62ba959ad0ee,8900811342280,DK5108,"221001 (Varanasi, Uttar Pradesh)",2025-09-14T09:38:08,web,red,{nsq_status_fail}
3f642d25-d2a0-4c0d-b38b-7d432ecc27cd,2b84e130bddaaa0fe466fc49ece0a7bb,8900811342280,DK5108,"800001 (Patna, Bihar)",2026-08-19T15:57:11,whatsapp,red,{nsq_status_fail}
f3e37ca4-b54d-4324-b072-6aa60c393768,d2c0c9d9b1d160b04598032d65de5678,8905601284237,26115433,"641001 (Coimbatore, Tamil Nadu)",2026-08-10T18:34:46,whatsapp,green,{}
06ddda03-f76f-40ae-b16f-f5b7ec82d2fc,7141cdc037a63c5d2a6371fb1a18da0b,8905074921237,NF1502,"462001 (Bhopal, Madhya Pradesh)",2025-09-09T19:41:12,whatsapp,green,{}
aa304a4c-8097-4866-83d1-1fbef22a8fb3,8f8c32116493169996350d1b3ffe6c7f,8901707467197,QX2913,"110019 (North West Delhi, Delhi)",2026-06-16T09:27:35,web,green,{}
8d4b3c6f-c54a-4254-8076-c107af55396f,bc29034accb7bb7ce9bbea86b6b3a010,8901506705318,25046743,"575001 (Mangaluru (Dakshina Kannada), Karnataka)",2026-05-07T20:42:35,web,expired,{expiry_status_fail}
808c0d29-e1ef-4c40-b281-fa2581e9b578,2723b4d65aec1cc574714a6778b50f39,8901506705318,25046743,"700001 (Kolkata, West Bengal)",2026-06-30T15:01:01,web,expired,{expiry_status_fail}
43a1c49a-476c-4195-adeb-050653514a26,4846f922cc72c8799bcd63e7850bd79e,8901636102071,26037123,"580001 (Dharwad, Karnataka)",2025-12-15T07:50:56,web,green,{}
8484dbe8-c255-435e-b898-3bd504a3ac57,ad9b774653a5803b476778236c4c5937,8901636102071,26037123,"560066 (Bengaluru Urban, Karnataka)",2026-06-13T21:15:56,whatsapp,green,{}
636ffa43-1afa-4ec5-9271-da3d3acd186f,afbd7f7d75242258e61cac26523c176b,8905027043841,LOT25C935,"422001 (Nashik, Maharashtra)",2026-08-06T22:02:51,whatsapp,green,{}
8140260f-9d2e-4d20-9e14-d76e4c9c8e3e,a69017a490c648033731032f81abcf1a,8905027043841,LOT25C935,"695001 (Thiruvananthapuram, Kerala)",2025-07-20T07:52:48,web,green,{}
53f6a2a4-568c-42b0-90e4-983ac4807407,c7a09fcac015f9358bcdcaadf9d79d4b,8902447939089,LOT24A529,"700001 (Kolkata, West Bengal)",2025-07-04T09:21:10,web,green,{}
336d65b1-b245-4da9-a352-08a7192bef10,bb18a4e24d7f7e27ecc90a2871d94f01,8903280387266,LOT26C136,"500001 (Hyderabad, Telangana)",2026-05-26T12:47:24,whatsapp,green,{}
f3268dbb-501d-4ee4-a71d-86e0a4a68407,b366ccdb85187913fd956cdda6a3d60d,8903280387266,LOT26C136,"390001 (Vadodara, Gujarat)",2026-04-13T19:46:40,whatsapp,green,{}
fd854bf9-821a-4027-a471-16a80a21752b,f89e9a00f9f6b90d18cc1a3dc32beb4d,8903280387266,LOT26C136,"390001 (Vadodara, Gujarat)",2026-06-18T14:31:39,whatsapp,green,{}
662ce15c-dbbd-4366-be2b-39333461bdea,6ff1b467ae3d570e22315879a981c1c5,8909808947427,26021292,"711101 (Howrah, West Bengal)",2026-05-14T14:35:08,whatsapp,green,{}
39ee8c00-8263-4789-894a-cd6d5c2cea6b,0e231e68a48dd4f71892016f71513c36,8909808947427,26021292,"208001 (Kanpur Nagar, Uttar Pradesh)",2025-06-06T08:27:30,web,green,{}
68e8030a-cc6f-4fd1-82ae-e70e58ac114f,d9258613ef66f8f14af4a061820a4dbf,8909808947427,YW6261,"462001 (Bhopal, Madhya Pradesh)",2026-01-25T09:59:07,whatsapp,green,{}
78a4aa6f-9a56-452b-a1e7-6ce8a4b8c6bb,a93a5fe2f63bcdda242f583f62432f4b,8909808947427,YW6261,"452001 (Indore, Madhya Pradesh)",2026-01-15T09:47:27,web,green,{}
5424d63b-20cb-46f4-bed6-9869e113cfe9,933802ace52e0a3a0c4802069e9c3edc,8909808947427,YW6261,"400001 (Mumbai City, Maharashtra)",2026-06-23T12:55:22,whatsapp,green,{}
79fa7b94-c9a6-424c-99b4-8051fec62924,93525f77d78dd5570926bc7aa8eb99fe,8904772360610,BW3474,"590001 (Belagavi, Karnataka)",2025-10-20T12:41:38,whatsapp,green,{}
70c4c6ce-5af3-4fd1-9647-396c1d4d4f40,de0eac889547ef7f1b13814c46a44d8d,8904772360610,BW3474,"641001 (Coimbatore, Tamil Nadu)",2026-04-11T03:28:02,web,green,{}
4b026767-34ee-4a85-8134-74c40cfbfc87,892095b5755ee41b341f2fc499948935,8904772360610,BW3474,"360001 (Rajkot, Gujarat)",2025-12-21T19:34:24,whatsapp,green,{}
7d62e1a4-5988-40c4-bf51-f7d8bfa9a491,917a98358774172649a54736a65dfb0c,8902374543839,LOT24G938,"600001 (Chennai, Tamil Nadu)",2025-09-25T17:55:46,whatsapp,green,{}
3d8a3df1-d074-4087-9596-919df249b4fc,7298b610c11e147b3446d38f2efdbea7,8902374543839,LOT24G938,"625001 (Madurai, Tamil Nadu)",2026-07-24T12:06:23,whatsapp,green,{}
b92540c8-f85c-459b-8667-bb8dee11303c,7a7e397d68c2dcd3c0586ef794438825,8902374543839,LOT24G938,"620001 (Tiruchirappalli, Tamil Nadu)",2026-03-21T13:51:56,web,green,{}
9c26b4b2-46e0-45b1-b8f7-9d081ad9d044,34fbf46d99dbfb8fc64246267e9d291b,8902941165461,GU0848,"575001 (Mangaluru (Dakshina Kannada), Karnataka)",2025-07-20T12:40:41,whatsapp,green,{}
7aa07be3-8819-4f9e-bb17-2e32e5e1bc4c,9892339ff7f8755e034ac3aa41da7690,8905651807948,25092494,"221001 (Varanasi, Uttar Pradesh)",2025-12-15T16:25:52,whatsapp,green,{}
3c456bff-43b7-4b42-ac2f-c9712fd6b1b1,93d327e35580365a158d125d4aa2c1e8,8905651807948,25092494,"560001 (Bengaluru Urban, Karnataka)",2026-03-13T03:41:15,whatsapp,green,{}
82de503b-e5c0-41e3-8dc7-726c8911d24e,e17c420103ec6be0e69c8267157c9ccb,8905651807948,25092494,"208001 (Kanpur Nagar, Uttar Pradesh)",2025-10-05T16:53:05,web,green,{}
5b19ed57-8edc-4c55-a178-b7edf34be1d4,c4e6691ebf5c666efc5d31ae3fca86e3,8901442334331,26072599,"560001 (Bengaluru Urban, Karnataka)",2025-09-03T08:49:03,web,green,{}
a86a33f0-751b-4382-a9aa-0d1c0b19d4c5,d733dfdcacc98aa456b940afabc18caa,8901442334331,26072599,"700001 (Kolkata, West Bengal)",2026-07-06T17:06:16,whatsapp,green,{}
22b7840d-48c8-4531-ada5-b7620dc032ca,29444636388476bc32bbb14f1e742d18,8907005083373,LOT26H177,"400072 (Mumbai Suburban, Maharashtra)",2025-03-30T17:07:41,web,expired,{expiry_status_fail}
048b5441-e14a-41f9-88a9-5890c86614c2,e53a70012cfbb713b92367160c25a307,8902260951139,LS6980,"395001 (Surat, Gujarat)",2026-04-01T11:02:54,whatsapp,green,{}
86e7ecf5-dfa6-4e49-a60d-2c645eb0fe99,f236023c800c264db1fedbc8e100deac,8902260951139,LS6980,"221001 (Varanasi, Uttar Pradesh)",2026-07-29T16:42:21,web,green,{}
31c90830-9cb3-460b-941f-adf3862e7cd2,e420656852d5df01e8a9ade13f29d1be,8902260951139,LS6980,"590001 (Belagavi, Karnataka)",2026-01-07T17:50:55,whatsapp,green,{}
f59977a0-6c2c-471f-a434-7ef011ec9c03,8657d42f4c373bd598b82493c8ebe6eb,8903532527174,HV1900,"110001 (New Delhi, Delhi)",2025-08-13T11:28:08,whatsapp,green,{}
823bdd85-5ee0-42d1-b99b-a3c1cd1205bf,0729e84a8725a8f5d494c1a5a989b0f4,8903532527174,HV1900,"141001 (Ludhiana, Punjab)",2025-05-26T08:54:13,whatsapp,green,{}
3b522f8c-98e2-44ac-84d1-591fad3a67c4,8f1629a2c05334e4c57f271a1ec1347f,8904998340203,26068497,"700001 (Kolkata, West Bengal)",2026-03-23T11:28:13,web,green,{}
9f148a61-78f0-430f-ac85-bf9c4feda70c,a5eff4a1bb1cc446dc095946f5395680,8904998340203,26068497,"620001 (Tiruchirappalli, Tamil Nadu)",2026-09-15T09:17:27,whatsapp,green,{}
db9f0779-2fee-404b-b52f-20aa7ab8c25f,eb5e44361f110195a6be6402646ce961,8904998340203,26068497,"682001 (Ernakulam, Kerala)",2026-07-01T12:56:38,whatsapp,green,{}
05993687-302c-4765-8b45-bc6b3e6899f5,bb0ba8546d2629834d8ae1fe5ca26469,8901522284492,LOT26F632,"575001 (Mangaluru (Dakshina Kannada), Karnataka)",2026-02-01T12:46:42,web,green,{}
7d26de92-c977-4ace-a821-d4f358e8dd30,e0d21a536106bdfedec92fd0764f47f0,8901522284492,LOT26F632,"440001 (Nagpur, Maharashtra)",2026-06-22T19:40:01,web,green,{}
1186d9ca-6cc5-46bb-955d-bb81ef4b6eda,3c05e569aa443ed5013891521c7bf894,8907973860299,LOT24B564,"110001 (New Delhi, Delhi)",2025-06-03T08:48:22,web,green,{}
bef40a26-6419-4457-aaf0-a35559aa7504,283809e71a74059df344b66bce1f28d5,8907973860299,LOT24B564,"500001 (Hyderabad, Telangana)",2025-04-15T09:58:02,web,green,{}
876cdcd6-40ce-47ec-a638-28742f4774b0,98af572342dd01d129052d6df477da6f,8908336324249,LOT24A400,"570001 (Mysuru, Karnataka)",2026-04-28T14:46:43,web,green,{}
cebc6bf5-b791-4952-b6eb-9ceb93c56f7f,a06f965efd60349522b0bf21d9b64129,8908336324249,LOT24A400,"390001 (Vadodara, Gujarat)",2025-09-08T03:36:41,web,green,{}
8d0d9967-232c-4e46-a442-8e02f15b2356,4bdbadc7d870815a0a3df45b9165a53b,8908336324249,LOT24A400,"390001 (Vadodara, Gujarat)",2026-05-18T16:42:30,whatsapp,green,{}
db755b2a-6f34-4657-8a31-a275e14877fe,fca260754c3a83b280f8b970e56ca083,8907877908912,WB7166,"110001 (New Delhi, Delhi)",2025-05-15T07:28:57,web,green,{}
cb30081c-0ac7-4b13-a4c3-40e844681d73,c53737c7344f1babd93ed652938a62b8,8904276537502,NZ5583,"452001 (Indore, Madhya Pradesh)",2025-04-29T15:07:49,whatsapp,green,{}
b525ac25-1136-451c-9e69-a708f996a9be,1e3696a7cff14e51cd0dca487f5f035a,8904276537502,NZ5583,"600028 (Chennai, Tamil Nadu)",2026-07-02T09:52:20,web,green,{}
4aaa3d1b-6bad-4fb3-924b-007e02e28a05,80173fd24c25d98090f527f17a9085a0,8904276537502,NZ5583,"380001 (Ahmedabad, Gujarat)",2025-05-16T09:45:21,whatsapp,green,{}
02ea8482-3e54-4706-9287-8582eaa65dd0,302f1a81494e364a258b16d8e494b674,8903077944551,LOT26E390,"400072 (Mumbai Suburban, Maharashtra)",2026-06-20T16:03:59,whatsapp,green,{}
51ea2ee7-0fb0-4363-a913-abf094c1f312,657c5d7831765f5450aa9e40f266e51e,8903077944551,LOT26E390,"395001 (Surat, Gujarat)",2026-03-23T20:45:47,whatsapp,green,{}
8f08ad5e-034b-4510-972c-809d1a0df359,642fdfef3c1fe1bdb833cf88616d3ed0,8908995169817,25122088,"411045 (Pune, Maharashtra)",2026-03-22T07:52:45,whatsapp,red,{nsq_status_fail}
0863a02b-a522-4efb-bb4c-cd709c318384,a877296128075505afae266347761127,8908995169817,25122088,"700001 (Kolkata, West Bengal)",2026-09-13T14:19:03,whatsapp,red,{nsq_status_fail}
20f9ee94-4cd9-490b-84d7-6ac6ac7b03c0,640ffb99dda6273102939ac16f1f8ddc,8908234464910,MP2347,"600001 (Chennai, Tamil Nadu)",2025-09-06T10:55:23,whatsapp,green,{}
4dc4e31f-c7ea-4c6f-b877-9c1cf6d5f7f1,ddd056eded7ebc83171c6d02aaae42b8,8908234464910,MP2347,"400072 (Mumbai Suburban, Maharashtra)",2025-12-03T16:05:11,whatsapp,green,{}
21207e91-a2b5-4f31-b4a2-107fbe36d402,7fbe11f3ced4d417de2eb6673d368059,8908234464910,MP2347,"641001 (Coimbatore, Tamil Nadu)",2025-03-29T12:12:43,web,green,{}
c2529011-6a62-4e91-b25f-548eb6d9a435,f504f23d934d4319ebff0e7b130d8155,8901880806979,24129778,"380001 (Ahmedabad, Gujarat)",2025-08-10T21:46:14,web,green,{}
7b279cfc-3fb9-4095-8b72-79f1727708e9,73f9304949f382418c3fafa3d8a5d4ba,8901880806979,24129778,"226001 (Lucknow, Uttar Pradesh)",2026-02-26T17:34:56,web,green,{}
cd756bbf-ea50-402f-89b0-6fc956ba4d8c,e208693a9a50416076313e7cec2a7cde,8901880806979,24129778,"440001 (Nagpur, Maharashtra)",2026-07-03T17:48:43,web,green,{}
e05ec871-b1b2-405e-9fca-032c8a0e7c8c,3af5a6962da7e90c1e555b816702daf7,8901936426455,LOT25E304,"600028 (Chennai, Tamil Nadu)",2026-03-23T17:55:50,whatsapp,green,{}
50490b52-c7b6-4aa2-81e9-0bb407d9e04b,2d9506c82b9671b90f8b2e1c5b821de9,8901936426455,LOT25E304,"530001 (Visakhapatnam, Andhra Pradesh)",2025-07-07T05:01:36,web,green,{}
a34a7630-0ec0-4e0a-8039-e2e989603b9b,3a2a4ff2ec7825d9691df20da58586d9,8901880806979,LOT24G212,"711101 (Howrah, West Bengal)",2025-10-28T11:42:32,whatsapp,green,{}
97b00920-1bae-42ea-a929-a30ad1fe2d86,01d2ddd1d80b48c4b772592b3f12e761,8901880806979,LOT24G212,"641001 (Coimbatore, Tamil Nadu)",2025-06-03T14:25:58,whatsapp,green,{}
7957f1d1-8cd9-467e-896b-b91c3e0a0e37,f3671bc37ffde1bcb080fdb62548951d,8901880806979,26036402,"411045 (Pune, Maharashtra)",2025-08-10T19:00:20,whatsapp,green,{}
b2abd012-cba4-4b32-93c9-6c5ce479e006,27a7b8adfbb66ec890c32c9e9619d346,8901880806979,26036402,"462001 (Bhopal, Madhya Pradesh)",2026-08-17T09:31:19,whatsapp,green,{}
9175fa3c-beb2-4d8a-a831-7c9564c28275,249f32e3c34f638e2cf292f4d06a3ff5,8901880806979,26036402,"411001 (Pune, Maharashtra)",2025-12-03T16:06:55,web,green,{}
beacf53f-3650-4beb-a91f-de54cb47e1e5,8b068c6664472bbf04fbf8b89268ad37,8903504169052,LOT24A691,"695001 (Thiruvananthapuram, Kerala)",2026-03-04T19:13:06,web,green,{}
cc4e3d3f-5c3b-4e2b-b001-22abcd6a011f,5bb1f1a00fec41ac8e0deca869011233,8903504169052,LOT24A691,"360001 (Rajkot, Gujarat)",2026-02-16T09:06:25,whatsapp,green,{}
2ad59663-f249-45f4-82cd-95f55d6fe0ee,e41461a5aa3ed02260008daeb9378edb,8902334315255,KV6525,"208001 (Kanpur Nagar, Uttar Pradesh)",2025-10-14T19:37:21,whatsapp,expired,{expiry_status_fail}
6526ff1d-c856-460f-96e1-4c2e13568bcc,6cf415834cf778b28fcad398ad330de8,8901092721721,LOT26A544,"400601 (Thane, Maharashtra)",2025-09-27T18:41:43,web,green,{}
42fdc96c-c190-478e-98b9-20e31281c69b,5637a90f44c309165af54eccd41fc721,8901092721721,LOT26A544,"400001 (Mumbai City, Maharashtra)",2026-02-21T10:01:03,whatsapp,green,{}
d5fde62b-387d-418f-9b09-d48eac39eb26,051bc4785508c765c9805a528073c27b,8901092721721,LOT26A544,"700001 (Kolkata, West Bengal)",2026-07-01T10:36:26,whatsapp,green,{}
0bdff231-64b0-403d-a081-d396d009b03d,441cee78d7db59ce3a9bffdf540550e5,8906418238378,LOT25G201,"500001 (Hyderabad, Telangana)",2025-11-16T14:40:59,whatsapp,green,{}
8a72c979-3f18-4e5a-a742-6c82dbd65f7f,9cf30a2e642b7648026cc4246eeec5a2,8906418238378,LOT25G201,"110019 (North West Delhi, Delhi)",2026-06-18T12:16:26,web,green,{}
2f5d481e-b6a8-42f9-91a0-5e362a32baeb,af79951f6903d6a71b2eccc8b4b07fde,8906418238378,LOT25G201,"395001 (Surat, Gujarat)",2025-11-04T19:26:15,web,green,{}
16c1a58d-8645-4872-8709-514017c90581,69b0314accd7d5f8e7dcc5fea849de4d,8904637300828,LOT26G994,"682001 (Ernakulam, Kerala)",2026-05-10T11:21:34,whatsapp,red,{nsq_status_fail}
bcdb478d-743a-4862-bfbe-8589cfb71872,4ccf8ac2f12361da142d1a5a1b70f078,8904637300828,LOT26G994,"226001 (Lucknow, Uttar Pradesh)",2025-08-30T17:38:33,web,red,{nsq_status_fail}
9f08e182-9bb9-4186-9d3c-8466574ef102,e39663f20d1f269f93a3fbfde872eea2,8909776485357,24113574,"700001 (Kolkata, West Bengal)",2026-07-05T11:32:34,web,green,{}
e6633f29-503e-421e-aa3c-0768bc1289ff,dae5b4d18a67597769f93802614d5146,8907573869302,PR0978,"695001 (Thiruvananthapuram, Kerala)",2026-07-25T09:57:13,whatsapp,expired,{expiry_status_fail}
843fc94f-bcd9-4e2f-b775-b7127c6eb43f,16fa57c22093d39146e6ff0543aaf6bb,8901396005660,LOT25F804,"711101 (Howrah, West Bengal)",2025-09-28T00:36:50,whatsapp,green,{}
a529590e-104e-4bd6-b210-410441255a7d,b66bf1354567623a19c1772e907799d2,8901396005660,LOT25F804,"110019 (North West Delhi, Delhi)",2026-06-25T14:38:13,web,green,{}
bba9e25c-be7d-4a16-be94-a50b55ef02cb,4094c9a26e2df88197776cdbbe933c76,8900151108194,26105083,"400072 (Mumbai Suburban, Maharashtra)",2025-05-04T08:27:41,web,amber,{single_non_official_signal}
f744cf91-2576-4b7a-92b3-82fbee95871e,cc3568675c1c915a407a1f74476e4aeb,8900151108194,26105083,"641001 (Coimbatore, Tamil Nadu)",2026-07-01T07:14:31,whatsapp,amber,{single_non_official_signal}
ea169c79-a5fd-4fe6-a446-c5ef174f7252,fdf4071d76371ac4c1e9ead5335a0e82,8904477882870,26099958,"452001 (Indore, Madhya Pradesh)",2026-01-18T15:34:19,web,green,{}
2a0f967f-a823-4b84-8811-f90f1816aa77,538b7d4292de6ae4188fa1a49e4b5b0d,8904477882870,26099958,"625001 (Madurai, Tamil Nadu)",2026-05-29T10:12:33,web,green,{}
031c828f-ea07-4572-82d3-acc1fa7f21eb,87a0a861392a9273f1537eec6017aa3d,8901936426455,24032304,"560001 (Bengaluru Urban, Karnataka)",2025-12-30T08:48:50,whatsapp,amber,{single_non_official_signal}
2c01ede0-4e50-4b74-a51a-2a16faac9967,0d29583de72300315082aa4b1aa92062,8901936426455,24032304,"575001 (Mangaluru (Dakshina Kannada), Karnataka)",2025-08-11T07:21:27,whatsapp,amber,{single_non_official_signal}
aee24186-bd30-4f7b-bf7f-90b7d6ed4360,2d8aebcd7f0f13dce4a256f1f8bebc4c,8909873411325,26111966,"395001 (Surat, Gujarat)",2026-07-02T13:55:02,web,green,{}
f0037250-08f5-4a26-a304-b48aad8ae839,7857bc789fa457de4dc9ca7b1577a6b1,8909873411325,26111966,"600001 (Chennai, Tamil Nadu)",2026-03-31T10:27:28,whatsapp,green,{}
90f2c188-5f2f-4cd4-84f4-b0cc875d0199,b5a7e18a44012e788591e1c29ffab60b,8909873411325,26111966,"395001 (Surat, Gujarat)",2025-05-10T14:55:56,whatsapp,green,{}
eae86d45-82cd-4f73-bee5-77b221f3969c,aec33744e527f24578007e952b0777cb,8901442334331,LOT24E804,"695001 (Thiruvananthapuram, Kerala)",2025-09-02T10:20:25,whatsapp,green,{}
ecac646e-8338-4479-b61d-599f4f665a00,3a1707cfb211b8c6f80d4df383851520,8909044851939,SN9440,"143001 (Amritsar, Punjab)",2025-05-14T16:03:16,whatsapp,green,{}
06ee9267-93b8-412e-9a93-cdb2627eb357,409c22c9a3bd64ccbc39d9399739a387,8909044851939,SN9440,"360001 (Rajkot, Gujarat)",2026-07-14T10:22:55,web,green,{}
bc821005-e7f9-4014-890b-0bbd02412ee2,ea1c2a88a212db5ab638ede39356d805,8901442334331,LOT25H619,"560066 (Bengaluru Urban, Karnataka)",2025-10-16T12:19:37,web,green,{}
f4ace74b-b9cf-42ae-b716-2d2f82e20834,39efa11b03b6832ed128f27c99d9dbb3,8901442334331,LOT25H619,"221001 (Varanasi, Uttar Pradesh)",2025-05-27T07:06:16,whatsapp,green,{}
a5231484-a68b-4463-ae2a-37572c28d89e,430ddebc5740f1f732af3848103ce227,8901442334331,LOT25H619,"141001 (Ludhiana, Punjab)",2026-06-25T17:07:09,whatsapp,green,{}
36256bfb-65c2-4133-b2aa-33855ee25e9c,cd14241e43d957e388910fc13d8956e1,8901442334331,LOT25H619,"440001 (Nagpur, Maharashtra)",2025-10-28T08:05:01,web,green,{}
acdb4040-ef8e-4bb5-a25c-32568b972ca3,121b02015068334271b5550799735ebb,8901442334331,LOT25H619,"360001 (Rajkot, Gujarat)",2025-05-16T11:27:44,whatsapp,green,{}
65ba1cc6-e96d-4275-8ebc-b63686078463,7034e3952f7321fdeeec76d1abc10251,8901442334331,LOT25H619,"400601 (Thane, Maharashtra)",2026-06-18T13:19:27,whatsapp,green,{}
3ca6dc4a-21d0-48ae-a051-685bfb273daa,b166e18a75bde1267a9e8a149e0486c6,8901442334331,LOT25H619,"360001 (Rajkot, Gujarat)",2025-09-22T17:12:44,whatsapp,green,{}
d47ca340-ae64-42e1-9159-abdce80c39dd,449d56181803f616610128ac13d04c2b,8901442334331,LOT25H619,"110001 (New Delhi, Delhi)",2025-08-17T13:44:23,whatsapp,green,{}
842085b6-c930-46fd-ab55-4591977a8241,db8e5fbb0715a00a2797e4be9291b738,8901442334331,LOT25H619,"411045 (Pune, Maharashtra)",2025-09-02T13:05:29,whatsapp,green,{}
0f8c2423-75d5-40f3-97f3-ac6cf003bcb8,60c2317b011d050d65b1eced53683af5,8901442334331,LOT25H619,"122001 (Gurugram, Haryana)",2025-06-17T10:27:58,web,green,{}
36b523c3-5f4f-4ea5-977a-6f478b5f287a,af942f2dfa261839f4cc7fa8b99fc3ec,8901442334331,LOT25H619,"380001 (Ahmedabad, Gujarat)",2026-07-19T10:35:55,whatsapp,green,{}
8e1086c8-fee4-442a-9767-2d204d5958da,f8bae3b0c5cc7f3862c71ac4a4cff369,8901442334331,LOT25H619,"221001 (Varanasi, Uttar Pradesh)",2025-09-27T20:37:29,whatsapp,green,{}
8fba4705-5d8e-4818-9d9a-2af3038f6449,006ca929ad8b45016a503262b0eeaede,8901442334331,LOT25H619,"625001 (Madurai, Tamil Nadu)",2026-07-28T13:59:24,web,green,{}
5a3e2c67-97d5-42cd-ad1d-ff6b22d91666,149a7d66035a3028f90650ac87ed6604,8901442334331,LOT25H619,"500001 (Hyderabad, Telangana)",2026-03-12T13:32:56,whatsapp,green,{}
67640ebe-565f-4392-b4ce-83344d31aab9,95b678fcc53404233bef815acdbc1678,8901442334331,LOT25H619,"580001 (Dharwad, Karnataka)",2025-08-04T17:46:59,web,green,{}
16f3c2df-33f7-46dc-9f13-6a0ed0370d80,fff2a4ea717f8fd71cea645ef88ace19,8901442334331,LOT25H619,"500001 (Hyderabad, Telangana)",2026-03-14T12:17:20,web,green,{}
9a84b0b5-eb8f-49f6-ba02-1b2bfc162b0f,61e967c2ef6b2e1c1497026f1f3e0e94,8901442334331,LOT25H619,"600001 (Chennai, Tamil Nadu)",2026-07-03T16:49:25,whatsapp,green,{}
2297ca2b-46ce-4acd-a9a6-6498dc94e4e4,c1649917b0afd2b809a4fe4a00dd4135,8901442334331,LOT25H619,"395001 (Surat, Gujarat)",2025-07-16T18:37:51,whatsapp,green,{}
776bc2aa-6557-4fb6-9a6e-e25965f98d95,acd3254f39d420dd65d727ae9d173f42,8901442334331,LOT25H619,"695001 (Thiruvananthapuram, Kerala)",2025-05-05T17:59:42,web,green,{}
7a5f86fd-d4f8-4718-9e26-e259bc9f820d,2e99aeca1a0ddde66bb9cc654a6a6638,8901034230701,25079708,"400072 (Mumbai Suburban, Maharashtra)",2026-02-10T08:16:05,whatsapp,expired,{expiry_status_fail}
9f601aea-4fef-4165-a6d5-4503bd14359c,a9914924687d3a1b76d2a5813c44b351,8901034230701,25079708,"462001 (Bhopal, Madhya Pradesh)",2026-09-18T18:40:07,web,expired,{expiry_status_fail}
bf18d181-b459-4c1f-a09d-8deee8b9b2a0,5efeb368d515328a913366bf4912f5ba,8901034230701,25079708,"110001 (New Delhi, Delhi)",2025-10-16T10:52:19,whatsapp,expired,{expiry_status_fail}
f9fecf58-731a-4cc1-8830-bd76b90a22c5,b72b9b7d8da90e1836171aa5b296cc7f,8906047361152,26042002,"395001 (Surat, Gujarat)",2026-06-28T15:53:22,whatsapp,green,{}
f224fa7a-e59c-49ba-9a0a-0b5d8c05aa88,9ee7c41c4a66c3c4302bd1881b023924,8906047361152,26042002,"440001 (Nagpur, Maharashtra)",2026-01-04T01:54:23,whatsapp,green,{}
5ca5973a-d462-4180-9889-1f3b61851c24,bc28affba82f931332448b2a4a0d510b,8906047361152,26042002,"390001 (Vadodara, Gujarat)",2025-08-21T19:03:06,web,green,{}
259f0de8-990f-4931-b918-a087425478e3,10d4ba8ce115fb0b1916aa2c9aee9a20,8909352684043,25036582,"380001 (Ahmedabad, Gujarat)",2025-08-09T08:46:30,web,green,{}
f0b5f772-b3b8-4217-922e-16a11dbea01f,4e0914b3f12f76ea40c6d62eac8943a4,8909352684043,25036582,"700001 (Kolkata, West Bengal)",2025-09-15T13:44:07,whatsapp,green,{}
a71f389d-a13d-4ad7-bda9-e811e1ee6650,d087ea056a7e1619d75e822062cc33f2,8902334315255,UC6069,"390001 (Vadodara, Gujarat)",2025-08-23T17:14:16,whatsapp,green,{}
ecdb6e26-ebe2-4edb-a6e2-ada33b34721d,6a1c18aae9f36ec2fdf0f46ef2c04b1a,8902334315255,UC6069,"440001 (Nagpur, Maharashtra)",2025-12-30T14:07:30,whatsapp,green,{}
9e3907b5-09b3-4b85-9704-9e41e0f1a5f5,7ea6df5d9a3444780d0ea688a91e11f7,8902334315255,UC6069,"530001 (Visakhapatnam, Andhra Pradesh)",2026-02-20T11:11:59,web,green,{}
3e90ad6c-43bd-4508-b921-ac60a564924d,e8eb022f7ab70b497ad3cbf57299c0a4,8906418238378,25104142,"141001 (Ludhiana, Punjab)",2025-04-24T18:38:29,whatsapp,green,{}
7dfaefc4-6742-4c26-af01-f6e4f7e2808a,cfcb94ec75f6e5b85802559f7009d20d,8906418238378,25104142,"380001 (Ahmedabad, Gujarat)",2025-05-15T17:11:14,whatsapp,green,{}
ba98e5dd-46c6-4c96-9eed-20b024f543f1,d6f7c39f230158993127e80e6de71cf6,8906418238378,25104142,"226001 (Lucknow, Uttar Pradesh)",2025-12-30T15:05:47,web,green,{}
620af8c9-d82e-416e-9545-e491a59e47a4,548fb806e60ddefaf0a2416cdafbfbe4,8905651807948,LOT25D254,"560066 (Bengaluru Urban, Karnataka)",2026-06-05T16:24:14,whatsapp,green,{}
c1c15c94-6778-47c2-a3f8-fc0ba944d97b,c96e4599130e6cf9fba0573e908d7389,8905651807948,LOT25D254,"452001 (Indore, Madhya Pradesh)",2025-04-13T03:45:09,whatsapp,green,{}
9d7aa37d-f21f-43e8-bce0-6b2faaf61a81,9c88e5366fd9ad12d421d5de56fff867,8905651807948,LOT25D254,"395001 (Surat, Gujarat)",2025-05-04T14:34:27,whatsapp,green,{}
4cd69d7c-a714-4a73-97c0-28b448602650,0e47080eff934f7800594befdc2ada23,8905601284237,BX7852,"422001 (Nashik, Maharashtra)",2025-10-07T16:20:30,whatsapp,green,{}
f10ada17-46d2-4931-8824-f87f57d612e5,f914e4bcd4c456a0eec3220d89848704,8905601284237,BX7852,"221001 (Varanasi, Uttar Pradesh)",2025-08-31T08:18:36,web,green,{}
1d8c8b1f-2465-4b24-b597-bbb8b0a269c5,542bac618db5a2e2b5df31457b16b685,8900811342280,LOT26D648,"141001 (Ludhiana, Punjab)",2026-07-26T06:34:08,whatsapp,red,{nsq_status_fail}
6a302495-4887-49d2-8d12-e00ee156a8b1,6730e45e399589116e8e4b39717deb5c,8900811342280,LOT26D648,"580001 (Dharwad, Karnataka)",2025-10-30T14:40:54,web,red,{nsq_status_fail}
8efcb352-244f-44c0-ac8e-7b45df6eaa11,9ba3bc69c2fd1238af23a99d85471d95,8900811342280,LOT26D648,"411001 (Pune, Maharashtra)",2025-04-11T09:12:07,web,red,{nsq_status_fail}
01090f54-2361-49fc-95cd-980cae7452f5,42a0e920293a671131c9c8b4656a9441,8905733061710,LOT25H173,"711101 (Howrah, West Bengal)",2026-01-21T09:18:46,whatsapp,green,{}
7e39bc04-85f7-4fe8-b018-7a5de25df146,f45556f734dc46b30299fca021e21ae2,8905733061710,LOT25H173,"590001 (Belagavi, Karnataka)",2025-10-05T16:34:33,web,green,{}
4ca41d1b-4457-4f39-9dfb-6fa604a71696,0b563252760cddd92772f83b5ce14e7c,8903972376374,GD3133,"580001 (Dharwad, Karnataka)",2026-01-01T11:07:09,web,green,{}
039026a4-1cf8-41ce-a204-67cccaca8caa,b5c12080ec74425ee860be92e78b4140,8903972376374,GD3133,"141001 (Ludhiana, Punjab)",2026-06-28T16:09:16,whatsapp,green,{}
79728200-6450-41b3-b7d0-afd45f9f8175,7d4514877b372a42be6e70f309502ba8,8903972376374,GD3133,"625001 (Madurai, Tamil Nadu)",2025-07-06T18:32:14,whatsapp,green,{}
8d7c582a-bad0-49ba-8544-efdec305f528,9e50d1513c4e86ca63d075e3f8474f72,8909807559534,RV5614,"625001 (Madurai, Tamil Nadu)",2026-03-13T13:01:37,whatsapp,green,{}
fbb2633c-515c-445e-bf02-ac2d83053061,85749842fa39cb6778292d0887082d06,8909807559534,RV5614,"570001 (Mysuru, Karnataka)",2025-07-13T10:34:07,whatsapp,green,{}
52c1552e-5372-47db-a7e1-3c660c453570,6eb6fe438cf2642a4b80a30c930a2e97,8909077773430,KD4252,"560034 (Bengaluru Urban, Karnataka)",2025-07-29T12:46:42,web,red,{nsq_status_fail}
6f82ecb3-bf49-45e3-a7b8-2f1d27d19477,5362f76b4ec3ec36a9df274260e82f30,8904772360610,LOT24B375,"302001 (Jaipur, Rajasthan)",2026-05-19T09:05:21,whatsapp,green,{}
c7cf35a4-17c2-4c21-9a8b-eb68de545267,3b92c40da4e2bbf5f18ac2e9d996b055,8909776485357,LOT24G733,"440001 (Nagpur, Maharashtra)",2026-01-29T19:48:15,web,expired,{expiry_status_fail}
4dbd0c30-0ff2-44b1-a087-8ec6f60a2906,ab47a9cbb22b4c925261c5d8ed3a944f,8909776485357,LOT24G733,"575001 (Mangaluru (Dakshina Kannada), Karnataka)",2026-04-06T03:39:10,whatsapp,expired,{expiry_status_fail}
2ad6f453-1567-4b89-98bc-1272835a0277,8c7c29cd43395640b6589d9607240040,8909776485357,LOT24G733,"400601 (Thane, Maharashtra)",2026-06-06T23:01:13,web,expired,{expiry_status_fail}
e972c6f8-7dac-4054-88e7-e6b28571a78d,262cb245dc12ae5d269614d8dbee9d5b,8908738948771,LOT26G211,"360001 (Rajkot, Gujarat)",2026-07-11T10:28:39,web,green,{}
daf73e97-c1ae-4f16-ac2c-e24344b2f0c3,e37151613efeee49a679520465cff1ab,8908738948771,LOT26G211,"575001 (Mangaluru (Dakshina Kannada), Karnataka)",2025-07-01T19:41:16,whatsapp,green,{}
4ba9831a-edfc-40f6-801e-4d6c62dcc889,03ea813b215417116917baa535f9202a,8908738948771,LOT26G211,"360001 (Rajkot, Gujarat)",2026-03-23T14:38:53,whatsapp,green,{}
8c277d31-719a-4ba6-bb60-c919f39da67a,31c0e78b7460b7624877692cb82df9db,8909044851939,TU5811,"422001 (Nashik, Maharashtra)",2025-06-13T15:27:36,whatsapp,green,{}
87b83a45-44de-400f-8c76-3f78a28a76bd,44fbc5b181079c8cb32b1ba5b263956d,8902457859302,WN8318,"360001 (Rajkot, Gujarat)",2026-06-09T09:22:17,web,green,{}
5c66521b-cbc7-4493-a45d-2ae881b81347,b54dda6f96217766d204b35159cb6259,8904998340203,ZV7623,"400001 (Mumbai City, Maharashtra)",2025-08-04T18:47:35,web,green,{}
0afde50b-2e97-458d-88fe-14c428fc7e0f,a3b22b506f859954821db26f6bc4736e,8904998340203,ZV7623,"302001 (Jaipur, Rajasthan)",2025-07-26T11:03:07,web,green,{}
bca4725b-bc84-40b1-88ed-25ce06aa4438,2ad91d747e78e40b7a4a3f5fa44d0a82,8904998340203,ZV7623,"600001 (Chennai, Tamil Nadu)",2026-05-04T09:17:47,whatsapp,green,{}
19e14a90-687c-4dfb-a403-160c639bdb2b,dee332f2dc724552187ac74ea7a18da3,8908234464910,HZ0533,"711101 (Howrah, West Bengal)",2025-11-28T21:55:46,whatsapp,green,{}
19edd70a-ada8-4ca0-8405-f001f21dd07d,a2cd832b944426880becf6dda50f2a76,8907573869302,LOT25C526,"560066 (Bengaluru Urban, Karnataka)",2026-05-01T09:06:23,whatsapp,green,{}
11f2c6cc-0c38-4367-b0fb-78cea9b20928,48587733ee8624b3549fb1f14e9cefb8,8909640162122,LOT25C244,"560034 (Bengaluru Urban, Karnataka)",2025-04-26T12:22:35,web,green,{}
25f2fe7a-f567-4c3b-b9f6-ec71c2a9e563,81f71a30480ddec67642e303f719dced,8909640162122,LOT25C244,"580001 (Dharwad, Karnataka)",2026-08-05T18:53:25,whatsapp,green,{}
a2cf7c6b-b6ae-4060-814b-e5e8290453aa,a8612e33fd98317f719131c43f4c68bf,8906837996942,24043751,"580001 (Dharwad, Karnataka)",2026-03-30T12:23:35,whatsapp,green,{}
22129ff7-c17b-408b-863b-76238992f31b,4adfafdfc772d977811538062828655a,8906837996942,24043751,"570001 (Mysuru, Karnataka)",2026-01-26T17:14:09,whatsapp,green,{}
9fd6a599-d319-4c0d-a1a6-9e9f43cb02ff,40614d36c5de7ef0cf26c7bc8b07dcf0,8906837996942,24043751,"395001 (Surat, Gujarat)",2025-05-06T10:17:41,web,green,{}
92881cf8-7f43-4c2f-89ae-8fb97a3270c1,16dc8837428309a3a31d268d430a0610,8908424419897,LOT25B555,"110001 (New Delhi, Delhi)",2026-08-27T03:13:27,web,red,{nsq_status_fail}
1b1ba72e-4660-4d10-97ec-54bb05359e7c,e23837a322a4c5540f0a7d5133ad532f,8908336324249,LOT24C151,"600001 (Chennai, Tamil Nadu)",2026-07-18T10:09:02,web,green,{}
d1bf21c1-0d48-4a13-94d6-d3a9ebc6b991,e18b5bb3370723c22f5e1f8ab527fdd9,8908336324249,LOT24C151,"500001 (Hyderabad, Telangana)",2026-09-01T18:02:14,whatsapp,green,{}
75978b38-ffbc-4e92-a3c0-145fe046f8a9,ae59f5c1ed451ad6a1c5e641dc213111,8909430944205,24058499,"208001 (Kanpur Nagar, Uttar Pradesh)",2025-12-16T20:59:27,web,green,{}
8039e581-6ead-484d-a02a-75673fe4fe52,79cc7f8bcc7e51679c1ab44fb29491b8,8902260951139,FP6034,"400601 (Thane, Maharashtra)",2025-07-12T08:36:37,whatsapp,green,{}
fc98f6c7-126a-45bb-aea5-0b2db9a10205,7bdc759cbe3f362f066a24bc4b901f8c,8905601284237,EB1083,"395001 (Surat, Gujarat)",2026-04-16T12:19:47,web,amber,{single_non_official_signal}
dab3a6b8-34b1-46eb-aba3-140e82d22aab,6a5877a965efdf5f29b549c89ce2ce12,8904275270366,26099357,"452001 (Indore, Madhya Pradesh)",2025-12-06T16:15:21,web,amber,{single_non_official_signal}
7d3302cf-509d-4678-95fe-664eb2ff8225,980c28d22e252b2007209500ca3818bb,8904275270366,26099357,"411001 (Pune, Maharashtra)",2025-09-07T18:56:59,whatsapp,amber,{single_non_official_signal}
2c0e744a-76f6-469f-bcf4-f73cdcc86c63,3bb87488441cfd33717c0df235c9e920,8904275270366,26099357,"380001 (Ahmedabad, Gujarat)",2025-09-10T13:57:15,whatsapp,amber,{single_non_official_signal}
f308215f-9c4e-42b2-ac3d-3d2b392d5623,a4acde9f33f3a9311a07e405ddc287d9,8902374543839,LOT24D855,"380001 (Ahmedabad, Gujarat)",2025-08-23T11:29:55,web,green,{}
bb26727e-befd-458e-837f-afe0cb3e565c,1525e943f3d9c8a8fb11c8db89a94316,8902374543839,LOT24D855,"800001 (Patna, Bihar)",2026-01-18T23:43:17,whatsapp,green,{}
b8d48c6d-d44b-451d-9bf7-94211aa75ed5,1197189ba4d1d134c6b6863a76777980,8900151108194,LOT24E757,"462001 (Bhopal, Madhya Pradesh)",2025-07-27T03:25:23,web,green,{}
196e1911-1a95-44aa-bd0c-1d523694d8ee,6b680ca26638e28bcba89e7b5d6ebe2a,8900151108194,LOT24E757,"221001 (Varanasi, Uttar Pradesh)",2025-08-15T17:13:07,web,green,{}
15921291-5321-453b-aef4-8d2c2e6d4860,e55435978a4b05c5ca0053990f8243d1,8900151108194,LOT24E757,"500001 (Hyderabad, Telangana)",2025-08-07T13:30:14,web,green,{}
59e46d2d-44e0-4391-a34f-0c8ce53e4187,4a61bf7f2a98506ea3fb1c6763ef7701,8908773619281,SA4748,"440001 (Nagpur, Maharashtra)",2026-02-02T15:15:29,whatsapp,green,{}
b861c7c4-37b7-4016-ba86-6236451495c0,c5533e1931fdc541c63621bb0460ce6e,8908773619281,SA4748,"395001 (Surat, Gujarat)",2026-07-19T19:38:23,web,green,{}
ef93d8e2-88e4-4b0c-aebf-aebf6bbbb78a,0b6ba47d0c1f041094ad524e834fb806,8907684236474,KE6646,"560066 (Bengaluru Urban, Karnataka)",2026-02-20T16:03:22,whatsapp,green,{}
d1d6920d-a0cf-45b2-bd13-043e89fabd08,759a2331604b44a7074ba62af6f40650,8907684236474,KE6646,"800001 (Patna, Bihar)",2025-12-15T16:16:04,whatsapp,green,{}
a9678827-9cd4-486b-82f9-2ac8998a9056,f5fd605baf088e00a4013c87f5d5a73e,8907684236474,KE6646,"400072 (Mumbai Suburban, Maharashtra)",2026-07-14T09:51:40,whatsapp,green,{}
3e232b69-1401-4615-b012-20f6c8c70da0,b72f786f6634ebde48141aef512cda41,8907651954380,LOT26D194,"141001 (Ludhiana, Punjab)",2026-02-18T17:14:55,whatsapp,red,{nsq_status_fail}
fc43f2ff-e57b-4869-b405-16b81c705e01,0b56dabfa85d1ab39ce141cba7463db0,8907651954380,LOT26D194,"580001 (Dharwad, Karnataka)",2026-05-08T20:40:19,whatsapp,red,{nsq_status_fail}
64584b12-935e-4e8a-993c-5e86f2847021,8a19c092252aa775936f08c7dc5520a9,8908141881974,KB4047,"110019 (North West Delhi, Delhi)",2025-12-12T15:02:52,whatsapp,green,{}
5f29c8bc-8029-4bff-bf6d-59f99f1b4a87,3b19473afb8f19847954c0edba7ce535,8909430944205,MD1986,"360001 (Rajkot, Gujarat)",2025-10-20T19:36:14,web,green,{}
70fa46db-a671-4c89-a7b0-c2db4fa1bd2b,6709f9ed4d9f36ffbf06ce07cdff97a8,8909430944205,MD1986,"800001 (Patna, Bihar)",2025-05-28T00:23:09,whatsapp,green,{}
9becef51-8dcf-4d09-9f55-e91125724ae3,a90e34f13151245a039e8b6a7e061686,8901264866977,24091909,"625001 (Madurai, Tamil Nadu)",2026-06-06T08:48:14,whatsapp,green,{}
833bf634-805d-4458-bf3f-c06eb63db00b,59b82694b6c4c4c84e184825657426ce,8901264866977,24091909,"390001 (Vadodara, Gujarat)",2025-10-26T15:30:18,web,green,{}
4388f29d-05da-4972-88d4-4d189d519df7,8e7cf7996b74eaa5c2bb15c75cdd6be3,8901264866977,24091909,"422001 (Nashik, Maharashtra)",2025-05-19T00:37:48,whatsapp,green,{}
fbddc6b9-bcd8-4c40-bb09-23cdab5f4f28,046e3511cec66f91fe15e0a5fe2fd2fa,8902183033258,LOT26B783,"641001 (Coimbatore, Tamil Nadu)",2025-06-08T13:53:52,whatsapp,green,{}
d2329996-b4ef-490a-ad6d-24e9232db60e,b517ac16894aa669a03e986230c76ac5,8902183033258,LOT26B783,"800001 (Patna, Bihar)",2026-04-14T12:34:18,whatsapp,green,{}
bd43246d-a11b-4eed-a653-3b2a2d36e191,99f45e4cbe0949f57c4dd1daa821f019,8902183033258,LOT26B783,"110019 (North West Delhi, Delhi)",2025-08-21T10:12:57,web,green,{}
c8c29b67-aca9-42d9-9d96-292c43554e7a,a2f1263e179959e19d9da45de119c055,8908428361777,LOT24E484,"462001 (Bhopal, Madhya Pradesh)",2026-08-16T11:54:03,whatsapp,expired,{expiry_status_fail}
702028b1-c23d-4733-9fd4-5886569ec88d,85bdf0d5ada7eb6b90ee6e8743b3a2b2,8902447939089,LOT26B899,"110001 (New Delhi, Delhi)",2025-04-14T14:21:30,whatsapp,green,{}
f46682d4-ffd7-46dc-8eab-7606216b8709,93cb600eaa164dbe3794e753c2b27cad,8902447939089,LOT26B899,"641001 (Coimbatore, Tamil Nadu)",2026-05-12T11:05:14,whatsapp,green,{}
ae3772b9-7153-4ff4-a23b-93f5df683da0,307e80a4fa35f1a482463c1c105d0ea2,8907130711211,XD4006,"560001 (Bengaluru Urban, Karnataka)",2025-07-08T14:07:50,whatsapp,expired,{expiry_status_fail}
69a2ab41-586f-4f0b-9e09-9930f3d41eba,cde81843ff9c67525bdfa157dfd7f3fa,8901936426455,26054948,"390001 (Vadodara, Gujarat)",2025-09-22T17:02:47,whatsapp,green,{}
40d998cf-fe5e-45ac-b4cf-91e5d8ee32d5,4449d68ca34ebc335e67965181b7137d,8901936426455,26054948,"641001 (Coimbatore, Tamil Nadu)",2025-04-28T12:29:38,web,green,{}
b3b4ebf9-a3eb-4f75-b4f2-eb158bdceb6a,dd6e80ab79558ae049a08e04a1ce3c7f,8901936426455,26054948,"302001 (Jaipur, Rajasthan)",2025-11-05T16:19:41,whatsapp,green,{}
77a1ca2d-ae01-48a1-91d9-da876e8cc42c,2adfc4057ed1f9a20e6cf0110aaea4ac,8901264866977,LOT26D406,"711101 (Howrah, West Bengal)",2026-01-28T19:45:24,whatsapp,expired,{expiry_status_fail}
d1f85788-99de-4e37-a411-771fed03ea26,59c84243aa1a176ccedf84848fdabb72,8901264866977,LOT26D406,"400001 (Mumbai City, Maharashtra)",2026-05-13T15:25:39,web,expired,{expiry_status_fail}
57b36490-77c3-4a53-b452-a532360805c9,bdfff88b98f309b9ef2daa9e8ca42239,8901264866977,LOT26D406,"560001 (Bengaluru Urban, Karnataka)",2026-06-02T14:03:09,whatsapp,expired,{expiry_status_fail}
ac7ecf3b-a882-4f8d-927b-96296723f9b6,551eb3297b72e5658d7f019a55da7256,8904047855131,25059136,"380001 (Ahmedabad, Gujarat)",2026-05-23T11:33:39,web,green,{}
d895bc8e-6816-47b4-b369-fcdc95a88864,0ef3de06083545f613e0791ef7844dfb,8904276537502,LOT26D745,"711101 (Howrah, West Bengal)",2026-08-22T17:45:53,whatsapp,green,{}
aad8d1e4-7718-43d5-8262-cf10a56ab259,f7acd3906aef6644d8c0defa61e3c309,8904276537502,LOT26D745,"221001 (Varanasi, Uttar Pradesh)",2025-09-07T00:37:40,web,green,{}
21d489cf-eed1-4831-a768-015fba71bea0,c94541e181785bbbb87663792366d20d,8906113462677,26078476,"208001 (Kanpur Nagar, Uttar Pradesh)",2026-06-30T09:59:35,whatsapp,green,{}
bfe10296-17ce-46af-a502-f9bab06226ae,52dac1142db1a4fae1f2380d2c463b5a,8906113462677,26078476,"452001 (Indore, Madhya Pradesh)",2025-11-22T16:55:34,whatsapp,green,{}
1bd90d88-e986-41fb-a962-3f7d58ae6a6b,386fd7edad8ff48de48c117fc352b72b,8901228543833,24055649,"600028 (Chennai, Tamil Nadu)",2025-06-26T00:55:09,web,expired,{expiry_status_fail}
f495aa97-2dcd-48a1-ac53-eab0e30cf0fe,cd16d921ff2ac40c92acfb03dab55a3b,8901228543833,24055649,"695001 (Thiruvananthapuram, Kerala)",2026-01-10T06:19:23,whatsapp,expired,{expiry_status_fail}
9ed087f3-9133-4705-9dd6-964e54df7d60,18af69315ee07ff6d0644dfeba9e0f46,8904275270366,26103071,"122001 (Gurugram, Haryana)",2026-02-19T16:24:25,web,green,{}
832b3112-0987-4594-99c1-451fb27b2868,0774cf10a433b053588ecfdb0a1a699f,8904275270366,26103071,"575001 (Mangaluru (Dakshina Kannada), Karnataka)",2026-02-06T17:03:30,web,green,{}
f65ef392-2b68-4cbb-8706-516c23be5e7e,9e3dabca6f4b7afd49277fd824da78ab,8907973860299,LOT26C207,"302001 (Jaipur, Rajasthan)",2025-11-21T11:37:23,web,green,{}
264a08eb-0575-45a5-9b68-0b6e7f1fc7e5,c52cfe432b2af6725da0c635d586a99c,8900811342280,LOT26F807,"695001 (Thiruvananthapuram, Kerala)",2025-11-17T17:10:26,web,red,{nsq_status_fail}
30601028-ae63-4c10-ab6f-89f44c07c72c,579eed9f8d3541d1d3943948c9fde173,8905067392604,LOT24C549,"590001 (Belagavi, Karnataka)",2026-02-15T08:46:26,web,green,{}
a88472c5-5a46-4f91-b18c-a4f3d0023827,5161eeb36bfc151daaecf4e762aeed68,8905067392604,LOT24C549,"560066 (Bengaluru Urban, Karnataka)",2025-09-04T16:49:50,whatsapp,green,{}
75eaca00-4df7-49f8-9847-bb51a6d13e42,fda6af5db980644214ca268302522612,8905067392604,25063979,"800001 (Patna, Bihar)",2026-03-16T18:12:27,web,green,{}
a79b6ed0-0060-41a4-970e-ccd972e36f02,267f0074984e482c4e3f6d428827b310,8904275270366,26072574,"462001 (Bhopal, Madhya Pradesh)",2025-05-30T16:48:19,whatsapp,amber,{single_non_official_signal}
7cf1d837-a51f-4f95-9e74-a801c57d4d75,a4b3c97952dec1a70fde877906e9a2b1,8904275270366,26072574,"560001 (Bengaluru Urban, Karnataka)",2026-05-09T09:48:24,whatsapp,amber,{single_non_official_signal}
5128b118-30a9-4998-b320-5f1ef3515600,1d67ef2ee40a0cd93a83bfd0a93056d9,8904275270366,26072574,"110019 (North West Delhi, Delhi)",2026-01-27T12:48:35,whatsapp,amber,{single_non_official_signal}
3c4bb36e-5e4e-4b2f-9d0c-316d1e07eb12,5c18f0d71101397ab296794b1c38dfc6,8905074921237,BU7084,"395001 (Surat, Gujarat)",2026-04-01T12:17:10,web,green,{}
cbd40939-4d52-4467-b863-0ca9150bff44,4ff0d857908e7f9c291ee8dd6b3bcd6f,8907444651473,HW4868,"302001 (Jaipur, Rajasthan)",2026-09-09T14:35:08,web,red,{nsq_status_fail}
f1bc6ecf-3633-4231-a67e-90a0e6cb0ae3,e692f995feb73134fa8cc510dbde39b7,8907444651473,HW4868,"400001 (Mumbai City, Maharashtra)",2025-05-09T17:28:14,web,red,{nsq_status_fail}
ab4386b9-6bb5-415f-81a0-6df140d4b4fa,c210344ae76623e34303143b276ec08b,8905067392604,KN2057,"560034 (Bengaluru Urban, Karnataka)",2025-06-19T07:55:11,whatsapp,green,{}
7023f05e-f9da-4304-941d-efee0ba7b31b,3102dd9084a25002fed8a0560fe54db3,8905067392604,KN2057,"600001 (Chennai, Tamil Nadu)",2025-07-06T18:21:00,whatsapp,green,{}
4140105a-1de8-4619-b49e-77ed6ee65e12,d3a95bc725b9cc808b4581db7208f09a,8909776485357,BS9996,"600028 (Chennai, Tamil Nadu)",2025-10-16T17:49:44,whatsapp,green,{}
37fabcd0-077d-4802-bad1-b525b37660e7,69a0d79dfe515872e3fc905bd5ea53b1,8909776485357,BS9996,"141001 (Ludhiana, Punjab)",2025-11-25T15:54:30,web,green,{}
69107dca-90fa-4ce9-9481-a9676651b777,3d00b3e1ee89417524697d5e91faff84,8907345735765,25061855,"141001 (Ludhiana, Punjab)",2025-07-14T11:28:28,whatsapp,green,{}
42c06fb0-0fdf-4f2e-b703-361bcdb4728b,ab675751330dda810d7d0f14326b7e89,8907345735765,25061855,"395001 (Surat, Gujarat)",2025-04-28T21:21:48,whatsapp,green,{}
80e7b94a-b3ad-4ee2-86f4-89cede927f5d,126b4d8f174dc94534f3439c1b990da4,8907345735765,25061855,"575001 (Mangaluru (Dakshina Kannada), Karnataka)",2025-07-04T10:07:09,web,green,{}
6e1d58ef-0a2c-4af1-8507-90bce72f20eb,016ec07be66b6d544cf4c1c7484d7e6e,8902822344786,25013378,"711101 (Howrah, West Bengal)",2025-12-09T08:56:41,whatsapp,expired,{expiry_status_fail}
eb7fc59a-33c5-4912-be5b-37bd7a5f4aa1,71beecc06e8578f6362773c706ae6e29,8902822344786,25013378,"530001 (Visakhapatnam, Andhra Pradesh)",2026-01-18T12:54:48,whatsapp,expired,{expiry_status_fail}
0c014b7f-63a6-4001-b4df-29e4ccf2b4d5,e12cdef15004a903b310802e07b84630,8902822344786,25013378,"208001 (Kanpur Nagar, Uttar Pradesh)",2026-02-16T13:20:16,whatsapp,expired,{expiry_status_fail}
667d3017-1152-4708-a671-cd0772a678ce,c367bd6f35b2804d86cb199d3d246419,8904147383886,LOT24G104,"800001 (Patna, Bihar)",2026-01-13T09:23:37,web,red,{nsq_status_fail}
d61d2438-8d8f-4601-b209-a9ce9eade95b,8d9af3fcd399b6a961ea4a6d663097bc,8902527998151,LOT25C810,"600001 (Chennai, Tamil Nadu)",2025-07-29T01:29:02,web,green,{}
30980c18-e9c8-443c-a84c-4ea4d5a04627,45c69c2d6a838a989d2e6eb74ea1eeee,8901936426455,26053687,"641001 (Coimbatore, Tamil Nadu)",2025-12-05T17:57:45,web,green,{}
4dfb45e6-a957-4d22-aaca-cb89dc79ca64,f37d1646da6146525521c1074e099c80,8907281013737,DE2709,"422001 (Nashik, Maharashtra)",2026-02-02T07:54:20,whatsapp,green,{}
5c3188b0-f295-4407-9280-237f13e4003f,04b8460e9513fd453cd83a44568246b0,8907281013737,DE2709,"221001 (Varanasi, Uttar Pradesh)",2026-03-27T12:34:33,whatsapp,green,{}
2e613b17-5e9e-48ce-9991-bc43fe8f66bd,f107eebf40c9ee6344f9b8643eca6840,8902993146925,LOT26E372,"400072 (Mumbai Suburban, Maharashtra)",2026-09-03T22:34:57,whatsapp,expired,{expiry_status_fail}
84310eb9-ed1a-4444-982e-36b90fc7ed71,e85f27ddf8113ef453ec1c2ae4026436,8909065355911,DN6000,"530001 (Visakhapatnam, Andhra Pradesh)",2025-11-12T09:47:39,whatsapp,red,{nsq_status_fail}
2203259e-dff8-40af-8294-5505f48905a9,1bc5b208997ea100dde9707132fa34eb,8909065355911,DN6000,"560066 (Bengaluru Urban, Karnataka)",2026-01-28T16:35:31,web,red,{nsq_status_fail}
8b402333-3837-4760-80e4-4d97e20d711b,7e288db98d690e02ee53149641dcae71,8909065355911,DN6000,"560001 (Bengaluru Urban, Karnataka)",2026-05-08T12:33:48,whatsapp,red,{nsq_status_fail}
6e95907f-2d4f-4ba0-a76a-ac25b2b24c84,0356f205bf45da367bc86bba2c9e8c12,8901034230701,26091392,"530001 (Visakhapatnam, Andhra Pradesh)",2026-02-02T07:04:48,whatsapp,green,{}
5c015e11-4340-45f3-b19d-dae5873d1bad,40741dc9cd1c9c53d38c4728994b3ee7,8901034230701,26091392,"700001 (Kolkata, West Bengal)",2025-07-01T13:51:57,web,green,{}
e5d22204-c795-4157-88ab-9bf425f4875e,1e155eb406aa21cae5a38c63fbe3753a,8906837996942,24043435,"411045 (Pune, Maharashtra)",2025-08-14T00:41:31,whatsapp,green,{}
73679af7-68e5-400f-ba1a-f0a2c7e1df4a,985785cbf7624bcb7dca94c4e60ba974,8906837996942,24043435,"422001 (Nashik, Maharashtra)",2026-04-30T11:19:47,whatsapp,green,{}
2ecd49a8-9236-42db-bc14-565fb5864bbb,c636eac271f86c5fcf07171339cb3090,8906837996942,24043435,"800001 (Patna, Bihar)",2025-05-17T15:31:31,whatsapp,green,{}
b80d3f01-2a86-41bc-b4f0-30e871a7eb75,26eee125d3a13ce2f747de22c11d3cf6,8904942727187,LN7728,"110019 (North West Delhi, Delhi)",2025-05-04T10:07:32,whatsapp,expired,{expiry_status_fail}
753bd4f8-74ac-4b9d-9269-5dc1ef089285,957d618b36bfe709a4c0f8dd2e2339fc,8907973860299,25069739,"620001 (Tiruchirappalli, Tamil Nadu)",2025-04-11T16:46:18,web,green,{}
3d54457e-6022-418f-b48c-efbac32030ad,43a31d343b2e96be66f0bc03b6171cb2,8907973860299,25069739,"682001 (Ernakulam, Kerala)",2026-04-10T10:28:19,whatsapp,green,{}
5b04c3c6-f53c-4e99-b77c-97dc8189d4d2,c58cb3b3fbc64fc8fbaab1f579bfb5db,8907973860299,25069739,"600028 (Chennai, Tamil Nadu)",2025-10-10T20:42:23,web,green,{}
f749f134-8f66-441b-b5c1-50ed0cba8175,96e6d53cb66b793320238221cf6a9452,8904313264691,VN0282,"600028 (Chennai, Tamil Nadu)",2026-04-28T14:08:04,web,green,{}
47cd6581-25d2-4c7c-b63e-29b2ac6312ef,f8a45d7c13322a6188932da4a622eead,8904313264691,VN0282,"575001 (Mangaluru (Dakshina Kannada), Karnataka)",2026-09-04T17:36:33,whatsapp,green,{}
a9851a61-a171-4328-994d-59a21c4b9455,a4f689f9024ae684c138aeabd1ef4dd1,8909640162122,VC6909,"560066 (Bengaluru Urban, Karnataka)",2026-03-22T18:14:48,whatsapp,green,{}
8ec31dbd-5ab6-46fb-94cc-eb31de0db903,26bf5e07cae33757457b3b72374f0806,8904347358756,LOT25B775,"110019 (North West Delhi, Delhi)",2025-06-13T08:33:44,whatsapp,expired,{expiry_status_fail}
374761ee-b632-4b37-83d5-439cc89b9bf0,dac081f3f4fec1fc2e60e620082e0704,8902941165461,RZ7139,"682001 (Ernakulam, Kerala)",2026-01-25T13:48:24,whatsapp,expired,{expiry_status_fail}
7e45bf19-3a58-48c5-b53a-992a6c896365,f0bf1949cf498427fead9778712e280c,8906631628447,CB2775,"711101 (Howrah, West Bengal)",2025-11-13T17:41:03,whatsapp,red,{nsq_status_fail}
cbcde265-4256-4105-af1f-22c439fabaab,be9ac90745de263ea7373e47ee26c806,8906631628447,CB2775,"695001 (Thiruvananthapuram, Kerala)",2025-05-07T17:04:33,web,red,{nsq_status_fail}
1f25edef-37d2-4a15-a414-3d101b150665,66b426bc9759b329ee652a187df18745,8906631628447,CB2775,"625001 (Madurai, Tamil Nadu)",2025-12-02T21:01:04,whatsapp,red,{nsq_status_fail}
1f266eb7-68e8-4303-924c-3f269a37fc3e,ab9296aad651edfd32c3746f5556740f,8901522284492,24087389,"500001 (Hyderabad, Telangana)",2025-07-16T09:45:45,whatsapp,green,{}
caa0dd90-eacf-4cc4-a7d0-9708ffa67543,52309c21893163aa99a40e3312681cee,8905074921237,LOT24G935,"570001 (Mysuru, Karnataka)",2026-03-24T11:58:34,whatsapp,green,{}
e9626758-04fc-47b0-b8d9-5261d3d79b4c,6f906da63717f6a8cc8a856f3fe79fe5,8905074921237,LOT24G935,"390001 (Vadodara, Gujarat)",2025-11-19T07:43:14,web,green,{}
69ea6e4e-e297-4a2d-b338-4a98f5db7031,6809eb2d3cd1ec536ef13cf979808ec6,8900001499706,EW8138,"411045 (Pune, Maharashtra)",2026-03-11T08:26:45,web,green,{}
a1ea891d-9f5a-4b0f-9ff3-8fe758873e6a,86a2bae1b27ba03d11ec248bf044775d,8904477882870,HP9395,"462001 (Bhopal, Madhya Pradesh)",2025-07-05T08:39:50,whatsapp,green,{}
92ef42eb-f5f7-4071-a4a5-edd194c8cc36,bc9409fc634d3a3f9645cfaefcc0ad63,8904477882870,HP9395,"208001 (Kanpur Nagar, Uttar Pradesh)",2026-09-09T13:23:49,web,green,{}
b165425a-d423-4259-8ad9-ba4119ae5020,a576c4de092ef300bb4b23d1a8736541,8909044851939,26031722,"400072 (Mumbai Suburban, Maharashtra)",2025-11-14T18:55:12,whatsapp,expired,{expiry_status_fail}
7212300f-f50c-4112-a771-f06e036025cf,7c0bb65ca5f97c18420be15584fe1902,8909044851939,26031722,"226001 (Lucknow, Uttar Pradesh)",2025-03-28T14:37:07,whatsapp,expired,{expiry_status_fail}
5e3b6554-60de-4554-af42-cde0782d45ad,55d105f6c6073456425ccafca2119d8e,8905140837385,25084084,"390001 (Vadodara, Gujarat)",2026-06-23T12:17:37,whatsapp,green,{}
ffd0478d-4788-4fe3-9c01-b46dfc98361b,530eb28b25f980f682e223379051c0cc,8905140837385,25084084,"411001 (Pune, Maharashtra)",2026-02-07T09:10:19,web,green,{}
c21b1a70-7a97-45aa-bfcc-0a9946151f4f,f1d78225b870a78726bd2de297feb12f,8905140837385,25084084,"580001 (Dharwad, Karnataka)",2026-01-30T12:13:06,whatsapp,green,{}
8f4a2270-4a37-4c22-8194-21048a5a4602,9d1eaae35f002126570bae8c13d13a54,8904905010350,24079813,"143001 (Amritsar, Punjab)",2026-08-04T14:04:56,whatsapp,red,{nsq_status_fail}
bd41debf-07ff-46d8-a25d-b99b5b6be9b1,6fe7df75b365d01d5e3593ac631e748f,8908234464910,26011618,"440001 (Nagpur, Maharashtra)",2026-06-13T07:50:14,whatsapp,green,{}
bd8ddcc3-97b1-4638-8993-9276268ccb43,79f503f64fd9c41fe0e67138beff2c9f,8903504169052,VR5854,"400601 (Thane, Maharashtra)",2026-04-22T11:55:39,whatsapp,green,{}
2214e497-4aa8-4e1b-afcf-d56181679a50,a7a0819e8de968e7fea81f809db397bb,8903504169052,VR5854,"395001 (Surat, Gujarat)",2025-05-22T20:02:18,web,green,{}
b0e8cee9-092e-4756-a350-04f2ce1648ca,b0ad32f5c38473a7e62af716d3a07482,8904313264691,GQ2820,"620001 (Tiruchirappalli, Tamil Nadu)",2025-09-05T17:28:48,whatsapp,green,{}
1eb9da99-983f-4626-a8a6-77eb17ed6191,6cd81877998eec6a0068e03d15d8f17a,8904313264691,GQ2820,"575001 (Mangaluru (Dakshina Kannada), Karnataka)",2025-05-07T13:49:01,web,green,{}
573c93b4-f0f9-40bf-b226-7ff520bf7fbe,3a70976bc10cbf55028a3e8f24a2494f,8904313264691,GQ2820,"110001 (New Delhi, Delhi)",2025-07-09T11:01:24,web,green,{}
ec903062-666a-4aaa-ad49-48027595db26,ef2fb51aebdf8aae2a25c1924d5ad5d1,8901442334331,25042678,"390001 (Vadodara, Gujarat)",2025-10-22T17:20:21,web,green,{}
d58cc1ec-502e-4ab9-b10e-b1d18b719bba,93cd0524d007dd9dd23b0c89eb45306d,8901442334331,25042678,"110001 (New Delhi, Delhi)",2025-10-10T05:46:13,web,green,{}
a0fc7b1f-b2f8-40c1-abed-d4ae747c9675,b65524fdffe88bad83efade919b8bf66,8901442334331,25042678,"560001 (Bengaluru Urban, Karnataka)",2025-10-26T10:04:53,whatsapp,green,{}
6b6da421-6fdf-4715-a9b1-629d8b9bf41d,7586ce15d3e046c59ba6770a942e0101,8905929968825,MS5166,"600028 (Chennai, Tamil Nadu)",2026-03-18T13:11:22,whatsapp,green,{}
d5628557-4ead-4f1d-a58d-f689a5fdc505,0c8fa750fd3f3dc4f99693fbbe283658,8905929968825,MS5166,"221001 (Varanasi, Uttar Pradesh)",2025-12-26T12:35:40,web,green,{}
a27f65bf-ae30-46fd-b632-7c14256488c3,8c8db975d88be44fe466668360da828b,8903280387266,SV2811,"620001 (Tiruchirappalli, Tamil Nadu)",2025-11-29T12:36:46,whatsapp,green,{}
52a605ac-ef74-4bf0-8f9f-c03e82868003,54fefd194c4585cc07eb89b483dbb00a,8903280387266,SV2811,"380001 (Ahmedabad, Gujarat)",2026-07-27T12:32:36,whatsapp,green,{}
d79d676f-0172-46d3-8be3-2ef11a0b8a87,72aaf17a78f7e9ac24bcb8b0b5cb0af6,8907684236474,AL1027,"620001 (Tiruchirappalli, Tamil Nadu)",2026-08-18T10:42:20,web,green,{}
d0637787-bb42-4b76-a62f-f9c6f50264a1,5185ce1973944403b83bf95f62c13721,8907684236474,AL1027,"700001 (Kolkata, West Bengal)",2025-07-17T12:23:07,whatsapp,green,{}
e538246a-5308-4bfe-88b1-45b5cb3e9729,73e7c3daeee707214540a21e2659fb70,8907684236474,AL1027,"625001 (Madurai, Tamil Nadu)",2026-07-17T10:56:07,whatsapp,green,{}
5f38c5bb-85ce-42e5-a099-70d658d5be55,d18f1b8d3a6468d1b768c301ce6943ba,8901936426455,TU0744,"580001 (Dharwad, Karnataka)",2025-11-21T09:59:11,web,amber,{single_non_official_signal}
82f5bafd-7e31-47d3-9187-683d2ff87b79,b62786627c7cb76985a68ebcfc8a4ba7,8901936426455,TU0744,"360001 (Rajkot, Gujarat)",2025-05-04T11:39:14,whatsapp,amber,{single_non_official_signal}
eff9445c-ea87-4843-88f5-286170ecb58a,c97994829fd499f04ebe43af0d3d08e1,8909430944205,24015651,"570001 (Mysuru, Karnataka)",2025-11-21T12:33:13,whatsapp,amber,{single_non_official_signal}
c97d139b-dd14-468a-9b91-4cf1b233b20a,1f5d875dfd71ce0019a5d68159c444ed,8909430944205,24015651,"695001 (Thiruvananthapuram, Kerala)",2025-07-24T17:20:58,web,amber,{single_non_official_signal}
67dcff3c-cff0-4317-a330-c21f110a0eef,ef2afd060379d4badaee77e117ec236f,8909430944205,24015651,"800001 (Patna, Bihar)",2026-08-13T17:06:34,whatsapp,amber,{single_non_official_signal}
0c8b9247-c760-461f-820f-af27bf769b0d,f6782b67ffcfd4a9272caa345f39d8fe,8904047855131,ND8183,"208001 (Kanpur Nagar, Uttar Pradesh)",2025-07-23T11:27:26,whatsapp,green,{}
2e479dd7-43d5-429e-b1a0-51c0e0ee9978,1dfa0aba1327b9820375c6074f81f531,8903443533184,LOT26H731,"575001 (Mangaluru (Dakshina Kannada), Karnataka)",2026-08-15T07:07:37,web,red,{nsq_status_fail}
6cf1c607-4406-43fc-b0f8-b0f3332374ad,766855a347178d74adcc1cacbe4187c4,8903443533184,LOT26H731,"575001 (Mangaluru (Dakshina Kannada), Karnataka)",2026-01-01T19:49:04,whatsapp,red,{nsq_status_fail}
fc0f4f29-400e-4ca2-8899-b1deffe5a948,c1fdd4b0c8f1d6a2d0aaf87c0f529452,8907130711211,LOT24F986,"500001 (Hyderabad, Telangana)",2026-06-22T16:51:48,web,green,{}
fae72e28-5fb1-4da8-be29-9f2d2feed9a2,c19681baecfecc8f440a5b1d1d16f644,8901442334331,26066510,"395001 (Surat, Gujarat)",2026-09-13T16:59:01,web,green,{}
ede61e89-29cd-45f7-812d-4ec54d371e9a,9a4f81879b315d9ec0a8535051acefb3,8901442334331,26066510,"625001 (Madurai, Tamil Nadu)",2026-06-08T16:26:03,whatsapp,green,{}
8f480d57-891f-4e14-9f54-9a3e847568cf,3a9defe31024a01fba6b59a45ef7f7d5,8901442334331,26066510,"641001 (Coimbatore, Tamil Nadu)",2026-04-09T15:12:43,web,green,{}
92fbc578-b081-4fcd-a454-8d50109912aa,17f6117060d59fc1f73680f72647545c,8907281013737,LOT26F804,"570001 (Mysuru, Karnataka)",2026-07-04T20:14:42,web,green,{}
06532cfb-107d-44dc-8320-af79ba5698d8,401e50dcee243a2ad2f1f7acd8db1efd,8907281013737,LOT26F804,"530001 (Visakhapatnam, Andhra Pradesh)",2025-11-16T12:18:56,whatsapp,green,{}
a770a1bc-c8c4-4c51-aa98-81ddc326121e,26f3669e0627b5ff6b936b96c615e30b,8907281013737,LOT26F804,"641001 (Coimbatore, Tamil Nadu)",2025-06-12T18:08:00,whatsapp,green,{}
e04f3b78-1ab1-4a0b-8d1a-9f3dc258f213,cdcc9c8552524348f4903a7298076ee5,8909640162122,CJ9539,"800001 (Patna, Bihar)",2026-03-19T14:46:20,whatsapp,green,{}
e11dc7e5-6e3b-450c-9d74-cf0eaa4604a6,d5289177dfea5a04986fb19b2d36540f,8904998340203,26045925,"395001 (Surat, Gujarat)",2025-06-16T11:50:16,whatsapp,green,{}
01ee0cc9-a4d7-4970-9601-23f01775c921,1d1dc4d2940178db7d2f4848d2e2aa03,8904998340203,26045925,"226001 (Lucknow, Uttar Pradesh)",2026-08-29T19:15:35,web,green,{}
1bb20389-da2d-462b-9f2e-a7793e4943c2,4229111b194d15964858d71bdfa88268,8904998340203,26045925,"400601 (Thane, Maharashtra)",2025-07-16T22:24:39,web,green,{}
3c0c779a-43fa-4c68-a265-f75155828b9c,e7b94ea26ae6fa54ef856d006232b366,8901257474364,ZM1132,"500001 (Hyderabad, Telangana)",2025-09-14T10:12:26,whatsapp,expired,{expiry_status_fail}
10cf55e8-e6ce-4be1-95cd-80616e96748b,c4fe240cfc322b05febb0806f8ace72f,8908234464910,LOT25G653,"360001 (Rajkot, Gujarat)",2025-10-10T12:09:07,whatsapp,green,{}
c9d991dd-1074-42d8-b085-596ef0fa8f8e,5da06e869a567c491218aa3b14ea2f1d,8908234464910,LOT25G653,"530001 (Visakhapatnam, Andhra Pradesh)",2025-10-05T05:31:52,whatsapp,green,{}
ab00a4e3-0f73-4141-ae47-7e888e6a7111,30dbbc96a886a092c8dbdb57e8d83048,8901402727471,LOT25C849,"226001 (Lucknow, Uttar Pradesh)",2026-06-13T22:28:24,whatsapp,green,{}
8becb257-4635-4eda-bd8e-ef0569cb5c1d,58bc585d8fd233e85dbbcdf7e51e9877,8901402727471,LOT25C849,"590001 (Belagavi, Karnataka)",2025-09-12T12:48:36,whatsapp,green,{}
955d14bd-2f3f-4275-ac67-58b4d3266df9,68e0610bc1d3627b58c374c48022d770,8901402727471,LOT25C849,"462001 (Bhopal, Madhya Pradesh)",2025-04-07T09:40:54,whatsapp,green,{}
201d60fd-4e34-471d-94b7-b3f803133518,5d8b3449bdb2e540a9482c3177535b44,8905733061710,25034108,"400001 (Mumbai City, Maharashtra)",2025-08-22T15:06:45,whatsapp,expired,{expiry_status_fail}
c34b1bee-bcbf-4f9e-bbde-6cf9e3685c7a,973a3fa336c1fe2affd0dd4b1495444f,8905733061710,25034108,"422001 (Nashik, Maharashtra)",2025-03-29T11:17:36,web,expired,{expiry_status_fail}
6859be27-1ff8-4819-b2ce-d96169a7d7a3,5ff65e62183f8537647ccddd9b8cc8a6,8905458944388,LOT24A779,"395001 (Surat, Gujarat)",2026-07-01T00:54:18,web,green,{}
abd0188d-4285-4612-a575-4c7b79ecad03,e721810f1a97da37930b1810feeb5a81,8905458944388,LOT24A779,"590001 (Belagavi, Karnataka)",2026-06-08T18:51:56,whatsapp,green,{}
ee5f2315-765f-45ba-a54b-6acb70a98589,7fcaff3109bc686cd0c4762dd5c00f96,8905458944388,LOT24A779,"360001 (Rajkot, Gujarat)",2026-08-06T06:40:16,web,green,{}
a5f1523e-2d1f-4d88-9d79-91d3f22eee14,5a98e7180d3c5fdfd06038d1e40e8f36,8907573869302,ND5834,"380001 (Ahmedabad, Gujarat)",2025-07-15T10:51:52,whatsapp,expired,{expiry_status_fail}
9c8292d5-0074-42e4-9d21-3df144968979,53608d254d68ec1a1fe56ef4c105ec78,8907573869302,ND5834,"110019 (North West Delhi, Delhi)",2026-08-18T08:06:06,web,expired,{expiry_status_fail}
b4960d5b-796f-4483-9203-f94349ff0dbc,11499fef24da41d3ce912bd83cbbac23,8900151108194,LOT26A143,"462001 (Bhopal, Madhya Pradesh)",2026-02-14T12:49:25,whatsapp,green,{}
c18a0390-95e5-4137-af67-86b4ac67022c,59fd6ff1b72783711382d99b1b7e7046,8900151108194,LOT26A143,"620001 (Tiruchirappalli, Tamil Nadu)",2026-08-19T11:02:01,web,green,{}
cac81b8c-974a-4e30-b4d3-d1242af45aa6,02e28d330711a2638d71d43b87410fb3,8900151108194,LOT26A143,"560066 (Bengaluru Urban, Karnataka)",2025-08-05T15:43:36,whatsapp,green,{}
068fb224-4053-4d69-a84a-94db50db5e50,46fda545e9b552ceaca36b191f035056,8906631628447,25029358,"400072 (Mumbai Suburban, Maharashtra)",2026-05-27T17:36:39,web,red,{nsq_status_fail}
cf9b400d-bc04-4634-80a8-176308b8f252,3b55d34f6ed0cd38253290bf3d36e909,8908794237475,AK8427,"302001 (Jaipur, Rajasthan)",2026-08-07T18:35:29,whatsapp,expired,{expiry_status_fail}
53fbfd7c-86bc-4fdf-91ac-067b0c3aad8b,a7a1c85c8a6fff5f7e9ddfeee96e4506,8908794237475,AK8427,"141001 (Ludhiana, Punjab)",2025-09-01T18:42:30,whatsapp,expired,{expiry_status_fail}
df845faf-bac1-40c2-891c-ee61099ba527,a0f2b387af7852d96f027e1cc5b6f5f0,8908794237475,AK8427,"226001 (Lucknow, Uttar Pradesh)",2026-08-12T09:27:35,whatsapp,expired,{expiry_status_fail}
117b55da-5593-4926-b0d3-c82066b0e8e6,718d977150bb7de0b67b702e1b3ece6e,8907281013737,24093698,"143001 (Amritsar, Punjab)",2026-06-25T08:58:41,whatsapp,green,{}
1995f241-27c5-4e31-9fd8-dfb588cf6119,a13402cf914d50f774f75eee1c1e7016,8907281013737,24093698,"570001 (Mysuru, Karnataka)",2026-06-18T17:21:24,whatsapp,green,{}
267dd2e3-fd0a-4650-b8c4-f547e8336125,9ee3517a9ad645e3bce6cc0829128194,8907281013737,24093698,"411001 (Pune, Maharashtra)",2026-08-12T16:15:25,web,green,{}
40ac5ffe-e9be-436d-af2d-0ebf040cd74f,ad572201b0da137eb47321d402363862,8909044851939,24073323,"122001 (Gurugram, Haryana)",2026-02-14T16:31:07,web,green,{}
1b5e1bd7-56b6-4321-9001-8d250959d89b,a3c0d0261293e1eedb2c467db8e46208,8909044851939,24073323,"400072 (Mumbai Suburban, Maharashtra)",2025-08-07T17:40:25,whatsapp,green,{}
1f9e29fe-2646-489a-83a8-583e732c1af4,0eeb8b99057938b9011be2bdd2afb917,8909044851939,24073323,"560034 (Bengaluru Urban, Karnataka)",2026-06-05T16:32:16,web,green,{}
fdd00663-026b-494f-836f-cd1957399ab0,6c03248515a07a6cca82535485484aeb,8903077944551,24043336,"110001 (New Delhi, Delhi)",2025-07-31T13:34:23,web,green,{}
5808ef66-1e91-4946-abac-55566e9aeafe,cb1659b9238fc19b717cfefc44527e42,8903077944551,24043336,"682001 (Ernakulam, Kerala)",2026-05-13T15:23:50,whatsapp,green,{}
168ec8a9-9409-4eb9-b59d-b5ebf2da6742,f888fca0c23479d50198055775137bc3,8903077944551,24043336,"530001 (Visakhapatnam, Andhra Pradesh)",2026-04-22T11:20:32,web,green,{}
78245c9a-5847-41b6-b019-34190baa5ea4,ac87e7029912d0ee8759e34877ea5d24,8909430944205,LOT24C304,"711101 (Howrah, West Bengal)",2026-02-11T11:01:03,whatsapp,green,{}
b4de013e-0350-47b9-99f6-74c645643289,3e9fa0ddab7fa3bcedb80566c44ea29a,8909430944205,LOT24C304,"600001 (Chennai, Tamil Nadu)",2026-02-28T00:35:38,whatsapp,green,{}
a4608303-e8d9-4bdd-8d14-a126ba06bd1d,af4b2da62141278c66c47254e99bf5fd,8901936426455,PY2719,"122001 (Gurugram, Haryana)",2025-12-01T07:42:53,whatsapp,green,{}
4ba6b816-ece4-4097-9f80-b8b56b2133b3,502f0c59811e59b3d2682fc6d81cecfa,8901936426455,PY2719,"560034 (Bengaluru Urban, Karnataka)",2025-06-30T15:50:04,whatsapp,green,{}
fb1c8b5d-7971-4bab-ad99-c28cfea8ffbd,a89ce709776e676903521f01177fe7f0,8900151108194,26074779,"226001 (Lucknow, Uttar Pradesh)",2025-05-28T12:23:02,whatsapp,green,{}
13c96ef0-756e-4c1b-82bb-944df7c6b342,b2e3c45d41356b3e64c678833b259959,8900151108194,26074779,"143001 (Amritsar, Punjab)",2025-04-04T09:37:37,whatsapp,green,{}
50016bfd-00ba-44ef-a9a1-b14b73b1a613,e68b2419672ad91b48cfb51a25c71ce2,8907005083373,LOT26D899,"580001 (Dharwad, Karnataka)",2025-04-26T19:53:23,web,red,{nsq_status_fail}
2b1b9e3c-9fb4-4f65-8cf8-806eedbde03d,b1c912a640b7a81ae6963fd43888b1da,8907005083373,LOT26D899,"360001 (Rajkot, Gujarat)",2026-04-16T09:29:11,web,red,{nsq_status_fail}
74cbd751-4adb-4b3c-b546-cf74cea632d0,7f11a57a71c0820bd2403c4aab86026a,8907005083373,LOT26D899,"800001 (Patna, Bihar)",2025-12-14T16:44:28,web,red,{nsq_status_fail}
760f61bb-5aa5-4b0f-ae6d-53ddb07c9042,b17b12b4a41e5164423c5a1b48e96b42,8901396005660,LOT24D968,"141001 (Ludhiana, Punjab)",2026-04-20T13:36:29,whatsapp,green,{}
578f33c0-45c5-4836-a50d-ecdd65c3c8c9,9b5090367e4e1e22c74a9f4e43054cec,8905074921237,26012309,"500001 (Hyderabad, Telangana)",2025-08-28T13:06:20,whatsapp,green,{}
c190f37d-ae8d-4def-b4ab-18840c2dfb97,c228f0aed0fec5540b2c4a978d65602c,8903972376374,26093138,"462001 (Bhopal, Madhya Pradesh)",2026-06-09T17:50:42,whatsapp,green,{}
a6d6ae88-7f39-4a41-bf32-b800240ef7f5,16bf47af0fcd7e42d76a2b0693f14bfb,8903972376374,26093138,"570001 (Mysuru, Karnataka)",2025-06-14T17:27:27,whatsapp,green,{}
fb5a2c17-173f-4bfe-a7b6-52ca6495d29f,cb31b9f13f153aa70b41dcfbba7bb6af,8903972376374,26093138,"560001 (Bengaluru Urban, Karnataka)",2026-04-02T08:32:51,web,green,{}
025b3a62-5da6-4520-956a-7e8ffc9dbf6b,f2fb280aeb1dc50243bfca556262963d,8900869910602,26062581,"360001 (Rajkot, Gujarat)",2026-07-04T06:18:05,web,green,{}
c7bc2a48-1a60-4d49-ac40-f33c01c92785,5c4ea131ecc89cb7cc890a12080b6e02,8900869910602,26062581,"600001 (Chennai, Tamil Nadu)",2025-10-02T13:57:32,whatsapp,green,{}
97366f78-dab6-46a7-9486-25b4f88fe4d4,284ab3079508c3231c5ca7b9f6c36ece,8900869910602,26062581,"360001 (Rajkot, Gujarat)",2026-02-13T09:06:25,web,green,{}
f91fdbd3-d478-434b-acd3-3d72133a061d,c3c20e40b00a57c67b375133398264c8,8906418238378,VC1436,"575001 (Mangaluru (Dakshina Kannada), Karnataka)",2025-05-11T18:37:14,whatsapp,green,{}
a1b35c95-fdbf-4c5f-b6e7-62952481dad9,32cb43c37add9e8940be58a16ac8b3d3,8906418238378,VC1436,"462001 (Bhopal, Madhya Pradesh)",2026-03-28T16:26:34,whatsapp,green,{}
a448e4d3-c386-4a2f-97b8-52d10410aef0,044c3cadce230e048058ff99d2ae6bfa,8909430944205,LOT24F337,"800001 (Patna, Bihar)",2026-04-04T09:05:28,web,green,{}
ae3d8bfe-6797-42ec-9574-79e2e2de11ff,e62aff01994c09dbc4d126b7e14e39fe,8901034230701,25111397,"462001 (Bhopal, Madhya Pradesh)",2025-08-23T14:02:01,whatsapp,green,{}
78ccf729-a3ff-4b07-9e58-f07d5155b811,012bced3f50510af038fe00344aa5be4,8901034230701,25111397,"700001 (Kolkata, West Bengal)",2025-06-15T08:36:42,web,green,{}
29a22607-959e-4115-bcd0-c49fadf58c71,c477a9a27c00c29d5722d4625ee887a7,8901034230701,25111397,"682001 (Ernakulam, Kerala)",2025-09-02T11:14:28,web,green,{}
6da68336-b34b-4c85-b226-7f2ad6d8199b,2b0a7277126ae215ad69693e01ce9c96,8904196790188,LOT24D241,"800001 (Patna, Bihar)",2026-07-19T13:42:50,whatsapp,amber,{single_non_official_signal}
c601fc6e-ecea-4866-b06a-2959a744a359,5523bf57fee689d3d6e3b025b7f54045,8904196790188,LOT24D241,"560066 (Bengaluru Urban, Karnataka)",2025-10-03T14:51:32,web,amber,{single_non_official_signal}
e25b492e-88b7-44f6-be5d-02c8906568d6,784ebb9ec75877542eb5231df6f4336a,8909807559534,LOT25B747,"400072 (Mumbai Suburban, Maharashtra)",2025-04-24T14:00:26,web,green,{}
a44c5d2c-2ef1-4e7f-a4c8-84394ff58396,66a4f8e6d01b47dfdb3f8bc58bc3236f,8909807559534,LOT25B747,"620001 (Tiruchirappalli, Tamil Nadu)",2025-04-13T15:38:46,whatsapp,green,{}
1f4d8d2c-0aee-44ee-8e51-78040f2cf126,e149864c8beedc548880153c7cfb574b,8907877908912,26093134,"560034 (Bengaluru Urban, Karnataka)",2025-04-23T17:32:22,whatsapp,green,{}
85a851be-66a1-4ea9-ada5-d57deba9f522,06e73d828222d98a8149a36ba592e086,8907877908912,26093134,"422001 (Nashik, Maharashtra)",2026-04-12T10:31:22,whatsapp,green,{}
7c741faa-a296-4b6b-82b2-45e4aeda2282,764228a8738ab5801573f117a4ab4d2f,8902457859302,LOT25E737,"620001 (Tiruchirappalli, Tamil Nadu)",2025-09-24T21:59:23,web,green,{}
ea0bb3c5-6f92-4db4-bacf-f4517292c710,2fac3561d21e7fe86db4ebc9dd1bbebc,8902457859302,LOT25E737,"452001 (Indore, Madhya Pradesh)",2025-11-13T23:21:42,whatsapp,green,{}
1e0e4771-3506-417e-9e1e-30af718f74f5,a9b2d68c5f0895e0131d580a28ca8607,8906961658051,TM1006,"700001 (Kolkata, West Bengal)",2025-09-08T04:06:00,web,red,{nsq_status_fail}
1c44647a-d84a-40f3-b44a-1f118a48b750,19e0d068ecc82233b9ecaefefe21cbb8,8906961658051,TM1006,"390001 (Vadodara, Gujarat)",2025-04-20T14:21:51,whatsapp,red,{nsq_status_fail}
5f64e534-3226-41f7-bdfa-f20a6635b5d4,675812b2090b7723165997e06c1010f7,8906961658051,TM1006,"141001 (Ludhiana, Punjab)",2025-10-04T16:18:39,whatsapp,red,{nsq_status_fail}
c14a6ac3-a334-416b-8759-5e4bf48a1e5d,f295db71531655afb7605b15f2315564,8900151108194,LOT26D546,"641001 (Coimbatore, Tamil Nadu)",2025-12-24T15:17:21,web,green,{}
792d1e3c-efd1-47b6-b256-e4cf72867231,2e9c2a91b7b57f7044833972e3955388,8900151108194,LOT26D546,"462001 (Bhopal, Madhya Pradesh)",2026-07-19T12:27:07,whatsapp,green,{}
aa6b7ce4-c81f-4ee7-a51c-ccc3724a0c13,5bd6c4da5c1466cb39ca48d8c261d39e,8901213895693,25021440,"226001 (Lucknow, Uttar Pradesh)",2025-09-17T10:02:58,whatsapp,red,{nsq_status_fail}
112f5dbe-c7c6-446f-a308-f353b90f8618,ed695833feb5b429f4cad194985da115,8901213895693,25021440,"411045 (Pune, Maharashtra)",2026-04-07T11:57:49,web,red,{nsq_status_fail}
8a6c0943-6f31-49b6-9f5f-0901aaafeb18,caec59ffc96729b77d37a4e550952bb3,8901213895693,25021440,"700001 (Kolkata, West Bengal)",2026-08-03T17:28:14,whatsapp,red,{nsq_status_fail}
f81023f6-11b6-4813-95b2-4882f241e75d,adf5595c9288976d1286441dbda9899d,8901213895693,25021440,"110019 (North West Delhi, Delhi)",2026-03-10T12:56:34,whatsapp,red,{nsq_status_fail}
a7bba927-e01e-42eb-badf-629010eed574,2a64dfc10e837d2499c3cc4d7c2fbca5,8901213895693,25021440,"380001 (Ahmedabad, Gujarat)",2025-11-21T12:15:51,whatsapp,red,{nsq_status_fail}
f670816f-8fa0-4ec1-b1f7-21897662c49c,5bedff6b181b4e2b5c61b0067b966b3f,8901213895693,25021440,"625001 (Madurai, Tamil Nadu)",2026-09-09T12:37:50,whatsapp,red,{nsq_status_fail}
959125ff-37ca-4ea1-b79f-db563943f2ea,95ab4c8f1519c0e3905a47a842037af8,8901213895693,25021440,"600028 (Chennai, Tamil Nadu)",2026-09-16T14:28:36,whatsapp,red,{nsq_status_fail}
8a0413bd-225d-4320-a067-9887abb66b9a,d101320b077dbee31bf2633a83dfe86a,8901213895693,25021440,"411045 (Pune, Maharashtra)",2026-09-17T12:38:37,web,red,{nsq_status_fail}
e9570845-4bbd-4a4a-bf15-6e830b67c4ef,0d24b67bfd85d9e72ca76d298bdd107e,8901213895693,25021440,"141001 (Ludhiana, Punjab)",2025-10-22T13:30:45,web,red,{nsq_status_fail}
5a3cfac8-91ed-4c6d-ab93-75297ec30d41,c10725b95df4d7ed73aa6f8ce96c0479,8901213895693,25021440,"221001 (Varanasi, Uttar Pradesh)",2025-05-05T17:05:04,whatsapp,red,{nsq_status_fail}
d821f2bb-51fe-421f-a935-497115c1cacc,92d3b1ddb981cd1ed09f98db8f82af50,8901213895693,25021440,"711101 (Howrah, West Bengal)",2025-06-03T20:59:29,whatsapp,red,{nsq_status_fail}
c3a8afce-36dc-44b6-920b-74c88266fffd,4b1d5d3ed07d2648029a0e718c8bcd08,8901213895693,25021440,"422001 (Nashik, Maharashtra)",2025-08-26T07:33:18,web,red,{nsq_status_fail}
747039d0-2244-40e9-a09a-844a827369d8,07ff0f361eac644e8228be1957ddc22e,8901213895693,25021440,"600001 (Chennai, Tamil Nadu)",2026-02-11T18:48:31,web,red,{nsq_status_fail}
6b2517af-7fb0-4130-bc19-54cc620736b9,84b523ea4984f7ab3f211658864dd7af,8901213895693,25021440,"560066 (Bengaluru Urban, Karnataka)",2025-04-30T12:17:59,web,red,{nsq_status_fail}
f2fb0780-cdf7-4743-8097-d3aa2ea4bac9,80d7c887fa214f26be00040e15785431,8901213895693,25021440,"360001 (Rajkot, Gujarat)",2025-05-17T17:07:39,whatsapp,red,{nsq_status_fail}
87989291-4a2b-4e0a-9d1b-a7b291c7b5c4,dd7480a299563985ed4cf1b72c3e5ec3,8901213895693,25021440,"695001 (Thiruvananthapuram, Kerala)",2026-07-11T18:22:20,whatsapp,red,{nsq_status_fail}
a4dcb324-d0bf-4c19-93d9-22099b474cf6,0b96f84770180047585a0f74904f71fd,8901213895693,25021440,"452001 (Indore, Madhya Pradesh)",2026-03-28T20:39:03,web,red,{nsq_status_fail}
3088c68d-8707-466f-9ad8-475a4af3ca39,cce2ba594e6178a9b1e1f9903342d057,8901213895693,25021440,"422001 (Nashik, Maharashtra)",2026-01-12T19:44:08,whatsapp,red,{nsq_status_fail}
d0965bb4-3507-4299-9a9d-56681de005cb,ca66a925aedd5e70aa6c941d778506ef,8901213895693,25021440,"560001 (Bengaluru Urban, Karnataka)",2026-02-19T17:00:29,web,red,{nsq_status_fail}
c871bb14-6703-4f1b-a4b6-0f80c0c70871,07a83f6550b8acf4d3ebeca65281ef1a,8901506705318,24097777,"560066 (Bengaluru Urban, Karnataka)",2026-07-03T15:41:00,web,green,{}
48d506ad-5c81-4128-b3b2-9c66e7507607,bee959a2ca0b416f2150fa4e8f48b6af,8901506705318,24097777,"560001 (Bengaluru Urban, Karnataka)",2026-02-21T08:07:48,web,green,{}
ac12ace0-5c00-44d3-b91b-aa6a38864e59,afea2a68c5d884be0533cf98ff9394c7,8909640162122,25108039,"695001 (Thiruvananthapuram, Kerala)",2026-09-18T00:33:46,whatsapp,green,{}
dfb8d328-c66f-4cbb-8d46-414037e87251,dddb5780af3f9b3977cc53bbe01ed0b0,8908884408084,LOT24C517,"682001 (Ernakulam, Kerala)",2025-06-29T13:04:18,web,green,{}
18bf85df-7788-4923-98ec-b933cbf87660,7d14aad102d2582b9f3a37dca45e309c,8908673062232,LOT26C307,"400072 (Mumbai Suburban, Maharashtra)",2026-01-04T10:03:10,whatsapp,green,{}
3fe11a2a-6db4-4e2e-82c4-9533341ae906,d6ce707b2b3e303af0a5290a7bae83ca,8908673062232,LOT26C307,"530001 (Visakhapatnam, Andhra Pradesh)",2025-06-28T15:36:29,whatsapp,green,{}
ddc4e8e5-aa5b-4417-8851-faf80e8ae312,a2509b9c5b2da602eecdc1bfc6d036bc,8908424419897,VT5503,"400072 (Mumbai Suburban, Maharashtra)",2026-02-17T19:37:31,whatsapp,red,{nsq_status_fail}
0eb9e30a-3803-491a-9d32-73d08ea980d5,e6476dd9cc8538229e79810f5d6e6914,8908424419897,VT5503,"462001 (Bhopal, Madhya Pradesh)",2025-06-28T10:51:44,whatsapp,red,{nsq_status_fail}
af9c1e70-8114-485f-9ee0-0d84a33c99f4,bf3734c1462f5d532acf2d06ca482447,8908424419897,VT5503,"711101 (Howrah, West Bengal)",2025-07-04T12:12:40,whatsapp,red,{nsq_status_fail}
6167d029-5fe6-4e83-8344-270eb63cc3fa,87d7d0b2b9dc1a05a7cdafc3bdba6d0a,8901034230701,WG1811,"530001 (Visakhapatnam, Andhra Pradesh)",2025-07-23T18:21:29,whatsapp,green,{}
cfdb3cf9-5d1b-4d27-aa8d-65969104cba9,c33398f99cdacc92c9cb2db3e003636c,8901034230701,WG1811,"560034 (Bengaluru Urban, Karnataka)",2025-11-18T10:37:52,whatsapp,green,{}
f46effd2-dc0f-42f4-862b-554826c2988f,d44388ff057f73af3a86ed80aa14b75f,8901034230701,WG1811,"302001 (Jaipur, Rajasthan)",2025-06-20T08:48:53,whatsapp,green,{}
b16589ac-0a87-4d8b-b524-6d50fedab836,3901d1672b86400dae142fd8fff1e1b0,8905140837385,LOT25F318,"422001 (Nashik, Maharashtra)",2026-07-06T08:51:51,whatsapp,green,{}
c35a4d04-c302-44ad-ba8d-612fe489e29e,4a65477671cf898042c0ce2de5222270,8905140837385,LOT25F318,"302001 (Jaipur, Rajasthan)",2026-03-29T08:00:04,web,green,{}
6699608a-61df-427a-9fe3-5396698eda60,54c437cb6ff7d89d116b1c2978881be0,8903280387266,GQ3634,"208001 (Kanpur Nagar, Uttar Pradesh)",2025-12-12T14:39:11,whatsapp,green,{}
bcb15d3c-09cc-4c39-ad0a-698c9ad758d2,f06f012b76572206b60147754155ca7c,8901506705318,LOT24B844,"221001 (Varanasi, Uttar Pradesh)",2026-06-05T19:28:51,web,green,{}
01da312f-a4fe-4b87-b488-fd1730d66f78,4d2bb79182d320699afe544b256ef4fe,8901506705318,LOT24B844,"395001 (Surat, Gujarat)",2026-06-26T08:42:59,whatsapp,green,{}
a856c9e0-463b-425f-b27a-db5ecbc64f92,d08d8cfe5e838ac2f8485d9aaafcf90c,8908996591367,LOT25E521,"395001 (Surat, Gujarat)",2025-08-09T11:54:08,whatsapp,red,{nsq_status_fail}
a0e0967c-c4e9-452b-806a-9aed868154ab,de17a70c21bcd5a19933361a568f6d5c,8908996591367,LOT25E521,"411045 (Pune, Maharashtra)",2025-07-10T11:37:58,web,red,{nsq_status_fail}
90c80010-d09c-419d-a13e-b5f47a7ddd80,021ab5e8218972033c25b6573031020b,8908996591367,LOT25E521,"122001 (Gurugram, Haryana)",2025-10-10T23:28:21,whatsapp,red,{nsq_status_fail}
29d82fd6-b3b5-4cd0-adab-0056a096744c,06423ee8a924dda56612fbbd9dce68f4,8904942727187,LOT25H808,"143001 (Amritsar, Punjab)",2025-12-10T13:12:26,whatsapp,green,{}
24be4b62-9c94-4ff8-965f-628c1780d278,ceade3bbc16f2270e6c10c7434bc3066,8904942727187,LOT25H808,"400601 (Thane, Maharashtra)",2026-04-18T11:31:14,whatsapp,green,{}
047fe8a5-e43e-4b58-a138-4a28a8c7e05a,0754b93a670dc759709db8d90d3890f2,8904942727187,LOT25H808,"711101 (Howrah, West Bengal)",2026-08-04T13:19:20,web,green,{}
fa7c1414-0873-44aa-be2b-097b36015508,cf9859db7a8a91958b3fbd4ed7a6c246,8907573869302,LOT24H489,"600001 (Chennai, Tamil Nadu)",2026-05-16T09:05:31,whatsapp,green,{}
6e8881e6-d5dc-4f2e-aef8-f4a015673dac,353312e333c7c99197f4407c649e9177,8907573869302,LOT24H489,"143001 (Amritsar, Punjab)",2026-06-23T22:39:20,whatsapp,green,{}
cb95d139-f13d-4f7f-a3aa-39851f729fff,a370c81f5443d9005ba2b0282ef506d5,8907573869302,LOT24H489,"208001 (Kanpur Nagar, Uttar Pradesh)",2025-10-15T17:08:07,web,green,{}
4540062c-0db2-4bb6-9e78-9b4b7502a83f,9df8877ed8e1a091f376d96ef7e2105e,8905140837385,25013550,"600001 (Chennai, Tamil Nadu)",2025-08-07T10:01:38,whatsapp,green,{}
c4287193-986c-484b-8dfa-4ff21d5d12f3,bffb09aaee6162cd83522a75c3178d25,8902374543839,TQ2221,"380001 (Ahmedabad, Gujarat)",2026-01-15T15:44:46,whatsapp,amber,{single_non_official_signal}
48a0f24a-8674-405b-b703-9f6d407a8994,90bc185cca6e0419be7955d73b8481df,8902374543839,TQ2221,"302001 (Jaipur, Rajasthan)",2026-09-18T19:19:04,whatsapp,amber,{single_non_official_signal}
c9b8440e-afe7-4ac5-b28f-d434e98bf006,ee43e107548952c3b09c7bf6a40cc7c0,8902374543839,TQ2221,"560066 (Bengaluru Urban, Karnataka)",2025-12-11T11:57:15,whatsapp,amber,{single_non_official_signal}
39f295aa-6373-4af7-8e2f-d4d0b6435887,362bf95917cb1dae848805844c9167b7,8904520635707,ST7189,"360001 (Rajkot, Gujarat)",2026-05-21T12:28:42,whatsapp,green,{}
50b25765-4620-4e1d-8a7b-8f3e81a93772,97f8747fab803db829aeff29fe427ba2,8904520635707,ST7189,"411001 (Pune, Maharashtra)",2025-05-15T10:52:56,whatsapp,green,{}
35ba37b4-ae06-4519-a1ef-8406d71e7342,6c0bad87d21c7c4ac4e52f28c7b89042,8904520635707,ST7189,"590001 (Belagavi, Karnataka)",2026-01-15T09:00:32,whatsapp,green,{}
bb2a273f-06e9-45e5-8aa3-fe361a0a50e9,cb9caa082450542ad9473a523ff813bd,8901936426455,25056815,"570001 (Mysuru, Karnataka)",2026-08-14T12:00:05,whatsapp,green,{}
9d31aa15-932c-4b17-9888-5abee9fa40a7,da4040bff4a8d82f7e966c567c9863b6,8901936426455,25056815,"800001 (Patna, Bihar)",2026-01-22T14:27:58,whatsapp,green,{}
d0d61329-6761-4d00-93ab-10afe52577f6,0e4bd5cbe9935d38a5f973341fbf4ea2,8901936426455,25056815,"400601 (Thane, Maharashtra)",2026-04-20T18:29:42,web,green,{}
9dbb3f7b-ed4b-4917-939e-8db3a66b2a66,7b43908d4ee72e553716411803e1e149,8904520635707,25029084,"560066 (Bengaluru Urban, Karnataka)",2026-04-03T10:07:28,whatsapp,expired,{expiry_status_fail}
d833bf68-fc37-4586-be0b-dd021b9f01f6,b28d57400f6e03788d391825a68ce802,8904520635707,25029084,"641001 (Coimbatore, Tamil Nadu)",2025-05-21T14:18:33,web,expired,{expiry_status_fail}
5b3a8821-3e92-4702-8dee-2535069de526,29780799444aa80228939b11db09975d,8904520635707,25029084,"422001 (Nashik, Maharashtra)",2025-08-10T18:09:52,whatsapp,expired,{expiry_status_fail}
b7e558e0-2cff-4432-82c3-a9760d5bec71,85221fe85bd93f3da0d0eacc68abe51a,8902822344786,LOT26A134,"641001 (Coimbatore, Tamil Nadu)",2025-11-10T14:25:21,whatsapp,green,{}
6070d7fe-3f66-4a9d-9e36-98f341a15b82,8cd441bd182b4af4abd4d5b37e60c98e,8902822344786,LOT26A134,"800001 (Patna, Bihar)",2025-10-20T14:54:06,web,green,{}
cc082511-4458-471f-945f-228f23d56abe,cc54850e4220a6d63a772664e2cd8a78,8901936426455,25054472,"600001 (Chennai, Tamil Nadu)",2025-06-16T18:35:02,web,green,{}
06f420e6-2869-4ac5-af9a-29e7f7afb698,9dc94bc244c5fb949528fbb14dbdc16a,8907281013737,24046698,"110001 (New Delhi, Delhi)",2025-05-11T22:42:55,whatsapp,green,{}
2031c730-2266-4315-86b4-e8d46703d6b6,56a5adc8630b7ffc1944678e951977f6,8907281013737,24046698,"600028 (Chennai, Tamil Nadu)",2026-06-03T18:36:18,web,green,{}
e255d990-d1d8-4d0a-9750-4a37251251fc,c1fd6e4f3df9cc39a84bc517a5b9f4be,8907281013737,24046698,"411001 (Pune, Maharashtra)",2025-12-30T15:38:21,whatsapp,green,{}
cd49e70e-55ed-4a42-9246-c9b8c7e0945d,e621ef2bb91f7322e40d5321e9ea5b5e,8904047855131,ZC6832,"695001 (Thiruvananthapuram, Kerala)",2025-11-21T10:58:13,whatsapp,amber,{single_non_official_signal}
d4b2bdac-abe7-4337-92a9-8937f2687d36,4bdf91a56573949618540606175f2209,8908141881974,LOT25E570,"570001 (Mysuru, Karnataka)",2025-06-26T11:27:47,whatsapp,green,{}
8a27951a-d620-4e7f-94ef-be504499976e,79cdac8b2fa5b3e4d388c6693f9a7e62,8908141881974,LOT25E570,"462001 (Bhopal, Madhya Pradesh)",2026-06-13T01:45:30,whatsapp,green,{}
74b9ca19-9405-47ed-abdf-e2fcd5cb279e,1181dc2265e4e71507dbbab268f27a8b,8908141881974,LOT25E570,"620001 (Tiruchirappalli, Tamil Nadu)",2025-04-23T10:37:37,web,green,{}
b3ca9f25-43e8-49d3-87de-fde796ba5344,384ff7075e3890f470f3ab5e9f722613,8900138357454,LN3749,"400001 (Mumbai City, Maharashtra)",2026-04-25T08:39:59,whatsapp,green,{}
8307c6d5-c448-4850-8c0f-f89e2299c627,9da17a723c97bba6d5cd7db9f6949d1d,8900138357454,LN3749,"682001 (Ernakulam, Kerala)",2025-09-02T12:53:23,whatsapp,green,{}
2020b369-ae04-41b3-b96a-ffd7d41b0d05,8d118b4da02ef7e2d624d43acea550ef,8902623846571,26012812,"560034 (Bengaluru Urban, Karnataka)",2026-05-11T07:07:30,whatsapp,green,{}
c1d9fc61-e10d-4ebc-8a95-0c9992f9761d,cce886e9fb784bf963f185b8ed580a52,8904347358756,LOT26F631,"226001 (Lucknow, Uttar Pradesh)",2025-06-17T17:07:24,whatsapp,green,{}
20fb60d9-091a-4c6d-b73f-1affb5cb9623,ad2a4ea4c6883290ee202ee5bd666bda,8906113462677,25053448,"208001 (Kanpur Nagar, Uttar Pradesh)",2025-12-21T05:23:26,web,green,{}
1654a4e2-4308-4e71-bb26-0a5fb1a94b05,ddce17cc30842de2b196e61eb35dc342,8906113462677,25053448,"590001 (Belagavi, Karnataka)",2026-01-25T08:26:49,whatsapp,green,{}
319f68b4-f110-4fc9-95e8-4dcefb777450,76a8ee9326350d490a422a01351718a3,8906113462677,25053448,"390001 (Vadodara, Gujarat)",2026-04-28T16:07:11,whatsapp,green,{}
f2ccaba5-174f-41cc-bb18-4db296feda9c,a46ef74e56eb4e8960b0078fb18705bd,8907684236474,LOT26G255,"560034 (Bengaluru Urban, Karnataka)",2026-04-06T14:07:16,whatsapp,green,{}
f0a331d3-c0d9-466b-82ab-5c7faff86b8b,cfdaebad4fe13b9f66c28a5ecc339f0b,8907684236474,CH7913,"360001 (Rajkot, Gujarat)",2026-05-27T18:19:56,whatsapp,red,{nsq_status_fail}
39ff9448-163d-4491-9ce2-dacdd21e7557,28eec562009f78f51a0236876a1871f5,8907684236474,CH7913,"411001 (Pune, Maharashtra)",2026-09-09T10:16:40,whatsapp,red,{nsq_status_fail}
69e289d8-66cb-48e3-8642-70b61982a0ab,972bd8fffa0ba04e400bf7805dff83b3,8907684236474,CH7913,"500001 (Hyderabad, Telangana)",2025-04-28T14:47:48,web,red,{nsq_status_fail}
834e01ad-a824-4f3a-9e78-d1eb70e0bf2b,cb7aaaa22d1e76b1f70e3d7926f8fca1,8900001499706,LOT26F875,"440001 (Nagpur, Maharashtra)",2025-09-02T17:00:01,web,green,{}
9d8f3bff-d223-4f5d-b79d-7231856bc1ea,38f230ce0759d1b17bbf4c48f42c3cd0,8900001499706,LOT26F875,"452001 (Indore, Madhya Pradesh)",2025-05-22T18:49:00,whatsapp,green,{}
96f3c8c2-f934-4bb7-a622-e047aa52810f,b4d4d14ae4d20710c5f9d415bfd3143c,8900001499706,LOT26F875,"452001 (Indore, Madhya Pradesh)",2026-06-19T16:59:36,whatsapp,green,{}
2bc2a567-7c81-4e90-99cd-215fd39ba011,68d75be75f79d5f73e9d99455070f7d0,8906837996942,26037578,"700001 (Kolkata, West Bengal)",2025-10-06T07:39:49,whatsapp,green,{}
8ef44752-6ab7-4f70-bb3f-4389dba1dc87,be5c3e1afc1000ba3dc022dcc5232feb,8906837996942,26037578,"700001 (Kolkata, West Bengal)",2025-09-18T08:43:34,whatsapp,green,{}
ddf315a7-c0c0-43bd-852b-e4a89903d380,7fec7c8817389323b891c85dac08bc82,8902527998151,NR7544,"590001 (Belagavi, Karnataka)",2026-06-06T07:39:07,whatsapp,green,{}
18deb273-7f9b-4dd9-913b-8a20183270e3,2dd2ceb898a415fefb62774edb63c59c,8902527998151,NR7544,"440001 (Nagpur, Maharashtra)",2025-09-10T18:04:43,web,green,{}
be38a46a-725c-4cf6-95ae-4c3537415a53,248a66893e8d6447afa6f2c2234de322,8902527998151,NR7544,"400001 (Mumbai City, Maharashtra)",2026-05-02T08:49:45,whatsapp,green,{}
78a79335-e04d-4ca2-8254-0baf2bce28a5,8e56c8585fc1e62112106d421979f208,8902527998151,NR7544,"452001 (Indore, Madhya Pradesh)",2026-01-12T22:41:22,web,green,{}
01a39c7c-0532-4baf-9b8c-332039d943a5,569110b93f82d54bad333662a09bc016,8902527998151,NR7544,"110019 (North West Delhi, Delhi)",2025-04-24T15:47:22,whatsapp,green,{}
65e89154-ed9e-4eba-a418-37ef14416b9d,a8f54b1b6a325bb7bac14df8e6615ca3,8902527998151,NR7544,"226001 (Lucknow, Uttar Pradesh)",2025-12-13T02:36:45,whatsapp,green,{}
3c3e837a-79b2-4056-8714-e64435d1da10,a1b4ffda3f71dde0d8f20453c1bd8538,8902527998151,NR7544,"422001 (Nashik, Maharashtra)",2025-04-12T09:00:27,whatsapp,green,{}
12cac0d9-0d03-4059-a902-c9a5170f5ced,f0e3be80664ffb0658ca67c5e47761fb,8902527998151,NR7544,"411045 (Pune, Maharashtra)",2026-01-17T00:36:14,whatsapp,green,{}
fd5ef30e-44fd-4ba9-ab97-21e9e068e0da,d1bea9f733c1d3ef3cd550a6413b1bfb,8902527998151,NR7544,"590001 (Belagavi, Karnataka)",2025-11-04T16:13:06,whatsapp,green,{}
d0d2e0bb-82af-4a8e-bfe3-597e7d1029e1,10b55a35d1d1f7107600ca64d776bbe5,8902527998151,NR7544,"641001 (Coimbatore, Tamil Nadu)",2026-07-21T13:24:40,whatsapp,green,{}
8a73dddb-7c27-4084-9e78-239da4fb9400,ac9d2c56e8e746bca5cd77cee5340825,8904275270366,LOT25H191,"641001 (Coimbatore, Tamil Nadu)",2025-04-11T19:40:48,web,green,{}
1073b949-3e53-49da-acb4-f035fe94bb03,349d070b5bf346da6d03b58cf83154ee,8901257474364,XP6947,"560001 (Bengaluru Urban, Karnataka)",2026-03-30T16:19:57,whatsapp,green,{}
62cf33b1-1949-486d-9072-d51c2a6a929f,10853b80697c4cac7d0576151596ee21,8902183033258,LOT24D321,"380001 (Ahmedabad, Gujarat)",2025-08-30T17:52:06,whatsapp,green,{}
f3ae8969-44e2-4552-8fa1-c8c255b66a89,6f40ff61bfcdf959ab2b7bb1319ce002,8902183033258,LOT24D321,"575001 (Mangaluru (Dakshina Kannada), Karnataka)",2025-11-27T22:07:57,web,green,{}
549112a6-4840-48c9-9e69-8a6eb184bd6e,4e66aa01f7b4ffa30699ecfc3bbe5902,8902183033258,LOT24D321,"110001 (New Delhi, Delhi)",2025-09-20T11:27:10,whatsapp,green,{}
849937e2-31f9-4d1b-b13a-c107db985cf7,f12abb9175c1b75d005e8484d570c189,8903504169052,LOT25F568,"500001 (Hyderabad, Telangana)",2026-02-25T18:15:31,whatsapp,green,{}
edcdae17-db5e-4d52-9604-6659dc098c31,3fbfc7c8595033b5db3b0f9ee2d56773,8903504169052,LOT25F568,"711101 (Howrah, West Bengal)",2025-09-11T12:22:34,whatsapp,green,{}
b133f259-a955-459b-ae16-d56cd4546b09,ef705f38613113289605b482c53b7716,8909873411325,25045738,"380001 (Ahmedabad, Gujarat)",2026-08-10T18:49:15,whatsapp,amber,{single_non_official_signal}
888a583e-7e1a-4d5f-a853-6d14756ea9e6,c6e80bcac7e9c4a6bb89d3fbbcb557e8,8901179453447,25033326,"695001 (Thiruvananthapuram, Kerala)",2026-01-10T17:46:05,whatsapp,expired,{expiry_status_fail}
d7e7dad7-0149-4a79-aa1c-2e3721c8db55,693dc8f7128b054e5d15d625367d1dc9,8905140837385,26111590,"208001 (Kanpur Nagar, Uttar Pradesh)",2025-06-24T10:05:56,web,green,{}
c67911d6-d0cb-4726-b790-f99d49d0de0d,d3d6aaa5836540756ce5a37c3e0fa194,8901636102071,GL8163,"641001 (Coimbatore, Tamil Nadu)",2026-01-07T08:48:52,whatsapp,green,{}
fb290826-637e-42fc-85b5-94a68e94ef47,3a14812c4e0cfa0cde64d95c420350dd,8901636102071,GL8163,"440001 (Nagpur, Maharashtra)",2025-04-24T14:19:22,web,green,{}
d0b6e520-98b1-4eec-8d3e-284592dd13ff,3bc0113f1f88d73acef7655c0aed18d0,8907684236474,EQ0403,"560034 (Bengaluru Urban, Karnataka)",2026-02-08T17:53:14,web,green,{}
403e75b7-db15-4f99-9c8c-f47d8f9a9038,543b5c3662c0a072d286b616b20b21f9,8907684236474,EQ0403,"590001 (Belagavi, Karnataka)",2025-06-19T10:19:33,web,green,{}
76050c6b-3e01-4f80-b0c5-f27048865936,12a27873a1fdb462d806ea982a36a65d,8907684236474,EQ0403,"625001 (Madurai, Tamil Nadu)",2025-08-06T18:25:35,web,green,{}
878a5812-4586-4c7d-90f5-9d22cab9e800,266f74c5487fd497fc417ce62ecceaa5,8909044851939,LOT26G903,"600001 (Chennai, Tamil Nadu)",2026-04-28T21:40:54,web,green,{}
18a27279-5cf0-4d69-807f-4c5765370d35,5e285c9575b4839c94ec7bb772a6c080,8900869910602,24098303,"221001 (Varanasi, Uttar Pradesh)",2026-01-18T18:21:25,web,green,{}
7938ed34-f1a1-4e2d-ac1c-ca14d85c9e36,facbd00c822f5d2e852baea8076f06f8,8900869910602,24098303,"560001 (Bengaluru Urban, Karnataka)",2025-08-26T13:07:52,web,green,{}
9d5d0b69-4f9e-4af6-a7f8-f04e936a6116,ba33afec84d513af00f97c1f7d508ef6,8902334315255,24114667,"575001 (Mangaluru (Dakshina Kannada), Karnataka)",2025-06-19T21:48:06,whatsapp,expired,{expiry_status_fail}
51116db5-1a8f-4847-ab8c-a900f8fb5586,0ec60044a617a094ddc1fbd6e858630f,8902334315255,24114667,"560001 (Bengaluru Urban, Karnataka)",2025-06-06T13:14:08,whatsapp,expired,{expiry_status_fail}
7b09807c-4a78-4acc-b490-7c732f1a8e23,6c2906aab2d4f465d73dc0cc5263cc43,8902334315255,24114667,"440001 (Nagpur, Maharashtra)",2025-08-17T12:17:05,whatsapp,expired,{expiry_status_fail}
d2b9f499-509e-4bf7-86ab-f2ea81fd5eeb,d62552fe58754fbe3d49fe4b5c88d2e8,8908794237475,LOT26D383,"141001 (Ludhiana, Punjab)",2026-02-18T11:59:48,whatsapp,green,{}
b8827981-adb4-4341-a4b0-58573db7f4d3,fa73c405ff7ff2b58324d72b169c9e12,8908995169817,LOT24D758,"590001 (Belagavi, Karnataka)",2025-12-03T13:37:48,web,red,{nsq_status_fail}
ce3a90eb-8e3b-428c-9a2e-549e10294d54,75098add8cbeb8dca72ad7dce26d214b,8908995169817,LOT24D758,"560066 (Bengaluru Urban, Karnataka)",2025-07-14T13:23:01,web,red,{nsq_status_fail}
bc9be950-b162-4045-927e-f72fea57b639,88c32ea800bc255ef474df3412f7adda,8908995169817,LOT24D758,"221001 (Varanasi, Uttar Pradesh)",2026-05-26T13:14:36,whatsapp,red,{nsq_status_fail}
2ad78b59-6d91-4f53-bdde-ef54903fc924,9e85002898918c5d8c051713f4c9e98d,8901795675954,24061339,"122001 (Gurugram, Haryana)",2026-03-10T18:29:44,whatsapp,expired,{expiry_status_fail}
f5b6f080-ea5d-4847-8b5e-916e7b3dfffb,7602d58b9ba4ff01177e5c42147515a0,8904347358756,25125957,"440001 (Nagpur, Maharashtra)",2026-06-19T10:51:44,whatsapp,amber,{single_non_official_signal}
512103c2-1d59-4a85-aaff-3e5402d781cf,2c3aa1b038b29cae59694702bcfc97da,8905027043841,LOT24A972,"800001 (Patna, Bihar)",2026-03-18T09:20:32,web,green,{}
117c11d3-8779-490d-97ad-8fa53fc8179e,501aa1e1b24536d82aab30efeed96c30,8905027043841,LOT24A972,"590001 (Belagavi, Karnataka)",2026-04-05T10:03:23,web,green,{}
c7587c4d-3239-4492-b956-ac4ff33c3c46,32095ee70a2c690551f9a760d0b9cb6b,8905027043841,LOT24A972,"600028 (Chennai, Tamil Nadu)",2026-08-30T15:14:08,whatsapp,green,{}
4e44badc-7ac2-4222-9cce-9a10589cef38,f2944746d7b48f86e3e9291be7f48da1,8902334315255,LOT25C820,"530001 (Visakhapatnam, Andhra Pradesh)",2025-04-15T20:35:56,whatsapp,green,{}
ae5670d6-e91c-4f2f-a890-99e610239d12,1191f044c5e54f30bd6fa3a58f78af29,8902334315255,LOT25C820,"800001 (Patna, Bihar)",2026-08-13T14:46:57,whatsapp,green,{}
a5206a28-d9d0-453d-b3a1-4f62c4d1e8d5,505ffe7f250e44dac2f298fbb79636cd,8902334315255,LOT25C820,"141001 (Ludhiana, Punjab)",2025-10-08T12:53:53,web,green,{}
003230fc-d4a0-4224-a5b1-d3fd3d7196be,1a282e07d0bcba97473ea223c3dbf574,8904998340203,PW4621,"625001 (Madurai, Tamil Nadu)",2026-05-03T16:06:51,whatsapp,green,{}
8033d557-c6ef-462f-a0d0-bae1fa28a737,720bc69ec8257d00ae485a525a670b95,8904998340203,PW4621,"380001 (Ahmedabad, Gujarat)",2026-02-28T17:11:16,whatsapp,green,{}
2dda2e2e-93c7-4a94-818c-18ee72fa0418,20cb909c8e374b8c943869824e6c751d,8904998340203,PW4621,"122001 (Gurugram, Haryana)",2025-06-14T15:32:39,web,green,{}
fe3d56a5-f94c-4867-8864-5be99eaaffe4,781ef81142d2723ed0909cb771e2b3e9,8908673062232,LOT25D416,"110001 (New Delhi, Delhi)",2026-07-17T09:35:17,web,green,{}
69c0b0ee-7442-411d-8f6c-c0bf949ccdd3,7a6695e6dfe8aa4abf3e2e30c6177d68,8908673062232,LOT25D416,"360001 (Rajkot, Gujarat)",2026-02-13T14:39:32,web,green,{}
911f0248-b461-4cb1-beed-78d4b36d4de7,04d3bfb12374496cbc12f379ccb1a0ee,8908673062232,LOT25D416,"411045 (Pune, Maharashtra)",2026-05-20T11:15:48,whatsapp,green,{}
946bd417-6d52-44ff-9e60-660e3423872a,ec0ac9a1452221097f4b1ece8c9be967,8908673062232,LOT25D416,"452001 (Indore, Madhya Pradesh)",2025-04-09T14:58:36,whatsapp,green,{}
e7406fe1-85e9-4ded-abc1-c27ba9ca6069,a57acfb655bf2a98a940eca893ec5fa6,8908673062232,LOT25D416,"400601 (Thane, Maharashtra)",2026-04-03T16:54:58,web,green,{}
d3a2b6c3-da71-4008-80de-9406d5f964d7,3698093734f19d93b52c5adecee5b335,8908673062232,LOT25D416,"600001 (Chennai, Tamil Nadu)",2025-05-21T18:52:07,whatsapp,green,{}
42f51df7-44ee-4061-a787-40933a55be18,bcb5b32ce1bb97733beb3876c0387519,8908673062232,LOT25D416,"590001 (Belagavi, Karnataka)",2026-05-15T15:53:33,whatsapp,green,{}
7c23782b-35e7-463a-a200-a0ed3c689cbf,b7505bf440344d12e56d513424bb5614,8908673062232,LOT25D416,"390001 (Vadodara, Gujarat)",2026-08-25T04:59:29,whatsapp,green,{}
1f3accac-b57e-4fa3-bee9-4d2eca76e68e,d8909ca27e77c7da1ccb1fd04920add6,8908673062232,LOT25D416,"560034 (Bengaluru Urban, Karnataka)",2026-03-14T19:38:58,web,green,{}
a9333f88-4529-4823-8805-b31f48e6e879,bf9ecc3f2d3abc353304b246ae50ee4d,8908673062232,LOT25D416,"390001 (Vadodara, Gujarat)",2026-05-05T10:07:17,whatsapp,green,{}
0df5b16f-a590-4ffd-ad4d-f435e115adf0,c2d86e1314f01c88716f0c25716672b8,8908673062232,LOT25D416,"122001 (Gurugram, Haryana)",2025-07-20T11:30:03,whatsapp,green,{}
de782c49-4c90-4e3c-a916-1265ce16991b,3db982b1d90759d2c0ff41c07e0f131c,8908673062232,LOT25D416,"360001 (Rajkot, Gujarat)",2026-05-04T03:01:05,web,green,{}
57016a68-2358-405f-9680-7d85f8ebf0cd,4f7b92adf6598b06d3a6af0ef94b4d4f,8908673062232,LOT25D416,"226001 (Lucknow, Uttar Pradesh)",2026-05-03T15:32:13,web,green,{}
cfa9c30f-45f1-426f-acb4-f79284492495,a5ebc068ea14674ad885cd62e7dd769e,8908673062232,LOT25D416,"411045 (Pune, Maharashtra)",2026-05-27T17:58:17,web,green,{}
b1243e60-e8cd-49df-b6d3-bed9d99c2042,971180ece1b15bcaf293b6c1298f25d6,8908673062232,LOT25D416,"380001 (Ahmedabad, Gujarat)",2025-11-02T12:02:56,whatsapp,green,{}
2731775e-8f41-4627-b077-0f647ecfdfc4,1b4a3dc5598005d98a63df4fa34e5044,8908673062232,LOT25D416,"411001 (Pune, Maharashtra)",2026-02-10T10:12:07,whatsapp,green,{}
cc42ae44-1d42-46c8-b7b5-8ae2932b390f,4781907d87cfda51ca3e40aef30f4205,8908673062232,LOT25D416,"530001 (Visakhapatnam, Andhra Pradesh)",2026-06-07T16:19:48,whatsapp,green,{}
591bb73f-028e-4cc5-b8ce-9f08bce3fb93,132d4b4bae21e60e70248482eb861485,8908673062232,LOT25D416,"400072 (Mumbai Suburban, Maharashtra)",2025-12-06T06:37:10,whatsapp,green,{}
44ec82dc-ccc0-48b6-b221-8db2e2c82afc,4f05461e3eb6697dc21d546172e114a6,8908673062232,LOT25D416,"380001 (Ahmedabad, Gujarat)",2026-04-19T10:41:20,whatsapp,green,{}
7c234248-129d-41ca-ac4c-a5e6c51d01b7,35131ee458301340b7319e45d9c6d417,8908673062232,LOT25D416,"221001 (Varanasi, Uttar Pradesh)",2026-07-10T15:30:09,whatsapp,green,{}
080bb30a-5ea0-4bfc-8bf4-8d92d838acbf,875fc93410772bea2e0328bdb90b831f,8904275270366,MF1568,"400072 (Mumbai Suburban, Maharashtra)",2026-06-26T18:59:27,web,green,{}
7885245f-23fe-4f52-832c-a30eb2476b97,33a44a684f587d0a5000e051775250e1,8904275270366,MF1568,"452001 (Indore, Madhya Pradesh)",2026-02-14T08:01:34,whatsapp,green,{}
442059b6-d4e0-49bb-ab9a-d09657e1a5c6,2bbeaa06c64c84f5ef9c4f12253fb2b8,8907973860299,26064863,"380001 (Ahmedabad, Gujarat)",2026-03-08T19:21:51,whatsapp,green,{}
27f1b858-c0d5-43a1-ae2e-b4eea94e7036,f5e1e57b0846e884ac5fcb5fbd09113c,8907973860299,26064863,"143001 (Amritsar, Punjab)",2025-09-24T10:13:49,web,green,{}
7126c092-31e2-4ec4-8454-c5476b866bb6,b8491ba92b2e504053f7c43cfd823ce3,8907973860299,26064863,"700001 (Kolkata, West Bengal)",2025-11-30T21:39:37,whatsapp,green,{}
63d07c8a-1cbb-458b-9340-f97770f5911d,9f83b7559c4ad3d74df9e1c88dce0a9c,8900869910602,26071971,"380001 (Ahmedabad, Gujarat)",2025-08-10T15:46:28,web,green,{}
efd7dbc3-ef6c-4e40-bd63-c6a69919f437,ad9662a913ea4a1bc449539c9bd4000f,8900869910602,26071971,"575001 (Mangaluru (Dakshina Kannada), Karnataka)",2025-11-22T11:02:06,whatsapp,green,{}
c87c646f-4b1f-4160-b5de-7df44d406427,7e9a8645afd4ecf2b4a092eb63df7633,8900869910602,26071971,"143001 (Amritsar, Punjab)",2026-01-16T08:25:28,web,green,{}
0f53fc4b-cfbf-4a63-96b0-9d9139ab6eeb,5da74642678d9f25b00d7b947835a119,8908773619281,24021986,"143001 (Amritsar, Punjab)",2026-02-08T13:18:52,whatsapp,amber,{single_non_official_signal}
d6334752-0914-4437-b4e7-75f25a74a8c5,9f73dbf8dae41895f3d8fe9b81c15d60,8908773619281,24021986,"560066 (Bengaluru Urban, Karnataka)",2025-08-22T16:39:39,whatsapp,amber,{single_non_official_signal}
aef967c7-d32a-49c4-9e5a-506a192ffa4e,80ab1f2958a01aee5f2a80da536c2979,8908773619281,24021986,"395001 (Surat, Gujarat)",2025-12-20T15:05:13,web,amber,{single_non_official_signal}
f47cfe8d-ebc1-4ac2-95e6-c83da6c81cf0,41699e7b9e2074b6e04ce7ce84566d2f,8901402727471,VH4643,"452001 (Indore, Madhya Pradesh)",2025-10-17T19:29:21,whatsapp,green,{}
8b5308a1-8773-49e3-9296-9095a3ac63cb,94b8cde997e4061e5fa27d62cba71024,8901402727471,VH4643,"390001 (Vadodara, Gujarat)",2025-03-30T20:26:39,whatsapp,green,{}
122e8ea8-840f-4abc-a93e-459b2f1dce20,82bb771104b5f538a71d8fb01e25c490,8901402727471,VH4643,"620001 (Tiruchirappalli, Tamil Nadu)",2025-10-24T16:03:30,web,green,{}
60e820b1-396d-473b-9e7f-207e92f5bed4,0a63f98fab5046bbaa3c63007cc3dc8c,8906418238378,25092804,"360001 (Rajkot, Gujarat)",2026-05-04T10:19:50,web,green,{}
c48f1d40-6c75-4a52-870b-6b452ff28c90,ef63f04124d639c70cc73f321d4a4c39,8906113462677,LOT24G592,"411001 (Pune, Maharashtra)",2025-08-27T10:04:43,web,green,{}
a5013057-daf3-4229-a08d-a58a77f5dda3,73ab46804c18e70c3c0bd7912e7a18e2,8906113462677,LOT24G592,"641001 (Coimbatore, Tamil Nadu)",2026-01-31T03:15:55,whatsapp,green,{}
cce4c193-60b9-4ae0-94f0-dae405e3f87c,10b6557917acab11299e8f4599cbe7e3,8906113462677,LOT24G592,"422001 (Nashik, Maharashtra)",2026-01-12T08:21:06,whatsapp,green,{}
f65e557f-a2a6-4a41-98d3-3ee89b3e4c71,9a15134a6918e8abe0a5a4855adf4fd3,8905651807948,BW3226,"440001 (Nagpur, Maharashtra)",2025-04-27T15:20:17,whatsapp,expired,{expiry_status_fail}
ad5d3887-e4a6-46a4-9db0-78cc4073489f,364389e49abbc289223eadee287d6292,8905651807948,BW3226,"360001 (Rajkot, Gujarat)",2025-08-13T15:13:09,whatsapp,expired,{expiry_status_fail}
317feb38-c9e8-4a85-b2f4-5ab89277a8ea,dfb94e014a0c4752558f6756107566aa,8905651807948,BW3226,"400072 (Mumbai Suburban, Maharashtra)",2025-05-30T10:39:26,whatsapp,expired,{expiry_status_fail}
f2c753fb-eba3-49b7-aade-eca6684f7327,e3d0d1c7bae55e3ed1e3f86e14260a07,8901936426455,24025722,"360001 (Rajkot, Gujarat)",2026-05-28T17:56:21,whatsapp,expired,{expiry_status_fail}
8ddfb29f-d6ff-4edb-9a47-1b4f203b7aed,96784614847aa6b4b58fc345c7ba67fc,8907281013737,PG5562,"580001 (Dharwad, Karnataka)",2025-05-07T17:19:48,whatsapp,green,{}
36b4ee17-8d77-4901-afc0-ae01cae9a3f6,c314e80155efe703e25862982563d66b,8900151108194,LOT24F379,"380001 (Ahmedabad, Gujarat)",2026-03-22T09:04:15,whatsapp,green,{}
5668e8bb-a674-4bfe-b39b-fb6faa984591,6b4f94183b364423b664ecc0cd2cccf2,8900151108194,LOT24F379,"695001 (Thiruvananthapuram, Kerala)",2025-12-20T18:24:54,web,green,{}
a82cd01a-b789-4723-b931-a16e725e71f4,b85effa01022445e5cf59ebcbdceefb7,8900151108194,LOT24F379,"641001 (Coimbatore, Tamil Nadu)",2026-08-01T08:08:16,whatsapp,green,{}
70a0ad5d-d3c5-40f2-8179-49e7192cf34f,583cedca13edbfe00ea821e7f43d7a32,8903635461183,25095514,"221001 (Varanasi, Uttar Pradesh)",2026-02-05T11:15:20,whatsapp,green,{}
34bb5ba1-fc19-44b3-b7f4-a944987bd7c2,0df1279b73944265f3ec9f5c17445ade,8903635461183,25095514,"143001 (Amritsar, Punjab)",2025-06-10T17:14:15,web,green,{}
c09260b0-0fdc-4009-ac0a-6a6c874ab053,bd106aee8770b9b5f65adf9417a1ffa6,8903532527174,24036213,"620001 (Tiruchirappalli, Tamil Nadu)",2026-04-06T12:32:10,web,green,{}
877a1042-cfa4-4d3c-b23f-89f82c2dff61,33a076e7c108825a36eebd6946e7d45b,8903532527174,24036213,"560066 (Bengaluru Urban, Karnataka)",2025-06-24T14:25:43,web,green,{}
faacb1d0-e648-4b01-9fff-cd3f5ae05a21,b5ca95c7b267dfbedab890acf25c2952,8905140837385,NB7825,"440001 (Nagpur, Maharashtra)",2026-07-21T12:40:01,whatsapp,green,{}
07caedbc-60b5-44f0-87b3-de30f9908347,6730fdbb52aa8de5b0625a5b82212c4e,8909065355911,LOT25F116,"600001 (Chennai, Tamil Nadu)",2025-07-15T03:22:01,whatsapp,red,{nsq_status_fail}
60e6f1a6-eb72-4246-9939-ca0222e1c9fb,ea0b4ed7783e3fe1b9493c1323898aa4,8909065355911,LOT25F116,"641001 (Coimbatore, Tamil Nadu)",2025-11-17T09:38:05,whatsapp,red,{nsq_status_fail}
b5567fac-a35d-42d2-b859-ba364214bd98,4c450a1703e95ba2626acf97f87c7716,8909065355911,LOT25F116,"580001 (Dharwad, Karnataka)",2025-04-30T11:37:20,whatsapp,red,{nsq_status_fail}
4dc2a759-3729-461d-91ae-625fa90c3111,d0111d0f6e87c42a48121dbc8066f6e0,8909808947427,FM4058,"440001 (Nagpur, Maharashtra)",2025-10-13T12:02:01,whatsapp,green,{}
63a67ed2-832b-4f17-9672-789b97d1b86b,d697d8215ef74f2455c6dc68f6db79af,8909808947427,FM4058,"641001 (Coimbatore, Tamil Nadu)",2025-10-17T08:46:25,whatsapp,green,{}
0ff2c185-e3c5-4883-bbfc-2f39f9542fc4,60f7d5faf67b5f5287069f28d6d71bff,8906113462677,RK7283,"500001 (Hyderabad, Telangana)",2026-01-20T16:02:20,web,green,{}
27c0218b-1de7-4814-9b85-558cabd41c21,3f557f90bc90feb5497f8f0333b08dfb,8906113462677,RK7283,"570001 (Mysuru, Karnataka)",2025-03-30T12:52:27,whatsapp,green,{}
077d0283-187f-4c49-ae27-7f40bedf7591,fbc1819d39ed0866a43d9330aa965b94,8906113462677,RK7283,"390001 (Vadodara, Gujarat)",2025-10-17T13:37:01,whatsapp,green,{}
c4d857d1-ac6d-4bc0-94c5-4a6637d2c083,cbf1d7c67715babec93bf491e4d8dc7f,8907005083373,LOT25B754,"600028 (Chennai, Tamil Nadu)",2025-11-27T07:45:00,web,green,{}
08d6fff0-a0a1-41c8-ad00-e884ac0425ff,093710aa797c1a7b58638c38c1b64529,8907005083373,LOT25B754,"682001 (Ernakulam, Kerala)",2025-05-24T10:24:58,web,green,{}
a53c4c46-b46d-4c23-9504-e7b096c6ce72,9484a1a9d636bafd0e27b8b9fb5a989e,8905027043841,AA4656,"500001 (Hyderabad, Telangana)",2025-04-08T17:08:27,whatsapp,green,{}
e299e228-448f-4b66-bb48-b8a3c2ada47f,1e7861ff785e658bad10e43b416c9035,8902447939089,JJ4751,"208001 (Kanpur Nagar, Uttar Pradesh)",2026-03-27T18:47:23,whatsapp,green,{}
8e5e91cd-862b-44c0-a157-8281c2a359d7,2922d4c7cf0b0fc6de7686bd6b23687c,8902447939089,JJ4751,"422001 (Nashik, Maharashtra)",2026-04-03T14:17:00,whatsapp,green,{}
1bde9add-001f-40a2-842a-e5a6e6a81532,d273e1909b48398200a0de2fdffe3b58,8902447939089,JJ4751,"422001 (Nashik, Maharashtra)",2025-10-16T10:07:13,whatsapp,green,{}
58fc31fb-1462-478d-95ac-ca2e97cff6e6,98ff9326dc752496c21fbe8cdcef34ff,8909873411325,26028353,"440001 (Nagpur, Maharashtra)",2025-04-10T20:16:25,whatsapp,green,{}
fa070f06-10c6-457a-b414-5458143bc024,fa8fd077304f197e8d85e20da54ccf95,8909873411325,26028353,"700001 (Kolkata, West Bengal)",2026-06-05T20:31:18,web,green,{}
a99614a4-57d8-4ca1-b720-38f4174cb69c,5874c3ae7beaa53ea0b2a17e80f803e4,8907107974795,LOT26C443,"700001 (Kolkata, West Bengal)",2026-06-07T11:03:29,whatsapp,red,{nsq_status_fail}
29ac68c8-2e78-4ab5-83e7-ab14066b8faa,d3631d71e45a70a9f5535229c1222c93,8907107974795,LOT26C443,"580001 (Dharwad, Karnataka)",2025-11-12T22:04:19,whatsapp,red,{nsq_status_fail}
be084e9b-b7e6-4d91-adfc-c0a7d4fe0cbb,c8230824b0a48d0c2fb8404767a51f81,8907107974795,LOT26C443,"682001 (Ernakulam, Kerala)",2026-07-09T01:35:25,whatsapp,red,{nsq_status_fail}
289b5148-3159-452b-9a49-b210e0145a6a,bfcbee039c115da4de86eda3360f353e,8901550734699,VH9371,"395001 (Surat, Gujarat)",2026-03-06T02:49:48,web,red,{nsq_status_fail}
c8464cd2-8113-4a5d-ac3e-07fe8ef699f9,3be71e4eb8b958eb1752c25496cf2fdb,8901550734699,VH9371,"560001 (Bengaluru Urban, Karnataka)",2025-09-17T21:21:17,whatsapp,red,{nsq_status_fail}
2fd05a88-8d87-4b4d-bebc-62a45f9c0e32,9aa2ed339dc3aa64e4f53c35761a8b92,8901034230701,LOT26B947,"580001 (Dharwad, Karnataka)",2025-07-08T10:14:38,whatsapp,green,{}
0540966c-98dd-40b0-b922-bfe19ea95fa3,59bd2ccacd149ebee56d39a345f79de4,8901034230701,LOT26B947,"560066 (Bengaluru Urban, Karnataka)",2025-07-15T14:05:47,whatsapp,green,{}
03b0a53d-1e76-4b10-9c6a-38b163dea809,fab659b86992e54dce67e56d78fcca93,8908141881974,24029573,"560001 (Bengaluru Urban, Karnataka)",2025-11-07T16:49:19,whatsapp,green,{}
acee7f70-48c3-4775-97b3-1719bbc2735f,634da1eaa4bf128b085683764431c745,8904276537502,HF0646,"625001 (Madurai, Tamil Nadu)",2025-08-24T19:17:11,whatsapp,green,{}
90bb045b-bef8-483b-9d79-bad1dc0d4d18,8cd48b77d181423a83b455a9794b80c5,8901522284492,LOT24G910,"226001 (Lucknow, Uttar Pradesh)",2025-08-15T11:19:28,web,green,{}
25147fb1-afdd-44c6-aa5e-a7b92e0c1c90,700bf6dd5bd0013d959c46f7fc9ead92,8901522284492,LOT24G910,"682001 (Ernakulam, Kerala)",2025-11-18T16:49:16,web,green,{}
acc8c7bf-0714-495b-b984-4556e6f6c2ae,6e3f17a3d41d6a7108082b7ef8f76f2d,8901522284492,LOT24G910,"400601 (Thane, Maharashtra)",2026-07-18T16:24:29,web,green,{}
00f77458-0e64-429a-8bc4-95d0a0a93503,a8162192c810796b290727ec0e91a77f,8909077773430,LOT24D875,"122001 (Gurugram, Haryana)",2025-07-27T09:24:54,whatsapp,red,{nsq_status_fail}
1521e4ce-725b-4838-a5f3-9453607ab7c8,ceb1e860fd9a0c97d01086274e163e6f,8903280387266,25048015,"625001 (Madurai, Tamil Nadu)",2025-04-07T12:28:07,whatsapp,green,{}
e97867de-3bda-411c-9a00-2df952fd35ab,00f40c9be6a97c86b4de02929a50ec3c,8903280387266,25048015,"411001 (Pune, Maharashtra)",2026-04-24T10:17:32,web,green,{}
4a49dec4-ef29-4050-b34d-16431068f16f,a4f4a1e981801be379ec5fe066a72f52,8900471959291,24088300,"411001 (Pune, Maharashtra)",2026-02-02T12:28:30,whatsapp,red,{nsq_status_fail}
ccdb3f68-ca30-490b-bdce-1fa268d4fedc,6657d818aec98ddd19cc57f068f4316c,8900471959291,24088300,"625001 (Madurai, Tamil Nadu)",2026-06-04T16:42:20,web,red,{nsq_status_fail}
881d1057-93d9-40cc-aa31-dee53cd5e7b8,36ccd125c78f4c55f65f96513b546a07,8908794237475,LOT26F296,"462001 (Bhopal, Madhya Pradesh)",2025-09-13T12:31:38,whatsapp,green,{}
a74d6110-3c1d-4073-be31-45cdf92d7163,6dccf0fe3a1a1efe989cda9427f8e025,8903077944551,LH6792,"411045 (Pune, Maharashtra)",2026-03-31T02:48:56,whatsapp,green,{}
7dbafb29-3e82-4493-8749-bd992d803081,a6ad249fcae53b1a7e67e914557813df,8903077944551,LH6792,"221001 (Varanasi, Uttar Pradesh)",2025-03-28T11:13:28,whatsapp,green,{}
97c57a15-e52a-4caf-bf4a-ee1504a71a0e,6ea995a885444abc57f9557a1350e8f9,8904276537502,26123580,"411045 (Pune, Maharashtra)",2026-04-29T05:21:29,whatsapp,green,{}
8aeccc75-86bf-44b5-bdbc-58602667d53f,061ec0735ea10ee2b83725e52a0dc4bb,8904276537502,26123580,"122001 (Gurugram, Haryana)",2026-04-05T08:45:51,whatsapp,green,{}
97e3d445-4266-4304-a672-ea01c7386964,6828419328f26afcc0ab9cb10327a3ee,8904276537502,26123580,"360001 (Rajkot, Gujarat)",2026-07-21T17:17:29,web,green,{}
40d7ca01-0a86-4574-907d-dafb314a6d39,7ae6fdb47e8710b2d02c6034e3abc5b9,8900138357454,26056300,"575001 (Mangaluru (Dakshina Kannada), Karnataka)",2026-06-15T11:23:32,web,amber,{single_non_official_signal}
aec60f03-526f-4ae6-981c-5358fd29999a,e624ba59f9f2d051501de327759a51ca,8900138357454,26056300,"208001 (Kanpur Nagar, Uttar Pradesh)",2025-07-30T16:11:09,whatsapp,amber,{single_non_official_signal}
701db928-805d-4535-a4df-6a52ea13fbf1,0d5d8bbcdaea14c4df84940d71cf9bf7,8900138357454,26056300,"400001 (Mumbai City, Maharashtra)",2025-06-20T12:39:57,whatsapp,amber,{single_non_official_signal}
7537e8b8-7b50-4642-88a1-2fe640af8a47,6c90d5568269f87ae538c6ed1fbcd15c,8903280387266,25115471,"560034 (Bengaluru Urban, Karnataka)",2025-04-20T15:51:13,whatsapp,green,{}
88d92c6b-7484-4a78-9fe7-4f709ff417cf,5701389ef84bebe62888f576a3701ef8,8905601284237,24061703,"141001 (Ludhiana, Punjab)",2026-07-09T20:43:30,web,green,{}
dc45a144-f130-4a57-b21d-c8eb8e3b799d,22211a597adfc6cf0967b656e5115630,8905601284237,24061703,"400001 (Mumbai City, Maharashtra)",2026-04-04T21:58:41,whatsapp,green,{}
48419344-4607-4edb-880f-869c758e7e2f,11d1efe937a2328ea96f3c3f015c9615,8905797726421,LOT25H832,"400072 (Mumbai Suburban, Maharashtra)",2025-12-19T10:33:44,whatsapp,red,{nsq_status_fail}
f366d25b-bdf2-444c-9585-0b205ef3b6c0,40f4b3762b01f80a8250dfa9fb55492d,8905797726421,LOT25H832,"625001 (Madurai, Tamil Nadu)",2025-12-18T09:24:02,whatsapp,red,{nsq_status_fail}
39f13f9a-ce65-4c5d-b948-820811d79a7f,57f056cd5ca12bf8db132a55729e8263,8902457859302,LOT26D602,"600028 (Chennai, Tamil Nadu)",2026-06-09T13:01:53,web,green,{}
7518fa0c-082f-4e0f-85fe-0dee7d3ba640,021600da80d3cf69c9231455faea7d87,8902457859302,LOT26D602,"580001 (Dharwad, Karnataka)",2026-06-30T22:13:26,web,green,{}
e0b23094-4c4e-4e44-9e02-01d0b5d4ad6f,c1cc237e1c449e7b09f050cdb4ba01c6,8902457859302,LOT26D602,"390001 (Vadodara, Gujarat)",2025-07-15T09:20:44,whatsapp,green,{}
8bcaa3fc-c618-44dc-9046-29bdc4c38662,50746c7cde72350a7a91dd70884485d6,8900138357454,24042434,"600001 (Chennai, Tamil Nadu)",2026-08-24T15:53:55,web,green,{}
caade483-c2f0-433c-a746-94bd2a89ff19,273ac3a22709ed969ca7d7b7383ec1a3,8901880806979,LOT26E339,"360001 (Rajkot, Gujarat)",2026-01-05T12:47:13,web,green,{}
18a6bbb9-d0be-49b8-851d-1dbf6b3ee0dc,19d0f0b1a04437a7003a703db0f8d413,8901880806979,LOT26E339,"500001 (Hyderabad, Telangana)",2026-06-12T15:50:11,web,green,{}
2b0e2342-da54-49ac-9285-bf08f631129c,a0221b6983dff3cb477c6f9c390e782e,8901707467197,ZF8691,"411001 (Pune, Maharashtra)",2026-01-17T14:10:32,whatsapp,green,{}
9f7f0ddd-b210-49c0-bb08-6098484258af,10e3fd9f433e680e3b58de6f0e80e310,8901707467197,ZF8691,"682001 (Ernakulam, Kerala)",2026-07-16T07:39:40,whatsapp,green,{}
e195664b-f185-466b-9ef9-4f691fadd16e,3e758500402eb0fc2dc8c2f7a3932181,8901707467197,ZF8691,"800001 (Patna, Bihar)",2025-10-03T11:01:45,whatsapp,green,{}
a017461e-8a74-4985-bf25-3f718fa06998,625fb89c2f131af6095a206d5cec4941,8900577768900,FL3894,"570001 (Mysuru, Karnataka)",2025-07-01T15:29:21,whatsapp,green,{}
a297ba72-c3ac-425f-bb33-cff67866d67c,fa8f93763953f25877cefbebca400dec,8900577768900,FL3894,"700001 (Kolkata, West Bengal)",2025-04-12T16:01:50,whatsapp,green,{}
ec877f98-387b-4930-9a31-cb1923519a42,6c489b04136f74ddc6f3ea20f2a9096b,8901402727471,PD6313,"560066 (Bengaluru Urban, Karnataka)",2026-08-08T13:17:04,web,green,{}
928c7c18-4859-4896-bc24-e481e62b060d,54544b7f020d2209e2a009b77ca09e38,8901402727471,PD6313,"800001 (Patna, Bihar)",2025-11-14T08:14:58,web,green,{}
32f8e514-287c-4bdd-b1c0-5f21cdb7f639,1ed174bf099dc24c80516df50d8d5805,8902457859302,25086209,"462001 (Bhopal, Madhya Pradesh)",2025-04-12T05:19:40,web,green,{}
2e5b973a-aa7c-4d70-8031-63011a586349,0e2976bdbb5ac08d80dfa97932dc1e2c,8902457859302,25086209,"110001 (New Delhi, Delhi)",2025-10-24T14:00:19,whatsapp,green,{}
c4e385b7-95cd-471d-a329-28284f6b2b58,36f9c399f877ff5dba649a67b7718c2f,8902457859302,25086209,"580001 (Dharwad, Karnataka)",2026-07-30T15:35:29,web,green,{}
de08022a-eea4-4361-b909-890ca49d4d51,bcf5cbb834d229fc1cfd43b9bef9797e,8901522284492,LOT26E461,"641001 (Coimbatore, Tamil Nadu)",2026-08-14T15:38:30,whatsapp,green,{}
e90f4961-2522-43d5-95af-282b3f3ff208,cac16519579c998b259eb2f0d2576714,8901707467197,LOT25G877,"560034 (Bengaluru Urban, Karnataka)",2025-09-07T12:21:40,web,green,{}
26d5e008-e1f9-480c-92c5-e05f8fc37633,80d3bad3e0cdca74e5231933cb890bdd,8902374543839,LOT26B872,"800001 (Patna, Bihar)",2025-05-25T18:26:26,whatsapp,green,{}
0c2373e8-8bd6-4818-baca-517430ed7054,3464da0077494874a413f15e120be765,8902374543839,LOT26B872,"625001 (Madurai, Tamil Nadu)",2025-11-20T15:38:07,web,green,{}
f5c00296-1139-4617-99e7-02da97375c5e,0b4b4eb636df1d599c1672c80efec912,8902374543839,LOT26B872,"208001 (Kanpur Nagar, Uttar Pradesh)",2025-06-14T09:29:49,whatsapp,green,{}
f180eecd-f08d-422c-9735-6283087ba001,9ffb4395669351f724be773567d22f25,8903077944551,YM2153,"462001 (Bhopal, Madhya Pradesh)",2026-07-03T21:09:30,whatsapp,green,{}
6c9e2be9-58eb-4b0b-95b7-2e9a8a0518e4,1e73182526ba7b36d93c28e946f36f81,8903077944551,YM2153,"411001 (Pune, Maharashtra)",2026-07-02T20:47:09,whatsapp,green,{}
182dde30-4328-4c52-ac23-2d05238b96cb,a5e4fc5e12724c4c5a3371a7e0d5b9d8,8909077773430,HC9324,"570001 (Mysuru, Karnataka)",2025-05-08T13:36:48,whatsapp,red,{nsq_status_fail}
daee8370-34cd-42c9-8938-24adc218b71f,112921cb04a0dc222c763866f3c52a55,8909077773430,HC9324,"620001 (Tiruchirappalli, Tamil Nadu)",2025-07-06T10:18:06,whatsapp,red,{nsq_status_fail}
8d4817e6-1361-478b-bacb-54235ac62e77,58e8a6919bea05aaef56e9501b7ff107,8909077773430,HC9324,"800001 (Patna, Bihar)",2025-04-15T12:19:32,web,red,{nsq_status_fail}
a666152f-4246-4426-bd95-7ab2eb1dad28,43a72f1a5dea75d8e77e7acea000640b,8900001499706,JS2021,"122001 (Gurugram, Haryana)",2025-08-04T08:25:28,whatsapp,green,{}
b4a59319-a3c4-4c30-8430-027446676363,cca6b9d6f28d1ebff6bf1094535ecc1d,8900001499706,JS2021,"411045 (Pune, Maharashtra)",2026-05-03T13:56:09,whatsapp,green,{}
ef1352bc-d4dc-44e8-ac0a-8747fefa6114,6cb6474d55f2406eb9f0b46ea2fe6f22,8900001499706,JS2021,"800001 (Patna, Bihar)",2026-04-25T16:08:20,whatsapp,green,{}
92098620-5ff3-46a8-bb64-c30c8820c6b2,d9d1236189508ba36275d8d170c5d730,8901228543833,LOT26C494,"620001 (Tiruchirappalli, Tamil Nadu)",2026-08-26T11:05:05,whatsapp,red,{nsq_status_fail}
6a8330f8-a411-4955-9571-c8432523bbc6,a7be21b94c8eca7b4c439be2828bd32b,8901228543833,LOT26C494,"395001 (Surat, Gujarat)",2025-12-06T11:37:06,web,red,{nsq_status_fail}
ce6a97ff-22a6-46a7-a815-16188002a59d,e82931f81db53cdfe2cac841a8a88401,8905797726421,24082290,"800001 (Patna, Bihar)",2025-08-03T10:06:28,whatsapp,red,{nsq_status_fail}
a959cb3e-ac46-42a4-b05b-c2b78236320b,85027cb1d3ed1a810f415f53c76be677,8905797726421,24082290,"600001 (Chennai, Tamil Nadu)",2026-01-01T16:09:15,whatsapp,red,{nsq_status_fail}
6da9c723-92b0-4c27-a4af-2af5dc3e7fd3,59bb6a2d0747569aac0947e6786f9e50,8900151108194,MN2659,"395001 (Surat, Gujarat)",2025-09-11T07:43:22,whatsapp,green,{}
12d51ca6-d2eb-43df-9ce7-2530f837ffdf,59d4386a809de928ea2d6910e5675213,8900151108194,MN2659,"620001 (Tiruchirappalli, Tamil Nadu)",2026-07-20T11:47:45,whatsapp,green,{}
5fb7d434-5c27-49e7-9d9d-cab50534a985,070b48d3654addd98749f89103ff2b58,8901636102071,LOT24A398,"700001 (Kolkata, West Bengal)",2026-05-06T17:05:27,web,green,{}
2fb1ed8a-3f13-4cca-9f3e-f68e7b60e2c6,e41741312f8e01d199bf9e2511fbdfea,8905074921237,24018560,"208001 (Kanpur Nagar, Uttar Pradesh)",2026-08-10T18:38:00,web,green,{}
d3e60e17-9fb9-44fa-b2e9-e036c026a59a,8253c78fe4f4f78933808cc183af73f6,8905074921237,24018560,"641001 (Coimbatore, Tamil Nadu)",2026-02-16T21:35:02,whatsapp,green,{}
f9b05c23-7f8c-4a47-bae4-0236955636d4,bd6879f3c8b864daf09fc32c93c6399f,8900811342280,AG4771,"440001 (Nagpur, Maharashtra)",2025-12-13T18:15:15,whatsapp,red,{nsq_status_fail}
84e624fd-62e7-4468-8670-802bdeccb084,3ff0976c03339d5e428ed58914c615bd,8900811342280,AG4771,"122001 (Gurugram, Haryana)",2026-05-31T16:05:16,whatsapp,red,{nsq_status_fail}
dd19ff83-9b97-4738-99a8-bdc3dc42fcdb,0f2416ffdfc85d0d0be35d4dd2c6beb5,8900811342280,AG4771,"400001 (Mumbai City, Maharashtra)",2026-08-08T18:40:22,whatsapp,red,{nsq_status_fail}
bae7a780-9bfc-4bbb-a215-3087139d9b27,05d7bd0a0e059132a6494af3e7434607,8902623846571,LOT26G821,"400072 (Mumbai Suburban, Maharashtra)",2025-12-02T13:51:33,whatsapp,green,{}
57a54077-7416-40ad-84a4-68ab0479fdb4,a0a4eac8f981467691a3777dd11b88e3,8909937337915,25086491,"641001 (Coimbatore, Tamil Nadu)",2025-09-03T11:41:03,web,green,{}
de3c74d8-ae43-4c4a-a508-2393f560e042,efd9f86792195a91aace4535549cfa14,8909937337915,25086491,"700001 (Kolkata, West Bengal)",2025-04-24T12:14:30,whatsapp,green,{}
b8dbb659-4045-4260-88d0-2dee1524a8a2,0eea68113ebf252527de0c52fea85a05,8909937337915,25086491,"395001 (Surat, Gujarat)",2025-07-04T18:31:19,whatsapp,green,{}
f491489d-1668-41b1-a2e3-aab2e0a486be,b8e67141ffb2f4fe13f671b3e4c733fe,8904477882870,JT0854,"226001 (Lucknow, Uttar Pradesh)",2026-07-10T16:39:36,whatsapp,green,{}
0227cb4e-7cca-4585-8cd6-c5ea912b488a,712522e2717c79c1d1a3bc07c29d0788,8904477882870,JT0854,"590001 (Belagavi, Karnataka)",2026-06-06T14:00:19,web,green,{}
be87cd67-dca0-441b-8bea-f299bc07a5f3,b2a556760308a2b0a63d83dc9f6829da,8904477882870,JT0854,"695001 (Thiruvananthapuram, Kerala)",2025-06-18T10:02:03,whatsapp,green,{}
af0b0575-633b-4197-95d4-a74c9d69ad93,3ed9b870bf797d9822b000fbab681b3d,8900577768900,KV6972,"600028 (Chennai, Tamil Nadu)",2025-05-03T16:30:55,web,expired,{expiry_status_fail}
57423603-e27c-4297-9c12-04f7275ca702,db2b2343c58310b0c4a63e9f11d6f958,8900577768900,KV6972,"575001 (Mangaluru (Dakshina Kannada), Karnataka)",2025-11-21T19:30:09,whatsapp,expired,{expiry_status_fail}
14c6a8a9-1d93-4f40-9cb1-4562cdfa293a,a80d1ea7def0b35316cdcab83983a6ef,8909873411325,26052902,"400601 (Thane, Maharashtra)",2025-09-21T10:56:27,web,expired,{expiry_status_fail}
cc33ce2c-e5d5-41cf-b63c-b7f5be5bc973,c794c16e7e7b1beedce209da04dcd0d6,8909873411325,26052902,"700001 (Kolkata, West Bengal)",2026-01-03T16:47:35,whatsapp,expired,{expiry_status_fail}
e340df11-e1c9-42d6-91c8-97c8f6754da6,1250869c8cf0059ca16edf078bd7993c,8909873411325,26052902,"143001 (Amritsar, Punjab)",2026-04-03T17:29:49,whatsapp,expired,{expiry_status_fail}
df9a0a6d-de3d-4df5-8eee-4ddd5ee30725,bb9edeb9e201da7fb2d030abfaad0c7f,8908884408084,WL8894,"620001 (Tiruchirappalli, Tamil Nadu)",2026-09-10T12:57:30,whatsapp,green,{}
10e851d1-76c4-4d74-a79d-b8c5c770f408,cd59748e2721e64999993f016db0ad46,8908884408084,WL8894,"400601 (Thane, Maharashtra)",2026-01-23T07:28:46,web,green,{}
16e2ba2b-705b-4c0e-a614-717a387ef530,2d23c7265d49e6171fd2add492be6df1,8902334315255,25012606,"422001 (Nashik, Maharashtra)",2025-12-16T09:11:30,whatsapp,amber,{single_non_official_signal}
23346046-1bd3-424a-8f91-b32caf95cdb8,710e339a158b16a940db2940e5b5f917,8907877908912,25099630,"411045 (Pune, Maharashtra)",2025-10-19T17:04:50,whatsapp,green,{}
12a88b13-4686-4fce-b140-7f0d2eadac1f,6f984e3efad8c951abf678b9734ebb40,8901522284492,26083791,"570001 (Mysuru, Karnataka)",2026-06-10T18:11:49,web,green,{}
f6bfe1bc-fab7-4904-a04e-8482eff6b533,0f514a0dc795cd54f16b02fed0b74f9c,8901522284492,26083791,"695001 (Thiruvananthapuram, Kerala)",2026-06-02T11:32:40,whatsapp,green,{}
1122d876-aa82-4db3-b2ef-b6028d436cbc,0f994ab4b83297e40090e0fcb346fd98,8909352684043,24104226,"600028 (Chennai, Tamil Nadu)",2026-04-28T15:16:38,whatsapp,green,{}
d545d42c-77eb-4ae8-8736-d34e3b601a3e,43a8e28ac35cf90d2f2f6cd00e77f68f,8909352684043,24104226,"575001 (Mangaluru (Dakshina Kannada), Karnataka)",2025-07-10T09:33:28,web,green,{}
b19fcc6f-5a43-40d9-adcd-2f16683ed49e,9ef94ac80fc9f36400491b0eb9d025f8,8908996591367,QE1574,"711101 (Howrah, West Bengal)",2025-11-03T23:56:08,whatsapp,green,{}
6c8a39cc-0abf-4d0e-8aff-eb4785ab91d6,97cd70085db8de3e62b561331dcaa447,8908996591367,QE1574,"625001 (Madurai, Tamil Nadu)",2026-06-17T12:25:17,whatsapp,green,{}
4c1d3fa3-ce11-4190-9e8d-d34e6fca31e6,3a21d6e9b95eb93827bf948797b922e2,8908996591367,QE1574,"141001 (Ludhiana, Punjab)",2026-03-18T05:47:01,web,green,{}
907f7867-4baa-454b-95fb-9ada218ff16d,6cb27f566a2222a22b48a987820f06b8,8903504169052,24042838,"226001 (Lucknow, Uttar Pradesh)",2026-01-11T20:34:02,whatsapp,expired,{expiry_status_fail}
87421fe6-2fa6-4e9b-89e9-effdf5945779,afe672dc6f35fd0940c1ea46336d6244,8905067392604,LOT25B581,"422001 (Nashik, Maharashtra)",2026-03-12T15:41:45,whatsapp,green,{}
205525d3-31a6-48a7-8816-9ad2ec3311d9,64808cfb32055f0feaebcbaa746411c0,8905067392604,LOT25B581,"620001 (Tiruchirappalli, Tamil Nadu)",2026-08-16T13:24:02,whatsapp,green,{}
a0c6f553-936a-4ce2-a6d5-15080f608c57,98b74867580c1b5f6649fe56d8342578,8905067392604,LOT25B581,"380001 (Ahmedabad, Gujarat)",2026-05-21T15:32:54,web,green,{}
67da07c8-29b4-440a-8cc6-e458854a6da0,d470a797bbc9cb847a6dc8e70e7c9dd9,8900151108194,GC0326,"682001 (Ernakulam, Kerala)",2026-07-09T20:50:56,whatsapp,green,{}
2486bd6b-11b4-485d-b809-1c1b662326f9,df72640752da43f3a6ec2dd18be371f5,8904276537502,24084823,"800001 (Patna, Bihar)",2026-02-17T09:32:15,whatsapp,green,{}
e9eb7741-220a-42ec-884e-c263e443df02,fa275bc7813d76977f6c3869d5f22ea4,8901795675954,KH3384,"122001 (Gurugram, Haryana)",2025-06-19T16:42:05,whatsapp,green,{}
2928a3cb-7190-47a6-a8b3-120b3c8c44a5,c1a9eadbbc3cac74bf650ddbcbfe4928,8907651954380,LOT25C480,"360001 (Rajkot, Gujarat)",2026-01-01T13:32:14,web,red,{nsq_status_fail}
dadc1f34-6258-47fd-a2a0-21aa4a2183a5,cbe37b934534d86115175b970ab3992a,8907651954380,LOT25C480,"395001 (Surat, Gujarat)",2026-08-19T12:41:32,web,red,{nsq_status_fail}
e67b62c1-bae4-4520-a464-5f4ca7ab2308,617031fb4e92e41cfce2113d04731ce1,8901506705318,JC7673,"110001 (New Delhi, Delhi)",2025-12-29T04:29:31,web,amber,{single_non_official_signal}
243bf55a-4034-43f0-864e-483149f2ab3d,1fcfe205195c8a16cf6aadf039e50bd4,8903504169052,26076582,"711101 (Howrah, West Bengal)",2026-08-07T15:18:59,whatsapp,green,{}
73b2cb28-81f3-4fb5-838d-9b77aafbf387,d4f9ed95c5c4bbd1330d6f04ac594d62,8903504169052,26076582,"711101 (Howrah, West Bengal)",2025-07-06T11:14:39,whatsapp,green,{}
2013c8d9-781a-42db-b82a-0a14ea0a669f,dacccb6e4550e26c1fd5518847a3e6f1,8903504169052,26076582,"800001 (Patna, Bihar)",2026-05-17T17:13:24,web,green,{}
f0a255d3-7341-4802-9636-6ae5d633f0ae,087c43d0d1a00a5967a375714431725d,8904275270366,GK5787,"302001 (Jaipur, Rajasthan)",2025-05-04T15:03:51,whatsapp,green,{}
65960930-dcbd-444b-9865-83e08c5627d4,b8e31a4da519be3b2c805c60f1f913b0,8904275270366,GK5787,"600028 (Chennai, Tamil Nadu)",2026-04-03T10:00:52,whatsapp,green,{}
3d0d3c71-a596-42a4-b990-253f30031798,8bf945bfedb157d547b447df6f38b1fa,8904275270366,GK5787,"530001 (Visakhapatnam, Andhra Pradesh)",2026-04-23T12:39:39,whatsapp,green,{}
034fa55f-5f71-4ffd-b5c4-f80038adfd3c,4de995eccf2b34da7c24db9f46bf4670,8903077944551,LOT25A373,"682001 (Ernakulam, Kerala)",2025-03-29T16:49:00,whatsapp,green,{}
449483b5-e144-4e71-876f-2672c2aecf94,dd5939d410810f6f38629307c5a9fa9e,8909971261294,LOT25C259,"711101 (Howrah, West Bengal)",2025-12-03T17:50:13,whatsapp,green,{}
21f7f38c-c16b-4ef1-93f5-9acf53268ceb,8c95f11c3ed37d4bf3137163e7fd09bf,8909971261294,LOT25C259,"411001 (Pune, Maharashtra)",2025-07-28T15:45:38,whatsapp,green,{}
08c3b60c-91df-402d-803e-220a344c9de0,279849d07227eb2d3b09b3102392bc4d,8909971261294,LOT25C259,"560066 (Bengaluru Urban, Karnataka)",2026-04-20T07:51:55,whatsapp,green,{}
0b5291b0-9ae6-47f4-8501-568567c67619,9c53f7e564883d2139dfd7941d7a97a0,8909971261294,LOT25C259,"302001 (Jaipur, Rajasthan)",2025-12-05T13:23:32,whatsapp,green,{}
d82fb9d3-7f8a-4ddf-9329-a83a4e55a14d,18dbb6b5f1f5abb1c0cf74e63ef48ef9,8909971261294,LOT25C259,"226001 (Lucknow, Uttar Pradesh)",2025-05-30T23:37:05,web,green,{}
d9f379da-cf25-40bd-86a3-26c8687eae01,5e1f1952087346a3d3b60f446c86be34,8909971261294,LOT25C259,"682001 (Ernakulam, Kerala)",2026-04-27T07:24:03,web,green,{}
eddcc541-1e8c-4231-9420-2997e9467311,96c68b14bf0756fef5e1373c5bf6951e,8909971261294,LOT25C259,"110019 (North West Delhi, Delhi)",2025-04-08T21:12:18,whatsapp,green,{}
24d9ef8b-6e0c-4ba1-a399-dfffb98c7d9a,35835503df003912a338c1ef6a7126f8,8909971261294,LOT25C259,"800001 (Patna, Bihar)",2026-07-05T17:52:30,whatsapp,green,{}
2879121f-40b8-43a9-8b86-79e8f7a0a0b7,939e35b2d4a25b4fd08d103d1ac1216a,8909971261294,LOT25C259,"530001 (Visakhapatnam, Andhra Pradesh)",2025-08-17T07:22:22,whatsapp,green,{}
40959e99-8eee-4014-a354-154516355e76,e1b21fd2f2d021b32618a3d4e89a7397,8909971261294,LOT25C259,"226001 (Lucknow, Uttar Pradesh)",2026-01-10T20:18:13,whatsapp,green,{}
2e7b3bf9-71b2-4f54-84d3-e3315b00aa04,2625ee9edb180e1b18f21370e8cb3c86,8904477882870,24055276,"400001 (Mumbai City, Maharashtra)",2026-08-28T15:08:09,whatsapp,green,{}
1e4aa7ec-d532-48d8-9e2b-71f75681cac4,62b598a1f308b358a5bc2fb77caf570e,8901707467197,LOT25G992,"570001 (Mysuru, Karnataka)",2025-10-25T17:55:29,web,green,{}
75b8ee11-71ea-4a78-a758-103cdf4411d7,0f853d365e12c27872a10427cb0ffec3,8901707467197,LOT25G992,"452001 (Indore, Madhya Pradesh)",2026-02-10T06:33:41,whatsapp,green,{}
e5c63bb4-9a56-41b4-967f-109153034036,c078aa85f0e6d8de6768b8507a7ce9c7,8901707467197,LOT25G992,"711101 (Howrah, West Bengal)",2026-02-21T11:43:01,web,green,{}
cc1cbc61-1523-4d90-b272-417dadf1cc17,020b5b9a055dd8be0aa5c2162253f872,8901179453447,LOT25C399,"462001 (Bhopal, Madhya Pradesh)",2026-06-25T07:52:22,whatsapp,expired,{expiry_status_fail}
8896bbbc-4fe5-42d5-b436-36fcad5bc2f7,3b9b40e443eff83daf72c79813b15e0d,8901179453447,LOT25C399,"570001 (Mysuru, Karnataka)",2025-06-11T09:30:10,web,expired,{expiry_status_fail}
3129cc54-ebd3-4930-b000-388d97fbfb31,b1f86d069b70b903f696e904567cbb0d,8901179453447,LOT25C399,"570001 (Mysuru, Karnataka)",2025-09-27T17:24:37,whatsapp,expired,{expiry_status_fail}
2578e31a-242a-43f4-ae7d-24e54a6476fa,f8be6192f478cce3507db1bceb2cb7a1,8904313264691,LOT25B305,"530001 (Visakhapatnam, Andhra Pradesh)",2026-01-16T13:54:18,web,green,{}
f03b290e-1ec6-44bf-a740-c8018d780d38,d4ce109ceb75cb0ceddbf3dec28c62cf,8904313264691,LOT25B305,"641001 (Coimbatore, Tamil Nadu)",2026-08-19T11:56:57,whatsapp,green,{}
52752161-ef9e-4a68-b173-876c93cf0898,bc012ccde9c8b9fd3ffe8949e3c6a251,8909044851939,25084740,"400601 (Thane, Maharashtra)",2026-08-28T23:40:25,whatsapp,green,{}
1678f099-522f-44b3-b8e1-f81caeff506f,c45b71f880639591d1bd6c7c4edfeaeb,8909044851939,25084740,"570001 (Mysuru, Karnataka)",2026-08-18T07:49:04,web,green,{}
283cb729-1723-424c-ab93-9af073026e1c,dd53c415488955da9a864304ba51062a,8909044851939,25084740,"560066 (Bengaluru Urban, Karnataka)",2025-04-27T05:28:07,web,green,{}
510c4f7a-d42d-479b-a72d-1d320be4b875,4419ed46c4b695da954a79f562828966,8902457859302,ZZ5474,"560034 (Bengaluru Urban, Karnataka)",2025-11-29T12:09:45,whatsapp,green,{}
b1c95398-53b1-4ccd-bad3-1994088b02ed,606e889ac396040b49776d3b2d4f42b5,8902457859302,ZZ5474,"625001 (Madurai, Tamil Nadu)",2025-10-13T18:28:33,web,green,{}
2bc58837-cef4-46d5-80e4-8fcbd6920153,126cc247db8786047fc8d17b79b3175b,8902457859302,ZZ5474,"800001 (Patna, Bihar)",2025-07-26T18:54:52,web,green,{}
ec5ebaba-0eda-4d02-a09b-4782b096345a,405f1bda6fcd273fb217cf83c6a207e6,8906631628447,JK4471,"560001 (Bengaluru Urban, Karnataka)",2026-08-03T08:52:08,whatsapp,amber,{replay_pattern_flagged_preview}
abebb0ec-0c4e-416e-8ec5-daec72e765b2,405f1bda6fcd273fb217cf83c6a207e6,8906631628447,JK4471,"143001 (Amritsar, Punjab)",2026-08-04T10:30:27,web,amber,"{replay_pattern_flagged_preview,impossible_travel_demo}"
3a25274c-4813-4a4a-bd8c-caecb0ccfd23,2444b09d4e16f7a97782a51d227bcdcb,8909065355911,CT5510,"600001 (Chennai, Tamil Nadu)",2026-07-16T12:06:12,whatsapp,red,{replay_pattern_flagged_preview}
336f7c6a-c205-4d53-a195-b18a50ce881f,2444b09d4e16f7a97782a51d227bcdcb,8909065355911,CT5510,"110001 (New Delhi, Delhi)",2026-07-17T11:45:49,web,red,"{replay_pattern_flagged_preview,impossible_travel_demo}"
3ec7862d-782e-4196-aae1-f767d5de744a,5ba79f56bce8ede34bac6c1d78b721fb,8906631628447,DR8820,"380001 (Ahmedabad, Gujarat)",2026-06-24T11:26:29,whatsapp,red,{replay_pattern_flagged_preview}
ccce5d20-0e9f-4bc0-a4f5-52ad5d49f8ae,5ba79f56bce8ede34bac6c1d78b721fb,8906631628447,DR8820,"700001 (Kolkata, West Bengal)",2026-06-25T21:59:46,web,red,"{replay_pattern_flagged_preview,impossible_travel_demo}"
4a358138-9801-4a6e-922f-c8b75f8b94b8,819b155c25a295a546e5bf31c68ad60a,8907444651473,BQ7743,"411001 (Pune, Maharashtra)",2026-08-07T08:50:14,whatsapp,red,{replay_pattern_flagged_preview}
c92683b6-6abc-41b5-bf06-fbf3859d9518,819b155c25a295a546e5bf31c68ad60a,8907444651473,BQ7743,"226001 (Lucknow, Uttar Pradesh)",2026-08-08T20:11:06,web,red,"{replay_pattern_flagged_preview,impossible_travel_demo}"
