product_name,batch_number,manufacturer,alert_date,reason,source_document,lab_type,extraction_confidence,page,mfg_date,expiry_date,reported_by
Carboxymethyl Cellulose Sodium Eye Drops IP,MO24H27,Martin & Brown Bio-sciences Pvt. Ltd.,2025-04-30,"pH, Sterility and Assay",CDSCO_NSQ_ALERT_FOR_THE_MONTH_OF_APRIL-2025.pdf,central,medium,1,08/2024,07/2026,"CDL, Kolkata"
Carboxymethyl Cellulose Sodium Eye Drops IP,MO24H21,Martin & Brown Bio-sciences Pvt. Ltd.,2025-04-30,"pH, Sterility and Assay",CDSCO_NSQ_ALERT_FOR_THE_MONTH_OF_APRIL-2025.pdf,central,medium,1,08/2024,07/2026,"CDL, Kolkata"
Carboxymethyl Cellulose Sodium Eye Drops IP,MO24H22,Martin & Brown Bio-sciences Pvt. Ltd.,2025-04-30,"pH, Sterility and Assay",CDSCO_NSQ_ALERT_FOR_THE_MONTH_OF_APRIL-2025.pdf,central,medium,1,08/2024,07/2026,"CDL, Kolkata"
Bupivacaine Hydrochloride Injection IP (Bupicain-0.5%),BPC24007,Themis Medicare Limited,2025-04-30,Particulate matter and Description,CDSCO_NSQ_ALERT_FOR_THE_MONTH_OF_APRIL-2025.pdf,central,medium,1,12/2024,10/2026,"CDL, Kolkata"
Ceftriaxone and Sulbactam for Injection IP (CEFRITZ S 1.5),24DH13V,MMG Healthcare,2025-04-30,Bacterial endotoxins for Sterile water for Injection.,CDSCO_NSQ_ALERT_FOR_THE_MONTH_OF_APRIL-2025.pdf,central,medium,1,08/2024,07/2026,"CDL, Kolkata"
Pantoprazole Gastro- Resistant Tablets IP 40 mg.,MT240578,Mancare Laboratories Pvt. Ltd.,2025-04-30,Dissolution in Buffer Stage,CDSCO_NSQ_ALERT_FOR_THE_MONTH_OF_APRIL-2025.pdf,central,medium,1,08/2024,07/2026,"CDL, Kolkata"
Oxcarbazepine Tablets IP 300 mg (OXCARBAJAJ 300),OXB02I24,Bajaj Healthcare Ltd.,2025-04-30,Dissolution,CDSCO_NSQ_ALERT_FOR_THE_MONTH_OF_APRIL-2025.pdf,central,medium,1,09/2024,08/2026,"CDL, Kolkata"
Calcium & Vitamin D3 Tablets IP,QT23136,Quest Laboratories Limited,2025-04-30,Dissolution (for Calcium) and Assay of Elemental Calcium,CDSCO_NSQ_ALERT_FOR_THE_MONTH_OF_APRIL-2025.pdf,central,medium,1-2,11/2024,10/2026,"CDL, Kolkata"
Calcium Carbonate 500 mg + VIT. D3 250 IU Tablets IP (CALXIA 500 ),GTL1289,Gidsha Pharmaceuticals,2025-04-30,Dissolution (for Calcium),CDSCO_NSQ_ALERT_FOR_THE_MONTH_OF_APRIL-2025.pdf,central,medium,2,12/2024,11/2026,"CDL, Kolkata"
Calcium Carbonate 500 mg +VIT. D3 250 IU Tablets IP (CALXIA 500 ),GTL1292,Gidsha Pharmaceuticals,2025-04-30,Dissolution (for Calcium),CDSCO_NSQ_ALERT_FOR_THE_MONTH_OF_APRIL-2025.pdf,central,medium,2,12/2024,11/2026,"CDL, Kolkata"
Calcium Carbonate 500 mg +VIT. D3 250 IU Tablets IP (CALXIA 500 ),GTL1286,Gidsha Pharmaceuticals,2025-04-30,Dissolution (for Calcium),CDSCO_NSQ_ALERT_FOR_THE_MONTH_OF_APRIL-2025.pdf,central,medium,2,12/2024,11/2026,"CDL, Kolkata"
Calcium Carbonate 500 mg +VIT. D3 250 IU Tablets IP (CALXIA 500 ),GTL1298,Gidsha Pharmaceuticals,2025-04-30,Dissolution (for Calcium),CDSCO_NSQ_ALERT_FOR_THE_MONTH_OF_APRIL-2025.pdf,central,medium,2,12/2024,11/2026,"CDL, Kolkata"
Calcium Carbonate 500 mg +VIT. D3 250 IU Tablets IP (CALXIA 500 ),GTL1301,Gidsha Pharmaceuticals,2025-04-30,Dissolution (for Calcium),CDSCO_NSQ_ALERT_FOR_THE_MONTH_OF_APRIL-2025.pdf,central,medium,2,12/2024,11/2026,"CDL, Kolkata"
Calcium Carbonate 500 mg +VIT. D3 250 IU Tablets IP (CALXIA 500 ),GTL1302,Gidsha Pharmaceuticals,2025-04-30,Dissolution (for Calcium),CDSCO_NSQ_ALERT_FOR_THE_MONTH_OF_APRIL-2025.pdf,central,medium,2,12/2024,11/2026,"CDL, Kolkata"
Calcium Carbonate 500 mg +VIT. D3 250 IU Tablets IP (CALXIA 500 ),GTL1303,Gidsha Pharmaceuticals,2025-04-30,Dissolution (for Calcium),CDSCO_NSQ_ALERT_FOR_THE_MONTH_OF_APRIL-2025.pdf,central,medium,2,12/2024,11/2026,"CDL, Kolkata"
Calcium Carbonate 500 mg +VIT. D3 250 IU Tablets IP (CALXIA 500 ),GTL1304,Gidsha Pharmaceuticals,2025-04-30,Dissolution (for Calcium),CDSCO_NSQ_ALERT_FOR_THE_MONTH_OF_APRIL-2025.pdf,central,medium,2,12/2024,11/2026,"CDL, Kolkata"
Calcium Carbonate 500 mg +VIT. D3 250 IU Tablets IP (CALXIA 500 ),GTL1305,Gidsha Pharmaceuticals,2025-04-30,Dissolution (for Calcium),CDSCO_NSQ_ALERT_FOR_THE_MONTH_OF_APRIL-2025.pdf,central,medium,2,12/2024,11/2026,"CDL, Kolkata"
Calcium Carbonate 500 mg +VIT. D3 250 IU Tablets IP (CALXIA 500 ),GTL1306,Gidsha Pharmaceuticals,2025-04-30,Dissolution (for Calcium),CDSCO_NSQ_ALERT_FOR_THE_MONTH_OF_APRIL-2025.pdf,central,medium,2,12/2024,11/2026,"CDL, Kolkata"
Amikacin Sulphate Injection I.P. 500 mg,24AM18,SAI Parenterals Limited,2025-04-30,Particulate matter and Description,CDSCO_NSQ_ALERT_FOR_THE_MONTH_OF_APRIL-2025.pdf,central,medium,2-3,10/2024,09/2026,"CDL, Kolkata"
Sucralfate & Oxetacaine Suspension (Rabeflux Suspension),RBLS-02501,Tidal Laboratories Pvt. Ltd.,2025-04-30,"Identification, Assay of Sucralfate and Assay of Oxetacaine",CDSCO_NSQ_ALERT_FOR_THE_MONTH_OF_APRIL-2025.pdf,central,medium,3,01/2025,12/2026,"CDL, Kolkata"
Iron Sucrose Injection USP 100mg/5ml,24RS15,SAI Parenterals Limited,2025-04-30,pH and Alkalinity,CDSCO_NSQ_ALERT_FOR_THE_MONTH_OF_APRIL-2025.pdf,central,medium,3,12/2024,11/2026,"CDL, Kolkata"
Iron Sucrose Injection USP 100mg/5ml,24RS03,SAI Parenterals Limited,2025-04-30,pH,CDSCO_NSQ_ALERT_FOR_THE_MONTH_OF_APRIL-2025.pdf,central,medium,3,01/2024,12/2025,"CDL, Kolkata"
Iron Sucrose Injection USP 100 mg/5ml,24RS06,SAI Parenterals Limited,2025-04-30,pH and Alkalinity,CDSCO_NSQ_ALERT_FOR_THE_MONTH_OF_APRIL-2025.pdf,central,medium,3,02/2024,01/2026,"CDL, Kolkata"
Compound Sodium Lactate Injection IP (RINGER-LACTATE SOLUTION FOR INJECTION ) (RL),1I245476,Aculife Healthcare Pvt. Ltd.,2025-04-30,Sterility,CDSCO_NSQ_ALERT_FOR_THE_MONTH_OF_APRIL-2025.pdf,central,medium,3,09/2024,08/2027,"CDL, Kolkata"
"Rifampicin, Isoniazid and Ethmbutol Hydrochloride Tablets IP",TR-820008,Centurion Remedies Pvt. Ltd.,2025-04-30,Assay of Rifampicin,CDSCO_NSQ_ALERT_FOR_THE_MONTH_OF_APRIL-2025.pdf,central,medium,3,07/2024,06/2026,"CDL, Kolkata"
Calcium Carbonate 500 mg + VIT. D3 250 IU Tablets IP (CALXIA 500 ),GTL1294,Gidsha Pharmaceuticals,2025-04-30,Dissolution (for Calcium),CDSCO_NSQ_ALERT_FOR_THE_MONTH_OF_APRIL-2025.pdf,central,medium,3,12/2024,11/2026,"CDL, Kolkata"
Calcium Carbonate 500 mg + VIT. D3 250 IU Tablets IP (CALXIA 500 ),GTL1299,Gidsha Pharmaceuticals,2025-04-30,Dissolution (for Calcium),CDSCO_NSQ_ALERT_FOR_THE_MONTH_OF_APRIL-2025.pdf,central,medium,3,12/2024,11/2026,"CDL, Kolkata"
Calcium Carbonate 500 mg + VIT. D3 250 IU Tablets IP (CALXIA 500 ),GTL1300,Gidsha Pharmaceuticals,2025-04-30,Dissolution (for Calcium),CDSCO_NSQ_ALERT_FOR_THE_MONTH_OF_APRIL-2025.pdf,central,medium,3,12/2024,11/2026,"CDL, Kolkata"
Ondansetron Oral Solution I.P. 2mg/5ml,ONES-1004,Wings Biotech,2025-04-30,Related Susbtances,CDSCO_NSQ_ALERT_FOR_THE_MONTH_OF_APRIL-2025.pdf,central,medium,3,09/2024,08/2026,"CDL, Kolkata"
Gentamicin Injection IP (Gentatore Injection 80 mg/2ml),IGMG418,Regain Laboratories,2025-04-30,Particulate matter and Description,CDSCO_NSQ_ALERT_FOR_THE_MONTH_OF_APRIL-2025.pdf,central,medium,3,07/2024,06/2026,"CDL, Kolkata"
Teneligliptin & Metformin Hydrochloride (Sustained Release) Tablets IP (Teglisure-M 500),AOT244-00B,Astonea Labs Pvt. Ltd.,2025-04-30,Assay/content of Teneligliptin,CDSCO_NSQ_ALERT_FOR_THE_MONTH_OF_APRIL-2025.pdf,central,medium,4,03/2024,02/2026,"CDL, Kolkata"
Cefpodoxime Proxetil Tablets I.P. 200 mg (BREPOD-200),ST-25456,Sunvij Drugs Private Limited,2025-04-30,Dissolution,CDSCO_NSQ_ALERT_FOR_THE_MONTH_OF_APRIL-2025.pdf,central,medium,4,10/2024,09/2026,"CDL, Kolkata"
Rabeprazole Sodium Injection IP,MD23H19,Martin & Brown Bio Sciences,2025-04-30,"pH, Particulate matter, Clarity of Solution, Assay of Rabeprazole Sodium and Description",CDSCO_NSQ_ALERT_FOR_THE_MONTH_OF_APRIL-2025.pdf,central,medium,4,08/2023,07/2025,"CDL, Kolkata"
Nimesulide & Paracetamol Tablets (Somu Gold),TTX0093,Pro-pharma Care Pvt. Ltd.,2025-04-30,Dissolution,CDSCO_NSQ_ALERT_FOR_THE_MONTH_OF_APRIL-2025.pdf,central,medium,4,01/2024,12/2026,"RDTL, Guwahati"
Fluconazole Tablets I.P. 150 mg (Megmazole- 150 Tablets),TSF-C0116,Spen Formulations Pvt. Ltd.,2025-04-30,Assay/Content of Fluconazole,CDSCO_NSQ_ALERT_FOR_THE_MONTH_OF_APRIL-2025.pdf,central,medium,4,01/2024,12/2025,"RDTL, Guwahati"
Sulbactam Sodium Sterile I.P./USP.,23051901,Reyoung Pharmaceutical Co. Ltd.,2025-04-30,"""Identification and Assay/Content of Sulbactam Sodium",CDSCO_NSQ_ALERT_FOR_THE_MONTH_OF_APRIL-2025.pdf,central,medium,4,5/2023,04/2026,"RDTL, Guwahati"
Sulbactam Sodium Sterile I.P./USP.,23051806,Reyoung Pharmaceutical Co. Ltd.,2025-04-30,Identification and Assay/Content of Sulbactam Sodium,CDSCO_NSQ_ALERT_FOR_THE_MONTH_OF_APRIL-2025.pdf,central,medium,4-5,5/2023,04/2026,"RDTL, Guwahati"
Sulbactam Sodium Sterile I.P./USP.,23051903,Reyoung Pharmaceutical Co. Ltd.,2025-04-30,Identification and Assay/Content of Sulbactam Sodium,CDSCO_NSQ_ALERT_FOR_THE_MONTH_OF_APRIL-2025.pdf,central,medium,5,5/2023,04/2026,"RDTL, Guwahati"
Ciprofloxacin Tablets IP 250 mg (Ciprodac 250),CT24001,CADILA PHARMACEUTICALS LIMITED,2025-04-30,"Dissolution"" of Ciprofloxacin",CDSCO_NSQ_ALERT_FOR_THE_MONTH_OF_APRIL-2025.pdf,central,medium,5,2/2024,01/2027,"RDTL, Guwahati"
Ciprofloxacin Tablets IP 250 mg,CITB-02,NESTOR PHARMACEUTICALS LIMITED,2025-04-30,Dissolution,CDSCO_NSQ_ALERT_FOR_THE_MONTH_OF_APRIL-2025.pdf,central,medium,5,7/2024,06/2026,"RDTL, Guwahati"
Sulbactam Sodium Sterile I.P./USP,23051904,Reyoung Pharmaceutical Co. Ltd.,2025-04-30,Identification and Assay/Content of Sulbactam Sodium,CDSCO_NSQ_ALERT_FOR_THE_MONTH_OF_APRIL-2025.pdf,central,medium,5,5/2023,04/2026,"RDTL, Guwahati"
Sulbactam Sodium Sterile I.P./USP.,23051902,Reyoung Pharmaceutical Co. Ltd.,2025-04-30,Identification and Assay/Content of Sulbactam Sodium,CDSCO_NSQ_ALERT_FOR_THE_MONTH_OF_APRIL-2025.pdf,central,medium,5,5/2023,04/2026,"RDTL, Guwahati"
Albendazole Tablets IP 400 mg,LMT241100,Life Max Cancer Laboratories,2025-04-30,Dissolution,CDSCO_NSQ_ALERT_FOR_THE_MONTH_OF_APRIL-2025.pdf,central,medium,6,9/2024,08/2026,"RDTL, Guwahati"
"Telmisartan I.P. 40 mg, Amlodipine Besylate I.P. 5 mg Tablets",ST 211,Soham Healhcare INC,2025-04-30,"""Dissolution"" (Telmisartan and Amlodipine) and ""Assay/ content of Telmisartan and Amlodipine""",CDSCO_NSQ_ALERT_FOR_THE_MONTH_OF_APRIL-2025.pdf,central,medium,6,4/2024,03/2026,CDTL-Mumbai
Pioglitazone Hydrochloride Tablets (GLITO 15),D40292,Medley Pharmaceuticals Ltd.,2025-04-30,"""Dissolution""",CDSCO_NSQ_ALERT_FOR_THE_MONTH_OF_APRIL-2025.pdf,central,medium,6,5/2024,04/2027,CDTL-Mumbai
Glimepiride Tablets I.P. 1 mg,12801124,Karnataka Antibiotics & Pharmaceuticals Limited,2025-04-30,"""Related substances""",CDSCO_NSQ_ALERT_FOR_THE_MONTH_OF_APRIL-2025.pdf,central,medium,6,8/2024,07/2026,CDTL-Mumbai
Telmisartan & Hydrochlorothiazide Tablets IP (Telmijack-H),T-20560,Jackson Laboratories Pvt. Ltd.,2025-04-30,"""Related substances and Assay of Hydrochlorothiazi de""",CDSCO_NSQ_ALERT_FOR_THE_MONTH_OF_APRIL-2025.pdf,central,medium,6,3/2024,02/2026,CDTL-Mumbai
Sulphamethoxazole and Trimethoprim Tablets IP,MT386,Mayasha Lifesciences,2025-04-30,Dissolution of Sulphamethoxazol e,CDSCO_NSQ_ALERT_FOR_THE_MONTH_OF_APRIL-2025.pdf,central,medium,6,10/2023,09/2026,"RDTL, Chandigarh"
Levamisole & Oxyclozanide Bolus Vet. (Wormizole Bolus),EMVB-24162,Events Corporation,2025-04-30,Disintegration test,CDSCO_NSQ_ALERT_FOR_THE_MONTH_OF_APRIL-2025.pdf,central,medium,6,10/2024,09/2026,"RDTL, Chandigarh"
Sodium Chloride Injection IP 0.9 %w/v,LV4979,Captab Biotec,2025-04-30,Bacterial endotoxins and Sterility,CDSCO_NSQ_ALERT_FOR_THE_MONTH_OF_APRIL-2025.pdf,central,medium,6,11/2024,10/2026,"RDTL, Chandigarh"
Sodium Chloride Injection IP 0.9 %w/v,LV4987,Captab Biotec,2025-04-30,Bacterial endotoxins and Sterility,CDSCO_NSQ_ALERT_FOR_THE_MONTH_OF_APRIL-2025.pdf,central,medium,6,11/2024,10/2026,"RDTL, Chandigarh"
Sodium Chloride Injection IP 0.9 %w/v,LV4983,Captab Biotec,2025-04-30,Bacterial endotoxins and Sterility,CDSCO_NSQ_ALERT_FOR_THE_MONTH_OF_APRIL-2025.pdf,central,medium,6,11/2024,10/2026,"RDTL, Chandigarh"
Sodium Chloride Injection IP 0.9 %w/v,LV4984,Captab Biotec,2025-04-30,Bacterial endotoxins and Sterility,CDSCO_NSQ_ALERT_FOR_THE_MONTH_OF_APRIL-2025.pdf,central,medium,7,11/2024,10/2026,"RDTL, Chandigarh"
Sodium Chloride Injection IP 0.9 %w/v,LV4985,Captab Biotec,2025-04-30,Bacterial endotoxins and Sterility,CDSCO_NSQ_ALERT_FOR_THE_MONTH_OF_APRIL-2025.pdf,central,medium,7,11/2024,10/2026,"RDTL, Chandigarh"
Sodium Chloride Injection IP 0.9 %w/v,LV4982,Captab Biotec,2025-04-30,Bacterial endotoxins and Sterility,CDSCO_NSQ_ALERT_FOR_THE_MONTH_OF_APRIL-2025.pdf,central,medium,7,11/2024,10/2026,"RDTL, Chandigarh"
Sodium Chloride Injection IP 0.9 %w/v,LV4978,Captab Biotec,2025-04-30,Bacterial endotoxins and Sterility,CDSCO_NSQ_ALERT_FOR_THE_MONTH_OF_APRIL-2025.pdf,central,medium,7,11/2024,10/2026,"RDTL, Chandigarh"
Sodium Chloride Injection IP 0.9 %w/v,LV4988,Captab Biotec,2025-04-30,"Particulate matter, Bacterial endotoxins and Sterility",CDSCO_NSQ_ALERT_FOR_THE_MONTH_OF_APRIL-2025.pdf,central,medium,7,11/2024,10/2026,"RDTL, Chandigarh"
Doxycycline Capsules IP 100 mg,B240705,Bochem Healthcare Pvt. Ltd.,2025-04-30,Dissolution of Doxycycline,CDSCO_NSQ_ALERT_FOR_THE_MONTH_OF_APRIL-2025.pdf,central,medium,7,05/2024,04/2026,"RDTL, Chandigarh"
Levetiracetam Tablets IP 500 mg,LMT241488,Life Max Cancer Laboratories,2025-04-30,Dissolution,CDSCO_NSQ_ALERT_FOR_THE_MONTH_OF_APRIL-2025.pdf,central,medium,7,12/2024,11/2026,"CDTL, Indore"
Dextrose Injection I.P. 5%w/v (D5),1-3098,Tam-Bran Pharmaceuticals Pvt. Ltd.,2025-06-30,Assay of Dextrose (Anhydrous),CDSCO_NSQ_june25.pdf,central,medium,1,01/2025,12/2027,"CDL, Kolkata"
Dexamethasone Sodium Phosphate Injection I.P. (Dexacos),P24L220,Paksons pharmaceuticals Private Limited,2025-06-30,"Free Dexamethasone, Particulate matter and Description",CDSCO_NSQ_june25.pdf,central,medium,1,12/2024,11/2026,"CDL, Kolkata"
Methylcobalamin Injection,S4H046,Arion Healthcare,2025-06-30,"Assay of Methylcobalamin, Particulate matter and Description",CDSCO_NSQ_june25.pdf,central,medium,1,08/2024,01/2026,"CDL, Kolkata"
Tranexamic Acid Injection IP 500 mg/5ml,Z24-185,Zee Laboratories Ltd.,2025-06-30,Related Substances and Assay of Tranexamic Acid,CDSCO_NSQ_june25.pdf,central,medium,1,02/2024,01/2026,"CDL, Kolkata"
Oxytocin Injection I.P. 1ml,AOX-2402,Systochem Laboratories Ltd.,2025-06-30,Assay of Oxytocin,CDSCO_NSQ_june25.pdf,central,medium,1,04/2024,03/2026,"CDL, Kolkata"
"Calcium Aspartate, Calcium Orotate, Calcitriol Minerals And Vitamin Tablets",EZF-2107,Overseas Health Care Pvt. Ltd.,2025-06-30,"Assay of Calcitriol, Zinc, Magnesium Hydroxide and Folic Acid",CDSCO_NSQ_june25.pdf,central,medium,1,11/2024,04/2027,"CDL, Kolkata"
Ascorbic Acid Injection I.P. (Vitson-C),P25L269,Paksons Pharmaceuticals Private Limitated,2025-06-30,Particulate Matter and Description,CDSCO_NSQ_june25.pdf,central,medium,1,02/2025,01/2027,"CDL, Kolkata"
Adrenaline Injection IP (Aline Injection 1 ml.),AL-92,Aster Medicines Pvt. Ltd.,2025-06-30,Particulate Matter and Description,CDSCO_NSQ_june25.pdf,central,medium,1,02/2025,04/2026,"CDL, Kolkata"
Calcium Gluconate Injection I.P. 10 ml.,MV24B36,Martin & Brown Bio-Sciences Pvt.Ltd.,2025-06-30,"Particulate Matter, Extractable Volume and Description",CDSCO_NSQ_june25.pdf,central,medium,2,02/2024,01/2026,"CDL, Kolkata"
Rabeprazole Sodium (EC) & Domperidone (SR) Capsules (Sesarab-DSR Capsules ),CG23-0372F,Athens Life Sciences,2025-06-30,Assay of Rabeprazole Sodium,CDSCO_NSQ_june25.pdf,central,medium,2,09/2023,08/2025,"CDL, Kolkata"
Heparin Injection IP 5000 IU/ml (Flagorin),DP2143,Divine Laboratories Pvt. Ltd.,2025-06-30,pH and Assay of Heparin (Anti- factor-IIa activity),CDSCO_NSQ_june25.pdf,central,medium,2,08/2022,06/2025,"CDL, Kolkata"
Adrenaline Bitartrate Injection I.P. 1 ml (Aderson Inj.),P25L262,Paksons Pharmaceuticals Private Limited,2025-06-30,"Particulate Matter, pH and Description",CDSCO_NSQ_june25.pdf,central,medium,2,02/2025,07/2026,"CDL, Kolkata"
Methylcobalamin 1500 mcg (Nuroark),JIN24-041,Janya Biocare Pvt. Ltd.,2025-06-30,Description and Particulate Matter,CDSCO_NSQ_june25.pdf,central,medium,2,08/2024,01/2026,"CDL, Kolkata"
"Calcium Aspartate, Calcium Orotate, Calcitriol, Minerals and Vitamins Tablets",EZF-2067,Overseas Health Care Pvt. Ltd.,2025-06-30,"Assay/ Content of Folic Acid, Zinc and Magnesium Hydroxide",CDSCO_NSQ_june25.pdf,central,medium,2,10/2024,03/2027,"CDL, Kolkata"
Fosfomycin Phenyl Ethyl Amine,20240901,Shayamg Qinjiang Chemical,2025-06-30,Specific Optical Rotation,CDSCO_NSQ_june25.pdf,central,medium,2,12-09-2024,11-09- 2026,"CDL, Kolkata"
Gentamicin Injection IP (Gentacos),P24L199,Paksons Pharmaceuticals Private Limited,2025-06-30,"Sterility, Particulate Matter and Description",CDSCO_NSQ_june25.pdf,central,medium,2,12/2024,11/2026,"CDL, Kolkata"
Ketoconazole & Zinc Pyrithione Shampoo (Ketocross Shampoo),L25Y2002,Om Sai Pharma Pack,2025-06-30,A s s a y o f Z i n c Pyrithione,CDSCO_NSQ_june25.pdf,central,medium,2,03/2025,02/2027,"CDL, Kolkata"
"Vitamin C Injection IP and Vitamin B12, Folic Acid and Niacinamide Injection (Eldervit B 12)",VHI034047,Vidit Healthcare,2025-06-30,Particulate Matter and Description,CDSCO_NSQ_june25.pdf,central,medium,3,08/2024,07/2026,"CDL, Kolkata"
"Vitamin C Injection IP and Vitamin B12, Folic Acid and Niacinamide Injection (Eldervit-12 Injection)",IEW1433B,E.G. Pharmaceuticlas,2025-06-30,Particulate Matter and Description,CDSCO_NSQ_june25.pdf,central,medium,3,07/2024,06/2026,"CDL, Kolkata"
Rabeprazole Sodium Injection I.P.,MD23H23,Martin & Brown Bio-Sciences Pvt.Ltd.,2025-06-30,"pH, Clarity of Solution, Particulate Matter, Assay of Rabeprazole Sodium and Description",CDSCO_NSQ_june25.pdf,central,medium,3,08/2023,07/2025,"CDL, Kolkata"
Clotrimazole Ear Drops,CLT-214A,Pushkar Pharma,2025-06-30,Assay of Clotrimazole,CDSCO_NSQ_june25.pdf,central,medium,3,08/2024,07/2026,"CDL, Kolkata"
Raberpazole (EC) & Domperidone (SR) Capsules (Rabeton-DSR),SC-15114,Sunvij Drugs Private Limited,2025-06-30,Assay of Rabeprazole Sodium,CDSCO_NSQ_june25.pdf,central,medium,3,10/2024,09/2027,"CDL, Kolkata"
Telmisartan Tablets IP 40 mg,ALPT-051,Alifecare Pharmacy Pvt Ltd,2025-06-30,Dissolution of Telmisartan,CDSCO_NSQ_june25.pdf,central,medium,3,07/2024,06/2026,"CDL, Kolkata"
3% Sodium Chloride Injection USP,G25B016,Inven Pharmaceuticals Pvt. Ltd.,2025-06-30,Particulate Matter in Injections,CDSCO_NSQ_june25.pdf,central,medium,3,02/2025,01/2027,"CDL, Kolkata"
Ondansetron Injection IP (Ondson Inj.),P24L189,Paksons Pharmaceuticals Private Limited,2025-06-30,Particulate Matter and Description,CDSCO_NSQ_june25.pdf,central,medium,3,11/2024,10/2026,"CDL, Kolkata"
Sitagliptin & Metformin Tablets 50mg + 1000mg (Sitajack-M),T-2672,Jackson Laboratories Pvt.Ltd.,2025-06-30,Assay of Sitagliptin,CDSCO_NSQ_june25.pdf,central,medium,3,09/2024,08/2026,"CDL, Kolkata"
Cefotaxime Sodium Injection IP 1g,1172,Hindustan Antibiotics Ltd.,2025-06-30,Water,CDSCO_NSQ_june25.pdf,central,medium,3,08/2023,07/2025,"CDL, Kolkata"
Amikacin Sulphate Injection IP (Lamic-500 Injection ),L-24K-31H,Inmac Laboratories,2025-06-30,"Particulate Matter, Assay and Description",CDSCO_NSQ_june25.pdf,central,medium,4,11/2024,10/2026,"CDL, Kolkata"
Pantoprazole Sodium for Injection (K Pan-IV Injection),GD24L-27H,Vellinton Healthcare,2025-06-30,Sterility,CDSCO_NSQ_june25.pdf,central,medium,4,12/2024,11/2026,"CDL, Kolkata"
Pantoprazole Gasrro- Resistant and Domperidone Prolonged Release Capsules IP (Prazentasure-DSR Capsules),NC24004,Nexkem Pharmaceuticals Pvt. Ltd.,2025-06-30,Dissolution of Pantoprazole in Buffer Stage,CDSCO_NSQ_june25.pdf,central,medium,4,09/2024,08/2026,"CDL, Kolkata"
Diclofenac Sodium Injection IP (ZOR INJ.),P25L265,Paksons Pharmaceuticals Private Limited,2025-06-30,Extractable Volume,CDSCO_NSQ_june25.pdf,central,medium,4,02/2025,01/2027,"CDL, Kolkata"
Rabeprazole Sodium Injection IP,MD23H12,Martin & Brown Bio-Sciences Pvt.Ltd.,2025-06-30,"pH, Clarity of Solution, Uniformity of Weight, Particulate Matter and Assay of Rabeprazole Sodium",CDSCO_NSQ_june25.pdf,central,medium,4,08/2023,07/2025,"CDL, Kolkata"
Amoxycillin and Potassium Clavulanate Injection IP,ACP-738A,Pushkar Pharma,2025-06-30,Assay of Potassium Clavulanate equivalent to Clavulanic Acid,CDSCO_NSQ_june25.pdf,central,medium,4,09/2023,08/2025,"CDL, Kolkata"
"Methycobalamin, Calcitriol, Omega-3 Fatty Acids (EPA & DHA), Folic Acid, Boron, Calcium Carbonate Softgel Capsules (Biofil-Max Softgel Capsules )",HPDJ24170,Healthwise Pharma,2025-06-30,"Assay of Docosahexaenoic Acid,Eicosapentaen oic acid",CDSCO_NSQ_june25.pdf,central,medium,4,10/2024,09/2026,"CDL, Kolkata"
Paracetamol Intravenous Infusion (1.0% w/v ),E25B026,D.J. Laboratories Pvt. Ltd.,2025-06-30,Particulate Contamination,CDSCO_NSQ_june25.pdf,central,medium,4,02/2025,01/2028,"CDL, Kolkata"
Telmisartan Tablets IP 40 mg,TLL-504,Healers Lab,2025-06-30,Dissolution of Telmisartan,CDSCO_NSQ_june25.pdf,central,medium,4,01/2025,12/2026,"RDTL, Guwahati"
Telmisartan Tablets IP 40 mg,TLL-503,Healers Lab,2025-06-30,Dissolution of Telmisartan,CDSCO_NSQ_june25.pdf,central,medium,4,01/2025,12/2026,"RDTL, Guwahati"
Telmisartan Tablets IP (Telzasig 20),TEZC25001,Signova Healthcare Pvt. Ltd,2025-06-30,Dissolution of Telmisartan,CDSCO_NSQ_june25.pdf,central,medium,4-5,04/2025,03/2027,"RDTL, Guwahati"
Infusion Set-NV,KT-071,Medivision Healthcare,2025-06-30,Sterillity,CDSCO_NSQ_june25.pdf,central,medium,5,11/2024,10/2027,"RDTL, Guwahati"
Calcium & Vitamin D3 Tablets IP (Calciven-500),T-240267,Sunlife Sciences,2025-06-30,Assay of Vitamin D3,CDSCO_NSQ_june25.pdf,central,medium,5,06/2024,05/2026,"RDTL, Guwahati"
Pantoprazole Tablets IP 20 mg (Opipan- 20),23G-T1503,Orison Pharma International,2025-06-30,Dissolution in Acid Stage & Description,CDSCO_NSQ_june25.pdf,central,medium,5,10/2023,09/2025,"RDTL, Guwahati"
Azithromycin Tablets IP 500 mg.,AYC-2407,Apple Formulations Pvt. Ltd.,2025-06-30,Dissolution of Azithromycin,CDSCO_NSQ_june25.pdf,central,medium,5,01/2024,12/2025,"RDTL, Guwahati"
Colestyramine BP,SB43/001M/24,Phaex Polymers Private Limited,2025-06-30,Loss on drying,CDSCO_NSQ_june25.pdf,central,medium,5,07/2024,07/2029,CDTL-Mumbai
Cholestyramine Resin USP,SB45/001M/24,Phaex Polymers Private Limited,2025-06-30,Loss on drying,CDSCO_NSQ_june25.pdf,central,medium,5,07/2024,07/2029,CDTL-Mumbai
Colestyramine EP,SB48/001M/24,Phaex Polymers Private Limited,2025-06-30,Loss on drying,CDSCO_NSQ_june25.pdf,central,medium,5,07/2024,07/2029,CDTL-Mumbai
"0.45 % w/v Sodium Chloride and 5 % w/v Dextrose Injection I.P. (0.45 % DNS), 500 ml",S3BX05,Swaroop Pharmaceuticals Pvt. Ltd.,2025-06-30,Test for Sterility,CDSCO_NSQ_june25.pdf,central,medium,5,11/2024,10/2026,CDTL-Mumbai
Sodium Polystyrene Sulfonate EP,SC42/048M/24,Phaex Polymers Private Limited,2025-06-30,Loss on drying,CDSCO_NSQ_june25.pdf,central,medium,5,07/2024,07/2029,CDTL-Mumbai
Sodium Polystyrene Sulfonate USP,SC25/048M/24,Phaex Polymers Private Limited,2025-06-30,Water determination,CDSCO_NSQ_june25.pdf,central,medium,5,07/2024,07/2029,CDTL-Mumbai
Sodium Polystyrene Sulfonate BP,SC27/048M/24,Phaex Polymers Private Limited,2025-06-30,Loss on drying,CDSCO_NSQ_june25.pdf,central,medium,5-6,07/2024,07/2029,CDTL-Mumbai
Nitrofurantoin Tablets I.P 100 mg,NFDT1201,Unicure India Ltd.,2025-06-30,Dissolution,CDSCO_NSQ_june25.pdf,central,medium,6,10/2024,09/2026,CDTL Indore
Glipizide & Metformin Tablets I.P,Z24-011,Zee Laboratories Ltd.,2025-06-30,Description,CDSCO_NSQ_june25.pdf,central,medium,6,01/2024,12/2026,CDTL Indore
Cefpodoxime Dispersible Tablets 200 mg (Xpocef 200 DT),XCT24078C,Xperia Creation,2025-06-30,Uniformity of Dispersion,CDSCO_NSQ_june25.pdf,central,medium,6,11/2024,10/2026,"CDTL, Hyderabad"
Calcium Carbonate 500 mg + VIT. D3 250 IU Tablets IP (CALXIA-500),GTL1317,Gidsha Pharmaceuticals,2025-05-31,Dissolution (for Calcium),NSQ_ALERT_MAY-2025.pdf,central,medium,1,12/2024,11/2026,"CDL, Kolkata"
Calcium Carbonate 500 mg + VIT. D3 250 IU Tablets IP (CALXIA-500),GTL1295,Gidsha Pharmaceuticals,2025-05-31,Dissolution (for Calcium),NSQ_ALERT_MAY-2025.pdf,central,medium,1,12/2024,11/2026,"CDL, Kolkata"
Calcium Carbonate 500 mg + VIT. D3 250 IU Tablets IP (CALXIA-500),GTL1316,Gidsha Pharmaceuticals,2025-05-31,Dissolution (for Calcium),NSQ_ALERT_MAY-2025.pdf,central,medium,1,12/2024,11/2026,"CDL, Kolkata"
Vitamin B Complex Injection 30 ml (WA-PLEX ),111,Weismanna Health Care Pvt. Ltd.,2025-05-31,Description and Particulate matter,NSQ_ALERT_MAY-2025.pdf,central,medium,1,12/2024,05/2026,"CDL, Kolkata"
Ondansetron Injection IP 2 mg/ml,ONA12515,Nandani Medical Laboratories Pvt. Ltd.,2025-05-31,Particulate matter,NSQ_ALERT_MAY-2025.pdf,central,medium,1,01/2025,12/2026,"CDL, Kolkata"
Rabeprazole Sodium Injection IP 20 mg/vial,MD23H27,Martin & Brown Bio Sciences,2025-05-31,"pH, Clarity of Solution, Particulate matter, Uniformity of Weight, Assay of Rabeprazole Sodium and Description.",NSQ_ALERT_MAY-2025.pdf,central,medium,1,08/2023,07/2025,"CDL, Kolkata"
Enzox Liquid Digestive Supplement,ES-24011/11,Tidal Laboratories Pvt. Ltd.,2025-05-31,Assay/Content of Pepsin activity.,NSQ_ALERT_MAY-2025.pdf,central,medium,1,12/2024,05/2026,"CDL, Kolkata"
Ciprofloxacin Injection IP (0.2%w/v) (Ciprox),2250946,Otsuka Pharmaceutical India Private Limited,2025-05-31,Particulate contamination.,NSQ_ALERT_MAY-2025.pdf,central,medium,1-2,02/2025,01/2028,"CDL, Kolkata"
Dobutamine Hydrochloride Injection IP 5 ml,DBA12404,Nandani Medical Laboratories Pvt. Ltd.,2025-05-31,Particulate matter and Description,NSQ_ALERT_MAY-2025.pdf,central,medium,2,08/2024,07/2026,"CDL, Kolkata"
Sitagliptin & Metformin Tablets 50 mg + 1000 mg (Sitajack-M ),T-2916,Jackson Laboratories Pvt. Ltd.,2025-05-31,Assay of Sitagliptin,NSQ_ALERT_MAY-2025.pdf,central,medium,2,09/2024,08/2026,"CDL, Kolkata"
Betamethasone Sodium Phosphate Injection IP (Betagin 1 ml),P24L107,Paksons Pharmaceuticals Private Limited,2025-05-31,"Particulate matter, Assay of Betamethasone Sodium Phosphate and Description",NSQ_ALERT_MAY-2025.pdf,central,medium,2,08/2024,07/2026,"CDL, Kolkata"
Pantoprazole for Injection BP 40 mg,AA013026,ANG Lifesciences India Ltd.,2025-05-31,Clarity and Colour of Solution,NSQ_ALERT_MAY-2025.pdf,central,medium,2,06/2023,05/2025,"CDL, Kolkata"
Pantoprazole for Injection BP 40 mg,AA013047,ANG Lifesciences India Ltd.,2025-05-31,Clarity and Colour of Solution,NSQ_ALERT_MAY-2025.pdf,central,medium,2,09/2023,08/2025,"CDL, Kolkata"
Sodium Chloride Injection U.S.P.(3% w/v ) (Hypertonic 3NS 100 ml),G250146001,Vision Parental Pvt. Ltd.,2025-05-31,Particulate Matter,NSQ_ALERT_MAY-2025.pdf,central,medium,2,01/2025,12/2027,"CDL, Kolkata"
Pantoprazole Tablets IP 40 mg,0092,Hindustan Antibiotics Ltd.,2025-05-31,Dissolution and Description,NSQ_ALERT_MAY-2025.pdf,central,medium,2,07/2024,06/2026,"CDL, Kolkata"
Fexofenadine Tablets IP (Fexodil 180 mg),T-4029,Jackson Laboratories Pvt. Ltd.,2025-05-31,Dissolution test after 10 min and after 30 min,NSQ_ALERT_MAY-2025.pdf,central,medium,2,01/2025,12/2026,"CDL, Kolkata"
Cefixime Tablets IP 200 mg,B240875,Bochem Healthcare Pvt. Ltd.,2025-05-31,Test of “Water”,NSQ_ALERT_MAY-2025.pdf,central,medium,2,06/2024,05/2026,"CDL, Kolkata"
Pantoprazole for Injection BP 40 mg,AA013043,ANG Lifesciences India Ltd.,2025-05-31,Clarity and colour of solution,NSQ_ALERT_MAY-2025.pdf,central,medium,2,08/2023,07/2025,"CDL, Kolkata"
Tranexamic Acid Tablets IP (Trenaxa 500 ),18242021A,Macleods Pharmaceuticals Ltd.,2025-05-31,Spurious Identification and Assay of Tranexamic Acid,NSQ_ALERT_MAY-2025.pdf,central,medium,2,08/2024,07/2027,"CDL, Kolkata"
Dexamethasone Sodium Phosphate Injection IP (Dexona),N400726,Zydus Healthcare Limited,2025-05-31,"Particulate matter, Assay of Dexamethasone Phosphate and Description",NSQ_ALERT_MAY-2025.pdf,central,medium,3,06/2024,11/2025,"CDL, Kolkata"
Bupivacaine Hydrochloride in Dextrose Injection USP 4 ml,17B24005,Radiant Parenterals Ltd.,2025-05-31,"pH, Bacterial Endotoxins Test, Particulate Matter in Injections and Description",NSQ_ALERT_MAY-2025.pdf,central,medium,3,09/2024,08/2026,"CDL, Kolkata"
Vitamin B-Complex with Vitamin C and Biotin Capsules (Vitabon ),C-3465,Jackson Laboratories Pvt. Ltd.,2025-05-31,Assay/content of Calcium Pantothenate,NSQ_ALERT_MAY-2025.pdf,central,medium,3,11/2024,10/2026,"CDL, Kolkata"
Rabeprazole Sodium (EC) & Domperidone (SR) Capsules (Dorsai),DYC-24007,DYCOTT Healthcare,2025-05-31,"Dissolution of Rabeprazole Sodium (acid stage), Dissolution of Rabeprazole Sodium (buffer stage) and Assay of Rabeprazole Sodium",NSQ_ALERT_MAY-2025.pdf,central,medium,3,04/2024,03/2026,"CDL, Kolkata"
Buprenorphine Injection I.P. (Talgesic Injection),BUP324002,Indus Pharma Pvt. Ltd.,2025-05-31,"Spurious Identification and Assay of Buprenorphine Hydrochloride, Particulate matter and Description",NSQ_ALERT_MAY-2025.pdf,central,medium,3,06/2024,05/2026,"CDL, Kolkata"
Buprenorphin Injection I.P. (Noophin Injection ),LM18898,Cooper Pharma Limited,2025-05-31,"Related Substances, Particulate matter, Sterility , Assay of Buprenorphine Hydrochloride eq. to Buprenorphine and Description",NSQ_ALERT_MAY-2025.pdf,central,medium,3,11/2022,10/2028,"CDL, Kolkata"
Ondansertron Orally Disintegrating Tablets IP 4 mg (ONVIN-4 MD TABLETS ),RV24012,Rivpra Formulation Pvt. Ltd.,2025-05-31,Related Substances,NSQ_ALERT_MAY-2025.pdf,central,medium,3,05/2024,04/2026,"CDL, Kolkata"
Aceclofenac & Paracetamol Tablets (Elzefen-P ),PC24021,Prochem Pharmaceuticals Pvt. Ltd.,2025-05-31,Assay of Aceclofenac,NSQ_ALERT_MAY-2025.pdf,central,medium,3,03/2024,02/2026,"CDL, Kolkata"
Zinc Sulphate Dispersible Tablets IP 20 mg,LMT240804,Life Max Cancer Laboratories,2025-05-31,Uniformity of Dispersion & Disintegration,NSQ_ALERT_MAY-2025.pdf,central,medium,4,07/2024,06/2026,"RDTL, Guwahati"
METRONIDAZOLE TABLETS IP (Martigyl- 400),MT-24D03,Martin & Brown Bio-sciences,2025-05-31,Dissolution,NSQ_ALERT_MAY-2025.pdf,central,medium,4,04/2024,03/2026,"RDTL, Guwahati"
Sodium Chloride Injection I.P. (0.9% w/v).. (NS),01BF2354,Paschim Banga Pharmaceutical (A,2025-05-31,Sterillity & Description,NSQ_ALERT_MAY-2025.pdf,central,medium,4,03/2024,02/2027,"RDTL, Guwahati"
Disposable Syringes (5ml) (SUI),4051124S11,Hindustan Ultra Care Limited,2025-05-31,Sterillity,NSQ_ALERT_MAY-2025.pdf,central,medium,4,11/2024,10/2027,"RDTL, Guwahati"
Telmisartan Tablets IP 40mg,251TTF025,Swiss Garnier Life Sciences,2025-05-31,Dissolution,NSQ_ALERT_MAY-2025.pdf,central,medium,4,12/2024,11/2027,"RDTL, Guwahati"
Telmisartan Tablets IP 40 mg,251TTF036,Swiss Garnier Life Sciences,2025-05-31,Dissolution,NSQ_ALERT_MAY-2025.pdf,central,medium,4,12/2024,11/2026,"RDTL, Guwahati"
Dicyclomine Hydrochloride Tablets IP 10 mg,TK24-08,Om Biomedic Pvt. Ltd.,2025-05-31,Description,NSQ_ALERT_MAY-2025.pdf,central,medium,4,11/2024,10/2026,"RDTL, Guwahati"
ALBENDAZOLE TABLETS I.P.,PGT24407,Affy Parenterals,2025-05-31,Dissolution of Albendazole,NSQ_ALERT_MAY-2025.pdf,central,medium,4,07/2024,06/2027,"RDTL, Chandigarh"
Sildenafil citrate oral jelly 5 gm (King of jelly),25005,Banson Pharmaceuticals Pvt.Ltd.,2025-05-31,Description and Assay of Sildenafil Citrate,NSQ_ALERT_MAY-2025.pdf,central,medium,4,02/2025,01/2028,"RDTL, Chandigarh"
Ofloxacin Tablets IP 200 mg,DL-55,DUTCH Formulations,2025-05-31,Dissolution and Assay of Ofloxacin,NSQ_ALERT_MAY-2025.pdf,central,medium,4,10/2024,09/2026,"RDTL, Chandigarh"
Ofloxacin and Ornidazole Tablets IP 200 mg+500mg,DL-136,DUTCH Formulations,2025-05-31,"Uniformity of weight, Dissolution of Ornidazole, Dissolution of Ofloxacin and Assay of Ofloxacin and Ornidazole",NSQ_ALERT_MAY-2025.pdf,central,medium,4-5,12/2024,11/2026,"RDTL, Chandigarh"
Azithromycin Tablets IP 500 mg,DL-52,DUTCH Formulations,2025-05-31,"Dissolution, Uniformity of weight and Assay of Azithromycin Dihydrate calculated as Azithromycin",NSQ_ALERT_MAY-2025.pdf,central,medium,5,10/2024,09/2026,"RDTL, Chandigarh"
Metronidazole Tablets IP 400 mg,B240578,Bochem Healthcare Pvt. Limited,2025-05-31,Dissolution,NSQ_ALERT_MAY-2025.pdf,central,medium,5,05/2024,04/2027,"RDTL, Chandigarh"
Amoxycillin and Potassium Clavulanate with Lactic Acid Bacillus Tablets (Polo-625 LB Tablets),PL2406001,Paradox Pharmaceuticals,2025-05-31,"Identification and Assay of Amoxycillin Trihydrate, Potassium Clavulanate and Lactic Acid Bacillus",NSQ_ALERT_MAY-2025.pdf,central,medium,5,10/2024,11/2026,"RDTL, Chandigarh"
Cefixime and Lactic Acid Bacillus Dispersible Tablets (Micoceff-LB 200 Tablets),CFL2411001,Maxcel Life Care,2025-05-31,Identification and Assay of Cefixime Trihydate and Lactic Acid Bacillus,NSQ_ALERT_MAY-2025.pdf,central,medium,5,11/2024,10/2026,"RDTL, Chandigarh"
Azithromycin Tablets IP 250 mg (RICK-250 TABLETS),AZR2411010,Paradox Pharmaceuticals,2025-05-31,"Identification, Dissolution and the Assay of Azithromycin",NSQ_ALERT_MAY-2025.pdf,central,medium,6,01/2025,12/2026,"RDTL, Chandigarh"
Pantoprazole Gastro resistant &Domperidone prolonged release Capsules IP,PZD242206,Paradox Pharmaceuticals,2025-05-31,Identification and Assay of Pantoprazole Sodium calculated as Pantoprazole and Domperidone and the Dissolution of Pantoprazole Sodium calculated as Pantoprazle.,NSQ_ALERT_MAY-2025.pdf,central,medium,6,01/2025,12/2026,"RDTL, Chandigarh"
Amoxycillin Trihydrate Capsules I.P. (Zymox-500 (Yellow)),ZYMC-2407,Laborate Pharmaceuticals India Ltd.,2025-05-31,"""Assay/ content of Amoxycillin""",NSQ_ALERT_MAY-2025.pdf,central,medium,6,04/2024,04/2026,CDTL-Mumbai
SPORLAC Tablets (Tablets of Probiotics),MS024004,J.B. Chemicals & Pharmaceuticals Ltd.,2025-05-31,"""Identification of Bacillus clausii""",NSQ_ALERT_MAY-2025.pdf,central,medium,6,04/2024,05/2026,CDTL-Mumbai
"Paracetamol 250 mg & Mefenamic Acid 100 mg Suspension, 60 ml (Pacimol MF 250 Suspension)",INC014022R,Ipca Laboratories Ltd.,2025-05-31,"""Assay of Paracetamol and Mefenamic Acid""",NSQ_ALERT_MAY-2025.pdf,central,medium,6,04/2024,03/2026,CDTL-Mumbai
Clopidogrel & Aspirin Tablets (75 mg/ 75 mg),GT241288,Theon Pharmaceuticals Ltd.,2025-05-31,"""Description""",NSQ_ALERT_MAY-2025.pdf,central,medium,6,07/2024,06/2026,CDTL-Mumbai
MULTIPLE ELECTROLYTES AND DEXTROSE INJ. TYPE-1 I.P. (AROLYTE P),1227421S,Shree KrishnaKeshav Laboratories Ltd.,2025-05-31,"""Assay of Potassium""",NSQ_ALERT_MAY-2025.pdf,central,medium,6,12/2024,11/2027,CDTL-Mumbai
Haematinic Capsules (R.B. TONE),D40652,Medley Pharmaceuticals Ltd.,2025-05-31,"""Microbial limit test (Total combined yeasts/molds count)""",NSQ_ALERT_MAY-2025.pdf,central,medium,7,11/2024,10/2026,CDTL-Mumbai
Aceclofenac Tablets I.P 100 mg,T4167,Zest Pharama,2025-05-31,Description,NSQ_ALERT_MAY-2025.pdf,central,medium,7,05/2024,04/2026,CDTL- Indore
Paracetamol Tablet I.P 500 mg,KA1334,Karnataka Antibiotics & Pharmaceuticals Limited,2025-05-31,Description,NSQ_ALERT_MAY-2025.pdf,central,medium,7,12/2023,11/2026,CDTL- Indore
Sucralfate Oral Suspension (AXID 200),624-470,Zee Laboratories Ltd.,2025-05-31,The sample does not conform to claim standards with respect to Description,NSQ_ALERT_MAY-2025.pdf,central,medium,7,06/2024,05/2026,CDTL- Chennai
Lorazepam Tablets I.P (1 mg),3305,Reliance Formulation Pvt. Ltd.,2025-06-30,Assay for Lorazepam” and “Dissolution Test,STATE_NSQ_June_-2025.pdf,state,medium,1,Apr-24,Mar-28,Karnataka
Telapp MT 25 (Telmisartan & Metoprolol Succinate (ER) Tablets),T24H459A,Bajaj Formulation,2025-06-30,Assay for Metoprolol Tartrate,STATE_NSQ_June_-2025.pdf,state,medium,1,Aug-24,Jul-26,Karnataka
Pantrum-40 Tablets (Pantoprazole Gastro- Restant Tablets IP),HT24686,Habitare Pharma pvt. Ltd.,2025-06-30,Dissolution” and “Description,STATE_NSQ_June_-2025.pdf,state,medium,1,Aug-24,Jul-26,Karnataka
Frusemide Injection I.P. 2 ml (Rasix Injection),IFMI415,Regain Laboratories,2025-06-30,pH” and Sterility,STATE_NSQ_June_-2025.pdf,state,medium,1,Sep-24,Aug-26,Karnataka
Methotrexate Injection IP 15 mg/ml (Folitrax-15),AI054J24,BDH Industrial Ltd.,2025-06-30,Sterility,STATE_NSQ_June_-2025.pdf,state,medium,1,Sep-24,Aug-26,Karnataka
Paracetamol Tablets I.P 500 mg,2511723,Karnataka Antibiotics & Pharmaceuticals Ltd.,2025-06-30,Description,STATE_NSQ_June_-2025.pdf,state,medium,1,Feb-23,Jan-26,Karnataka
"Iron Sucrose Injection USP (Irolink Injection),",L0372321C,Protech Telelinks,2025-06-30,Sterility,STATE_NSQ_June_-2025.pdf,state,medium,1,Oct-23,Sep-25,Karnataka
Dexamethasone Sodium Phosphate Injection I.P (Dexasun-For IM & IV use only),HLI380C,Himalaya Meditek (P) Ltd.,2025-06-30,Sterility and Assay for Dexamethasone Phosphate,STATE_NSQ_June_-2025.pdf,state,medium,1,Mar-24,Feb-26,Karnataka
Oxytetracycline Dihydrate Inj. I.P. (OXY-LA Injection Vet.),OTL-4449,Biograde Organics Pvt. Ltd.,2025-06-30,Description,STATE_NSQ_June_-2025.pdf,state,medium,1,Nov-24,Oct-26,Karnataka
Telmisartan and Hydrochlorothizide Tablets I.P (40mg/12.5mg),TMHT-1037,Wings Biotech LLP,2025-06-30,Uniformity of Weight,STATE_NSQ_June_-2025.pdf,state,medium,2,Oct-23,Sep-26,Karnataka
Telmisartan & Amlodipine Tablets I.P. (Telmamet AM),KTT24936,Kantil Pharmaceuticals Pvt. Ltd.,2025-06-30,Dissolution,STATE_NSQ_June_-2025.pdf,state,medium,2,Oct-24,Sep-26,Karnataka
Lorazepam Tablets IP 2 mg (Proline-2),05P23T03,Shine Pharmaceuticals Limited,2025-06-30,Assay for Lorazepam,STATE_NSQ_June_-2025.pdf,state,medium,2,Mar-23,Feb-27,Karnataka
"Salbrox-Xl Syrup (Ambroxol, Levosalbutamol, Guaiphenesin & Menthol Syrup)",BTB2404,MMC Healthcare Ltd.,2025-06-30,Description,STATE_NSQ_June_-2025.pdf,state,medium,2,Oct-24,Sep-26,Karnataka
Dextrose Injection I.P 5% w/v (D5),04BF0660,Paschim Banga Pharmaceuticals,2025-06-30,Sterility,STATE_NSQ_June_-2025.pdf,state,medium,2,Sep-23,Aug-26,Karnataka
Sodium Chloride Injection I.P (0.9%w/v)NS,01AF0301,Paschim Banga Pharmaceuticals,2025-06-30,Sterility,STATE_NSQ_June_-2025.pdf,state,medium,2,Dec-23,Nov-26,Karnataka
"Lilion-MR Tablets (Aceclofenac, Paracetamol & Chlorzoxazone Tablets)",CCT24984B,Cent Cure Pvt. Ltd.,2025-06-30,Assay for Aceclofenac and Chlorzoxazone,STATE_NSQ_June_-2025.pdf,state,medium,2,Jul-24,Jun-26,Karnataka
Methotrexate Injection IP 15 mg/ml (Folitrax-15),AI071L24,BDH Industrial Ltd.,2025-06-30,Sterility,STATE_NSQ_June_-2025.pdf,state,medium,2,Nov-24,Oct-26,Karnataka
Atropine Sulphate Injection I.P (Curopine),AS-1460,Pharma Cure Laboratories,2025-06-30,Sterility,STATE_NSQ_June_-2025.pdf,state,medium,2,Jan-25,Dec-26,Karnataka
Sodium Chloride Injection I.P (NS),24EC721,Pentagon Labs Ltd.,2025-06-30,Sterility,STATE_NSQ_June_-2025.pdf,state,medium,2,Jul-24,Jun-26,Karnataka
Sodium Chloride Injection IP 0.9% w/v (NS),TI204A002,Puniska Injectables Pvt. Ltd.,2025-06-30,Sterility,STATE_NSQ_June_-2025.pdf,state,medium,2,Sep-24,Aug-27,Karnataka
Sodium Chloride Injection IP 0.9% w/v (NS),TI404B024,Puniska Injectables Pvt. Ltd.,2025-06-30,Sterility,STATE_NSQ_June_-2025.pdf,state,medium,3,Sep-24,Aug-27,Karnataka
Sodium Chloride Injection IP 0.9% w/v (NS),UB404B021,Puniska Injectables Pvt. Ltd.,2025-06-30,Sterility,STATE_NSQ_June_-2025.pdf,state,medium,3,Feb-25,Jan-28,Karnataka
Pheniramine Maleate Injection IP (Care Vil),401,Carewin Pharmaceuticals (GUJ.) Pvt Ltd.,2025-06-30,Sterility,STATE_NSQ_June_-2025.pdf,state,medium,3,Jul-24,Jun-26,Karnataka
Paracetamol Tablets IP 500mg,PCTJ23058,Vivek Pharmachem (India) LTD,2025-06-30,Description,STATE_NSQ_June_-2025.pdf,state,medium,3,Nov-23,Oct-25,Karnataka
Mupirocin Ointment IP (Mupifit),2410223B,Biodeal Pharmaceuticals Limited,2025-06-30,Identification,STATE_NSQ_June_-2025.pdf,state,medium,3,Oct-24,Sep-26,Karnataka
"Dexamethasone Tablets I.P.0.5 mg,",PP/190,Penta Pharmaceuticals,2025-06-30,Assay of Dexamethasone,STATE_NSQ_June_-2025.pdf,state,medium,3,Jun-24,May-26,Karnataka
Pantus-D (Pantoprazole & Domperidone Tablets),APT-23918,ABOD Pharmaceuticals,2025-06-30,Assay of Pantoprazole,STATE_NSQ_June_-2025.pdf,state,medium,3,Mar-24,Feb-26,Karnataka
Ciprofloxacin Hydrochloride Tablets IP 250 mg.,CPT24046,Vivek Pharmachem (India) Ltd.,2025-06-30,Dissolution,STATE_NSQ_June_-2025.pdf,state,medium,3,Jul-24,Jun-26,Karnataka
Sodium Chloride Injection IP 0.9% w/v (NS),TL504E006,Puniska Injectables Pvt. Ltd.,2025-06-30,Sterility,STATE_NSQ_June_-2025.pdf,state,medium,3,Nov-24,Oct-27,Karnataka
ByGo Solution (Povidone Iodine Solution IP),NM860,Neptune Life Science Pvt Ltd.,2025-06-30,pH & Assay,STATE_NSQ_June_-2025.pdf,state,medium,3,Jul-24,Jun-26,Karnataka
Epproz-50 (Eperisone HCI Tablets),VEOT-2401,Verax Life Science Pvt Ltd.,2025-06-30,Assay and Dissolution test for Eperisone HCl,STATE_NSQ_June_-2025.pdf,state,medium,3,Mar-24,Feb-26,Karnataka
"Aciwave (Anesthetic, Antacid & Antiflatulent oral Suspension)",EL24165,Edkem Pharmaceuticals Ltd,2025-06-30,Assay for Oxethazaine,STATE_NSQ_June_-2025.pdf,state,medium,3-4,Mar-24,Feb-26,Karnataka
Sodium Chloride Injection IP 0.9% w/v (NS),UA404B021,Puniska Injectables Pvt. Ltd.,2025-06-30,Sterility,STATE_NSQ_June_-2025.pdf,state,medium,4,Jan-25,Dec-27,Karnataka
Calcium and Vitamin D3 Tablets IP (GENIBONE- 500),HCL5011,Hanuchem Laboratories,2025-06-30,Description,STATE_NSQ_June_-2025.pdf,state,medium,4,Jan-25,Dec-26,Karnataka
Diphenhydramine Hydrochloride Capsules IP 25 mg,C 364,Bittu Pharmaceuticals (II),2025-06-30,Dissolution,STATE_NSQ_June_-2025.pdf,state,medium,4,Feb-24,Jan-26,Karnataka
"Coxmyth-60 Tablets, (Etoricoxib Tablets IP 60mg)",ZRST-1325,ZRS Pharmaceuticals India Pvt. Ltd,2025-06-30,Assay for Etoricoxib,STATE_NSQ_June_-2025.pdf,state,medium,4,Jul-24,Jun-26,Karnataka
"Coxmyth-90 Tablets, (Etoricoxib Tablets IP 90mg)",DEMT-242366B,Dr. Edwin Medilabs Pvt Ltd.,2025-06-30,Uniformity of Weight and Dissolution Test for Etoricoxib,STATE_NSQ_June_-2025.pdf,state,medium,4,Nov-24,Oct-26,Karnataka
Enrofloxacin Tablets (Enrogen-500),TEG24004,Indian Genomix Pvt. Ltd.,2025-06-30,Description,STATE_NSQ_June_-2025.pdf,state,medium,4,Dec-24,Nov-26,Karnataka
Ciprox-TZ Suspension - Vet (Ciprofloxacin and Tinidazole Oral Suspension),CTL184,Mahendra Labs Pvt. Ltd.,2025-06-30,Assay for Tinidazole,STATE_NSQ_June_-2025.pdf,state,medium,4,Oct-24,Sep-26,Karnataka
Graficlav 625 Tablets (Amoxycillin & Potassium Clavulanate Tablets IP),TB24-0753A,Athens Life Sciences,2025-06-30,Uniformity of Weight of Tablets,STATE_NSQ_June_-2025.pdf,state,medium,4,Nov-24,Apr-26,Karnataka
Ibuprofen Tablets IP 400 mg,310524-BKN13,Biogenetic Drugs Pvt. Ltd.,2025-06-30,Dissolution of Ibuprofen,STATE_NSQ_June_-2025.pdf,state,medium,4,May-24,Apr/2026,Karnataka
CIPLOXVET BOLUS (Cephalexin Bolus 1500 mg),CPT-24007,Vet-needa Labs,2025-06-30,Disintegration,STATE_NSQ_June_-2025.pdf,state,medium,4,NOV/2024,O c t - 2 7,Karnataka
Albendazole Tablets IP 400 mg,ZL70,Mahendra Labs Pvt. Ltd.,2025-06-30,Dissolution,STATE_NSQ_June_-2025.pdf,state,medium,5,Oct-23,Sep-26,Karnataka
OFLOVEE OZ (Ofloxacin and Ornidazole Tablets IP),CT24100,Century Nova Drugs Pvt. Ltd.,2025-06-30,Description & Assay for Ofloxacin,STATE_NSQ_June_-2025.pdf,state,medium,5,Jun-24,05/2027,Karnataka
Nexikam-Plus Tablets (Escitalopram Oxalate & Clonazepam Tablets IP),GENT9932,Gentech Healthcare Pvt. Ltd.,2025-06-30,Uniformity of Content for both Escitalopram Oxalate & Clonazepam,STATE_NSQ_June_-2025.pdf,state,medium,5,Dec-24,Nov-26,Karnataka
Telmisartan and Hydrochlorothiazide Tablets I.P (40mg/12.5 mg),TMHT-1012,Wings Biotech LLP,2025-06-30,Uniformity of weight,STATE_NSQ_June_-2025.pdf,state,medium,5,Sep-23,Aug-26,Karnataka
Cyanocobalamin I.P.- Cynoder Injection I.P. (VITAMIN B12 INJ),AM-362,SVP Life Sciences,2025-06-30,Sterility” and “Assay for Anhydrous Cyanocobalamin,STATE_NSQ_June_-2025.pdf,state,medium,5,Oct-24,Sep-26,Karnataka
Sodium Chloride Injection IP 0.9% w/v (NS),TL104A060,Puniska Injectables Pvt. Ltd.,2025-06-30,Sterility,STATE_NSQ_June_-2025.pdf,state,medium,5,Nov/2024,O c t - 2 7,Karnataka
Telmisartan and Hydrochlorothiazide Tablets I.P. (40mg/12.5mg),TMHT1046,Wings Biotech LLP,2025-06-30,Uniformity of Weight,STATE_NSQ_June_-2025.pdf,state,medium,5,Oct/2023,S e p-26,Karnataka
Rodal 650 (Paracetamol IP 650 mg Tablets),ARDL-6-2403,Konis Pharmaceuticals Pvt. Ltd.,2025-06-30,"Dissolution of Tablets, Uniformity of weight and content of Paracetamol in the Assay",STATE_NSQ_June_-2025.pdf,state,medium,5,Sep-24,Aug-27,Karnataka
Ofloxacin and Dexamethasone Ophthalmic Solution,VE4111,Alpa Laboratories Ltd.,2025-06-30,Sterility,STATE_NSQ_June_-2025.pdf,state,medium,5,Nov-24,Oct-26,Karnataka
Pantoprazole Sodium for Injection (Petalife-40),ABGJ24032TH,Associated Biopharma Pvt. Ltd.,2025-06-30,Sterility,STATE_NSQ_June_-2025.pdf,state,medium,5,Oct-24,Sep-26,Karnataka
Frusemide Injection IP- 2ml,24BTH96,SVP Life Sciences,2025-06-30,Assay for frusemide,STATE_NSQ_June_-2025.pdf,state,medium,5,Aug-24,Jul-26,"King Institute of Preventive Medicine & Research, Guindy, Chennai-32"
Labetalol Tablets IP 100mg,LA1TE012,Unicure India Ltd,2025-06-30,Dissolution of Labetalol Hydrochloride Tablets,STATE_NSQ_June_-2025.pdf,state,medium,5,Aug-24,Jul-26,"Drugs Testing Laboratory, Chennai- 06"
Macro Ampicloxa (Ampicillin & Cloxacillin Capsules),C-20404,Jackson Laboratories Pvt.Ltd,2025-06-30,Content of Ampicillin in Ampicillin Trihydrate and Cloxacillin in Cloxacillin Sodium,STATE_NSQ_June_-2025.pdf,state,medium,6,Feb-24,Jan-26,"Drugs Testing Laboratory, Madurai- 19"
Co-Trimoxazole Tablets IP 480mg,MT403,Maxwell Life Science Pvt. Ltd,2025-06-30,Dissolution for Sulphamethoxazole,STATE_NSQ_June_-2025.pdf,state,medium,6,Jan-24,Dec-26,"Drugs Testing Laboratory, Chennai- 06"
"DKOF-LA Syrup (Ambroxol Hydrochlorie, Levocetirizine Hydrochloride, Guiaphenesin & Menthol Syrup)",L1774009,Innova Cap Tab Ltd,2025-06-30,Content of Ambroxol Hydrochloride,STATE_NSQ_June_-2025.pdf,state,medium,6,Sep-24,Aug-26,"Drugs Testing Laboratory, Chennai- 06"
Pulmonex-AS (Ambroxol Salbutamol Guaiphenesin Syrup),HTD-24109,N/A,2025-06-30,Content of Salbutamol in Salbutamol Sulphate and Ambroxol Hydrochloride. Note: Manufacturer's Name is not stated on the label.,STATE_NSQ_June_-2025.pdf,state,medium,6,Aug-24,Jul-26,"Drugs Testing Laboratory, Chennai- 06"
Azithromycin Suspension IP,BGL24257,Bestcare Formulations Pvt Ltd,2025-06-30,pH and the content of Azithromycin.,STATE_NSQ_June_-2025.pdf,state,medium,6,Oct-24,Sep-26,"Drugs Testing Laboratory, Madurai- 19"
Lecetwin (Levocetirizine Hydrochloride Syrup),LWLS-2022,Wings Novitas Healthcare LLP,2025-06-30,Content of Levocetirizine Hydrochloride,STATE_NSQ_June_-2025.pdf,state,medium,6,Sep-24,Aug-26,"Drugs Testing Laboratory, Chennai- 06"
Betamethasone Valerate Ointment IP 0.1% w/w,B82,Syndicate Pharma,2025-06-30,Content of Betamethasone in Betamethasone Valerate,STATE_NSQ_June_-2025.pdf,state,medium,6,Aug-24,Jul-26,"Drugs Testing Laboratory, Chennai- 06"
Sepsadone 5% Ointment (Povidone-Iodine Ointment USP 5.0%w/w),DP-4259,Daffohils Laboratories Pvt Ltd,2025-06-30,Content of Available Iodine in Povidone-Iodine,STATE_NSQ_June_-2025.pdf,state,medium,6,Aug-24,Jul-26,"Drugs Testing Laboratory, Chennai- 06"
Dicyclomine Tablets IP,THY24010AL,Hindustan Laboratories Limited,2025-06-30,Description.,STATE_NSQ_June_-2025.pdf,state,medium,6,Aug-24,Jul-26,"Drugs Testing Laboratory, Madurai- 19"
Calamine Lotion IP,2451,Oscar Remedies Pvt Ltd,2025-06-30,Content of zinc oxide,STATE_NSQ_June_-2025.pdf,state,medium,6,Jul-24,Jun-26,"Drugs Testing Laboratory, Chennai- 06"
Vitamin B Complex with vitamin C (softgels),G03724,Asoj Soft Caps Pvt Ltd,2025-06-30,Content of all soft gelatine capsule have leaked and adhere to the strips making it impossible to take average net content,STATE_NSQ_June_-2025.pdf,state,medium,6,Apr-24,Mar-26,"Drugs Testing Laboratory, Madurai- 19"
Aceclofenac Tablets IP 100mg,AF24009,Eurokem Laboratories Pvt ltd,2025-06-30,Content of Aceclofenac,STATE_NSQ_June_-2025.pdf,state,medium,7,Sep-24,Aug-26,"Drugs Testing Laboratory, Madurai- 19"
Clonit-S (Clobetasol Propionate and Salicylic Acid Ointment),CS48,Karlin Pharmaceuticals & Exports Private Limited,2025-06-30,Content of Clobetasol Propionate and Salicylic Acid,STATE_NSQ_June_-2025.pdf,state,medium,7,11/2024,10/2027,"Drugs Testing Laboratory, Madurai- 19"
"Mobyle Gel (Diclofenac Diethylamine, Linseed Oil, Menthol and Methyl Salicylate Gel)",GX027,SGS Formulation Pvt Ltd,2025-06-30,Content of Methyl Salicylate and Menthol,STATE_NSQ_June_-2025.pdf,state,medium,7,Jun-24,May-26,"Drugs Testing Laboratory, Madurai- 19"
Telmisartan Tablets IP 40mg,TS24047,Eurokem Laboratories Pvt ltd,2025-06-30,Dissolution of Telmisartan Tablets,STATE_NSQ_June_-2025.pdf,state,medium,7,Oct-24,Dec-25,"Drugs Testing Laboratory, Chennai- 06."
Telmisartan Tablets IP 40mg,TS24042,Eurokem Laboratories Pvt ltd,2025-06-30,Dissolution of Telmisartan Tablets,STATE_NSQ_June_-2025.pdf,state,medium,7,Oct-24,Dec-25,"Drugs Testing Laboratory, Chennai- 06."
Olagress MD 2.5,D2250101,Standford Laboratories Private Limited,2025-06-30,The sample fails in the test for Description. Colour is not specified on the label.,STATE_NSQ_June_-2025.pdf,state,medium,7,Jan-25,Dec-26,Modern Drug Testing Laboratory Kathua (J&K)
Olagress MD 5,D2241286,Standford Laboratories Private Limited,2025-06-30,Description,STATE_NSQ_June_-2025.pdf,state,medium,7,Dec-24,11/2026,Modern Drug Testing Laboratory Kathua (J&K)
Paracetamol Tablets IP ( 500mg) Jan Aushadhi,PCT1208,Unicure India Ltd,2025-06-30,Dissolution test of paracetamol.,STATE_NSQ_June_-2025.pdf,state,medium,7-8,Aug-24,Jul-26,Modern Drug Testing Laboratory Kathua (J&K)
"Paracetamol, Phenylphrine HCL, CPM & Caffeine Tablets (Goco-Plus)",DPT-1223,Dexibo Pharma Pvt. Ltd,2025-06-30,Disintegration,STATE_NSQ_June_-2025.pdf,state,medium,8,Sep-24,Aug-26,"State lab, Puducherry"
Rabeprazole Sodium Gastro Resistant Tablets IP 20mg (Rabilax),MP-241462,Medistarkbiotech Pvt. Ltd.,2025-06-30,D i s i n t e g r ation.,STATE_NSQ_June_-2025.pdf,state,medium,8,Mar-25,Feb-27,"State lab, Puducherry"
"Ferrous Ascorbate, Folic Acid With Zinc Sulphate Tablets (Ronifer-XT)",24T374B,Acumen Pharmaceuticals Pvt. Ltd.,2025-06-30,Assay (Ferrous Ascorbate),STATE_NSQ_June_-2025.pdf,state,medium,8,Feb-25,Jan-27,"State lab, Puducherry"
Domperidone & Paracetomal Tablets (Coxnil-P),FCPT-2401,Verax Life Sciences Pvt. Ltd.,2025-06-30,"(i) On the received sample, Presence of Spot defect was observed",STATE_NSQ_June_-2025.pdf,state,medium,8,Jun-24,May-26,"State lab, Puducherry"
Levocetirizine Tablets IP 5mg (Lzetri 5),B2409435A,Bymaa Laboratories Private Limited,2025-06-30,"For the received sample, label is mentioned as ‘Approved colour used’ but common name of the permitted colour used in the formulation",STATE_NSQ_June_-2025.pdf,state,medium,8,Sep-24,Aug-26,"State lab, Puducherry"
Pantoprazole Sodium Gastro Resistant Tablets IP 40mg (Panzo 40),MP-240840,Medistark Biotech Pvt Ltd.,2025-06-30,"For the received sample, label is mentioned as ‘Approved colour used’",STATE_NSQ_June_-2025.pdf,state,medium,8,Oct-24,Sep-26,"State lab, Puducherry"
Aceclofenac 100mg & Paracetamol 325 mg Tablets (Acejent P),MVT-1528,Bonn Schtering Bio Sciences,2025-06-30,"The sample received is labelled as Aceclofenac 100mg & Paracetamol 325 mg Tablets (Acejent P), however Aceclofenac & Paracetamol Tablets is an official IP monograph (IP Addendum 2024) hence should be labelled as Aceclofenac & Paracetamol Tablets IP.",STATE_NSQ_June_-2025.pdf,state,medium,8,Mar-25,Feb-27,"State lab, Puducherry"
Mintcool (mouthwash),SOL-1698,Symbiosis Pharmaceuticals PvtLtd,2025-06-30,Content of Chlorhexidine Gluconate .,STATE_NSQ_June_-2025.pdf,state,medium,9,Mar-24,Feb-26,"DTL Baddi, Distt. Solan H.P."
Calcium and Vitamin D3 Tablets IP,MT-25D59,Martin & brown bio-sciences pvt. Ltd,2025-06-30,Description,STATE_NSQ_June_-2025.pdf,state,medium,9,Apr-25,Mar-27,"State Drugs Laboratory, Punjab"
Zinc Sulphate Dispersible Tablets IP,MT14501,McW Healthcare (P) Ltd.,2025-06-30,1. Uniformity Of Dispersion. 2. Disintegration Test (Some of the tablets disintegrates in the range of 4 minute to 7 minute against I.P limit of max. 60 seconds).,STATE_NSQ_June_-2025.pdf,state,medium,9,Apr-25,Mar-27,"State Drugs Laboratory, Punjab"
TELMISARTAN and AMLODIPINE Tablets IP (Venpres-40 AM),VAM401K,Leeford Healthcare Ltd.,2025-06-30,Description,STATE_NSQ_June_-2025.pdf,state,medium,9,Nov-24,Oct-26,"State Drugs Laboratory, Punjab"
Calcium and Vitamin D3 Tablets IP,MT-25D60,Martin & brown bio-sciences pvt. Ltd,2025-06-30,Description,STATE_NSQ_June_-2025.pdf,state,medium,9-10,Apr-25,Mar-27,"State Drugs Laboratory, Punjab"
Calcium and Vitamin D3 Tablets IP,MT-25D57,Martin & brown bio-sciences pvt. Ltd,2025-06-30,Description,STATE_NSQ_June_-2025.pdf,state,medium,10,Apr-25,Mar-27,"State Drugs Laboratory, Punjab"
Calcium and Vitamin D3 Tablets IP,MT-25D55,Martin & brown bio-sciences pvt. Ltd,2025-06-30,Description,STATE_NSQ_June_-2025.pdf,state,medium,10,Apr-25,Mar-27,"State Drugs Laboratory, Punjab"
Calcium and Vitamin D3 Tablets IP,MT-25D62,Martin & brown bio-sciences pvt. Ltd,2025-06-30,Description,STATE_NSQ_June_-2025.pdf,state,medium,10,Apr-25,Mar-27,"State Drugs Laboratory, Punjab"
Calcium and Vitamin D3 Tablets IP,MT-25D63,Martin & brown bio-sciences pvt. Ltd,2025-06-30,Description,STATE_NSQ_June_-2025.pdf,state,medium,10,Apr-25,Mar-27,"State Drugs Laboratory, Punjab"
Calcium and Vitamin D3 Tablets IP,MT-25D58,Martin & brown bio-sciences pvt. Ltd,2025-06-30,Description,STATE_NSQ_June_-2025.pdf,state,medium,10,Apr-25,Mar-27,"State Drugs Laboratory, Punjab"
Mecobalamin Tablets (Methycobal),156905,Hilton Pharma (Pvt.) Ltd.,2025-06-30,"Nature of Tablets Such as Uncoated, Sugar Coated or Film Coated not Declared on The Label",STATE_NSQ_June_-2025.pdf,state,medium,10,Jan-25,Dec-27,"State Drugs Laboratory, Punjab"
Nortriptyline HCI B.P (Sensival 25MG Tablets),926,Pharmedic Laboratories (Pvt.) Ltd.,2025-06-30,"1.) Name Of Colour Added Not Declared On The Strips. 2.) nature of tablets such as uncoated, sugar coated or film coated not declared on the strips.",STATE_NSQ_June_-2025.pdf,state,medium,10,Nov-24,Nov-27,"State Drugs Laboratory, Punjab"
Calc ium and Vitamin D3 Tablets IP,MT-25D72,Martin & Brown Bio-Sciences Pvt. Ltd.,2025-06-30,Description,STATE_NSQ_June_-2025.pdf,state,medium,10-11,Apr-25,Mar-27,"State Drugs Laboratory, Punjab"
Calc ium and Vitamin D3 Tablets IP,MT-25D74,Martin & Brown Bio-Sciences Pvt. Ltd.,2025-06-30,Description,STATE_NSQ_June_-2025.pdf,state,medium,11,Apr-25,Mar-27,"State Drugs Laboratory, Punjab"
Calc ium and Vitamin D3 Tablets IP,MT-25D71,Martin & Brown Bio-Sciences Pvt. Ltd.,2025-06-30,Description,STATE_NSQ_June_-2025.pdf,state,medium,11,Apr-25,Mar-27,"State Drugs Laboratory, Punjab"
Calc ium and Vitamin D3 Tablets IP,MT-25D82,Martin & Brown Bio-Sciences Pvt. Ltd.,2025-06-30,Description,STATE_NSQ_June_-2025.pdf,state,medium,11,Apr-25,Mar-27,"State Drugs Laboratory, Punjab"
Calc ium and Vitamin D3 Tablets IP,MT-25D81,Martin & Brown Bio-Sciences Pvt. Ltd.,2025-06-30,Description,STATE_NSQ_June_-2025.pdf,state,medium,11,Apr-25,Mar-27,"State Drugs Laboratory, Punjab"
Oral Rehydration Salts IP,P25/0228,Samkem,2025-06-30,Net Weight/Sachet found to be 20.392gm against claim of 29.5gm/sachet.,STATE_NSQ_June_-2025.pdf,state,medium,11,Jan-25,Apr-27,"State Drugs Laboratory, Punjab"
Oral Rehydration Salts IP,P25/0236,Samkem,2025-06-30,Net Weight/Sachet found to be 20.286gm against claim of 20.5gm/sachet.,STATE_NSQ_June_-2025.pdf,state,medium,11,May-25,Apr-27,"State Drugs Laboratory, Punjab"
Calc ium & Vitamin D3 Tablets I.P,MT-25D56,Martin & Brown Bio-Sciences Pvt. Ltd.,2025-06-30,Description,STATE_NSQ_June_-2025.pdf,state,medium,11,Apr-25,Mar-27,"State Drugs Laboratory, Punjab"
Calg ro-D3 Tablets Calcium and Vitamin D3 tablets,AC.2412,Twins Pharma,2025-06-30,1. The label should be m e n t i o n e d a s C a l c i u m A n d Vitamin D3 IP. But the letters IP is not mentioned after the product name. 2. Dissolution for Calcium.,STATE_NSQ_June_-2025.pdf,state,medium,11,Dec-24,May-26,"State Lab, Drugs C o n t r o l L a b o r a t o r y , Telangana."
Tonz ee-20 (Zinc Sulphate Tablets IP 20mg),ZS-2405,Torino Laboratories Pvt. Ltd.,2025-06-30,Disintegration,STATE_NSQ_June_-2025.pdf,state,medium,12,Jul-24,Jun-26,"State Drugs Testing Laboratory, Agartala, Tripura."
Azil ium 200 Suspension,SL-508,SB Lifesciences (An ISO,2025-06-30,Content of Anhydrous Azithromycin,STATE_NSQ_June_-2025.pdf,state,medium,12,Feb-24,Jan-26,"FDA Lab , Mumbai"
Azi. XL 200(Azithromycin Oral Suspension IP),GLE0901,Digital Vision,2025-06-30,Content of Anhydrous Azithromycin,STATE_NSQ_June_-2025.pdf,state,medium,12,Aug-25,Jul-26,"FDA Lab , Mumbai"
Osoc ip-D Eye/Ear drops Ciprofloxacin & Dexamethasone Eye/Ear drops IP,E240113A,Oscar Remedies Pvt Ltd.,2025-06-30,Content of Ciprofloxacin in the sample is more (i.e 943.33% of the labelled amount) than the permissible limits. 2. identification test for the presence of Dexamethasone Sodium Phosphate. 3. The sample gives high performance liquid chromatographic identification test for the presence of Dexamethasone. 4. The content of Dexamthasone in the sample is 0.078% W/V. 5. Name of the sample: Ciprofloxacin & Dexamethasone Eye/Ear drops IP 2022.,STATE_NSQ_June_-2025.pdf,state,medium,12,Jan-24,Dec-25,"FDA Lab , Mumbai"
"Ceta cin-150, Paracetamol Injection",TGL11230643,T & G Medicare,2025-06-30,50×2ml intact ambered coloured glass ampules received for the analysis. All the samples contain pink coloured solution.,STATE_NSQ_June_-2025.pdf,state,medium,12,Nov-24,Oct-25,"FDA Lab , Mumbai"
P.D. Col Eye ointment IP 1% w/w,2023-113,Packsules,2025-06-30,Uniformity of Weight.,STATE_NSQ_June_-2025.pdf,state,medium,13,Aug-23,Jul-25,"FDA Lab , Mumbai"
Regi men Hand Rub Aloevera 70% Alcohol,HSAL0050,Chemstellar Chemicals Pvt Ltd.,2025-06-30,"1. The sample gives GC identification test for the presence of Methanol. 2. The sample does not give GC identification test for the presence of Ethanol, 1- Propanol & 2-Propanol. 3. The sample contains 51.80% v/v of Methanol.",STATE_NSQ_June_-2025.pdf,state,medium,13,Oct-24,Oct-26,"FDA Lab , Mumbai"
Lyci tra MK Montelukast with Levocetirizine Dihydrochloride Syrup,D-0241,Animus Healthcare30,2025-06-30,The content of Montelukast (i.e 17.18% of the labelled amount) is less than the schedule V limit (Schedule V limit- 90%-110% of the labelled amount),STATE_NSQ_June_-2025.pdf,state,medium,13,Nov-23,Oct-25,"FDA Lab , Mumbai"
Osco rcip-D Eye/Ear Drops,E24020A,Oscar Remedies Pvt Ltd.,2025-06-30,1. The content of Ciprofloxacin in the sample is more (i.e 1023.33% of the labelled amount) than the permissible limits. 2. The sample does not give HPLC identification test for the presence of Dexamethasone sodium phosphate. 3. The sample gives HPLC identification test for the presence of Dexamethasone. 4. The content of Dexamethasone in the sample is 0.066% w/v 5 . Test for the sterility.,STATE_NSQ_June_-2025.pdf,state,medium,13,Feb-24,Jan-26,"FDA Lab , Mumbai"
Elca res Metronidazole 400(Metronidazole tablets IP 400 mg,MTE-22004,Neutech Healthcare private ltd.,2025-06-30,Dissolution test.,STATE_NSQ_June_-2025.pdf,state,medium,13,Feb-23,Jan-26,"FDA Lab , Mumbai"
Cura cet Tablets (Cetirizine Hydrochloride),CHT23320,Cureza Healthcare pvt. Ltd.,2025-06-30,"Almost all the tablets received for analysis show Grey coloured spots all over the surface of the tablet, when observed in normal day light with unaided eyes.",STATE_NSQ_June_-2025.pdf,state,medium,13-14,Oct-23,Sep-25,"FDA Lab , Mumbai"
Enro floxacin Injection La (Welflox La),VT240352A,Integrated Laboratories Pvt Ltd.,2025-06-30,1. The Content of Enrofloxacin in the sample is less (i.e. 45.64% of the labelled amount),STATE_NSQ_June_-2025.pdf,state,medium,14,Mar-24,Feb-26,"FDA Lab , Mumbai"
Glav it Syrup 200ml,GLV-233,Glacier Pharmaceutical Pvt Ltd.,2025-06-30,The content of Thiamine Hydrochloride(i.e. 63.8% of the labelled amount) and the content of Cyanocobalamin (i.e 13.34% of the labelled amount) in the sample are less than the permissible limit.,STATE_NSQ_June_-2025.pdf,state,medium,14,Apr-24,Sep-25,"FDA Lab , Mumbai"
Glav it Syrup100ml,GLV-230,Glacier Pharmaceutical Pvt Ltd.,2025-06-30,The content of Thiamine Hydrochloride(i.e. 74.7% of the labelled amount) and the content of Cyanocobalamin (i.e 11.92% of the labelled amount) in the sample are less than the permissible limit.,STATE_NSQ_June_-2025.pdf,state,medium,14,Mar-24,Aug-25,"FDA Lab , Mumbai"
Elze fen-P (Aceclofenac & Paracetamol Tablets),PC24021,"Prochem Pharmaceuticals Pvt., Ltd.",2025-06-30,Assay of Aceclofenac,STATE_NSQ_June_-2025.pdf,state,medium,14,Mar-2024,Feb-2026,"Central Drugs Laboratory, 3, Kyd Street, Kolkata- 700016"
Onv in-4 MD Tablets (Ondansetron Orally Disintegrating Tablets IP 4 mg),RV24012,"Rivpra Formulation Pvt., Ltd.",2025-06-30,Test for Related Substances,STATE_NSQ_June_-2025.pdf,state,medium,14,May-2024,Apr--2026,"Central Drugs Laboratory, 3, Kyd Street, Kolkata- 700016"
ORS (Oral Rehydration Salts IP),P0831,Quest Laboratories Limited,2025-06-30,Uniformity of weight,STATE_NSQ_June_-2025.pdf,state,medium,14,04/2024,03/2026,"State Drug Testing Laboratory, Jharkhand"
Ranitidine Injection IP- 2ML,HLI352C,Himalaya Meditek Pvt Ltd,2025-05-31,Sample does not conform to requirement for Assay,STATE_NSQ_MAY-2025.pdf,state,medium,1,Mar-24,Feb-26,"King Institute of Preventive Medicine & Research, Guindy, Chennai-32"
Gentamicin Injection IP- 2ML,24BUH85,SVP Life Sciences,2025-05-31,Sample does not conform to the requirement for pH,STATE_NSQ_MAY-2025.pdf,state,medium,1,Aug-24,Jul-26,"King Institute of Preventive Medicine & Research, Guindy, Chennai-32"
Betamethasone Valerate Ointment IP 0.1% w/w,B73,Syndicate Pharma,2025-05-31,Sample does not conform to IP specification for Betamethasone Valerate Ointment with respect to the content of Betamethasone in Betamethasone Valerate,STATE_NSQ_MAY-2025.pdf,state,medium,1,Aug-24,Jul-26,"Drugs Testing Laboratory, Chennai-06"
Calcium and Vitamin D3 Tablets (Elprocal),NBT-230543,Soft Touch Pharmaceuticals India Ltd,2025-05-31,Sample does not conform to IP specification for Calcium and Vitamin D3 Tablets with respect to the identification and content of Vitamin D3,STATE_NSQ_MAY-2025.pdf,state,medium,1,Jan-24,Dec-25,"Drugs Testing Laboratory, Madurai-19"
Gentamicin Injection I.P- 2ml,HLI624F,Himalaya Meditek Pvt Ltd,2025-05-31,Sample does not conform to the requirement for pH.,STATE_NSQ_MAY-2025.pdf,state,medium,1,Jun-24,May-25,"King Institute of Preventive Medicine & Research, Guindy, Chennai-32"
Atorvastatin Tablets IP 10mg,CT240237A,Candour Pharmaceuticals,2025-05-31,Sample does not conform to IP specification for Atorvastatin Tablets with respect to Dissolution,STATE_NSQ_MAY-2025.pdf,state,medium,1-2,Jul-24,Jun-25,"Drugs Testing Laboratory, Chennai-06"
Glibenclamide Tablets IP 5mg,NHD24411A,Nest Healthcare Private limited,2025-05-31,Sample does not conform to IP specificaion for Glibenclamide Tablets with respec to Dissolution,STATE_NSQ_MAY-2025.pdf,state,medium,2,Jul-24,Jul-25,"Drugs Testing Laboratory, Chennai-06"
Amoxycillin and Potassium Clavulanate Oral Suspension RIGHTCLAV 228.5 Dry Syrup,ACAG24001E,J.M.Laboratories,2025-05-31,Sample does not conform to IP specification for Amoxycillin and Potassium Clavulanate oral suspension with respect to pH and the content of Clavulanic Acid in Potassium Clavulanate diluted,STATE_NSQ_MAY-2025.pdf,state,medium,2,Apr-24,Sep-25,"Drugs Testing Laboratory, Madurai-19"
Glimepiride Tablets IP 1mg,PGG24-012,Pondchy Pharmaceuticals,2025-05-31,Sample does not conform to IP specification for Glimepiride Tablets with respect to Dissolution,STATE_NSQ_MAY-2025.pdf,state,medium,2,Aug-24,Jul-26,"Drugs Testing Laboratory, Chennai-06"
Fenacin (Diclofenac Diethylammonium + Methyl Salicylate + Menthol Gel),DG2402,Johnson & Smith Co,2025-05-31,Sample does not conform to Label claim with respect to the content of Methyl Salicylate,STATE_NSQ_MAY-2025.pdf,state,medium,2,Apr-24,Mar-26,"Drugs Testing Laboratory, Chennai-06"
Phenytoin Sodium Injection USP-2ml,45PSA138,SPM Drugs (P) Ltd,2025-05-31,Sample does not conform to the requirement for assay,STATE_NSQ_MAY-2025.pdf,state,medium,2,May-24,Apr-26,"King Institute of Preventive Medicine & Research, Guindy, Chennai-32"
"Manoril-BR Syrup (Terbutaline Sulphate, Bromhexine HCL, Guaiphenesin and Menthol Syrup)",ASL24199,AASSK Pharmaceuticals Pvt. Ltd,2025-05-31,Sample does not conform to Label claim with respect to the content of Bromhexine Hydrochloride,STATE_NSQ_MAY-2025.pdf,state,medium,2,Oct-24,Sep-26,"Drugs Testing Laboratory, Chennai-06."
"Entcof Syrup (Ambroxol Hydrochloride, Guaiphenesin, Terbutaline Sulphate Syrup)",MMR-344,Mediguard Remedies,2025-05-31,Sample does not conform to Label claim with respect to the content of Terbutalline Sulphate,STATE_NSQ_MAY-2025.pdf,state,medium,2-3,Mar-24,Feb-26,"Drugs Testing Laboratory, Chennai-06."
Nifedipine Sustained Release Tablets IP 10 mg,NF24007,Eurokem Laboratories Pvt ltd,2025-05-31,Sample does not conform to IP specification for Nifedipine Sustained Release Tablets with respect to the content of Nifedipine,STATE_NSQ_MAY-2025.pdf,state,medium,3,Aug-24,Jan-26,"Drugs Testing Laboratory, Madurai-19"
Albendazole tablets IP 400mg,T24/006A,Samkem,2025-05-31,Sample does not meet the Specifications wrt. Dissolution Test as per IP.,STATE_NSQ_MAY-2025.pdf,state,medium,3,Dec-24,Nov-26,"State Lab, Drugs Control Laboratory, Telangana."
Albendazole tablets IP 400mg,T24/021A,Samkem,2025-05-31,The sample does not comply with respect to Dissolution Test as per IP 2022,STATE_NSQ_MAY-2025.pdf,state,medium,3,Dec-24,Nov-26,"State Lab, Drugs Control Laboratory, Telangana."
"Norfloxacin Tablets I.P.400mg,",0004,Stride Organics Private Limited,2025-05-31,The sample does not comply with respect to Dissolution Test as per IP.,STATE_NSQ_MAY-2025.pdf,state,medium,3,Feb-25,Jul-26,"State Lab, Drugs Control Laboratory, Telangana."
"Gutwell Suspension, Bacillus clausii 2 billion spores/5ml",PSB-B00225,Prosafe Biologicals LLP,2025-05-31,Total viable count found Less than 2 billion spores/5ml.,STATE_NSQ_MAY-2025.pdf,state,medium,3,Jan-25,Dec-27,"State Lab, Drugs Control Laboratory, Telangana."
"Bacillus clausii Bakteriya shtammining polireist Suspension, Bacillus clausii Bakteriya shtammining polirezistent 2mlrd. Tirik bakteriyalar/5ml",PSB-B00125,Prosafe Biologicals LLP,2025-05-31,Total viable count found Less than 2 billion spores/5ml.,STATE_NSQ_MAY-2025.pdf,state,medium,3,Jan-25,Dec-26,"State Lab, Drugs Control Laboratory, Telangana."
Azithromycin Oral Suspension,A004,Smith & Kenner Pharmaceuticals Pvt.Ltd,2025-05-31,The label of the drug should be mentioned as Azithromycin Oral suspension IP. But the letters IP is not m e n t io n e d o n t h e l a b e l .,STATE_NSQ_MAY-2025.pdf,state,medium,3-4,Dec-23,Nov-25,"State Lab, Drugs Control Laboratory, Telangana."
"Amoxycillin & Potassium Clavulanate for Oral Suspension,",UPS-245C,Ultra Drugs Pvt.Ltd,2025-05-31,The drug product Amoxcycillin and potassium Clavulanate for Oral suspension is o f f i c i a l i n t h e c u r r e n t edition of IP 2022. But the designation in conjiction with the product title Amoxycillin and Potassium Clavulanate for Oral suspension IP is not mentioned on the product Label.,STATE_NSQ_MAY-2025.pdf,state,medium,4,Jan-24,Jun-25,"State Lab, Drugs Control Laboratory, Telangana."
"Pantoprazole Gastro- Resistant Tablets IP 40 mg,",0431,Stride Organics Pvt Limited,2025-05-31,"The drug failed to indicate the common name of the color contained in the drug on t h e label of the product, as required by Rule 127(2) of the Drugs Rules, 1945. It was mentioned on the label as Approved Colours Used.",STATE_NSQ_MAY-2025.pdf,state,medium,4,Nov-24,Apr-26,"State Lab, Drugs Control Laboratory, Telangana."
"Ambroxol Hydrochloride, Terbutaline sulphate, Guaiphenesin & Menthol syrup (TEXORIL-AM Syrups),",MXS-9081,Maxtra Laboratoriestifindustrialpark,2025-05-31,"The drug failed to indicate the common name of the color contained in the drug on the label of the product, as required by Rule 127(2) of the Drugs R u l e s, 1945. It was mentioned on the label as Approved Colours used.",STATE_NSQ_MAY-2025.pdf,state,medium,4,Nov-23,Oct-25,"State Lab, Drugs Control Laboratory, Telangana."
Zaflox-OZ Tablet,TLT-6938,Taksa Lifescience E-47,2025-05-31,1.The sample fails in the Dissolution Test of Ofloxacin IP & Ornidazole IP 2.The sample does not conform to the Assay content of Ofloxacin IP 3.The sample is also found Misbranded as Ofloxacin and Ornidazole Tablets are not been shown official as per I.P 2022,STATE_NSQ_MAY-2025.pdf,state,medium,5,Feb-24,Jan-26,Modern Drug Testing Laboratory Kathua (J&K)
Maxirest –LP Tablets,MPT23365,Micro Organics Pharmaceuticals (India)Pvt Ltd,2025-05-31,The sample fails in the test for Description of tablets,STATE_NSQ_MAY-2025.pdf,state,medium,5,Mar-24,Feb-26,Modern Drug Testing Laboratory Kathua (J&K)
Neo-Chloranton,T-3750,New Gayzel Pharmaceuticals,2025-05-31,The sample fails in the test for Description & Disintegration test of tablets,STATE_NSQ_MAY-2025.pdf,state,medium,5,Dec-23,Nov-25,Modern Drug Testing Laboratory Kathua (J&K)
Robiflam-SP,UTGRFB401,Khandelwal Laboratories Pvt Ltd,2025-05-31,The sample fails in the test for Description of tablets,STATE_NSQ_MAY-2025.pdf,state,medium,5,May-24,Apr-26,Modern Drug Testing Laboratory Kathua (J&K)
Park 650,AT24/391,Accuwell Medics Pvt Ltd,2025-05-31,The sample fails in the test for Uniformity of Weight of Tablets & Assay content of Paracetamol,STATE_NSQ_MAY-2025.pdf,state,medium,5-6,Aug-24,Jul-26,Modern Drug Testing Laboratory Kathua (J&K)
Dolomol 650,RBT-2042,Rockbrook Overseas Pvt Ltd,2025-05-31,The sample fails in the dissolution test of paracetamol,STATE_NSQ_MAY-2025.pdf,state,medium,6,Oct-24,Jun-27,Modern Drug Testing Laboratory Kathua (J&K)
Albendazole Tablets IP 400 mg (ALBISTI – 400),PI28AH05,Pure & Cure Healthcare Pvt. Ltd.,2025-05-31,The Sample does not conform to standard in respect of the test for “Dissolution”,STATE_NSQ_MAY-2025.pdf,state,medium,6,Jul-23,Dec-25,"State Drugs Testing Laboratory, Agartala, Tripura."
Amlodipine Besylate Tablets I.P. 2.5 mg (AMLODOSE – 2.5 ),SPT240321,Salus Pharmaceuticals,2025-05-31,The Sample does not conform to standard in respect of the test for “Assay & Uniformity of Content”,STATE_NSQ_MAY-2025.pdf,state,medium,6,Feb-24,Jan-26,"State Drugs Testing Laboratory, Agartala, Tripura."
Amoxycillin with Potassium Clavulanate Tablets I.P. (CLAIM – CV 625),CT/24/747,Ciphem Pharma,2025-05-31,"The Sample does not conform to standard in respect of the test for “Uniformity of weight, Dissolution & Assay”",STATE_NSQ_MAY-2025.pdf,state,medium,6,Oct-24,Mar-26,"State Drugs Testing Laboratory, Agartala, Tripura."
Amoxycillin& Potassium Clavulanate Tablets I.P (AGECLAV – 375 Tablets),JMT-240801A,JMM Formulation Pvt. Ltd.,2025-05-31,The Sample does not conform to Standard Quality in respect of the test for “Dissolution of Amoxycillin”.,STATE_NSQ_MAY-2025.pdf,state,medium,6,Aug-24,Jan-26,"State Drugs Testing Laboratory, Agartala, Tripura."
Zinc Sulphate Tablets I.P. 20 mg (TONZEE 20),ZS-2404,Torino Laboratories Pvt. Ltd.,2025-05-31,The Sample does not conform to Standard Quality in respect of the test for “Disintegration”.,STATE_NSQ_MAY-2025.pdf,state,medium,6,May-24,Apr-26,"State Drugs Testing Laboratory, Agartala, Tripura."
Telmisartan Tablets I.P. 20 mg (TELSAT – 20),ST2T2302,Goodman Pharmaceuticals,2025-05-31,The Sample does not conform to standard in respect of the test for “Dissolution” performed.,STATE_NSQ_MAY-2025.pdf,state,medium,6,Mar-24,Feb-26,"State Drugs Testing Laboratory, Agartala, Tripura."
Amoxycillin& Potassium Clavulanate Tablets I.P. 625 mg (TIMOX – CV 625),AXP5F5007,Sucantis Bio Tech Pvt. Ltd.,2025-05-31,The sample does not conform to standard quality in respect of the test for “Dissolution of Amoxycillin”,STATE_NSQ_MAY-2025.pdf,state,medium,7,Jan-25,Dec-26,"State Drugs Testing Laboratory, Agartala, Tripura."
Amoxycillin& Potassium Clavulanate Tablets I.P (AMOXMED – CV 625 Tablets),ABT24071,Alexa Pharmaceuticals,2025-05-31,The sample does not conform to standard quality in respect of the test for “Dissolution & Assay”.,STATE_NSQ_MAY-2025.pdf,state,medium,7,May-24,Oct-25,"State Drugs Testing Laboratory, Agartala, Tripura."
Albendazole Tablets I.P. 400 mg (B-ZOLE 400 mg),T50120A,Samson Laboratories Pvt. Ltd.,2025-05-31,The sample does not conform to standard quality in respect of the test for “Dissolution”,STATE_NSQ_MAY-2025.pdf,state,medium,7,Feb-25,Jan-27,"State Drugs Testing Laboratory, Agartala, Tripura."
"Methylcobalamin, Alpha Lipoic Acid, Pyridoxine Hydrochloride, Folic Acid, Inositol & Niacinamide Softgel Capsules (S-Neuro Plus)",SD240762,Bajaj Nutraceuticals,2025-05-31,"(1) For the received sample Methylcobalamin, Alpha Lipoic Acid, Pyridoxine Hydrochloride, Folic Acid, Inositol & Niacinamide Softgel Capsules (S-NEURO PLUS), Leakage of the soft gelatin capsules was observed which should not be present as per rule 124B of the Drugs Rules,1945 (2) Does not comply with respect to test for Desintegration",STATE_NSQ_MAY-2025.pdf,state,medium,7,Apr-24,Sep-25,"State lab , Puducherry"
Telmisartan & Amlodipine TabletsIP (Lanztel-AM),RHT24-402,Revantis Healthcare,2025-05-31,Does not comply with respect to test for Assay,STATE_NSQ_MAY-2025.pdf,state,medium,7,Jul-24,Jun-26,"State lab , Puducherry"
Aceclofenac & Paracetamol Tablets (A- Sid Tablets),HT-2401253,Helax Healthcare Private Limited,2025-05-31,"(1)The sample received is labelled as Aceclofenac & Paracetamol Tablets, however Aceclofenac & Paracetamol Tablets is an official IP monograph (Addendum 2024) hence should be labelled as Aceclofenac & Paracetamol Tablets IP. (2)For the received sample, Discolouration was observed. (3) Does not comply with respect to test for Uniformity of weight and Assay for Aceclofenac and Paracetamol.",STATE_NSQ_MAY-2025.pdf,state,medium,7-8,Dec-24,Nov-26,"State lab , Puducherry"
Aceclofenac & Paracetamol Tablets (Aceclon-P),NTT250578,Nanoceut Therapeutics Pvt. Ltd.,2025-05-31,"The sample received is labelled as Aceclofenac And Paracetamol Tablets (Aceclon-P) , however Aceclofenac And Paracetamol Tablets is an official IP monograph (IP Addendum 2024) hence should be labelled as Aceclofenac And Paracetamol Tablets IP.",STATE_NSQ_MAY-2025.pdf,state,medium,8,Feb-25,Jan-28,"State lab , Puducherry"
Bromhexine Hcl Tabs. IP 8mg (Bronco),BRO-2401,Medibest Pharma Pvt. Ltd.,2025-05-31,"(1) The label of the received sample Bromhexine Hcl Tabs. IP 8mg (BRONCO), mentions the proper name of the drug whose font size is smaller than the brand name whereas the proper name of the drug should be at least two font size larger than the brand name as prescribed under Rule 96 (1), i (A) of the Drugs and Cosmetics Rules. (2) The name of the received sample mentions as Bromhexine HCL Tabs. IP 8mg, however Bromhexine HCL Tabs IP is an official monograph hence should be labelled as Bromhexine HCL Tabs IP.",STATE_NSQ_MAY-2025.pdf,state,medium,8-9,Jun-24,May-27,"State lab , Puducherry"
Amoxycillin Capsules IP 250mg (Amoxi 250),MT14AC08,Malik Lifesciences Pvt. Ltd.,2025-05-31,Does not comply with respect to test for Assay,STATE_NSQ_MAY-2025.pdf,state,medium,9,Aug-23,Jul-25,"State lab , Puducherry"
Tamsulosin Hydrochloride & Dutasteride tab (Urimax- D,4GH0097,Cipla Ltd.,2025-05-31,Negative for the presence of Tamsulosin Hydrochloride & Dutasteride,STATE_NSQ_MAY-2025.pdf,state,medium,9,Dec-23,Nov-25,"State Drug Control & Research Lab, West Bengal"
Ursodeoxycholic acid Tablets IP 300 mg,UDS-501,Healers Lab,2025-05-31,The sample does not confirm to claim as per IP 2022 in respect to the Dissolution of Ursodiol ( Ursodeoxycholic Acid),STATE_NSQ_MAY-2025.pdf,state,medium,9,Aug-24,Jul-26,DTL Baddi Distt. Solan
Ferrous Sulphate & Folic Acid Syrup IP,FSF-158,Medipol Pharmaceuticals India Pvt. Ltd.,2025-05-31,The sample does not conform to claim as per IP 2022 in respect to the Test of Free Ferric Compounds & Assay of Folic Acid.,STATE_NSQ_MAY-2025.pdf,state,medium,9,Oct-24,Sep-26,DTL Baddi Distt. Solan
Ibuprofen Oral Suspension BP 100 mg/5ml,IBS-022,Medipol Pharmaceuticals India Pvt. Ltd.,2025-05-31,The sample does not conform to claim as per BP 2024 in respect to the Assay of Ibuprofen.,STATE_NSQ_MAY-2025.pdf,state,medium,9,Jul-24,Jun-26,DTL Baddi Distt. Solan
Montelukast Sodium & Levocetirizine Dihydrochloride Tablets IP (BLUCAST-L),ZP24T176,Zantic Pharmaceuticals Pvt. Ltd.,2025-05-31,The sample does not conform to claim as per IP 2022 in respect to the Dissolution of Montelukast & Levocetirizine Hydrochloride,STATE_NSQ_MAY-2025.pdf,state,medium,9,Aug-24,Jul-26,DTL Baddi
Alcinac-SR Tablets (Aceclofenac Sustained- release Tablets),9244001,Leeford Healthcare Ltd.,2025-05-31,Dissolution of Aceclofenac.,STATE_NSQ_MAY-2025.pdf,state,medium,9,May-24,Apr-26,"Drugs Testing Laboratory, Baddi"
Dapagliflozin Tablets IP (DAPAWOHN),HT2406181,Helax Healthcare Private Limited,2025-05-31,Assay and Uniformity of Content of Dapagliflozin,STATE_NSQ_MAY-2025.pdf,state,medium,9,Jun-24,May-26,DTL Baddi Distt Solan HP
Moxi-KT EYE DROPS (Moxifloxacin 0.5 % + Ketorolac 0.4% + H.P.M.C. 0.025 % Opthalmic solution),3780,Eden Drugs Pvt. Ltd.,2025-05-31,Assay of Ketorolac(80.75%),STATE_NSQ_MAY-2025.pdf,state,medium,10,Aug-24,Jul-26,DTL Baddi Distt Solan HP
Acelofenac & Paracetamol Tablets (ACELOZAL-P),YLT25005,YL Pharma Baddi,2025-05-31,The sample does not conforms to Patent & Proprietary in repect to the Assay of Aceclofenac.,STATE_NSQ_MAY-2025.pdf,state,medium,10,Jan-25,Dec-26,DTL Baddi Distt Solan HP
Cefixime 100 mg/5ml Powder for oral Suspension (Sunderin),MSSB24005,Nector Lifesciences Limited,2025-05-31,The sample does not conforms to Patent & Proprietary in repect to the Assay of Anhydrous Cefixime.,STATE_NSQ_MAY-2025.pdf,state,medium,10,Nov-24,Nov-26,DTL Baddi Distt Solan HP
Depcof cough syrup,L-2306077,Gopal life sciences,2025-05-31,Assay of Phenylephrine Hydrochloride.,STATE_NSQ_MAY-2025.pdf,state,medium,10,Jun-23,May-25,DTL Baddi Distt Solan HP
Itraconazole Capsules BP 100 mg (ITR 100,5007,Orley Laboratories Pvt. Ltd.,2025-05-31,"The sample does not comply with B.P requirements for Dissolution Test""",STATE_NSQ_MAY-2025.pdf,state,medium,10,Jul-23,Jun-25,"A.S Kambli Palghar-Zone-1 FDA, Lab Mumbai"
Calcium and Vitamin D3 Tablets IP(Tricum-XT),1240247,Corona Remedies Pvt Ltd.,2025-05-31,The Content of Vitamin D3 in the sample is less (i.e. 34.85% of the labelled amount) than the IP limits,STATE_NSQ_MAY-2025.pdf,state,medium,10,Feb-24,Jul-25,"A.S Kambli Palghar-Zone-1 FDA, Lab Mumbai"
Acidom-DSR Capusles,2560301C,Lifecare,2025-05-31,The content of Rabeprozole in the sample is less (i.e 31.85% of the lablled amount) than permissible limits,STATE_NSQ_MAY-2025.pdf,state,medium,10,Jul-23,Jun-25,"A.S Kambli Palghar-Zone-1 FDA, Lab Mumbai"
"Itraconazole Ofloxacin, Ornidazole & Clobetasol Propionate Cream (Fondastop C Cream)",0-102,Spen Formulations Pvt Ltd.,2025-05-31,The sample does not give High Performance Liquid Chromatographic and Thin Layer Chromatographic identification Test for the presence of itraconazole and Clobetasol Propionate.,STATE_NSQ_MAY-2025.pdf,state,medium,10-11,Sep-23,Aug-25,"A.S Kambli Palghar-Zone-1 FDA, Lab Mumbai"
Halar Cream,HA-292,Maxheal Pharmaceuticals (I) Ltd.,2025-05-31,The content of Neomycin Sulphate (i.e. 18.80% of the labelled amount),STATE_NSQ_MAY-2025.pdf,state,medium,11,Jul-23,Jun-26,"A.S Kambli Palghar-Zone-1 FDA, Lab Mumbai"
Lomojack,CN2305,Century Drugs Pvt Ltd.,2025-05-31,"The sample does not comply with I.P requirement for Dissolution Test""",STATE_NSQ_MAY-2025.pdf,state,medium,11,Apr-23,Sep-25,"A.S Kambli Palghar-Zone-1 FDA, Lab Mumbai"
Amikacin Sulphate Injection IP 500mg (Amikablast 500 Injection),W373,Macin Remedies India Ltd.,2025-05-31,The content of Amikacin in the sample is more (i.e 183.99% of the lablled amount) than the I.P limits,STATE_NSQ_MAY-2025.pdf,state,medium,11,Jul-23,Jun-25,"A.S Kambli Palghar-Zone-1 FDA, Lab Mumbai"
Misoprostol Tablets IP 200 mcg(Misotop 200),SPT241229,Salus Pharmaceuticals,2025-05-31,The content of Misoprostol in the sample is less (i.e 13.82% of the lablled amount) than the IP limits,STATE_NSQ_MAY-2025.pdf,state,medium,11,Jun-24,May-26,"A.S Kambli Palghar-Zone-1 FDA, Lab Mumbai"
Albendazole Chewable Tablets IP (Alsia-400 Tab,SPD-618,Sia Pharma Pvt Ltd.,2025-05-31,"The sample does not comply with I.P requirement for Dissolution Test""",STATE_NSQ_MAY-2025.pdf,state,medium,11,Oct-24,Sep-26,"A.S Kambli Palghar-Zone-1 FDA, Lab Mumbai"
"Aceclofenac, Paracetamol & Serratiopeptidase Tablets (ACIJAN-SP Tablets)",AF-23T683,Affine Formulations Ltd.,2025-05-31,The Content of Serratiopeptidase in the sample is less(i.e 41.54% of lebelled amount),STATE_NSQ_MAY-2025.pdf,state,medium,11,Oct-23,Sep-25,"V.P. Mahajan, Jalna. FDA Lab, M.S. Chhatrapati Sambhajinagar . Maharashtra State"
"Codeine Phosphate, Chlorpheniramine Maleate and Sodium Citrate Cough Linctus (WYKAREX-CD Cough Linctus)",AL-5770,Acron Pharmaceuticals,2025-05-31,The Content of Codeine Phosphate in the sample less (i.e 32.50% of the labelled amount),STATE_NSQ_MAY-2025.pdf,state,medium,11,Nov-23,Oct-25,"B.D. Marewad, FDA Lab, M.S. Chhatrapati Sambhajinagar . Maharashtra State"
Ciprofloxacin Hydrochloride Tablets IP 500mg (Cipro-500 Tablets,COP24001,Danish Healthcare(P) Ltd.,2025-05-31,"The sample does not comply with I.P requirement for "" Dissolution """,STATE_NSQ_MAY-2025.pdf,state,medium,11,Mar-24,Feb-26,"N.S. Bhalerao, Nanded, FDA Lab, M.S. Chhatrapati Sambhajinagar . Maharashtra State"
Advanced Pakiza Unani's Golden Knight 125g,PUN45,Advanced Pakiza Unani LLP,2025-05-31,1. The sample gives identification for the presence of Sildenafil Citrate. 2. Found Content of Sildenafil in the sample is 33.72 mg/10gm,STATE_NSQ_MAY-2025.pdf,state,medium,12,Nov-24,Oct-27,"S.K, Jadhav, Pune- Zone 3 , FDA Lab, M.S. Chhatrapati Sambhajinagar . Maharashtra State"
Advanced Pakiza Unani's Golden Knight Cream,PUNC02,Advanced Pakiza Unani LLP,2025-05-31,1. The sample gives identification for the presence of Tadalafil. . 2. Found Content of Tadalafil in the sample is 0.17mg/gm,STATE_NSQ_MAY-2025.pdf,state,medium,12,Apr-24,Mar-27,"S.K, Jadhav, Pune- Zone 3 , FDA Lab, M.S. Chhatrapati Sambhajinagar . Maharashtra State"
Advanced Pakiza Unani's Golden Knight Capsules,GKC002A,Advanced Pakiza Unani LLP,2025-05-31,1. The sample gives identification for the presence of Sildenafil Citrate and Tadalafil. 2. Found Content of Sildenafil in the sample is 9.65mg/Cap 3. Found Content of Tadalafil in the sample is 12.77mg/Cap,STATE_NSQ_MAY-2025.pdf,state,medium,12,Nov-23,Oct-26,"S.K, Jadhav, Pune- Zone 3 , FDA Lab, M.S. Chhatrapati Sambhajinagar . Maharashtra State"
Golden Drive 250gm,GDM002N,Advanced Pakiza Unani LLP,2025-05-31,1. The sample gives identification for the presence of Sildenafil Citrate 2. Found Content of Sildenafil in the sample is 8.49mg/10gm,STATE_NSQ_MAY-2025.pdf,state,medium,12,Oct-23,Sep-26,"S.K, Jadhav, Pune- Zone 3 , FDA Lab, M.S. Chhatrapati Sambhajinagar . Maharashtra State"
Azithromycin Tablets IP 500mg (Ronnin 500 Tablets),PPTC082,Pratima Pharmaceuticals,2025-05-31,1. The sample does gives identification for the presence of Azithromycin 2. Additional identification:- The sample gives identification for the presence of Paracetamol.3. Found Content of Paracetamol in the sample is 147.24mg/Tab,STATE_NSQ_MAY-2025.pdf,state,medium,12,Nov-23,Oct-26,"S.K, Jadhav, Pune- Zone 3 , FDA Lab, M.S. Chhatrapati Sambhajinagar . Maharashtra State"
Paracetamol Tablets I.P 500mg(Fevimed),451AA05,Sarv Pharmaceuticals,2025-05-31,"The sample does not comply for Description as, the tablets shows uneven light Brown Coloured Spots on the Surface of almost all the Tablets.",STATE_NSQ_MAY-2025.pdf,state,medium,12-13,Dec-23,Nov-25,"N.S. Bhalerao, Hingoli , FDA Lab, M.S. Chhatrapati Sambhajinagar . Maharashtra State"
Fluconazole 150mg Tablets IP (PRATIFLU 150 Tablets,PPTS-2801,Pratima Pharmaceuticals,2025-05-31,The content of Fluconazole in the sample is less (i.e 31.96% of the stated amount) (I.P. Limits:- Not less than 90% and not more than 110% of the stated Amount),STATE_NSQ_MAY-2025.pdf,state,medium,13,Aug-24,Jul-27,"V.P. Khedkar, Pune-Zone 2"
White Powder Paracetamol IP,PAR040325,Samarth Pharmaceuticals Office No.,2025-05-31,Identification Test Found To be Negative. Assay of Paracetamol IP-NIL,STATE_NSQ_MAY-2025.pdf,state,medium,13,Mar-25,Feb-30,State Food & Drug Testing Laboratory Uttarakhand
White Powder Paracetamol IP,PAR050325,Samarth Pharmaceuticals Office No.,2025-05-31,Identification Test Found To be Negative. Assay of Paracetamol IP-NIL,STATE_NSQ_MAY-2025.pdf,state,medium,13,Mar-25,Feb-30,State Food & Drug Testing Laboratory Uttarakhand
Dicyclomine HCL Powder,DEH/24011R,Palam Pharma Pvt. Ltd.,2025-05-31,IdentificationTest- Found to be Negative. Assay of Paracetamol IP-Nil.,STATE_NSQ_MAY-2025.pdf,state,medium,13,Jul-25,Jun-29,State Food & Drug Testing Laboratory Uttarakhand
Fluconazole IP Powder,FLZ23-2411,Mestra Pharma Pvt. Ltd.,2025-05-31,Loss on drying: Does not comply with IP,STATE_NSQ_MAY-2025.pdf,state,medium,13,Nov-23,Oct-28,State Food & Drug Testing Laboratory Uttarakhand
Sodium Valporate IP Powder,SV/02/01/25,Mirambika Pigment,2025-05-31,"Loss on drying: Does not comply with IP, Assay of Sodium Valporate IP: More than Prescribed Limit",STATE_NSQ_MAY-2025.pdf,state,medium,13,Jan-25,Dec-29,State Food & Drug Testing Laboratory Uttarakhand
Compound Sodium Lactate Injection IP (Ringer-Lactate Solution for Injection),KI124110,Ultra Laboratories Pvt. Ltd.,2025-05-31,Test for Sterility,STATE_NSQ_MAY-2025.pdf,state,medium,13,Dec-24,Nov-27,Karnataka
Compound Sodium Lactate Injection I.P (Ringer's Lactate Solution Injection I.P)RL,13-4536,Tam Bran Pharmaceuticals Pvt. Ltd.,2025-05-31,Test for Sterility,STATE_NSQ_MAY-2025.pdf,state,medium,13,Nov-24,Oct-27,Karnataka
Pomol-650 (Paracetamol Tablets I.P. 650mg),24020111,Mls.Aban Pharmaceuticals,2025-05-31,Test for Dissolution of Tablets and content of Paracetamol in the Assay,STATE_NSQ_MAY-2025.pdf,state,medium,14,Feb-24,Jan-27,Karnataka
"MITO Q7 Syrup (Co Enzyme Q10, L- Carnitine, Benfotiamine, Riboflavin, Pyridoxine HCL",CHS-40170,Bion Therapeutics India Pvt.Ltd.,2025-05-31,"Assay for Benfotiamine, Riboflavinand,AscorbicA cid",STATE_NSQ_MAY-2025.pdf,state,medium,14,Sep-24,Feb-26,Karnataka
"Sterile Diluent For Reconstitution of ND, IB, IBD and Combination Vaccines for Poultry (Veterinary) Multi",GSCEV03,Safe Parenterals Pvt.Ltd.,2025-05-31,Description & Particulate Matter,STATE_NSQ_MAY-2025.pdf,state,medium,14,Nov-23,Oct-25,Karnataka
Spnflox-OZ Tablets (Ofloxacin &OrnidazoleTablets IP),DT240523B,Indo Rama Health Care Pvt.Ltd.,2025-05-31,Description of Tablets,STATE_NSQ_MAY-2025.pdf,state,medium,14,May-2024,Apr-26,Karnataka
Pantoprazole Gastro-resistant & Domperidone Prolonged Release Capsuels IP (Pantocoat- DAR),C112403,Mls.Swefn Pharmaceuticals Pvt.Ltd.,2025-05-31,Description of Tablets,STATE_NSQ_MAY-2025.pdf,state,medium,14,Nov-24,Oct-26,Karnataka
Sodium Chloride Injection IP 0.9% w/v (NS),TL304F003,Puniska lnjectables Pvt.Ltd.,2025-05-31,Test for Sterility,STATE_NSQ_MAY-2025.pdf,state,medium,14,Nov-24,Oct-27,Karnataka
Sodium Chloride InjectionIP0.9% w/v (NS),UA404B026,Puniska lnjectables Pvt.Ltd.,2025-05-31,Test for Sterility,STATE_NSQ_MAY-2025.pdf,state,medium,14,Jan-25,Dec-27,Karnataka
"Alpha Lipoic Acid, Folic Acid, Methylcobalamin, Vitamin B6 &Vitamin D3 Tablets)",AT-052410,East African (India) Overseas,2025-05-31,Test for Disintegration only,STATE_NSQ_MAY-2025.pdf,state,medium,14,May-24,Apr-26,Karnataka
"Om Shanthi Gold Class KUMKUM,",BL0l,N. Rangarao & Sons Pvt.Ltd.,2025-05-31,Test for Fineness residue only,STATE_NSQ_MAY-2025.pdf,state,medium,14-15,Dec-24,Nov-25,Karnataka
Sulcralfate& Oxetacaine Suspension( Piracid-O Suspension),R05GL2423A,Rednex Pharmaceuticals Pvt. Ltd.,2025-05-31,Assay for Oxetacaine Only,STATE_NSQ_MAY-2025.pdf,state,medium,15,May-24,Apr-26,Karnataka
"GlimepirideTablets IP 2mg (Glimiz-2),",T24039,Knm Pharma Pvt. Ltd.,2025-05-31,"Assay”and IP standards with respect“Test for Dissolution """,STATE_NSQ_MAY-2025.pdf,state,medium,15,Apr-24,Mar-26,Karnataka
Iron Sucrose Injection USP l00mg (Irogain),IISI406,U/s. Regain Laboratories,2025-05-31,Test for Fineness residue only,STATE_NSQ_MAY-2025.pdf,state,medium,15,Sep-24,Jul-26,Karnataka
Compound Sodium Lactate Injection I.P (Ringer Lactate Solution for injectionI.P) RL,1247988,"Otsuka Pharmaceuticals India Pvt, Ltd.",2025-05-31,Test for Sterility,STATE_NSQ_MAY-2025.pdf,state,medium,15,Nov-24,Oct-27,Karnataka
KAAMRAJ (Suspected to contain Sildenafil and Tadalafil (Brahmanands),BAC0003,Brahmanand Ayurveda (OPC) Pvt. Ltd,2025-05-31,1) Identification Test for Sildenafil found to be Negative. 2) Identification test for Tadalafil found to be Positive.,STATE_NSQ_MAY-2025.pdf,state,medium,15,Jan-23,Dec-25,"State Drugs Laboratory, Punjab"
Testosterone Propionate 100mg/ml (P-JECT),INLDAN1801,Novector Labs,2025-05-31,Manufacturing address is not mentioned on the label.,STATE_NSQ_MAY-2025.pdf,state,medium,15,Feb-24,Jan-28,"State Drugs Laboratory, Punjab"
Sup er Bulk-Mix Rx Only (Super Bulk-Mix Rx),CQ20215MIOS,Not Mentioned,2025-05-31,Manufacturing address is not mentioned on the label.,STATE_NSQ_MAY-2025.pdf,state,medium,15,Feb-24,Jan-27,"State Drugs Laboratory, Punjab"
Norf loxacin Tablets I.P. 400mg (Norfloxacin 400),R-240327,Remax Pharmaceuticals,2025-05-31,Description,STATE_NSQ_MAY-2025.pdf,state,medium,16,Mar-24,Feb-26,"State Drugs Laboratory, Punjab"
Ran itidine Hydrochloride Tablets IP 150mg (Zeptiloc-150 tablets),ZCI24003,Danish Healthcare (P) Ltd.,2025-05-31,Description,STATE_NSQ_MAY-2025.pdf,state,medium,16,Apr-24,Mar-26,"State Drugs Laboratory, Punjab"
Diclo fenac Sodium and Paracetamol Tablets.... (DICLOZEG-P),TSF-B5792,Spen Formulations Pvt. Ltd.,2025-05-31,The Product is official in I.P 2022 but the same is not mentioned anywhere on the label.,STATE_NSQ_MAY-2025.pdf,state,medium,16,Oct-23,Sep-25,"State Drugs Laboratory, Punjab"
Mefe namic Acid and Paracetamol Suspension (Sarmef- PDS),SBL-1021,Sarthak Biotech Pvt. Ltd.,2025-05-31,Volume,STATE_NSQ_MAY-2025.pdf,state,medium,16,Oct-24,Sep-26,"State Drugs Laboratory, Punjab"
Ator vastatin Tablets IP 10mg (Atosar-10),SBT-813,Sarthak Biotech Pvt. Ltd.,2025-05-31,Description,STATE_NSQ_MAY-2025.pdf,state,medium,16,Mar-24,Feb-26,"State Drugs Laboratory, Punjab"
Gab apentin Capsules IP 300mg. (GABATEC- 300),SG2412559,Scout Lifescience Pvt. Ltd.,2025-05-31,Uniformity of Weight,STATE_NSQ_MAY-2025.pdf,state,medium,16,Dec-24,Nov-26,"State Drugs Laboratory, Punjab"
Ace clofenac Paracetamol & Serratiopeptidase Tablets. (Aceclofen-SP),PBT-2024101,Presun Biotech,2025-05-31,The contents of Serratiopeptidase found to be 8.06mg per tablet (80.6%) against labeled claim of 10.0mg per tablet.,STATE_NSQ_MAY-2025.pdf,state,medium,16-17,May-24,Apr-26,"State Drugs Laboratory, Punjab"
Olan zapine Tablets I.P.5mg. (Olanzapine Tablets IP 5mg),N2503121,Talent Healthcare,2025-05-31,Description,STATE_NSQ_MAY-2025.pdf,state,medium,17,Mar-25,Feb-28,"State Drugs Laboratory, Punjab"
Olan zapine Tablet I.P. (Etimok),ATD-B24020,"Alzan Pharmaceuticals Pvt, Ltd.",2025-05-31,Uniformity of content,STATE_NSQ_MAY-2025.pdf,state,medium,17,Feb-24,Jan-26,"State Drugs Laboratory, Punjab"
Pov idone Iodine Gargle 2% (ZEVODINE),623-864,Zee Laboratories Ltd.,2025-05-31,Test For Assay (Content) of Povidone- Iodine Equivalent To Available-Iodine,STATE_NSQ_MAY-2025.pdf,state,medium,17,Nov-23,Oct-25,Government of NCT of Delhi
Rab eprazole Sodium Enteric Coated & Domperidone Sustained Release Capsules (Kylid-RD),NHD24207C,Nest Healthcare Pvt Ltd.,2025-05-31,The sample does not conform to the claim with respect to Assay of Rabeprazole Sodium.,STATE_NSQ_MAY-2025.pdf,state,medium,17,May-24,Apr-26,"DTL, Jaipur (State Lab)"
Rab eprazole Sodium Gastro- resistant & Domperidone (SR) Capsules (Rebtil-DSR),LV23LC-017,L.V. Life Sciences,2025-05-31,The sample does not conform to the claim with respect to Assay of Rabeprazole Sodium.,STATE_NSQ_MAY-2025.pdf,state,medium,17,Nov-23,Oct-25,"DTL,Bikaner (State Lab)"
Albe ndazole Oral Suspension IP (Vet.),SLG24095,Safecon Lifesciences Pvt. Ltd.,2025-05-31,The sample does not conform to the IP with respect to Assay of Albendazole.,STATE_NSQ_MAY-2025.pdf,state,medium,17,Mar-24,Feb-26,"DTL,Jaipur (State Lab)"
Para cetamol Tablets IP 650mg,PCT24034,Vivek Pharmachem (India) Ltd.,2025-05-31,"The sample has been declared as not of Standard Quality as it does not conform to IP standards with respect to ""Test for Dissolution"" and Description.",STATE_NSQ_MAY-2025.pdf,state,medium,17,Feb-24,Jan-26,Karnataka
Clop idogrel and Aspirin Tablets IP (AclizacAS 75),2411039,Sanctus Global Formulations Limited,2025-05-31,The sample does not conform to the IP with respect to Assay of Aspirin & Free Salicylic Acid,STATE_NSQ_MAY-2025.pdf,state,medium,17,Nov-24,Oct-26,"DTL,Jaipur (State Lab)"
Cefi xime &Ofloxacin Tablets (CEFXEN-O),VT240794,VADSP Pharmaceuticals,2025-05-31,The sample does not conform to the claim with respect to assay of Cefixime.,STATE_NSQ_MAY-2025.pdf,state,medium,17,Jul-24,Jun-26,"DTL,Jaipur (State Lab)"
Isox suprine Hydrochloride (SR)Tablets(Siox-Sr),GT400966A,Gnosis Pharmaceuticals Pvt.Ltd,2025-05-31,The sample does not conform to the claim with respect to Assay of Isoxsuprine Hydrochloride.,STATE_NSQ_MAY-2025.pdf,state,medium,18,Oct-24,Sep-26,"DTL,Jaipur(State Lab)"
Sulp hamethoxazole &Trimethoprim Injection I.P.,EL-240608,Ethicare Laboratories,2025-05-31,"The sample does not conform to the IP (Vet.) with respect to Particulate Matter, Description as it show physical in stability in the form of white crystalline particles and Assay of Trimethoprim.",STATE_NSQ_MAY-2025.pdf,state,medium,18,Jun-24,May-26,"DTL,Jaipur(State Lab)"
Rab eprazole Sodium (Enteric Coated) & Domperidone (Sustained Releases) Capsules (Rzol-D),SSC23187,Shri Sai Bala Ji Pharmatech Pvt.Ltd.,2025-05-31,The sample does not conform to the claim with respect to Assay of Rabeprazole Sodium.,STATE_NSQ_MAY-2025.pdf,state,medium,18,Jan-24,Dec-25,"DTL,Bikaner (State Lab)"
Gab apentin & Nortriptyline Hydrochloride Tablets (GABVONT400),HT24642,HBC Healthcare Pvt.Ltd.,2025-05-31,The sample does not confirm to the claim with respect to Assay of Nortriptyline.,STATE_NSQ_MAY-2025.pdf,state,medium,18,Dec-24,Nov-26,"DTL,Jaipur (State Lab)"
Dox ycycline and Lactic Acid BacillusTablets(DOXYG LO-LB),ATG4G566,Anrose Pharma,2025-05-31,The sample does not conform to the claim with respect to Assay of Doxycycline Hydrochloride IP,STATE_NSQ_MAY-2025.pdf,state,medium,18,Jul-24,Jun-26,"DTL,Jaipur (State Lab)"
Diclo fenac Sodium Tablets I.P.(Dicloax Plus),CDTP-265,Candor Biotech Ltd.,2025-05-31,The sample does not conform to the IP with respect Assay of Diclofenac Sodium (NIL) and Found Aceclofenac (57.41 mg/Tab.),STATE_NSQ_MAY-2025.pdf,state,medium,18,Sep-24,Aug-26,"DTL,Jaipur (State Lab)"
Amo xycillin Capsules IP 500mg (Moxgo-500),MOXG-2404001,RMIS Pharmaceuticals,2025-05-31,The sample does not conform to the IP as it does not contain Amoxycillin ( NIL).,STATE_NSQ_MAY-2025.pdf,state,medium,18,Jul-24,Jun-26,"DTL, Jaipur (State Lab)"
Nimesulide & Paracetamol Bolus (Vet.) (Nip-UP Bolus),NPB-23221,Akme Biotec,2025-04-30,Disintegration Test,stnsqapr25.pdf,state,medium,1,Feb-24,Jan-26,Karnataka
WORMKILL-PLUS (Albendazole & Ivermectin Oral Suspension),SRVL-24003,SPAS Remedies,2025-04-30,Assay for Albendazole and Ivermectin,stnsqapr25.pdf,state,medium,1,Jun-24,May-26,Karnataka
Paracetamol Tablets IP 650 mg,PCT24034,Vivek Pharmachem (India) Ltd.,2025-04-30,Test for Dissolution” and “Description,stnsqapr25.pdf,state,medium,1,Feb-24,Jan-26,Karnataka
Glimepiride 1 mg & Metformin HCl 500mg (Sustained Release) Tablets IP,SPT40298,Surge Pharmaceuticals Pvt. Ltd.,2025-04-30,Test for Dissolution” and “Assay for Glimeperide,stnsqapr25.pdf,state,medium,1,Sep-24,Aug-26,Karnataka
Spoorthi Aloegramflour Soap,6,Spoorthi Herbals No.:299,2025-04-30,Test for Matter insoluble in Alcohol only,stnsqapr25.pdf,state,medium,1,Jun-24,May-27,Karnataka
Acremox-500 (Amoxycillin Trihydrate & Lactic Acid Bacillus Capsules),ABC24002,Alexa Pharmaceuticals,2025-04-30,Assay for Amoxycillin,stnsqapr25.pdf,state,medium,1,Apr-24,Mar-26,Karnataka
Ketoconazole Tablets I.P. 200mg,GT301737,Gnosis Pharmaceuticals Pvt. Ltd.,2025-04-30,Description only,stnsqapr25.pdf,state,medium,1,Mar-24,Feb-26,Karnataka
Compound Sodium Lactate Injection I.P (Ringer Lactate Solution for injection I.P) (RL),4D40168,IHL Lifesciences Pvt. Ltd.,2025-04-30,Test for Sterility,stnsqapr25.pdf,state,medium,1,Oct-24,Sep-27,Karnataka
Amitriptyline HCl & Chlordiazepoxide Tablets USP (AMTOPIC-PLUS),N2402062,Talent Healthcare,2025-04-30,Assay for Amitriptyline only,stnsqapr25.pdf,state,medium,1,Feb-24,Jan-26,Karnataka
Sodium Chloride Injection IP (0.9% W/v) NS,4HB01401,Aishwarya Lifesciences,2025-04-30,Test for Sterility,stnsqapr25.pdf,state,medium,2,May-24,Apr-27,Karnataka
Ofloxacin & Ornidazole Tablets IP (200 mg +500 mg) (Floxo OZ),TAH-231704,Prochem Pharmaceuticals Pvt. Ltd.,2025-04-30,Description,stnsqapr25.pdf,state,medium,2,Sep-23,Aug-25,Karnataka
Infusion Set (BMD),BIV-020,Bhgwati Medicare Devices,2025-04-30,Test for Sterility,stnsqapr25.pdf,state,medium,2,Aug-24,Jul-27,Karnataka
"Albendazole Tablet IP 400 mg,",T24/007A,Samkem,2025-04-30,Dissolution does not comply as per IP.,stnsqapr25.pdf,state,medium,2,Dec-24,Nov-26,"State Lab, Drugs Control Laboratory, Telangana."
"Albendazole Tablet IP 400 mg,",T24/020A,Samkem,2025-04-30,Dissolution does not comply as per IP.,stnsqapr25.pdf,state,medium,2,Dec-24,Nov-26,"State Lab, Drugs Control Laboratory, Telangana."
"Albendazole Tablet IP 400 mg,",T24/016A,Samkem,2025-04-30,Dissolution does not comply as per IP.,stnsqapr25.pdf,state,medium,2,Dec-24,Nov-26,"State Lab, Drugs Control Laboratory, Telangana."
Albendazole Tablets IP 400 mg,T24/011A,Samkem,2025-04-30,Sample Does not comply in respect of Dissolution Test as per IP.,stnsqapr25.pdf,state,medium,2,Dec-24,Nov-26,"State Lab, Drugs Control Laboratory, Telangana."
"Albendazole Tablet IP 400 mg,",T24/015A,Samkem15-B &,2025-04-30,Dissolution does not comply as per IP.,stnsqapr25.pdf,state,medium,2,Dec-24,Nov-25,"State Lab, Drugs Control Laboratory, Telangana."
Albendazole Tablets IP 400 mg,T24/018A,Samkem15-B &,2025-04-30,Dissolution dose not complies as per IP.,stnsqapr25.pdf,state,medium,2,Dec-24,Nov-26,"State Lab, Drugs Control Laboratory, Telangana."
"Albendazole Tablet IP 400 mg,",C25F944019,Concept Pharmaceuticals Ltdm,2025-04-30,Dissolution dose not complies as per IP.,stnsqapr25.pdf,state,medium,2-3,Jun-24,May-26,"State Lab, Drugs Control Laboratory, Telangana."
"Emiral OD Tablets, Ondansetron orally disintegrating Tablets IP",HT24565,Habitare Pharma Pvt Ltd,2025-04-30,Disintegration dose not complies as per IP.,stnsqapr25.pdf,state,medium,3,Jul-24,Jun-26,"State Lab, Drugs Control Laboratory, Telangana."
Ambroxol Hydrochloride Syrup 30 mg/5 ml,724559,Syndicate Pharma,2025-04-30,"Misbranded The drug failed to indicate the common name of the colour, used in the drug, on the product label, as required under Rule 127(2) of the Drugs Rules, 1945. The label merely states Approved Colour Used. Hence, the drug is deemed to be Misbranded under Section 17 of the Drugs and Cosmetics Act, 1940, as it is not labeled in the prescribed manner.",stnsqapr25.pdf,state,medium,3,Dec-24,Nov-26,"S t a t e L a b , Drugs Control Laboratory, Telangana."
"Lulimark Creams, Luliconazole Cream 1%",92447,Forever LifeScience Pvt.Ltd.,2025-04-30,"Misbranded The drug Product Luliconazole Cream is official, i.e., it is included in the current edition of the Indian Pharamacopoeia (IP- 2022). As required under the Second Schedule of the Drugs and Cosmetics Act, 1940, the said drug Product shall mandatorily comply with the standards set out in the Indian Pharmacopoeia. However, the designation ""IP""in conjunction with the official title Luliconazole Cream was not mentioned on the label of the drug product as an indication that it purports to comply with IP standards. Hence, drug under Section 17 of the Drugs and Cosmetics Act, 1940 as it is not labeled in the prescribed manner.",stnsqapr25.pdf,state,medium,3-4,Sep-24,Aug-26,"S t a t e L a b , Drugs Control Laboratory, Telangana."
Winocin 500 (Paracetamol tablets IP 500 mg),JT-2405719,Jineka Healthcare Pvt. Ltd,2025-04-30,"The sample does not conform to standard quality in respect of the test for ""Dissolution"" performed.",stnsqapr25.pdf,state,medium,4,May-24,Oct-26,"State Drugs Testing Laboratory, Agartala, Tripura."
Fevimed (Paracetamol tablets IP 500 mg),T-23204,Kshipra Drugs Pvt. Ltd.,2025-04-30,"The sample does not conform to standard quality in respect of the test for ""Dissolution"" performed.",stnsqapr25.pdf,state,medium,4,Sep-23,Aug-25,"State Drugs Testing Laboratory, Agartala, Tripura."
Sucrapolis-O Suspension,CSDL24368,CSD Lifesciences,2025-04-30,sample does not conform to label claim with respect to the content of Oxetacaine,stnsqapr25.pdf,state,medium,4-5,Oct-24,Sep-26,"Drugs Testing Laboratory, Chennai - 6"
Gentamicin Injection I.P- 2ml,24BUH83,SVP Life Sciences,2025-04-30,Sample does not conform to the requirement for pH.,stnsqapr25.pdf,state,medium,5,Aug-24,Jul-26,"King Institute of Preventive Medicine & Research, Guindy, Chennai-32"
Gentamicin Injection I.P- 2ml,YGN4102,Yeluri formulations Pvt Ltd,2025-04-30,Sample does not conform to the requirement for pH.,stnsqapr25.pdf,state,medium,5,Jul-24,Jun-26,"King Institute of Preventive Medicine & Research, Guindy, Chennai-32"
Cefixime Tablets IP 400 mg,HTB404G,Himalaya Meditek Pvt Ltd,2025-04-30,Sample does not conform to IP Specification for Cefixime Tablets with respect to the content of Anhydrous Cefixime in Cefixime Trihydrate.,stnsqapr25.pdf,state,medium,5,Jul-24,Jun-26,"Drugs Testing Laboratory, Madurai-19"
L-Histact-M Tablets,24DT122A,Kashmik Formuation Pvt Ltd,2025-04-30,Sample does not conform to IP Specification for Levocetrizine Hydrocloride and Montelukast Tablets with respect to the contect of Levocetrizine Hydrochloride and Montelukast in Montelukast in Montelukast sodium.,stnsqapr25.pdf,state,medium,5,Jun-26,May-27,"Drugs Testing Laboratory, Madurai-19"
Cefixime & Potassium Clavulanate Tablets (Alfix-CV),CT24117D,Curehealth Pharmaceticals Pvt Ltd,2025-04-30,Sample does not conform to label claim with respect to the content of Clavulanic Acid in Potassium Clavulanate.,stnsqapr25.pdf,state,medium,5,Aug-24,Jan-26,"Drugs Testing Laboratory, Madurai-19"
Lelet-M Syrup (Montelukast Sodium and levocetirizine hydrochloride syrup),LLMS-063,IOSIS Remedies pvt ltd,2025-04-30,sample does not conform to label claim with respect to content of Montelukast in Montelukast sodium,stnsqapr25.pdf,state,medium,5,Apr-24,Mar-26,"Drugs Testing Laboratory, Madurai-19"
Amoxycillin and potassium clavulanate tablets IP (AUGMONT CV 625 DUP Co- amoxiclav),BT408244A,Nikvin Healthcare (I) Pvt Ltd,2025-04-30,Sample does not conform to IP specification for amoxycillin and potassium clavulanate tablets with respect to the content of Clavulanic acid in potassium clavulanate.,stnsqapr25.pdf,state,medium,6,Aug-24,Apr-26,"Drugs Testing Laboratory, Madurai-19"
Amoxycillin and potassium clavulanate tablets IP 625 mg,BT240491,Hindustan Antibiotics Ltd,2025-04-30,Sample does not conform to IP specification for amoxycillin and potassium clavulanate tablets with respect to the content of Clavulanic acid in potassium clavulanate.,stnsqapr25.pdf,state,medium,6,May-24,Apr-26,"Drugs Testing Laboratory, Madurai-19"
Lidocaine Hydrochloride and Gabapentin Gel (Gabaneuron Gel),PWBBO7,Pure & Cure Healthcare Pvt Ltd,2025-04-30,Sample does not conform to lebel claim with respect to the content of Gabapentin,stnsqapr25.pdf,state,medium,6,Jun-24,Nov-25,"Drugs Testing Laboratory, Madurai-19"
Petben (Benzoyl peroxide shampoo 2.5%),0000678585,Hidustan Antibitics Ltd,2025-04-30,Sample does not conform to lebel claim with respect to description of shampoo,stnsqapr25.pdf,state,medium,6,Mar-24,Feb-26,"Drugs Testing Laboratory, Madurai-19"
Omeprazole Capsules IP 20mg,HCN423F,Himalaya Meditek Pvt Ltd,2025-04-30,Sample does not conform to IP specification with respect to Uniformity of weight,stnsqapr25.pdf,state,medium,6,Jun-24,May-26,"Drugs Testing Laboratory, Madurai-19"
"Clotrimazole and Selenium Sulfide Suspension, candid tv",46230305,Glenmark Pharmaceuticals Ltd,2025-04-30,Sample does not conform to label claim with respect to identification and the content of clotrimazole (Deemed to be spurious),stnsqapr25.pdf,state,medium,6,Dec-23,Nov-25,"Drugs Testing Laboratory, Madurai-19"
Amoxycillin & Potassium Calvulanate Tablets,BT406210A,Nikvin Healthcare (I) Pvt Ltd,2025-04-30,Sample does not conform to IP specification for Amoxycillin and Potassium Clavulanate Tablets with respect to Dissolution for Clavulanic Acid and to the content of Clavulanic Acid in Potassium Clavulanate Diluted,stnsqapr25.pdf,state,medium,7,Jun-24,May-26,"Drugs Testing Laboratory, Chennai-06"
Nitrobi-CR 2.6(Nitroglycerin Controlled Release Tablets 2.6mg),JT-2312229,Jeneka Healthcaere Pvt Ltd,2025-04-30,Sample does not conform to Label Claim with respect to the content of Nitroglycerine in Diluted,stnsqapr25.pdf,state,medium,7,Dec-23,Nov-25,"Drugs Testing Laboratory, Madurai-19"
Bisacodyl Tablets IP 5mg,TA24688,Saintlife Pharmaceuticals Ltd,2025-04-30,Sample does not conform to IP specification for Bisacodyl Tablets with respect to Dissolution (Acid medium and Buffer medium),stnsqapr25.pdf,state,medium,7,Aug-24,Jul-26,"Drugs Testing Laboratory, Chennai-06"
Moxivin-CV 625 (Amoxycillin and Potassium Calvulnate Tablets IP),VMIT2404,Vertex Pharma Chemicals,2025-04-30,"The Sample does not conform to IP specification for Amoxycillin and Potassium Clavulanate Tablets with respect to Identification of Potassium Clavulanate, Uniformity of weight and content of Amoxycillin in Amoxycillin Trihydrate and Clavulanic Acid in Potassium Clavulanate (Deemed to be spurious).",stnsqapr25.pdf,state,medium,7,Oct-24,Sep-26,"Drugs Testing Laboratory, Madurai-19"
Burmoxicla+V(Amoxycill in & Potassium Clavulanate Oral Suspension IP),ABD-187C,Azot Life Sciences,2025-04-30,Sample does not conform to IP specification for Amoxycillin and Potassium Clavulanate oral suspension with respect to the content of Clavulanic Acid in Potassium Clavulanate,stnsqapr25.pdf,state,medium,7-8,Jun-24,Nov-25,"Drugs Testing Laboratory, Madurai-19"
Z&D Syrup (Zinc Gluconate Oral Solution 20mg),XSZE24005,Hema Laboratories Pvt Ltd,2025-04-30,Sample does not conform to Label Claim with respect to content of Elemental Zinc in Zinc Gluconate,stnsqapr25.pdf,state,medium,8,Aug-24,Jan-26,"Drugs Testing Laboratory, Madurai-19"
"Softuss-D (Dextromethorphan Hydrobromide, Phenylephrine Hydrochloride & Chlorpheniramine Maleate Syrup)",DL2501013B,Indorama Health Care Pvt Ltd,2025-04-30,Sample does not conform to IP specification for label claim with respect to the content of Phenylephrine Hydrochloride,stnsqapr25.pdf,state,medium,8,Jan-25,Dec-26,"Drugs Testing Laboratory, Chennai-06"
Chlorpheniramine Maleate IP & Noscapine IP Oral Syrup (Coscopin Linctus),VTL4006,Biological E Limited,2025-04-30,Sample does not conform to Label claim with respect to the content of Noscapine,stnsqapr25.pdf,state,medium,8,Mar-24,Feb-26,"Drugs Testing Laboratory, Madurai-19"
Betamethasone Valerate Ointment IP 0.1% w/w,B75,Syndicate Pharma,2025-04-30,Sample does not conform to IP specification for Betamethasone Valerate Ointment with respect to the content of Betamethasone in Betamethasone Valerate,stnsqapr25.pdf,state,medium,8,Aug-24,Jul-26,"Drugs Testing Laboratory, Madurai-19"
Betamethasone Valerate Cream IP,E4062,Rhydburg Pharmaceuticals Ltd,2025-04-30,Sample does not conform to IP specification for Betamethasone Valerate Cream with respect to the content of Betamethasone in Betamethasone Valerate.,stnsqapr25.pdf,state,medium,8,Feb-24,Jan-26,"Drugs Testing Laboratory, Madurai-19"
Synclov-625 Tablets (Amoxycillin & Potassium Clavulanate Tablets IP),MICTAB-2120,Micro Formulations,2025-04-30,Sample does not conform to IP specification for Amoxycillin and Potassium Clavulanate Tablets with respect to Dissolution for Clavulanic Acid and to the content of Clavulanic Acid in Potassium Clavulanate Diluted,stnsqapr25.pdf,state,medium,8-9,Jan-25,Jun-26,"Drugs Testing Laboratory, Chennai-06"
Frusemide Injection IP- 2ml,24BTC63,SVP Life Sciences,2025-04-30,Sample does not conform to requirement for sterility,stnsqapr25.pdf,state,medium,9,Mar-24,Feb-26,"King Institute of Preventive Medicine & Research, Guindy, Chennai-32"
Progaba Gel (Lidocaine Hydrochloride & Gabapentin Gel),PSWAB66,Pure & Cure Healthcare Pvt Ltd,2025-04-30,Sample does not conform to Label claim with respect to the content of Gabapentin,stnsqapr25.pdf,state,medium,9,Jun-24,Nov-25,"Drugs Testing Laboratory, Madurai-19"
Povigin (Povidone Iodine Ointment USP 5%w/w),PZ-2414,GP Glister Pharmaceutical,2025-04-30,Sample does not conform to USP specification for Povidone- Iodine Ointment with respect to the content of Available Iodine in Povidone- Iodine,stnsqapr25.pdf,state,medium,9,Sep-24,Aug-26,"Drugs Testing Laboratory, Chennai-06"
Pantozor Tablets (Pantoprazole Sodium Tablets IP),UTBO25A,Haustus Biotech Pvt Ltd,2025-04-30,Sample does not conform to IP specification for Pantoprazole Tablets with respect to Dissolution in Buffer stage,stnsqapr25.pdf,state,medium,9,Feb-25,Jan-27,"Drugs Testing Laboratory, Chennai-06"
Frusemide Tablets IP 40mg,TA24283,Saintlife Pharmaceuticals Ltd,2025-04-30,Sample does not conform to IP specification for Frusemide Tablets with respect to Dissolution,stnsqapr25.pdf,state,medium,9,Jul-24,Jun-26,"Drugs Testing Laboratory, Chennai-06"
Atorvastatin Tablets IP 10mg,CT240246A,Candour Pharmaceuticals,2025-04-30,Sample does not conform to IP specification for Atorvastatin Calcium Tablets with respect to Dissolution,stnsqapr25.pdf,state,medium,9,Jul-24,Jun-26,"Drugs Testing Laboratory, Chennai-06"
Diclofenac Sodium Tablets IP,THB24028AL,Hindustan Laboratories Limited,2025-04-30,Sample does not conform to IP specification for Enteric Coated Tablets with respect to Disintegration,stnsqapr25.pdf,state,medium,9,Jul-24,Jun-26,"Drugs Testing Laboratory, Chennai-06"
Atorvastatin Tablets IP 10mg,AT24045,Eurokem Laboratories Pvt ltd,2025-04-30,Sample does not conform to IP specification for Atorvastatin Calcium Tablets with respect to Dissolution,stnsqapr25.pdf,state,medium,10,Aug-24,Jan-26,"Drugs Testing Laboratory, Chennai-06."
Glypro 1 (Glimepiride Tablets IP) 1mg,FGYO-1626,Firstmed Therapeutics Pvt Ltd,2025-04-30,Sample does not conform to IP specification for Glimepiride Tablets with respect to the content of Glimepiride,stnsqapr25.pdf,state,medium,10,Dec-24,Nov-26,"Drugs Testing Laboratory, Madurai-19"
Merocet (Cetirizine Hydrochloride Syrup),1124192,Kite Formulation,2025-04-30,Sample does not conform to IP specification with respect to the PH.,stnsqapr25.pdf,state,medium,10,Nov-24,Oct-26,"Drugs Testing Laboratory, Madurai-19"
Mupropet (Mupirocin Ointment IP 2%w/w),DG2436,Arius Formulations Pvt Ltd,2025-04-30,Sample does not conform to IP specification for Mupirocin Ointment with respect to the content of Mupirocin,stnsqapr25.pdf,state,medium,10,Jul-24,Dec-25,"Drugs Testing Laboratory, Chennai-06."
Atorvastatin Tablets IP 10mg,A297,Rikenbik Pharma,2025-04-30,Sample does not conform to IP specification for Atorvastatin Calcium Tablets with respect to Dissolution,stnsqapr25.pdf,state,medium,10,Jul-24,Jun-26,"Drugs Testing Laboratory, Chennai-06."
Labetalol Hydrochloride Tablets IP 100 mg,UGT231341,Unimarck Healthcare Ltd.,2025-04-30,Test For Assay(Content) of Labetalol Hydrochloride,stnsqapr25.pdf,state,medium,10,10/2023,Sep-25,Government of NCT of Delhi
Aspirin Gastro Resistant Tab IP 75 mg,ANET1235,Unicure India Ltd,2025-04-30,It fails the test ‘Dissolution’ Specified in the laboratory protocol as per IP,stnsqapr25.pdf,state,medium,10,May-24,Apr-26,Drugs Testing Laboratory Thiruvananthapura m
Telmisartan & Amlodipine Tablets IP,UGT24G06A,Unigrow Pharmaceuticals,2025-04-30,It fails the tests for ‘Assay’ of Amlodipine and ‘Dissolution’ as specified in the Laboratory Protocol as per IP,stnsqapr25.pdf,state,medium,10,Oct-24,Sep-26,Drugs Testing Laboratory Thiruvananthapura m
Ahaglow Face Wash Gel 50 gm,AHA202,Torrent Pharmaceuticals Ltd,2025-04-30,The sample does not conform to Cosmetics Rules 2020 for the standards of cosmetics. It fails the test for the content of ‘Mercury’ in finished cosmetic products as specified in the Laboratory Protocol.,stnsqapr25.pdf,state,medium,10-11,May-24,Apr-26,Drugs Testing Laboratory Thiruvananthapura m
"Alograce Cream (Vitamin E, Honey & Aloevera Cream)",A2JJX048,RSH Global Pvt. Ltd,2025-04-30,The sample does not conform to IS 6608:2004 for specifications of skin cream. It fails the test for “Heavy metals (as lead) ppm” as specified in the laboratory protocol,stnsqapr25.pdf,state,medium,11,Dec-24,Dec-26,Drugs Testing Laboratory Thiruvananthapura m
Pantonis-40 (Pantoprazole Sodium Gastro Resistant Tab IP),JMT-2407371,JMM Laboratories,2025-04-30,"It fails the test ‘Dissolution’ as per IP, as Specified in the laboratory protocol",stnsqapr25.pdf,state,medium,11,Jul-24,Jun-26,Drugs Testing Laboratory Thiruvananthapura m
Nebivolol Tablets IP,KMNB 24002,Ravian Life Sciences Pvt Ltd,2025-04-30,"It fails the test for ‘Dissolution’ as per IP, as Specified in the laboratory protocol",stnsqapr25.pdf,state,medium,11,Oct-24,Sep-26,Drugs Testing Laboratory Thiruvananthapura m
Ondansetron Tablets IP 4 mg,ONTB-06,Nestor Pharmaceuticals Limited,2025-04-30,It fails the test for ‘Dissolution’ as per IP as Specified in the laboratory protocol,stnsqapr25.pdf,state,medium,11,Sep-24,Aug-26,Drugs Testing Laboratory Thiruvananthapura m
Paracetamol Tablets IP 500 mg,PAK-517,Healer’s Lab,2025-04-30,It fails the test for ‘Dissolution’ as per IP as Specified in the laboratory protocol,stnsqapr25.pdf,state,medium,11,May-23,Apr-26,Drugs Testing Laboratory Thiruvananthapura m
Restomol 650 (Paracetamol Tablets IP 650 mg),K1224079,Kaushik Therapeutics (P) Ltd,2025-04-30,It fails the test for ‘Dissolution’ as per IP as Specified in the laboratory protocol,stnsqapr25.pdf,state,medium,11,Dec-24,Nov-27,Drugs Testing Laboratory Thiruvananthapura m
Nicocred-10 (Nicorandil Tablets 10 mg),SGT- 241195,SB Life Sciences Pvt Ltd,2025-04-30,"It fails the tests ‘Dissolution’ and ‘Assay’ as per IP , specified in the laboratory protocol",stnsqapr25.pdf,state,medium,11-12,Aug-24,Jul-26,Drugs Testing Laboratory Thiruvananthapura m
Cefixime Oral Suspension IP Dry Syrup 30 ml,CADB- 02,Nestor Pharmaceuticals Limited,2025-04-30,"It fails the test Assay, water and descriptive part for oral liquids as per IP , as specified in the Laboratory Protocol",stnsqapr25.pdf,state,medium,12,Jun-24,May-26,Drugs Testing Laboratory Thiruvananthapura m
Paracetamol Tab IP 500 mg,PAK-558,Healer’s Lab,2025-04-30,"It fails the test ‘Dissolution’ as per IP , as Specified in the laboratory protocol",stnsqapr25.pdf,state,medium,12,Sep-23,Aug-26,Drugs Testing Laboratory Thiruvananthapura m
Paracetamol Tab IP 500 mg,PAK-524,Healer’s Lab,2025-04-30,It fails the test ‘Dissolution’ as per IP specified in the laboratory protocol,stnsqapr25.pdf,state,medium,12,May-23,Apr-26,Drugs Testing Laboratory Thiruvananthapura m
Tab Telmisartan IP 40 mg,GTM18,Super Formulation Pvt Ltd,2025-04-30,"It fails the test ‘Dissolution’ as per IP, specified in the laboratory protocol",stnsqapr25.pdf,state,medium,12,Jun-24,May-26,Drugs Testing Laboratory Thiruvananthapura m
Oxfendazole & Ivermectin Bolus (Vet.) WELLMOX-1,AGWT25019,Argon Remedies Pvt. Ltd.,2025-04-30,The content of Ivermectin found to be 29.69 mg per bolus (74.225%) against labelled claim of 40 mg per bolus.,stnsqapr25.pdf,state,medium,12,Jan-25,Dec-26,"State Drugs Laboratory, Punjab"
Oxfendazole & Ivermectin Bolus (Vet.) WELLMOX-1,AGWT25018,Argon Remedies Pvt. Ltd.,2025-04-30,The content of Oxfendazole found to be 883.42 mg per bolus (88.342%) against labelled claim of 1000 mg per bolus.,stnsqapr25.pdf,state,medium,12,Jan-25,Dec-26,"State Drugs Laboratory, Punjab"
Oxfendazole & Ivermectin Bolus (Vet.) WELLMOX-1,AGWT25038,Argon Remedies Pvt. Ltd.,2025-04-30,1. Description. 2. The Content of Ivermectin found to be 34.73 mg per bolus (86.825%) against labelled claim of 40 mg per bolus.,stnsqapr25.pdf,state,medium,13,Jan-25,Dec-26,"State Drugs Laboratory, Punjab"
Oxfendazole & Ivermectin Bolus (Vet.) WELLMOX-1,AGWT25025,Argon Remedies Pvt. Ltd.,2025-04-30,The content of Ivermectin found to be 28.57 mg per bolus (71.425%) against labelled claim of 40 mg per bolus.,stnsqapr25.pdf,state,medium,13,Jan-25,Dec-26,"State Drugs Laboratory, Punjab"
Oxfendazole & Ivermectin Bolus (Vet.) WELLMOX-1,AGWT25034,Argon Remedies Pvt. Ltd.,2025-04-30,The content of Ivermectin found to be 34.91 mg per bolus (87.275%) against labelled claim of 40 mg per bolus.,stnsqapr25.pdf,state,medium,13,Jan-25,Dec-26,"State Drugs Laboratory, Punjab"
Oxfendazole & Ivermectin Bolus (Vet.) WELLMOX-1,AGWT25033,Argon Remedies Pvt. Ltd.,2025-04-30,The content of Ivermectin found to be 26.66 mg per bolus (66.65%) against labelled claim of 40 mg per bolus.,stnsqapr25.pdf,state,medium,13,Jan-25,Dec-26,"State Drugs Laboratory, Punjab"
Oxfendazole & Ivermectin Bolus (Vet.) WELLMOX-1,AGWT25032,Argon Remedies Pvt. Ltd.,2025-04-30,The content of Ivermectin found to be 30.19 mg per bolus (75.475%) against labelled claim of 40 mg per bolus.,stnsqapr25.pdf,state,medium,13,Jan-25,Dec-26,"State Drugs Laboratory, Punjab"
Oxfendazole & Ivermectin Bolus (Vet.) WELLMOX-1,AGWT25031,Argon Remedies Pvt. Ltd.,2025-04-30,1. The content of Ivermectin found to be 32.52 mg per bolus (81.30%) against labelled claim of 40 mg per bolus.2. The Content of Oxfendazole found to be 880.01 mg per bolus (88.001%) against labelled claim of 1000 mg per bolus.,stnsqapr25.pdf,state,medium,13,Jan-25,Dec-26,"State Drugs Laboratory, Punjab"
Oxfendazole & Ivermectin Bolus (Vet.) WELLMOX-1,AGWT25037,Argon Remedies Pvt. Ltd.,2025-04-30,1. The content of Oxfendazole found to be 877.69 mg per bolus (87.769%) against labelled claim of 1000 mg per bolus. 2. The Content of Ivermectin found to be 28.220 mg per bolus (70.55%) against labelled claim of 40 mg per bolus.,stnsqapr25.pdf,state,medium,13-14,Jan-25,Dec-26,"State Drugs Laboratory, Punjab"
Oxfendazole & Ivermectin Bolus (Vet.) WELLMOX-1,AGWT25041,Argon Remedies Pvt. Ltd.,2025-04-30,The content of Ivermectin found to be 33.19 mg per bolus (82.975%) against labelled claim of 40 mg per bolus.,stnsqapr25.pdf,state,medium,14,Jan-25,Dec-26,"State Drugs Laboratory, Punjab"
Oxfendazole & Ivermectin Bolus (Vet.) WELLMOX-1,AGWT25035,Argon Remedies Pvt. Ltd.,2025-04-30,The content of Ivermectin found to be 25.17 mg per bolus (62.925%) against labelled claim of 40 mg per bolus.,stnsqapr25.pdf,state,medium,14,Jan-25,Dec-26,"State Drugs Laboratory, Punjab"
Oxfendazole & Ivermectin Bolus (Vet.) WELLMOX-1,AGWT25036,Argon Remedies Pvt. Ltd.,2025-04-30,The content of Ivermectin found to be 28.66 mg per bolus (71.65%) against labelled claim of 40 mg per bolus.,stnsqapr25.pdf,state,medium,14,Jan-25,Dec-26,"State Drugs Laboratory, Punjab"
Aceclofenac & Paracetamol Tablets IP,GG204014,Innova Captab Limited,2025-04-30,Misbranded Product is not official in I.P as on its manufacturing date mentioned on its label i.e. April 2024.,stnsqapr25.pdf,state,medium,14,Apr-24,Mar-26,"S t a t e D r u g s Laboratory, Punjab"
Oxfendazole & Ivermectin Bolus (Vet.) WELLMOX-1,AGWT25024,Argon Remedies Pvt. Ltd.,2025-04-30,The content of Ivermectin found to be 33.069 mg per bolus (82.672%) against labelled claim of 40 mg per bolus.,stnsqapr25.pdf,state,medium,14,Jan-25,Dec-26,"State Drugs Laboratory, Punjab"
Oxfendazole & Ivermectin Bolus (Vet.) WELLMOX-1,AGWT25029,Argon Remedies Pvt. Ltd.,2025-04-30,The content of Ivermectin found to be 33.29 mg per bolus (83.225%) against labelled claim of 40 mg per bolus.,stnsqapr25.pdf,state,medium,14,Jan-25,Dec-26,"State Drugs Laboratory, Punjab"
Oxfendazole & Ivermectin Bolus (Vet.) WELLMOX-1,AGWT25028,Argon Remedies Pvt. Ltd.,2025-04-30,The content of Ivermectin found to be 31.82 mg per bolus (79.55%) against labelled claim of 40 mg per bolus.,stnsqapr25.pdf,state,medium,14-15,Jan-25,Dec-26,"State Drugs Laboratory, Punjab"
Oxfe ndazole & Ivermectin Bolus (Vet.) WELLMOX-1,AGWT25027,Argon Remedies Pvt. Ltd.,2025-04-30,The content of Ivermectin found to be 31.68 mg per bolus (79.20%) against labelled claim of 40 mg per bolus.,stnsqapr25.pdf,state,medium,15,Jan-25,Dec-26,"State Drugs Laboratory, Punjab"
Oxfe ndazole & Ivermectin Bolus (Vet.) WELLMOX-1,AGWT25026,Argon Remedies Pvt. Ltd.,2025-04-30,The content of Ivermectin found to be 33.055 mg per bolus (82.637%) against labelled claim of 40 mg per bolus.,stnsqapr25.pdf,state,medium,15,Jan-25,Dec-26,"State Drugs Laboratory, Punjab"
Oxfe ndazole & Ivermectin Bolus (Vet.) WELLMOX-1,AGWT25030,Argon Remedies Pvt. Ltd.,2025-04-30,The content of Ivermectin found to be 31.66 mg per bolus (79.15%) against labelled claim of 40 mg per bolus.,stnsqapr25.pdf,state,medium,15,Jan-25,Dec-26,"State Drugs Laboratory, Punjab"
Clon azepam and Paroxetine Hydrochloride CR Tablets (Exotine CR),17671,Elikem Pharmaceuticals Pvt. Ltd.,2025-04-30,Uniformity of Weight,stnsqapr25.pdf,state,medium,15,Feb-24,Jan-27,"State Drugs Laboratory, Punjab"
Losa rtan Potassium 50mg & Hydrochlorthiazide 12.5mg Tablets,LMT251666,Life Max Cancer Laboratories,2025-04-30,Dissolution Test: The Dissolution of Losartan Potassium and Hydrochlorthiazide does not complies within the Prescribed limit of not less than Q value i.e. 70% of labelled claim as stated in I.P 2022.,stnsqapr25.pdf,state,medium,15,Feb-25,Jan-27,"State Drugs Laboratory, Punjab"
"Calc ium & Vitamin D3 Tablets IP (JKMSCL, Supply)",PGT24673,Affy Parenterals,2025-04-30,The sample does not conform to IP 2022 w.r.t Disintegration test for the sample portion received,stnsqapr25.pdf,state,medium,15,Sep-24,Aug-26,CDSCO Zone III Jammu
Defi x -AZ,DP-240754,Park Pharmaceuticals,2025-04-30,The sample fails in the test for Assay content of Cefixime & Azithromycin.,stnsqapr25.pdf,state,medium,15,Sep-24,Aug-26,"CDSCO Zone III, Srinagar"
Prox tl 100 DT,PXT123F02,INDU Drugs Pvt Ltd.,2025-04-30,The sample does not comply with IP requirements for Dissolution test.,stnsqapr25.pdf,state,medium,15,Mar-23,May-25,"FDA Lab, Mumbai- 51"
Teliv i-H 40 (Telmisartan & Hydrochorothiazide Tablets IP,BLT23348,BRIT Lifescience a GMP Certified Company) Sainwala kaula Wata,2025-04-30,"1. The content of Telmisartan and Hydrochlorothiazide in the sample is less (i.e. 83.13% and 79.44%of the labelled amount respectively) than I.P. limits. 2. The sample does not comply with I.P. Requirements for ""Dissolution Test"" for Telemisartan and Hydrochlorothiazide.",stnsqapr25.pdf,state,medium,16,Jun-23,May-25,"FDA Lab, Mumbai- 51"
Ond ansentron Tablets IP 4mg,PS39AB06,Pure & Cure Healthcare Pvt Ltd,2025-04-30,The sample does not comply with IP requirements for Dissolution test,stnsqapr25.pdf,state,medium,16,Jun-23,May-25,"FDA Lab, Mumbai- 51"
Opiv as 10 tablets,23C-T465,Orison Pharma International Khari,2025-04-30,The sample does not comply with IP requirements for Dissolution test.,stnsqapr25.pdf,state,medium,16,Jun-23,May-25,"FDA Lab, Mumbai- 51"
Cetq uine 5 Tablets (Levocetirizine Dihydrochlorine Tablets IP,ATX060546,ADWIN Pharma,2025-04-30,The sample does not comply with IP requirements for Dissolution test.,stnsqapr25.pdf,state,medium,16,Jun-23,May-25,"FDA Lab, Mumbai- 51"
ITRA DEL-200k,SD6005C,Sigma Softgel & Formulation,2025-04-30,The sample does not comply with IP requirements for Dissolution test,stnsqapr25.pdf,state,medium,16,Jun-23,May-25,"FDA Lab, Mumbai- 51"
Phy torab-DSR Capsules,GC 41481,J.M. Laboratories,2025-04-30,The content of rabeprazole sodium in the sample is less (i.e. 55.00% of the labelled amount) than the permissible limits,stnsqapr25.pdf,state,medium,16,Jun-23,May-25,"FDA Lab, Mumbai- 51"
Nee m tulsi face wash,APN612,Orgello Herbal Care,2025-04-30,The sample does not comply with IS 14648: 2011 (Second Revision) Reaffirmed 2021 Requirements for Microbiological Examination test for Neem Tulsi Face wash,stnsqapr25.pdf,state,medium,17,Aug-24,Aug-26,"FDA Lab, Mumbai- 51"
Adiv asi Herbal Shampoo,MASH-23-101,Beauty Birds Cosmetics Bhatti Compound,2025-04-30,The sample does not comply with IS 7884:2004 specification for shampoo (Third Revision) reaffirmed 2019 requirements for microbial limit,stnsqapr25.pdf,state,medium,17,Jan-24,Dec-26,"FDA Lab, Mumbai- 51"
Kivo ral Forte(Trypsin and Chymotrypsin Tablets),SB-4242,Sano-Cito Thereapeutics Inc,2025-04-30,The enzymatic activity of trypsin chymotrypsin in the sample is less (i.e. 40.52%) of the labelled amount) than the permissible limits.,stnsqapr25.pdf,state,medium,17,Jul-23,Jun-25,"FDA Lab, Mumbai- 51"
Pole rgy (Levocetizine Tablets IP 5mg),43037,M/.s Ronak Life care Pvt Ltd.,2025-04-30,All tablets received for analysis shows light brown coloured spots all over the surface of the tablets when observed in normal daylight with unaided eyes.,stnsqapr25.pdf,state,medium,17,Jul-23,Jun-25,"FDA Lab, Mumbai- 51"
"Glyc ical-B12 Calcium Phosphate, Vitamin D3 and Vitamin B12 Suspension",QL0606,Quest laboratories Pvt Ltd.,2025-04-30,"All observations are done in Normal day light conditions with unaided eyes.18 ×200 ml intact brown coloured plastic bottles received for analysis. Out of these18 ×200 ml bottles, in 14 ×200 ml bottles particles are stick around the neck of the bottle and cakes are distributed in the suspension and some cakes are floating on the top of the suspension. During Analysis when the content from these 14x200 ml bottles after shaking transferred individually in clean dry glass beaker, it is observed that, out of these14 × 200ml bottles, 11x200ml bottles contains white suspension with white, pale yellow, grey and black coloured cakes with some cakes floating on the top of suspension and 3x200ml bottle contain orange coloured suspension with white cakes with some cakes floating & on the top of suspension. Remaining 4x200ml bottle contains white suspension without cake and mix uniformly after shaking",stnsqapr25.pdf,state,medium,17-18,Jun-24,May-26,"FDA Lab, Mumbai- 51"
"Glyc ical-B12 Calcium Phosphate, Vitamin D3 and Vitamin B12 Suspension",QL0602,Quest laboratories Pvt Ltd.,2025-04-30,"All observations are done in Normal day light conditions with unaided eyes.18 ×200 ml intact brown coloured plastic bottles received for analysis. Out of these18 ×200 ml bottles, in 5 ×200 ml bottles particles are stick around the neck of the bottle and cakes are distributed in the suspension and some cakes are floating on the top of the suspension. During Analysis when the content from these 5x200 ml bottles after shaking transferred individually in clean dry glass beaker, it is observed that, all 5×200ml bottles, contains white suspension with white, pale yellow, grey and black coloured cakes with some cakes floating on the top of suspension out of remaining 13x200ml bottle 12×200ml bottle contains white suspension without cake and mixes uniformly after shaking and 1×200ml bottles contains orange coloured suspension without any cake and mix uniformly after shaking",stnsqapr25.pdf,state,medium,18-19,Jun-24,May-26,"FDA Lab, Mumbai- 51"
Fevi med (Paracetamol tablets IP 500 mg),451AA05,Sarv Pharmaceuticals,2025-04-30,The Sample does not comply for description as the tablets shows light brown coloured spots on the surface of almost all the tablets,stnsqapr25.pdf,state,medium,19,Dec-23,Nov-25,"FDA Lab, Chhatrapati Sambhajinagar, Maharashtra"
Ron nin 500mg Tablets (Azithromycin Tablets IP 500mg),PPTC082,Pratima Pharmaceuticals G.No.,2025-04-30,"The sample does not give IP identification test for the presence of Azithromycin. The sample is declared as spurious vide section 17-B(d) of the Drugs and Cosmetics Act, 1940 and Rules, 1945 thereunder",stnsqapr25.pdf,state,medium,19,Nov-23,Oct-26,"FDA Lab, Chhatrapati Sambhajinagar, Maharashtra"
Para sev 500 Tablets(Paracetamol Tablets IP 500mg),CHT23725,Cureza Healthcare Pvt Ltd.,2025-04-30,"The tablets does not comply for description as, the tablets shows uneven light brown coloured spots on the surface of almost all the tablets.",stnsqapr25.pdf,state,medium,19,Mar-24,Feb-26,"FDA Lab, Chhatrapati Sambhajinagar, Maharashtra"
Opir in-75 Tablets (Aspirin Tablets IP 75mg),23K-T2727,Orison Pharma International Khari,2025-04-30,"The sample does not comply for description as, the tablets shows uneven light brown coloured spots on the surface of almost all the tablets.",stnsqapr25.pdf,state,medium,19-20,Feb-24,Jan-26,"FDA Lab, Chhatrapati Sambhajinagar, Maharashtra"
Opir in-75 Tablets (Aspirin Tablets IP 75mg),23G-T1526,Orison Pharma International Khari,2025-04-30,"The sample does not comply for description as, almost all the tablets are brittle in nature with rough surface.",stnsqapr25.pdf,state,medium,20,Oct-23,Sep-25,"FDA Lab, Chhatrapati Sambhajinagar, Maharashtra"
Para cetamol Tablets IP (Pacel-650),RPTC-182,Chennai Oscar Bio Pharmaceuticals Pvt. Ltd.,2025-04-30,Does not comply with respect to test for Dissolution.,stnsqapr25.pdf,state,medium,20,Jan-25,Dec-27,"State lab, Puducherry"
Gris eofulvin Tablets IP(GRISOVIK-250),8563,Vikram Laboratories (P) Ltd.,2025-04-30,"On visual inspection, presence of spot was observed on tablets surface. The sample received does not conform with respect to the test for Description.",stnsqapr25.pdf,state,medium,20,May-24,Apr-26,"State lab, Puducherry"
Bisa codyl Gastro- Resistant Tablets IP (Edilax),2418853T003,Scott-Edil Pharmacia Ltd.,2025-04-30,Does not comply with respect to test for Disintegration,stnsqapr25.pdf,state,medium,20,Jun-24,May-27,"State lab, Puducherry"
Ace clofenac & Paracetamol Tablets (Aceflam P),T-2403035,Aagya Biotech Pvt Ltd.,2025-04-30,"On visual inspection, presence of spot was observed on tablets surface. The sample received does not conform as per IP 2022 with respect to Description.",stnsqapr25.pdf,state,medium,20,Mar-24,Feb-27,"State lab, Puducherry"
Cres ol With Soap Solution (SPARK) (LYSOL IP),J-Ly-213,Joe's Traders,2025-04-30,The sample received does not conform to above specification as per IP 2022 with respect to description.,stnsqapr25.pdf,state,medium,20,Mar-25,Feb-27,"State lab, Puducherry"
Mon telukast Sodium & Levocetirizine Hydrochloride Tablets IP(Moncube LC),FDMC-588,Firstmed Therapeutics Pvt Ltd.,2025-04-30,"For the received sample Montelukast Sodium & Levocetirizine Hydrochloride Tablets IP (Moncube LC) ,Presence of Spots was observed which should not be present",stnsqapr25.pdf,state,medium,20,Jul-24,Jun-26,"State lab, Puducherry"
Glim epiride Tablets (Glimilive – 4),MDP-649,Medinok healthcare Pvt. Ltd.,2025-04-30,"Misbranded (1) For the received sample Glimepiride Tablets (Glimilive – 4) , The label is mentioned as ‘Approved colour used’ but common name of the permitted colour used in the formulation as prescribed under rule 127(2) of the Drugs Rules ,1945 was not mentioned. (2) The sample received is labelled as Glimepiride Tablets (Glimilive – 4) , however Glimepiride Tablets is an official IP monograph (2022) hence should be labelled as Glimepiride Tablets IP",stnsqapr25.pdf,state,medium,21,Sep-24,Aug-26,"S t a t e l a b , Puducherry"
Ace clofenac With Paracetamol Tablets (S-DOL-P),MDP-018,Medinok Healthcare Pvt Ltd,2025-04-30,"Misbranded The label of the container in the drug is mentioned as ""Approved colour used"" but the common name of the permitted colour used in the formulation as prescribed under rule 127 (2) of the drug rule was not mentioned.",stnsqapr25.pdf,state,medium,21,Apr-24,Mar-26,"S t a t e l a b , Puducherry"
"Para cetamol, Phenylephrine HCL & Cetrizine HCL Suspension",OKOL-009,Laborate Pharmaceuticals India Ltd.,2025-04-30,The sample does not conform to claim as per Patent and Proprietary in respect of the assay of Phenylephrine Hydrochloride.,stnsqapr25.pdf,state,medium,21,Jul-24,Jun-26,DTL Baddi
Ibup rofen Tablets IP 400mg,TF240782,Orchid Medlife Pvt. Ltd.,2025-04-30,Sample does not conform to claim as per I.P. 2022 w.r.t. Dissolution of Ibuprofen.,stnsqapr25.pdf,state,medium,21,Jun-24,Aug-26,DTL Baddi
Telm isartan & Amlodipine Tablets IP (XTEL-AM),BBT240427A,Biomax Biotechnics (P) Ltd,2025-04-30,The sample does not conform to the claim as per IP 2022 in respect to Dissolution Test of Amlodipine,stnsqapr25.pdf,state,medium,22,May-24,Apr-26,DTL Baddi
